customer_id,age,gender,country,city_tier,tenure_months,recency_days,frequency,monetary_eur,avg_order_value,app_sessions_30d,pages_per_session,wishlist_items,email_open_rate,category_diversity,preferred_category,channel,return_rate,discount_usage_ratio,complained,churn
ZC000001,35.0,Male,USA,Tier 3,20,139,4,287.21,71.8,1,9.1,5,0.704,7,Kids,Online,0.468,0.057,0,0
ZC000002,22.0,Female,Germany,Tier 1,11,84,1,77.73,77.73,1,1.3,4,0.669,2,Women,Mixed,0.639,0.317,1,1
ZC000003,40.0,Male,UK,Tier 3,42,79,2,133.83,66.92,1,2.8,6,0.647,1,Women,Online,0.591,0.531,0,1
ZC000004,41.0,Female,Other,Tier 3,14,15,1,84.06,84.06,5,11.4,0,0.382,3,Women,Mixed,0.379,0.286,0,0
ZC000005,16.0,Female,Other,Tier 2,22,66,2,163.59,81.8,1,7.3,6,0.704,6,Men,Online,0.271,0.298,0,0
ZC000006,19.0,Female,France,Tier 1,29,361,1,74.79,74.79,1,7.0,3,0.466,3,Women,Online,0.169,0.324,0,1
ZC000007,33.0,Female,Mexico,Tier 1,11,28,1,91.11,91.11,5,6.6,1,0.148,3,Women,Store,0.836,0.339,0,0
ZC000008,29.0,Female,USA,Tier 1,23,149,2,209.73,104.86,3,4.8,0,0.138,7,Men,Store,0.198,0.415,0,1
ZC000009,32.0,Female,Spain,Tier 1,7,2,1,57.32,57.32,7,3.3,4,0.362,7,Women,Online,0.548,0.233,0,1
ZC000010,23.0,Female,Germany,Tier 2,36,113,3,189.45,63.15,0,5.1,6,0.513,5,Kids,Mixed,0.284,0.303,1,1
ZC000011,41.0,Female,Italy,Tier 3,22,88,2,192.01,96.0,2,3.7,3,0.232,5,Women,Mixed,0.107,0.287,0,0
ZC000012,40.0,Male,Spain,Tier 1,12,49,1,125.59,125.59,13,9.5,5,0.439,7,Women,Mixed,0.38,0.059,0,0
ZC000013,33.0,Female,USA,Tier 1,27,83,6,693.4,115.57,1,2.9,3,0.198,4,Women,Store,0.256,0.518,0,0
ZC000014,43.0,Female,France,Tier 1,15,85,1,64.74,64.74,3,1.5,2,0.265,8,Women,Mixed,0.161,0.246,0,0
ZC000015,37.0,Female,Spain,Tier 1,3,85,1,65.96,65.96,1,6.3,1,0.577,5,Kids,Online,0.338,0.168,0,0
ZC000016,23.0,Male,UK,Tier 1,2,41,1,54.54,54.54,12,2.4,2,0.569,2,Home,Online,0.589,0.307,0,0
ZC000017,36.0,Male,France,Tier 3,19,36,3,307.01,102.34,6,1.0,7,0.639,1,Home,Store,0.413,0.459,0,0
ZC000018,22.0,Male,Other,Tier 1,19,25,1,99.73,99.73,5,4.1,3,0.69,5,Women,Store,0.334,0.346,0,0
ZC000019,41.0,Male,USA,Tier 1,29,8,3,192.18,64.06,5,7.9,2,0.38,1,Home,Mixed,0.163,0.333,0,0
ZC000020,32.0,Female,USA,Tier 2,24,55,1,78.35,78.35,7,1.3,3,0.502,5,Women,Store,0.694,0.332,0,0
ZC000021,30.0,Male,Spain,Tier 1,13,133,1,60.54,60.54,1,3.1,5,0.104,7,TRF,Store,0.362,0.43,0,1
ZC000022,25.0,Female,Spain,Tier 3,16,34,1,67.64,67.64,4,2.5,2,0.617,4,Men,Online,0.189,0.539,0,0
ZC000023,44.0,Male,Mexico,Tier 3,18,15,1,99.41,99.41,11,11.8,3,0.427,5,Women,Store,0.428,0.061,0,0
ZC000024,30.0,Female,UK,Tier 1,37,25,4,285.81,71.45,5,3.0,5,0.38,3,Women,Store,0.128,0.252,0,0
ZC000025,28.0,Female,USA,Tier 2,30,64,1,75.15,75.15,1,2.0,2,0.685,3,Women,Store,0.256,0.329,0,0
ZC000026,28.0,Male,Other,Tier 2,5,64,1,79.44,79.44,1,10.2,8,0.322,1,Kids,Online,0.184,0.569,0,0
ZC000027,37.0,Male,Mexico,Tier 1,49,22,1,41.2,41.2,4,1.0,5,0.569,5,Kids,Online,0.267,0.383,0,0
ZC000028,36.0,Male,Spain,Tier 1,59,56,5,208.85,41.77,2,4.0,8,0.245,3,Women,Online,0.176,0.056,0,0
ZC000029,36.0,Female,USA,Tier 3,14,48,2,155.07,77.54,3,4.7,2,0.186,1,Women,Store,0.125,0.699,0,0
ZC000030,36.0,Female,Other,Tier 1,27,94,3,182.41,60.8,1,1.0,5,0.312,4,Men,Store,0.239,0.338,0,1
ZC000031,53.0,Female,Italy,Tier 1,60,179,4,399.74,99.94,0,3.9,3,0.298,2,Women,Mixed,0.307,0.366,0,1
ZC000032,28.0,Female,Other,Tier 1,19,33,2,141.61,70.81,6,2.4,3,0.598,4,Men,Store,0.362,0.236,0,0
ZC000033,27.0,Female,Spain,Tier 1,22,27,1,102.61,102.61,6,1.6,2,0.287,2,Men,Online,0.319,0.512,0,0
ZC000034,24.0,Female,Mexico,Tier 3,31,64,1,89.05,89.05,1,3.7,0,0.372,1,Kids,Online,0.321,0.043,0,0
ZC000035,38.0,Male,Spain,Tier 2,45,76,1,108.95,108.95,0,2.3,2,0.309,7,Men,Online,0.531,0.483,0,1
ZC000036,43.0,Female,USA,Tier 2,4,98,1,63.3,63.3,1,11.4,6,0.288,1,Women,Store,0.343,0.245,0,1
ZC000037,31.0,Male,Mexico,Tier 1,19,6,3,221.27,73.76,1,3.5,0,0.266,2,Home,Online,0.066,0.085,0,0
ZC000038,24.0,Male,Italy,Tier 3,45,263,2,220.87,110.44,0,6.0,4,0.648,7,Men,Mixed,0.424,0.251,0,1
ZC000039,24.0,Female,Spain,Tier 1,32,43,1,60.0,60.0,5,2.9,3,0.279,3,Kids,Store,0.372,0.713,0,0
ZC000040,39.0,Female,USA,Tier 1,25,29,3,262.99,87.66,3,4.8,1,0.466,5,Women,Mixed,0.303,0.572,0,0
ZC000041,39.0,Female,Mexico,Tier 1,22,15,1,85.49,85.49,2,6.3,2,0.169,2,Women,Online,0.238,0.424,0,0
ZC000042,37.0,Female,Spain,Tier 1,43,34,4,323.19,80.8,4,1.0,4,0.173,8,Women,Store,0.48,0.319,0,0
ZC000043,25.0,Male,USA,Tier 2,29,8,3,328.62,109.54,1,6.3,5,0.318,3,Women,Mixed,0.616,0.594,0,0
ZC000044,34.0,Female,USA,Tier 1,56,148,2,152.82,76.41,2,15.0,4,0.338,1,Women,Store,0.593,0.203,0,1
ZC000045,33.0,Female,Spain,Tier 1,17,49,5,393.56,78.71,7,1.8,7,,5,Men,Mixed,0.419,0.219,0,0
ZC000046,34.0,Male,Other,Tier 1,2,28,1,85.7,85.7,5,3.3,4,0.374,8,TRF,Online,0.294,0.376,0,0
ZC000047,41.0,Male,Spain,Tier 2,40,125,7,372.58,53.23,2,14.6,3,0.276,2,Women,Online,0.305,0.119,0,0
ZC000048,34.0,Male,France,Tier 1,16,46,2,156.76,78.38,9,1.0,2,0.505,6,Women,Store,0.219,0.311,0,0
ZC000049,39.0,Female,Italy,Tier 3,20,27,2,92.88,46.44,4,4.0,2,0.866,3,TRF,Mixed,0.545,0.1,0,0
ZC000050,33.0,Male,Spain,Tier 1,23,206,1,95.2,95.2,3,1.0,4,0.42,7,Women,Online,0.505,0.215,0,1
ZC000051,35.0,Female,Germany,Tier 1,13,36,2,166.2,83.1,11,1.0,5,0.518,3,Home,Store,0.05,0.387,0,0
ZC000052,38.0,Female,USA,Tier 1,7,3,1,96.63,96.63,2,1.0,3,,5,Women,Online,0.288,0.375,0,0
ZC000053,17.0,Male,Other,Tier 1,38,56,3,148.19,49.4,8,3.0,3,0.218,3,Women,Online,0.232,0.24,0,0
ZC000054,29.0,Male,Mexico,Tier 1,1,50,1,81.22,81.22,8,3.4,3,0.564,8,Women,Online,0.089,0.138,0,0
ZC000055,27.0,Female,Mexico,Tier 1,60,28,7,497.05,71.01,8,3.7,3,0.403,6,Home,Online,0.189,0.043,0,0
ZC000056,26.0,Female,UK,Tier 1,21,24,4,419.04,104.76,7,2.7,3,0.559,8,Kids,Online,0.343,0.241,0,0
ZC000057,29.0,Female,Other,Tier 1,2,61,1,75.86,75.86,2,9.0,5,0.299,6,Kids,Mixed,0.367,0.601,0,0
ZC000058,47.0,Male,Germany,Tier 1,42,37,2,125.29,62.64,10,6.5,4,0.307,7,Women,Store,0.396,0.474,0,0
ZC000059,23.0,Male,UK,Tier 2,4,43,1,85.75,85.75,5,2.3,1,0.578,3,Women,Mixed,0.338,0.482,0,0
ZC000060,42.0,Female,Spain,Tier 1,13,73,2,247.32,123.66,0,2.1,3,0.566,6,Men,Online,0.423,0.189,0,0
ZC000061,16.0,Female,Spain,Tier 3,60,40,5,537.01,107.4,6,1.0,2,0.609,1,Women,Mixed,0.206,0.123,0,0
ZC000062,29.0,Female,USA,Tier 1,28,30,2,183.91,91.96,5,6.8,3,0.373,7,Women,Store,0.253,0.606,0,0
ZC000063,34.0,Male,USA,Tier 1,25,100,3,241.69,80.56,3,2.5,3,0.444,6,Men,Online,0.472,0.07,1,1
ZC000064,38.0,Female,Other,Tier 1,27,37,6,459.99,76.67,7,5.5,4,0.681,5,Men,Store,0.514,0.257,0,0
ZC000065,39.0,Female,Other,Tier 2,10,28,1,124.87,124.87,3,1.0,2,0.394,8,Home,Mixed,0.242,0.234,0,0
ZC000066,40.0,Male,Spain,Tier 1,28,11,4,272.29,68.07,11,3.9,2,0.178,2,Men,Store,0.287,0.524,0,0
ZC000067,29.0,Female,Other,Tier 3,26,21,6,423.24,70.54,8,3.6,3,0.318,3,Men,Store,0.166,0.301,0,0
ZC000068,27.0,Female,Italy,Tier 2,18,14,4,151.89,37.97,7,4.6,2,0.227,5,Women,Online,0.377,0.335,0,0
ZC000069,41.0,Female,France,Tier 2,49,10,5,238.73,47.75,5,1.0,6,0.456,1,Women,Online,0.419,0.23,0,0
ZC000070,30.0,Female,Other,Tier 1,34,24,4,440.93,110.23,5,2.3,4,0.28,1,Men,Online,0.27,0.036,0,0
ZC000071,19.0,Male,Italy,Tier 1,8,75,2,69.72,34.86,2,4.2,1,0.135,2,Kids,Mixed,0.153,0.157,0,0
ZC000072,21.0,Female,Germany,Tier 1,15,54,5,507.15,101.43,10,9.1,2,0.506,5,Home,Store,0.32,0.1,0,0
ZC000073,23.0,Female,USA,Tier 3,13,40,1,71.62,71.62,6,3.2,4,0.154,3,Kids,Online,0.319,0.363,0,0
ZC000074,37.0,Female,USA,Tier 2,10,83,1,98.56,98.56,3,1.3,2,0.408,2,Women,Store,0.372,0.491,0,0
ZC000075,33.0,Male,Other,Tier 1,45,31,2,232.65,116.32,7,4.4,4,0.404,2,Women,Online,0.326,0.4,0,0
ZC000076,39.0,Female,USA,Tier 1,15,70,6,441.4,73.57,1,2.8,1,0.333,7,TRF,Mixed,0.052,0.187,0,0
ZC000077,28.0,Female,Spain,Tier 1,35,96,6,621.78,103.63,0,8.4,1,0.416,7,Women,Online,0.322,0.728,0,1
ZC000078,34.0,Female,USA,Tier 2,29,3,1,58.6,58.6,7,2.2,3,0.395,7,Women,Mixed,0.355,0.323,0,0
ZC000079,38.0,Female,France,Tier 1,7,54,1,66.71,66.71,3,10.2,4,0.421,5,Women,Online,0.457,0.078,0,0
ZC000080,29.0,Male,UK,Tier 2,45,79,3,292.55,97.52,1,4.9,5,0.195,7,Men,Mixed,0.364,0.296,0,0
ZC000081,37.0,Male,Other,Tier 1,19,75,2,172.13,86.06,4,1.7,4,0.452,5,Women,Store,0.42,0.251,0,0
ZC000082,25.0,Male,UK,Tier 3,15,56,2,162.54,81.27,3,1.5,3,0.147,1,TRF,Store,0.434,0.116,0,0
ZC000083,28.0,Female,Other,Tier 1,6,33,1,122.87,122.87,4,9.2,1,0.653,4,Men,Mixed,0.393,0.265,0,0
ZC000084,28.0,Female,Germany,Tier 1,10,45,1,67.06,67.06,11,3.2,3,0.291,7,Women,Store,0.174,0.367,0,0
ZC000085,20.0,Male,France,Tier 3,8,155,3,329.54,109.85,0,12.1,4,0.369,4,Women,Online,0.232,0.322,0,1
ZC000086,37.0,Female,USA,Tier 2,4,5,2,175.72,87.86,8,2.6,3,0.749,3,Men,Store,0.405,0.126,0,0
ZC000087,27.0,Male,USA,Tier 1,27,26,1,99.64,99.64,7,5.3,1,0.453,8,TRF,Mixed,0.164,0.219,0,0
ZC000088,32.0,Female,Other,Tier 3,9,54,3,273.36,91.12,8,4.1,1,0.369,5,Women,Mixed,0.41,0.374,0,0
ZC000089,37.0,Female,Mexico,Tier 1,22,11,4,261.26,65.32,7,4.9,3,0.644,5,Home,Online,0.436,0.1,0,0
ZC000090,36.0,Female,UK,Tier 1,42,42,8,638.82,79.85,4,2.5,5,0.667,3,Women,Online,0.519,0.302,0,0
ZC000091,39.0,Female,Other,Tier 1,32,101,2,99.25,49.62,2,8.2,7,0.133,6,Men,Online,0.381,0.514,0,1
ZC000092,31.0,Female,Mexico,Tier 1,24,88,1,75.48,75.48,1,10.3,4,0.614,8,Women,Online,0.202,0.064,0,0
ZC000093,28.0,Female,Spain,Tier 2,3,53,1,79.53,79.53,6,6.1,3,0.409,7,Women,Online,0.464,0.24,0,0
ZC000094,31.0,Female,Germany,Tier 1,4,63,2,167.47,83.74,0,10.4,4,,8,Women,Store,0.359,0.417,0,0
ZC000095,,Female,Mexico,Tier 1,12,1,1,82.42,82.42,13,2.8,4,0.108,7,TRF,Mixed,0.311,0.222,0,0
ZC000096,18.0,Male,Mexico,Tier 2,25,15,2,267.95,133.98,7,1.0,4,0.298,1,Home,Mixed,0.366,0.735,0,0
ZC000097,19.0,Female,Spain,Tier 1,9,29,1,35.62,35.62,3,2.4,4,0.251,6,Women,Online,0.378,0.519,0,0
ZC000098,22.0,Male,USA,Tier 1,8,38,3,154.04,51.35,6,3.2,4,0.809,5,Women,Store,0.436,0.359,0,0
ZC000099,36.0,Female,UK,Tier 1,41,105,2,118.62,59.31,1,5.8,5,0.497,6,Women,Online,0.235,0.214,0,1
ZC000100,23.0,Female,USA,Tier 2,16,214,1,73.24,73.24,1,5.6,7,0.461,6,Men,Mixed,0.537,0.472,0,1
ZC000101,28.0,Female,Spain,Tier 1,5,44,1,55.85,55.85,6,8.2,3,0.325,8,Men,Store,0.382,0.61,1,0
ZC000102,45.0,Male,Germany,Tier 3,26,42,1,45.55,45.55,9,5.5,5,0.072,3,Women,Mixed,0.274,0.105,0,0
ZC000103,28.0,Female,France,Tier 3,6,53,1,66.6,66.6,7,1.6,3,0.584,7,Women,Mixed,0.154,0.07,0,0
ZC000104,39.0,Male,USA,Tier 2,25,23,6,259.53,43.26,5,1.5,4,0.313,3,Women,Store,0.216,0.655,1,0
ZC000105,23.0,Female,Germany,Tier 2,14,171,2,147.5,73.75,0,2.3,2,0.587,3,Women,Store,0.483,0.454,0,1
ZC000106,30.0,Male,Spain,Tier 2,20,20,4,343.49,85.87,7,5.6,2,0.695,6,Kids,Online,0.285,0.259,0,0
ZC000107,22.0,Male,UK,Tier 3,8,21,2,104.54,52.27,5,9.9,5,0.651,4,Men,Mixed,0.488,0.261,0,0
ZC000108,29.0,Male,Mexico,Tier 2,14,31,1,110.49,110.49,7,3.2,1,0.193,7,Kids,Online,0.111,0.186,0,0
ZC000109,40.0,Female,Other,Tier 1,12,191,1,48.0,48.0,1,2.8,3,0.354,5,Men,Online,0.16,0.165,0,0
ZC000110,16.0,Male,USA,Tier 1,9,79,1,63.39,63.39,1,1.4,3,0.453,4,Women,Store,0.28,0.086,0,1
ZC000111,36.0,Female,Other,Tier 2,14,52,1,74.54,74.54,8,3.3,3,0.171,5,Beauty,Store,0.248,0.377,0,0
ZC000112,34.0,Male,Other,Tier 1,3,40,1,85.0,85.0,0,15.3,6,0.094,6,TRF,Store,0.43,0.305,0,0
ZC000113,26.0,Female,Germany,Tier 2,31,49,1,37.15,37.15,6,13.9,5,0.443,7,Men,Mixed,0.335,0.262,0,0
ZC000114,18.0,Female,Other,Tier 3,30,16,4,396.33,99.08,2,2.9,7,0.431,4,Women,Online,0.5,0.291,0,0
ZC000115,33.0,Female,USA,Tier 1,15,3,1,70.98,70.98,6,15.2,0,,4,Men,Mixed,0.33,0.192,0,1
ZC000116,27.0,Male,Spain,Tier 1,15,113,4,424.93,106.23,2,12.1,4,0.32,5,Men,Store,0.237,0.26,0,0
ZC000117,34.0,Female,Other,Tier 1,14,12,3,278.32,92.77,5,5.7,4,0.398,5,Women,Mixed,0.468,0.261,0,0
ZC000118,32.0,Female,France,Tier 1,31,165,4,455.88,113.97,0,9.0,1,0.714,1,Women,Store,0.268,0.044,0,1
ZC000119,48.0,Female,USA,Tier 2,12,81,1,59.39,59.39,1,1.4,3,0.287,2,Women,Store,0.349,0.101,0,0
ZC000120,30.0,Male,Spain,Tier 1,36,44,4,159.17,39.79,7,4.6,5,0.381,6,Kids,Store,0.128,0.218,0,0
ZC000121,22.0,Female,Spain,Tier 1,6,75,1,117.52,117.52,4,1.4,6,0.646,6,Women,Online,0.56,0.193,1,0
ZC000122,34.0,Male,Spain,Tier 1,36,59,1,74.54,74.54,11,2.7,3,0.375,3,Women,Online,0.146,0.164,0,0
ZC000123,34.0,Female,USA,Tier 1,2,50,1,135.45,135.45,1,7.7,4,0.373,7,Women,Online,0.097,0.36,0,0
ZC000124,46.0,Female,Other,Tier 1,13,54,1,102.04,102.04,3,3.6,5,0.297,8,Women,Online,0.251,0.407,0,0
ZC000125,40.0,Male,USA,Tier 1,31,114,3,280.7,93.57,2,2.9,4,0.359,6,Men,Online,0.491,0.096,0,1
ZC000126,36.0,Male,Mexico,Tier 2,35,76,1,90.73,90.73,2,5.9,5,0.615,6,Women,Store,0.403,0.111,0,0
ZC000127,47.0,Male,Spain,Tier 1,6,46,2,114.67,57.34,3,4.7,4,0.399,1,Kids,Store,0.444,0.24,0,1
ZC000128,20.0,Female,USA,Tier 1,26,98,3,146.86,48.95,2,9.8,2,0.401,6,Kids,Mixed,0.506,0.529,0,1
ZC000129,26.0,Female,Other,Tier 1,24,181,2,61.48,30.74,1,6.4,7,0.38,7,Kids,Store,0.192,0.626,0,0
ZC000130,23.0,Male,USA,Tier 2,27,46,1,70.55,70.55,4,1.3,3,0.331,8,Women,Store,0.496,0.178,0,0
ZC000131,28.0,Female,USA,Tier 2,60,26,3,254.4,84.8,5,2.1,6,0.324,6,Beauty,Mixed,0.253,0.227,0,0
ZC000132,18.0,Female,Other,Tier 1,60,104,3,225.48,75.16,1,2.2,6,0.53,2,Beauty,Online,0.168,0.354,0,0
ZC000133,38.0,Male,Spain,Tier 2,42,46,2,158.59,79.3,9,2.7,7,0.486,3,Women,Mixed,0.129,0.144,0,0
ZC000134,30.0,Female,Spain,Tier 2,9,132,1,30.66,30.66,0,1.6,1,0.24,3,Kids,Online,0.142,0.395,0,1
ZC000135,17.0,Female,Other,Tier 3,13,16,1,74.15,74.15,8,5.2,2,0.351,3,Men,Store,0.443,0.512,0,0
ZC000136,22.0,Male,UK,Tier 2,21,34,5,547.1,109.42,7,2.4,4,0.717,8,Beauty,Online,0.462,0.198,0,0
ZC000137,35.0,Female,Germany,Tier 2,13,227,5,296.39,59.28,1,3.5,3,0.555,5,Men,Mixed,0.11,0.267,0,1
ZC000138,40.0,Female,Spain,Tier 1,9,32,4,199.25,49.81,6,2.6,4,0.26,3,Men,Store,0.198,0.212,0,0
ZC000139,52.0,Female,USA,Tier 1,35,136,2,75.38,37.69,1,7.0,3,0.221,3,Women,Online,0.218,0.193,0,0
ZC000140,61.0,Female,UK,Tier 3,6,25,1,59.3,59.3,9,2.0,3,0.192,1,Kids,Store,0.244,0.572,0,0
ZC000141,36.0,Male,Italy,Tier 1,2,98,1,71.18,71.18,1,15.6,3,0.662,4,TRF,Online,0.389,0.359,0,1
ZC000142,22.0,Male,USA,Tier 1,30,20,2,150.35,75.18,5,9.1,6,0.398,6,TRF,Mixed,0.328,0.151,0,0
ZC000143,16.0,Female,Other,Tier 2,29,107,2,186.56,93.28,3,2.1,2,0.549,6,Home,Online,0.199,0.237,0,0
ZC000144,35.0,Female,Mexico,Tier 3,5,41,1,56.57,56.57,4,9.8,0,0.318,4,Men,Mixed,0.319,0.865,0,0
ZC000145,24.0,Female,France,Tier 1,4,33,2,119.4,59.7,8,3.1,2,0.54,5,Men,Store,0.358,0.359,0,0
ZC000146,28.0,Female,UK,Tier 3,17,42,1,39.48,39.48,5,6.3,6,0.222,6,Women,Online,0.324,0.197,0,0
ZC000147,26.0,Male,Germany,Tier 1,22,54,4,371.53,92.88,10,3.7,3,0.364,2,Men,Store,0.575,0.363,0,0
ZC000148,31.0,Female,Italy,Tier 3,14,64,3,224.66,74.89,1,5.4,2,0.277,3,Men,Mixed,0.42,0.061,0,1
ZC000149,43.0,Female,Spain,Tier 3,12,14,1,72.0,72.0,8,12.1,7,0.764,2,Women,Mixed,0.162,0.195,0,0
ZC000150,34.0,Male,Other,Tier 2,17,70,3,272.87,90.96,2,10.6,0,0.53,1,Men,Store,0.258,0.553,0,0
ZC000151,30.0,Male,France,Tier 3,28,10,2,168.37,84.18,8,6.8,4,0.475,1,Women,Mixed,0.297,0.699,0,0
ZC000152,22.0,Female,Other,Tier 3,5,120,1,110.27,110.27,0,2.9,7,0.307,6,Home,Store,0.511,0.245,0,1
ZC000153,16.0,Female,Other,Tier 3,19,75,1,92.93,92.93,1,3.0,5,0.731,7,Women,Store,0.47,0.301,0,0
ZC000154,27.0,Female,Spain,Tier 1,9,75,1,76.72,76.72,0,2.3,0,0.365,4,Women,Online,0.472,0.368,0,0
ZC000155,31.0,Female,UK,Tier 1,60,106,2,103.85,51.92,3,1.0,5,0.784,7,Kids,Online,0.266,0.228,0,0
ZC000156,50.0,Female,France,Tier 1,20,77,7,584.08,83.44,2,6.1,3,0.733,8,Men,Store,0.232,0.358,0,0
ZC000157,33.0,Male,France,Tier 1,47,187,5,466.56,93.31,3,6.3,4,0.489,3,Women,Store,0.718,0.296,0,0
ZC000158,42.0,Male,Other,Tier 2,27,20,2,99.78,49.89,5,3.1,6,0.285,2,Beauty,Online,0.358,0.667,0,0
ZC000159,27.0,Female,Spain,Tier 1,59,13,8,505.15,63.14,7,5.0,5,0.521,2,Home,Mixed,0.125,0.104,1,0
ZC000160,20.0,Female,Germany,Tier 3,17,192,1,67.3,67.3,1,3.9,4,0.372,6,Women,Online,0.094,0.16,0,0
ZC000161,22.0,Female,Other,Tier 1,19,78,1,73.4,73.4,0,1.1,3,0.341,8,Women,Mixed,0.204,0.513,0,0
ZC000162,25.0,Female,Other,Tier 1,15,85,1,80.16,80.16,2,2.7,1,0.405,2,Men,Mixed,0.242,0.14,0,0
ZC000163,53.0,Female,Spain,Tier 1,10,18,1,81.09,81.09,5,2.2,4,0.275,2,Home,Online,0.319,0.148,0,0
ZC000164,24.0,Female,Other,Tier 1,5,81,1,91.98,91.98,1,1.7,1,0.397,7,Women,Mixed,0.398,0.591,0,0
ZC000165,40.0,Male,Spain,Tier 1,22,49,1,49.49,49.49,8,3.1,5,0.24,2,Women,Online,0.24,0.32,0,0
ZC000166,23.0,Male,France,Tier 2,34,97,1,103.66,103.66,3,4.9,1,0.57,2,Kids,Online,0.437,0.462,0,1
ZC000167,41.0,Male,USA,Tier 1,16,57,1,94.35,94.35,4,1.0,7,0.309,2,Men,Mixed,0.277,0.284,0,0
ZC000168,,Female,Germany,Tier 2,12,49,1,78.3,78.3,11,2.9,2,0.485,6,Men,Store,0.137,0.349,0,0
ZC000169,30.0,Female,Spain,Tier 1,46,58,3,155.53,51.84,5,3.2,5,0.492,6,Women,Store,0.171,0.314,1,0
ZC000170,32.0,Female,USA,Tier 2,7,29,1,105.98,105.98,10,7.2,5,0.31,8,Women,Mixed,0.489,0.261,0,0
ZC000171,25.0,Female,USA,Tier 2,18,36,1,108.84,108.84,5,2.2,2,0.117,6,Women,Store,0.284,0.464,0,1
ZC000172,36.0,Female,Other,Tier 1,30,141,2,149.47,74.74,0,2.3,3,0.571,3,Kids,Mixed,0.33,0.315,0,0
ZC000173,27.0,Male,Germany,Tier 1,9,83,1,57.68,57.68,1,6.2,3,,8,Beauty,Store,0.146,0.208,0,0
ZC000174,20.0,Male,Italy,Tier 2,18,46,1,54.56,54.56,7,5.8,2,,6,Men,Store,0.617,0.348,0,0
ZC000175,19.0,Female,Italy,Tier 2,35,82,3,272.56,90.85,0,1.1,7,0.404,8,Women,Online,0.182,0.612,0,0
ZC000176,34.0,Female,UK,Tier 1,9,72,1,46.7,46.7,3,4.4,6,0.373,7,Men,Mixed,0.567,0.308,0,1
ZC000177,48.0,Female,Spain,Tier 2,28,37,1,48.01,48.01,4,12.6,6,0.389,5,Women,Online,0.21,0.209,1,0
ZC000178,34.0,Female,Spain,Tier 1,4,29,2,179.44,89.72,3,5.2,5,0.363,6,Women,Mixed,0.343,0.336,0,0
ZC000179,31.0,Female,UK,Tier 1,16,36,2,246.15,123.08,3,4.3,1,0.588,6,Home,Online,0.13,0.41,0,0
ZC000180,35.0,Female,Other,Tier 1,39,124,8,852.88,106.61,0,4.4,6,0.671,4,Women,Online,0.246,0.176,0,1
ZC000181,45.0,Female,USA,Tier 2,28,45,6,473.96,78.99,6,10.5,2,0.498,2,Women,Online,0.221,0.474,0,0
ZC000182,34.0,Male,Italy,Tier 1,41,138,2,67.06,33.53,2,4.6,4,0.58,6,Women,Mixed,0.189,0.268,0,0
ZC000183,28.0,Female,Other,Tier 1,1,33,1,23.5,23.5,5,7.8,3,0.37,7,Women,Mixed,0.321,0.173,0,0
ZC000184,43.0,Female,Other,Tier 1,16,26,1,64.75,64.75,7,10.1,5,0.346,3,TRF,Store,0.313,0.249,0,0
ZC000185,36.0,Female,USA,Tier 1,9,48,3,348.0,116.0,4,1.8,2,0.32,7,Men,Mixed,0.474,0.321,0,1
ZC000186,47.0,Male,Other,Tier 1,17,68,1,63.8,63.8,2,1.2,4,0.625,7,Women,Store,0.291,0.095,0,0
ZC000187,34.0,Female,Germany,Tier 1,36,58,6,570.62,95.1,8,8.6,5,0.533,5,Men,Online,0.549,0.373,0,0
ZC000188,20.0,Female,France,Tier 2,50,76,5,406.92,81.38,0,8.3,2,0.446,2,Kids,Mixed,0.337,0.169,0,0
ZC000189,18.0,Female,Mexico,Tier 2,60,78,3,178.16,59.39,2,1.1,3,0.294,1,Women,Online,0.179,0.708,0,0
ZC000190,49.0,Female,USA,Tier 1,12,93,1,70.12,70.12,1,4.9,2,0.548,3,Kids,Online,0.158,0.398,0,0
ZC000191,49.0,Female,Mexico,Tier 1,3,19,2,75.92,37.96,4,1.6,3,0.248,4,Home,Store,0.538,0.246,0,0
ZC000192,30.0,Female,Germany,Tier 1,2,30,2,181.67,90.84,7,7.2,5,0.859,6,Women,Store,0.249,0.186,0,0
ZC000193,28.0,Female,Mexico,Tier 3,6,61,3,162.52,54.17,3,1.4,5,0.525,4,Women,Online,0.483,0.136,0,0
ZC000194,47.0,Male,Other,Tier 1,34,37,1,92.66,92.66,10,1.2,2,0.216,5,Women,Mixed,0.186,0.041,0,0
ZC000195,21.0,Female,Germany,Tier 2,25,48,2,157.46,78.73,6,1.0,1,0.722,6,Women,Store,0.18,0.308,0,0
ZC000196,23.0,Female,Spain,Tier 1,26,54,5,306.88,61.38,5,3.7,3,0.53,8,Kids,Mixed,0.528,0.458,0,0
ZC000197,38.0,Female,USA,Tier 2,17,43,1,27.71,27.71,5,1.9,2,0.355,8,Women,Mixed,0.236,0.198,0,1
ZC000198,28.0,Female,Other,Tier 2,12,37,2,192.45,96.22,7,3.9,3,0.327,2,Men,Store,0.07,0.294,0,0
ZC000199,32.0,Female,Germany,Tier 2,46,23,3,228.26,76.09,6,6.6,1,0.167,7,Women,Store,0.668,0.252,0,1
ZC000200,30.0,Female,Other,Tier 1,1,45,1,113.99,113.99,7,6.3,5,0.282,1,Women,Online,0.677,0.322,0,0
ZC000201,35.0,Female,UK,Tier 1,6,35,1,56.92,56.92,4,5.0,5,0.592,4,Kids,Mixed,0.37,0.077,0,0
ZC000202,46.0,Male,France,Tier 1,29,101,5,392.61,78.52,2,7.7,6,0.619,4,TRF,Mixed,0.497,0.398,0,1
ZC000203,33.0,Female,Other,Tier 3,13,85,3,276.96,92.32,2,6.5,4,0.753,7,Women,Online,0.362,0.126,0,0
ZC000204,38.0,Male,Mexico,Tier 1,33,18,2,110.23,55.12,2,3.0,2,0.283,7,Women,Mixed,0.34,0.128,0,0
ZC000205,16.0,Male,UK,Tier 2,30,170,7,440.94,62.99,1,3.5,1,0.44,7,Women,Online,0.098,0.318,0,0
ZC000206,32.0,Female,Spain,Tier 3,28,36,1,44.11,44.11,4,2.8,4,0.363,1,Kids,Online,0.272,0.151,0,0
ZC000207,24.0,Female,Other,Tier 2,27,13,1,59.93,59.93,7,2.0,5,0.648,8,TRF,Online,0.142,0.378,0,0
ZC000208,20.0,Female,Mexico,Tier 1,35,32,6,465.64,77.61,3,22.5,6,0.769,5,Women,Online,0.044,0.158,0,0
ZC000209,23.0,Male,UK,Tier 1,35,10,2,129.02,64.51,5,8.7,6,0.226,1,Men,Store,0.314,0.178,0,0
ZC000210,29.0,Female,France,Tier 2,18,12,1,71.58,71.58,6,11.1,2,0.151,6,Women,Mixed,0.277,0.421,0,0
ZC000211,41.0,Female,USA,Tier 3,15,325,1,104.67,104.67,3,3.8,5,0.526,8,Kids,Online,0.506,0.371,0,1
ZC000212,19.0,Female,UK,Tier 3,24,98,1,89.28,89.28,1,6.1,4,0.439,3,TRF,Store,0.196,0.406,0,1
ZC000213,32.0,Male,USA,Tier 1,42,16,5,535.0,107.0,5,8.6,4,0.406,1,Women,Mixed,0.318,0.627,0,0
ZC000214,27.0,Female,USA,Tier 3,9,7,1,66.59,66.59,2,17.3,3,0.658,7,Women,Store,0.441,0.259,0,0
ZC000215,29.0,Female,Other,Tier 1,16,48,7,524.49,74.93,9,1.0,4,0.259,2,Women,Store,0.554,0.041,0,0
ZC000216,42.0,Female,USA,Tier 2,12,6,1,54.76,54.76,7,6.4,1,0.615,1,Men,Mixed,0.184,0.034,0,0
ZC000217,37.0,Female,Mexico,Tier 1,8,46,4,367.26,91.82,2,5.9,2,0.211,7,Kids,Mixed,0.219,0.281,0,0
ZC000218,45.0,Male,UK,Tier 1,13,72,3,257.81,85.94,1,6.4,1,0.511,3,Women,Store,0.473,0.453,0,0
ZC000219,30.0,Male,Spain,Tier 2,5,77,1,101.8,101.8,2,7.0,3,0.522,4,Men,Online,0.186,0.181,0,1
ZC000220,25.0,Female,USA,Tier 1,5,16,1,94.13,94.13,2,2.8,8,0.636,1,Home,Mixed,0.374,0.078,0,0
ZC000221,30.0,Female,USA,Tier 3,54,64,6,427.55,71.26,0,4.0,2,0.467,2,Home,Store,0.285,0.526,0,0
ZC000222,34.0,Male,Italy,Tier 1,7,121,2,101.65,50.82,2,2.3,4,0.41,5,Kids,Online,0.481,0.246,0,0
ZC000223,34.0,Female,Other,Tier 3,28,38,1,49.97,49.97,10,4.8,6,0.446,2,TRF,Online,0.27,0.112,0,0
ZC000224,21.0,Female,Mexico,Tier 1,60,15,6,236.24,39.37,8,6.0,3,0.549,3,Men,Store,0.323,0.168,0,0
ZC000225,33.0,Female,Mexico,Tier 1,39,36,1,97.48,97.48,4,3.4,4,0.416,7,Women,Online,0.252,0.374,1,0
ZC000226,34.0,Female,Other,Tier 1,27,18,4,317.26,79.32,8,6.3,4,0.746,2,Beauty,Mixed,0.357,0.191,0,0
ZC000227,57.0,Male,Mexico,Tier 2,31,396,5,714.23,142.85,2,1.5,7,0.507,7,Women,Online,0.355,0.249,0,0
ZC000228,51.0,Female,France,Tier 2,12,105,1,76.24,76.24,1,1.5,4,0.384,3,Men,Store,0.318,0.417,0,1
ZC000229,23.0,Female,Italy,Tier 1,40,87,1,80.96,80.96,2,10.7,4,0.612,2,TRF,Online,0.363,0.407,0,0
ZC000230,29.0,Male,UK,Tier 1,57,7,4,387.72,96.93,6,3.7,4,0.522,7,Women,Online,0.234,0.423,0,0
ZC000231,17.0,Female,Spain,Tier 1,14,40,1,88.51,88.51,5,2.5,4,0.252,5,Women,Mixed,0.453,0.166,0,0
ZC000232,26.0,Male,Italy,Tier 2,5,34,1,67.54,67.54,6,2.1,1,0.265,3,Men,Store,0.267,0.267,0,0
ZC000233,35.0,Female,Italy,Tier 2,34,27,4,342.14,85.54,6,2.8,2,0.205,6,Men,Online,0.145,0.174,0,0
ZC000234,44.0,Female,USA,Tier 2,60,133,4,390.92,97.73,1,7.9,3,0.518,2,Women,Mixed,0.253,0.154,0,1
ZC000235,25.0,Female,Other,Tier 1,8,273,1,116.58,116.58,4,4.9,4,0.661,4,TRF,Store,0.315,0.584,0,1
ZC000236,25.0,Female,Spain,Tier 1,1,27,1,57.77,57.77,8,2.0,4,0.669,4,Kids,Mixed,0.37,0.122,0,0
ZC000237,16.0,Female,Italy,Tier 1,16,3,1,72.17,72.17,5,7.0,3,0.489,8,Men,Online,0.366,0.406,0,0
ZC000238,30.0,Female,Other,Tier 3,11,29,2,149.71,74.86,9,6.4,2,0.167,4,Women,Online,0.538,0.253,0,0
ZC000239,21.0,Male,USA,Tier 1,21,128,3,208.14,69.38,0,7.7,5,0.333,2,Men,Online,0.154,0.198,0,0
ZC000240,27.0,Male,Other,Tier 1,10,105,1,92.83,92.83,1,3.1,2,0.296,2,Men,Store,0.042,0.098,0,0
ZC000241,23.0,Female,Other,Tier 2,16,54,1,119.45,119.45,8,4.3,2,0.478,2,Men,Store,0.283,0.231,0,0
ZC000242,31.0,Female,Italy,Tier 2,7,87,4,382.71,95.68,2,9.6,1,0.371,8,Men,Online,0.443,0.254,0,0
ZC000243,16.0,Female,Other,Tier 1,2,37,4,249.84,62.46,10,4.2,3,0.309,1,Women,Store,0.273,0.194,0,1
ZC000244,17.0,Female,Germany,Tier 1,17,26,4,211.24,52.81,8,4.2,1,0.782,6,Women,Store,0.172,0.322,0,0
ZC000245,53.0,Female,France,Tier 2,29,21,4,301.19,75.3,8,3.3,2,0.47,7,Home,Online,0.414,0.171,0,0
ZC000246,19.0,Male,Italy,Tier 2,6,51,1,102.6,102.6,10,16.3,1,0.189,8,Women,Store,0.133,0.637,0,0
ZC000247,21.0,Male,UK,Tier 1,60,30,7,525.07,75.01,7,11.2,8,0.348,6,Women,Store,0.654,0.573,0,0
ZC000248,50.0,Female,USA,Tier 1,26,17,3,284.35,94.78,8,2.6,1,0.77,3,Beauty,Online,0.618,0.246,0,0
ZC000249,61.0,Male,Spain,Tier 1,12,61,1,107.12,107.12,1,2.8,0,0.226,4,Men,Mixed,0.341,0.2,0,0
ZC000250,20.0,Female,UK,Tier 2,44,33,5,435.22,87.04,7,5.2,3,0.242,3,Women,Mixed,0.274,0.391,0,0
ZC000251,28.0,Female,Mexico,Tier 1,35,132,2,170.47,85.24,1,6.8,6,0.453,7,Women,Online,0.49,0.259,1,1
ZC000252,35.0,Female,Other,Tier 1,28,71,4,209.6,52.4,2,1.0,8,0.435,6,Women,Online,0.098,0.375,0,0
ZC000253,49.0,Female,Other,Tier 1,21,215,4,337.92,84.48,1,1.2,7,0.14,6,Women,Mixed,0.338,0.465,0,1
ZC000254,22.0,Female,USA,Tier 3,12,78,2,183.49,91.74,1,6.8,2,0.143,4,Kids,Store,0.265,0.376,0,1
ZC000255,30.0,Male,France,Tier 1,24,47,1,88.88,88.88,3,5.3,5,0.351,5,Women,Store,0.299,0.324,0,0
ZC000256,40.0,Female,France,Tier 1,21,115,3,167.1,55.7,1,1.8,2,0.449,6,Men,Online,0.334,0.452,0,1
ZC000257,36.0,Female,USA,Tier 1,43,195,5,416.59,83.32,1,3.8,3,0.394,2,Men,Mixed,0.322,0.23,0,0
ZC000258,28.0,Female,Germany,Tier 2,27,6,1,92.28,92.28,3,4.2,3,0.451,2,Kids,Online,0.107,0.083,0,0
ZC000259,31.0,Male,USA,Tier 3,14,116,1,47.46,47.46,0,6.1,1,0.317,1,Men,Store,0.184,0.271,0,0
ZC000260,18.0,Female,Other,Tier 3,14,51,5,456.29,91.26,6,3.4,7,0.42,3,Men,Store,0.574,0.44,0,0
ZC000261,30.0,Male,USA,Tier 1,10,79,4,346.87,86.72,1,4.3,3,0.409,8,Women,Online,0.416,0.393,0,0
ZC000262,29.0,Male,Other,Tier 1,21,208,1,66.39,66.39,3,9.6,2,0.572,1,Women,Mixed,0.162,0.262,0,1
ZC000263,34.0,Female,Other,Tier 1,13,55,1,88.34,88.34,7,4.4,9,0.259,6,Women,Online,0.245,0.504,0,0
ZC000264,26.0,Male,Italy,Tier 2,6,15,3,267.72,89.24,10,1.5,5,0.312,4,Men,Store,0.36,0.414,1,0
ZC000265,37.0,Female,USA,Tier 2,33,9,7,537.13,76.73,11,4.3,6,0.522,8,Women,Store,0.621,0.199,0,0
ZC000266,42.0,Male,USA,Tier 1,12,71,4,369.86,92.46,0,2.5,11,0.225,4,Home,Online,0.131,0.443,0,0
ZC000267,34.0,Female,Other,Tier 1,15,55,1,53.63,53.63,12,4.0,3,0.102,3,Women,Store,0.271,0.301,0,0
ZC000268,36.0,Female,Spain,Tier 1,49,185,5,211.45,42.29,2,2.8,1,0.533,7,Kids,Mixed,0.135,0.391,0,0
ZC000269,33.0,Female,Spain,Tier 2,36,24,1,82.32,82.32,6,3.7,7,0.268,5,Women,Store,0.154,0.284,0,0
ZC000270,32.0,Female,Other,Tier 1,27,25,4,369.28,92.32,8,3.3,6,0.635,1,Women,Mixed,0.348,0.066,0,0
ZC000271,25.0,Male,Mexico,Tier 1,21,235,1,97.02,97.02,1,3.1,2,0.611,6,Men,Online,0.24,0.292,0,0
ZC000272,35.0,Male,Italy,Tier 1,56,20,3,246.34,82.11,5,3.9,2,0.428,3,Women,Online,0.564,0.173,0,0
ZC000273,31.0,Female,USA,Tier 1,15,12,1,58.04,58.04,11,1.4,3,0.539,1,Women,Store,0.444,0.293,0,0
ZC000274,53.0,Female,France,Tier 1,10,232,1,94.71,94.71,1,6.3,5,0.742,2,Home,Store,0.364,0.364,0,1
ZC000275,48.0,Female,Other,Tier 2,43,113,5,399.64,79.93,1,1.5,2,0.59,2,Women,Store,0.287,0.389,0,0
ZC000276,36.0,Male,USA,Tier 2,27,51,1,126.72,126.72,4,8.0,3,0.564,6,Women,Store,0.265,0.482,0,0
ZC000277,24.0,Female,USA,Tier 1,8,324,6,534.98,89.16,0,9.4,4,0.305,5,Women,Mixed,0.525,0.161,0,1
ZC000278,21.0,Male,Spain,Tier 1,27,32,3,273.8,91.27,10,2.5,5,0.353,6,Men,Store,0.198,0.092,0,0
ZC000279,44.0,Female,Germany,Tier 3,5,93,1,75.97,75.97,1,2.1,2,0.463,2,Women,Mixed,0.111,0.065,0,1
ZC000280,35.0,Female,USA,Tier 3,37,84,1,74.62,74.62,0,4.3,4,0.559,5,Men,Mixed,0.191,0.183,0,0
ZC000281,37.0,Male,Other,Tier 2,22,188,1,83.26,83.26,1,13.7,2,0.154,3,Kids,Online,0.096,0.779,0,1
ZC000282,16.0,Female,USA,Tier 2,24,24,2,189.25,94.62,5,3.4,4,0.111,4,Women,Store,0.327,0.092,0,0
ZC000283,41.0,Female,USA,Tier 2,25,232,1,106.84,106.84,4,3.2,8,0.153,1,Beauty,Online,0.28,0.286,0,0
ZC000284,37.0,Female,Other,Tier 2,26,298,1,44.13,44.13,2,2.7,4,0.833,4,Kids,Online,0.255,0.339,0,1
ZC000285,21.0,Female,Other,Tier 1,18,162,1,64.49,64.49,0,1.9,4,0.724,7,Home,Store,0.384,0.194,0,1
ZC000286,27.0,Male,Italy,Tier 1,19,27,3,332.98,110.99,3,3.1,1,0.396,7,Men,Store,0.134,0.323,0,0
ZC000287,35.0,Male,Other,Tier 1,13,69,4,251.68,62.92,1,4.2,2,0.408,4,Women,Mixed,0.304,0.289,0,0
ZC000288,33.0,Male,USA,Tier 2,21,84,1,63.78,63.78,5,2.3,0,0.788,5,TRF,Store,0.089,0.213,0,0
ZC000289,29.0,Female,UK,Tier 2,18,81,1,114.69,114.69,2,7.1,5,0.748,8,Women,Online,0.574,0.446,0,1
ZC000290,31.0,Female,USA,Tier 3,20,8,1,91.96,91.96,7,7.3,2,0.44,1,Women,Mixed,0.464,0.511,1,0
ZC000291,29.0,Male,UK,Tier 1,6,104,1,86.77,86.77,0,6.2,3,0.441,5,Women,Store,0.408,0.15,0,0
ZC000292,34.0,Female,Mexico,Tier 1,11,74,5,481.89,96.38,1,3.7,2,0.126,3,Women,Mixed,0.31,0.123,1,1
ZC000293,47.0,Male,Other,Tier 2,2,48,3,222.55,74.18,5,4.4,3,0.369,6,Kids,Store,0.224,0.376,0,0
ZC000294,16.0,Female,Spain,Tier 3,16,53,3,237.2,79.07,6,3.3,3,0.216,2,Women,Store,0.327,0.108,0,0
ZC000295,30.0,Female,UK,Tier 3,7,333,1,87.39,87.39,2,8.8,2,0.502,7,Women,Mixed,0.208,0.152,0,1
ZC000296,34.0,Female,Other,Tier 1,3,164,1,62.09,62.09,1,8.5,1,0.157,3,Beauty,Store,0.114,0.297,0,1
ZC000297,35.0,Male,Germany,Tier 3,21,7,1,75.16,75.16,4,4.6,2,0.109,8,Men,Mixed,0.112,0.416,0,0
ZC000298,28.0,Female,USA,Tier 3,8,49,3,159.33,53.11,7,2.2,1,0.137,4,Kids,Mixed,0.213,0.499,0,1
ZC000299,16.0,Female,UK,Tier 3,11,141,3,218.81,72.94,4,5.3,3,0.199,1,Men,Mixed,0.153,0.238,0,1
ZC000300,35.0,Male,USA,Tier 2,24,167,2,141.39,70.69,1,5.7,5,0.621,3,Home,Mixed,0.436,0.417,0,1
ZC000301,49.0,Female,UK,Tier 2,32,79,4,143.62,35.9,0,2.7,5,0.579,8,Men,Online,0.254,0.228,0,0
ZC000302,17.0,Female,UK,Tier 1,13,17,1,89.14,89.14,13,2.6,5,0.296,6,Women,Store,0.349,0.321,0,0
ZC000303,41.0,Male,France,Tier 1,37,15,4,307.63,76.91,7,2.4,2,0.066,3,Beauty,Online,0.082,0.137,0,0
ZC000304,29.0,Male,UK,Tier 1,44,102,6,633.07,105.51,3,2.0,5,0.291,5,Home,Store,0.465,0.662,0,0
ZC000305,31.0,Female,France,Tier 1,17,39,5,219.83,43.97,7,1.3,4,0.55,5,Kids,Store,0.431,0.191,0,0
ZC000306,21.0,Male,Spain,Tier 3,17,21,1,52.95,52.95,7,3.3,3,0.421,6,Women,Online,0.164,0.47,0,0
ZC000307,29.0,Male,Spain,Tier 2,11,1,4,389.83,97.46,11,1.7,1,0.519,3,Women,Mixed,0.389,0.408,0,0
ZC000308,45.0,Female,UK,Tier 1,20,10,6,282.71,47.12,7,3.9,0,0.391,1,Home,Mixed,0.287,0.049,0,0
ZC000309,38.0,Female,Other,Tier 2,32,72,1,65.58,65.58,0,6.4,3,0.496,2,Men,Store,0.254,0.295,0,0
ZC000310,49.0,Male,Mexico,Tier 2,41,45,1,79.45,79.45,7,2.6,4,0.297,2,Women,Store,0.474,0.512,0,0
ZC000311,44.0,Female,Spain,Tier 1,8,181,4,487.11,121.78,2,9.9,3,0.281,6,Women,Store,0.315,0.586,0,0
ZC000312,36.0,Male,France,Tier 2,18,13,1,86.22,86.22,9,11.2,4,0.442,7,Kids,Store,0.155,0.583,0,0
ZC000313,49.0,Female,Germany,Tier 1,28,27,2,137.82,68.91,6,5.4,2,0.551,8,Men,Online,0.26,0.222,0,0
ZC000314,36.0,Female,France,Tier 2,4,33,3,220.88,73.63,4,6.8,1,0.22,4,Beauty,Online,0.445,0.102,0,0
ZC000315,40.0,Female,Italy,Tier 2,1,65,1,54.11,54.11,2,6.9,3,0.422,7,Men,Mixed,0.481,0.376,0,1
ZC000316,29.0,Female,Other,Tier 1,17,34,2,116.42,58.21,5,2.0,5,0.412,4,Women,Online,0.11,0.181,0,0
ZC000317,33.0,Male,Spain,Tier 1,8,24,1,56.1,56.1,10,7.8,1,0.284,6,Women,Mixed,0.362,0.375,0,0
ZC000318,25.0,Female,France,Tier 2,7,81,2,194.03,97.02,1,1.0,7,0.326,5,Men,Mixed,0.744,0.138,0,1
ZC000319,42.0,Male,France,Tier 3,9,62,3,259.89,86.63,2,3.9,3,0.267,8,Men,Store,0.164,0.416,0,0
ZC000320,20.0,Female,France,Tier 1,9,116,1,63.09,63.09,0,3.4,4,0.45,1,Women,Store,0.368,0.087,0,0
ZC000321,40.0,Male,USA,Tier 2,24,44,2,135.14,67.57,4,2.2,1,0.446,7,Women,Online,0.497,0.104,1,0
ZC000322,30.0,Male,Germany,Tier 2,2,154,1,88.07,88.07,4,3.1,4,0.405,4,Kids,Store,0.412,0.527,0,1
ZC000323,44.0,Female,Spain,Tier 1,22,21,2,89.5,44.75,12,7.0,4,0.409,7,Men,Store,0.388,0.539,0,0
ZC000324,40.0,Female,Italy,Tier 1,14,102,1,87.98,87.98,1,2.7,4,0.273,7,Men,Mixed,0.419,0.187,0,0
ZC000325,50.0,Male,Germany,Tier 1,5,125,2,121.3,60.65,0,4.7,6,0.649,8,Home,Online,0.111,0.352,0,1
ZC000326,39.0,Male,USA,Tier 1,27,104,1,43.95,43.95,2,6.8,1,0.231,4,Women,Store,0.097,0.434,0,1
ZC000327,16.0,Female,Other,Tier 1,23,51,6,425.39,70.9,5,3.8,10,0.357,2,Women,Store,0.414,0.401,0,0
ZC000328,31.0,Female,Other,Tier 2,10,67,1,87.96,87.96,1,3.3,3,0.485,2,Women,Mixed,0.496,0.141,0,1
ZC000329,20.0,Male,France,Tier 2,26,178,7,640.19,91.46,1,1.2,5,0.277,4,Women,Store,0.411,0.427,0,0
ZC000330,27.0,Female,Other,Tier 1,39,56,4,345.98,86.5,3,3.9,2,0.751,3,Women,Mixed,0.281,0.151,0,0
ZC000331,47.0,Female,Other,Tier 1,2,19,1,57.99,57.99,9,1.1,5,0.247,4,Women,Store,0.172,0.22,0,0
ZC000332,38.0,Female,Spain,Tier 1,7,97,2,204.65,102.32,5,4.7,5,0.55,5,Women,Mixed,0.503,0.63,1,1
ZC000333,25.0,Female,Germany,Tier 3,2,47,1,89.72,89.72,6,6.4,3,0.428,4,Home,Mixed,0.519,0.108,0,1
ZC000334,22.0,Male,Germany,Tier 3,30,57,1,65.38,65.38,5,3.8,1,0.055,6,Women,Mixed,0.315,0.739,0,0
ZC000335,32.0,Female,Germany,Tier 2,15,51,1,94.62,94.62,3,11.3,1,0.413,8,Kids,Store,0.278,0.031,0,0
ZC000336,20.0,Male,Other,Tier 1,13,112,1,84.78,84.78,1,4.6,2,0.543,5,Women,Mixed,0.363,0.25,0,1
ZC000337,25.0,Female,France,Tier 3,29,80,5,636.41,127.28,2,5.9,2,0.292,6,Women,Mixed,0.228,0.341,0,0
ZC000338,35.0,Female,Spain,Tier 2,11,57,1,102.64,102.64,2,3.5,3,0.197,3,Men,Online,0.488,0.091,0,1
ZC000339,44.0,Female,UK,Tier 1,29,75,5,379.59,75.92,1,5.2,4,0.339,5,Men,Online,0.288,0.664,0,0
ZC000340,38.0,Female,Mexico,Tier 1,6,20,1,47.25,47.25,9,11.3,4,0.546,5,Women,Mixed,0.338,0.508,0,0
ZC000341,16.0,Male,USA,Tier 1,17,104,5,317.29,63.46,1,8.3,7,0.244,8,Women,Online,0.266,0.38,0,0
ZC000342,35.0,Male,Spain,Tier 2,33,82,2,48.2,24.1,2,9.4,2,0.372,7,Home,Mixed,0.32,0.038,0,0
ZC000343,33.0,Male,USA,Tier 1,4,197,2,141.19,70.6,1,5.0,7,0.609,7,Home,Store,0.266,0.2,0,1
ZC000344,36.0,Female,Italy,Tier 1,9,31,3,307.06,102.35,10,2.2,8,0.292,5,Men,Mixed,0.27,0.176,0,0
ZC000345,48.0,Female,Spain,Tier 1,13,32,1,89.69,89.69,8,3.5,5,0.787,1,Men,Store,0.566,0.511,0,0
ZC000346,16.0,Female,UK,Tier 1,53,70,7,540.49,77.21,3,1.3,2,0.632,5,Women,Online,0.464,0.074,0,0
ZC000347,26.0,Male,Spain,Tier 2,22,55,3,254.22,84.74,7,3.5,5,0.2,3,Men,Mixed,0.246,0.459,0,1
ZC000348,38.0,Female,UK,Tier 1,5,19,4,435.18,108.8,5,6.3,2,0.475,4,Women,Mixed,0.327,0.201,0,0
ZC000349,16.0,Female,Spain,Tier 1,58,15,5,416.69,83.34,7,3.6,2,0.428,6,Men,Online,0.401,0.585,0,0
ZC000350,47.0,Female,Spain,Tier 2,50,148,4,279.12,69.78,2,4.7,9,0.221,3,Kids,Store,0.484,0.139,0,1
ZC000351,36.0,Female,Italy,Tier 3,20,27,1,57.68,57.68,9,11.3,4,0.799,4,Men,Online,0.526,0.604,0,0
ZC000352,40.0,Male,USA,Tier 1,60,44,4,504.08,126.02,9,6.9,5,0.281,3,Women,Mixed,0.388,0.326,0,0
ZC000353,,Female,USA,Tier 1,10,13,1,67.26,67.26,7,10.9,4,0.589,4,Women,Online,0.452,0.172,0,0
ZC000354,40.0,Male,Germany,Tier 1,14,300,2,265.68,132.84,2,5.3,4,0.421,8,Women,Mixed,0.465,0.505,0,1
ZC000355,43.0,Female,Spain,Tier 1,8,29,2,146.44,73.22,10,4.2,1,0.496,5,Kids,Online,0.119,0.305,0,0
ZC000356,34.0,Female,Spain,Tier 3,29,50,1,58.38,58.38,8,12.7,2,0.569,4,Men,Store,0.458,0.084,0,0
ZC000357,34.0,Female,UK,Tier 3,60,8,5,434.06,86.81,6,4.9,5,0.558,1,Kids,Store,0.582,0.429,0,0
ZC000358,35.0,Male,USA,Tier 1,36,66,4,342.47,85.62,0,7.0,2,0.407,5,Women,Online,0.457,0.247,0,0
ZC000359,23.0,Female,France,Tier 1,8,241,1,36.31,36.31,1,4.0,3,0.356,3,Home,Store,0.34,0.307,0,1
ZC000360,31.0,Female,Other,Tier 1,11,16,3,261.1,87.03,6,3.2,3,0.559,8,Women,Mixed,0.266,0.702,0,0
ZC000361,30.0,Male,UK,Tier 2,33,69,2,83.33,41.66,3,9.2,5,,4,Men,Mixed,0.397,0.118,0,0
ZC000362,36.0,Female,France,Tier 1,8,37,1,135.55,135.55,10,2.8,3,0.527,2,Home,Mixed,0.449,0.583,0,0
ZC000363,42.0,Female,Other,Tier 1,17,58,4,189.43,47.36,6,3.5,6,0.843,7,Men,Online,0.149,0.451,0,0
ZC000364,21.0,Female,France,Tier 1,4,40,1,88.27,88.27,10,1.0,6,0.508,7,Women,Online,0.299,0.567,0,0
ZC000365,31.0,Female,Mexico,Tier 2,14,12,1,97.27,97.27,7,1.1,2,0.659,5,Women,Store,0.151,0.139,0,0
ZC000366,47.0,Male,France,Tier 3,20,75,1,112.04,112.04,1,4.7,3,0.215,5,Home,Online,0.488,0.205,0,0
ZC000367,25.0,Male,Germany,Tier 1,21,119,2,79.18,39.59,1,4.1,3,0.325,4,Kids,Store,0.449,0.605,0,1
ZC000368,24.0,Male,Other,Tier 2,26,38,4,379.31,94.83,4,4.9,1,0.386,4,TRF,Online,0.256,0.344,0,0
ZC000369,34.0,Male,Spain,Tier 2,47,147,1,55.31,55.31,2,8.2,3,0.515,8,Women,Store,0.541,0.565,0,1
ZC000370,40.0,Male,Other,Tier 1,37,148,1,75.04,75.04,0,6.9,2,,7,Men,Store,0.627,0.314,0,1
ZC000371,32.0,Female,France,Tier 3,35,119,3,119.6,39.87,3,5.1,2,0.134,4,Men,Mixed,0.139,0.413,0,0
ZC000372,45.0,Female,Germany,Tier 2,32,18,2,188.49,94.24,8,3.0,6,0.295,6,Men,Online,0.553,0.189,0,0
ZC000373,41.0,Female,UK,Tier 1,21,95,1,102.87,102.87,1,2.5,8,0.664,5,Women,Mixed,0.23,0.344,0,0
ZC000374,40.0,Male,USA,Tier 2,17,87,2,123.22,61.61,0,4.6,6,0.525,3,Men,Mixed,0.497,0.146,0,0
ZC000375,38.0,Male,Spain,Tier 1,39,23,7,566.47,80.92,5,6.1,1,0.706,4,Men,Mixed,0.362,0.24,0,0
ZC000376,55.0,Male,Other,Tier 1,32,35,3,303.57,101.19,5,2.3,2,0.453,5,TRF,Store,0.246,0.254,0,0
ZC000377,30.0,Female,Germany,Tier 1,10,59,1,94.64,94.64,3,4.6,2,0.28,6,Kids,Store,0.172,0.333,1,1
ZC000378,16.0,Female,Other,Tier 2,28,33,3,146.72,48.91,5,1.3,4,0.567,2,Men,Mixed,0.136,0.506,0,0
ZC000379,48.0,Male,USA,Tier 3,22,51,1,46.45,46.45,9,2.5,2,0.615,1,Women,Online,0.261,0.524,0,0
ZC000380,27.0,Female,USA,Tier 1,25,203,3,226.95,75.65,0,3.6,2,0.562,4,Home,Online,0.377,0.112,0,0
ZC000381,33.0,Female,USA,Tier 1,42,25,1,87.42,87.42,7,2.1,4,0.738,6,Kids,Online,0.371,0.352,0,0
ZC000382,45.0,Female,USA,Tier 1,10,24,1,73.2,73.2,7,8.8,1,0.064,3,Men,Online,0.605,0.108,0,1
ZC000383,16.0,Female,France,Tier 3,10,139,3,231.53,77.18,1,4.0,4,0.128,5,Women,Mixed,0.298,0.167,0,1
ZC000384,19.0,Male,Other,Tier 1,23,62,1,101.7,101.7,1,2.0,4,0.362,6,Women,Mixed,0.638,0.144,0,0
ZC000385,16.0,Male,Other,Tier 3,11,69,3,224.99,75.0,2,1.0,4,0.188,6,TRF,Store,0.556,0.617,0,1
ZC000386,,Male,France,Tier 1,5,45,1,46.79,46.79,9,1.8,8,0.18,2,Women,Mixed,0.161,0.544,0,0
ZC000387,36.0,Female,USA,Tier 1,7,45,1,91.79,91.79,4,11.4,4,0.304,4,Women,Online,0.37,0.299,0,0
ZC000388,37.0,Female,Germany,Tier 1,60,53,6,663.63,110.6,5,2.7,5,0.6,2,Women,Mixed,0.33,0.437,0,0
ZC000389,35.0,Male,Germany,Tier 1,20,69,1,84.21,84.21,5,4.5,4,0.805,6,Women,Mixed,0.341,0.679,0,0
ZC000390,18.0,Female,Italy,Tier 1,29,118,3,227.06,75.69,3,6.1,2,0.275,3,Women,Online,0.233,0.226,0,0
ZC000391,16.0,Female,France,Tier 3,16,20,1,81.57,81.57,1,1.7,7,0.098,3,Men,Online,0.442,0.232,0,0
ZC000392,33.0,Male,Spain,Tier 1,40,26,4,302.25,75.56,4,1.0,2,0.625,7,Home,Store,0.294,0.258,0,0
ZC000393,27.0,Female,Spain,Tier 1,2,141,1,92.11,92.11,0,1.7,1,0.53,8,Kids,Online,0.305,0.092,0,1
ZC000394,37.0,Female,Other,Tier 2,53,64,4,133.27,33.32,1,4.0,3,0.789,7,Home,Mixed,0.474,0.045,0,0
ZC000395,39.0,Male,Italy,Tier 1,20,40,2,182.48,91.24,2,6.3,1,0.092,1,Women,Store,0.377,0.541,0,0
ZC000396,33.0,Female,Other,Tier 2,11,77,6,421.39,70.23,3,1.6,2,0.413,4,Women,Mixed,0.249,0.541,0,0
ZC000397,40.0,Female,USA,Tier 2,48,34,3,335.19,111.73,6,4.4,3,0.381,5,Kids,Mixed,0.109,0.269,0,0
ZC000398,34.0,Female,France,Tier 3,27,135,1,43.54,43.54,2,1.4,7,0.412,4,TRF,Online,0.352,0.22,0,1
ZC000399,37.0,Male,USA,Tier 2,18,29,6,287.19,47.86,10,3.6,5,0.448,1,Women,Online,0.436,0.064,0,0
ZC000400,25.0,Female,Other,Tier 1,5,33,1,95.36,95.36,4,1.0,4,0.658,1,Men,Online,0.364,0.578,0,0
ZC000401,30.0,Female,USA,Tier 1,18,39,4,472.88,118.22,7,4.8,3,0.441,4,Men,Online,0.19,0.684,0,0
ZC000402,34.0,Female,Italy,Tier 1,22,87,1,69.13,69.13,1,6.6,6,0.35,1,Women,Online,0.333,0.136,0,0
ZC000403,40.0,Male,USA,Tier 1,24,148,1,69.99,69.99,2,4.0,5,0.425,3,Women,Online,0.459,0.304,0,1
ZC000404,28.0,Male,Spain,Tier 1,10,95,1,54.25,54.25,0,7.8,6,0.205,8,Women,Store,0.339,0.402,0,0
ZC000405,37.0,Female,USA,Tier 1,10,118,1,71.63,71.63,0,5.8,7,0.576,4,Women,Mixed,0.268,0.368,0,1
ZC000406,29.0,Female,France,Tier 3,7,9,1,54.41,54.41,9,5.5,4,0.307,4,Women,Mixed,0.575,0.385,0,0
ZC000407,31.0,Male,Other,Tier 3,11,8,1,43.83,43.83,7,8.4,2,0.321,2,Women,Online,0.163,0.46,0,0
ZC000408,40.0,Male,Other,Tier 1,31,12,1,80.29,80.29,6,6.7,1,0.932,1,Women,Mixed,0.597,0.14,0,0
ZC000409,16.0,Male,Germany,Tier 3,60,54,5,279.58,55.92,3,3.9,2,0.467,2,TRF,Online,0.317,0.323,0,0
ZC000410,19.0,Male,France,Tier 2,16,36,1,101.05,101.05,6,5.9,4,0.181,7,Beauty,Mixed,0.293,0.341,0,0
ZC000411,17.0,Female,Mexico,Tier 1,24,13,1,85.25,85.25,10,2.4,2,0.337,5,Women,Store,0.224,0.083,0,0
ZC000412,16.0,Female,Spain,Tier 3,6,0,1,92.92,92.92,5,3.3,2,0.147,8,Women,Store,0.187,0.26,0,0
ZC000413,25.0,Female,Mexico,Tier 3,7,92,1,61.06,61.06,0,2.4,3,0.239,4,Men,Mixed,0.232,0.311,0,1
ZC000414,39.0,Male,Mexico,Tier 2,38,168,5,406.82,81.36,0,2.6,4,0.521,2,Men,Mixed,0.478,0.17,0,1
ZC000415,29.0,Female,France,Tier 2,2,121,1,73.47,73.47,2,5.3,2,0.628,6,TRF,Mixed,0.414,0.205,0,1
ZC000416,34.0,Female,Spain,Tier 1,27,51,4,186.55,46.64,6,3.0,6,0.602,1,Women,Store,0.336,0.05,0,0
ZC000417,43.0,Male,USA,Tier 2,28,71,4,278.16,69.54,0,1.5,7,0.636,3,Women,Mixed,0.496,0.388,1,0
ZC000418,45.0,Female,USA,Tier 2,39,29,2,140.25,70.12,6,5.9,3,0.216,1,Men,Online,0.52,0.336,0,0
ZC000419,31.0,Male,Other,Tier 2,25,57,3,281.49,93.83,4,12.6,4,0.366,4,TRF,Online,0.596,0.369,0,1
ZC000420,46.0,Female,Germany,Tier 1,5,53,3,167.08,55.69,5,4.3,1,0.414,8,Men,Mixed,0.45,0.361,0,0
ZC000421,33.0,Female,France,Tier 2,45,83,6,341.2,56.87,3,3.2,5,0.366,8,Women,Store,0.385,0.463,0,0
ZC000422,24.0,Female,France,Tier 2,13,27,2,118.42,59.21,4,7.6,6,0.211,2,Women,Store,0.185,0.222,0,0
ZC000423,26.0,Male,Mexico,Tier 2,43,294,3,254.27,84.76,0,11.7,0,0.372,2,Women,Online,0.431,0.279,0,1
ZC000424,17.0,Male,USA,Tier 1,37,15,1,85.28,85.28,2,6.1,4,0.381,7,Women,Store,0.398,0.394,0,0
ZC000425,23.0,Female,Spain,Tier 1,25,70,4,260.12,65.03,0,25.9,6,0.606,2,Women,Mixed,0.37,0.545,0,1
ZC000426,28.0,Female,Italy,Tier 1,37,104,1,104.39,104.39,1,3.9,3,0.728,3,Women,Mixed,0.437,0.161,0,0
ZC000427,40.0,Female,USA,Tier 2,49,17,4,228.33,57.08,6,5.2,1,0.18,4,Women,Online,0.067,0.111,0,0
ZC000428,49.0,Male,USA,Tier 1,27,7,4,419.17,104.79,3,5.7,3,0.318,7,Women,Store,0.384,0.21,1,0
ZC000429,18.0,Male,UK,Tier 3,34,106,1,130.17,130.17,0,1.5,3,0.308,1,Men,Online,0.746,0.488,1,1
ZC000430,36.0,Male,USA,Tier 2,9,299,1,63.73,63.73,1,4.8,2,0.072,4,Beauty,Store,0.273,0.336,0,1
ZC000431,22.0,Female,Other,Tier 1,32,4,1,74.61,74.61,7,4.3,2,0.114,1,Men,Mixed,0.248,0.249,0,0
ZC000432,37.0,Female,Other,Tier 2,9,297,1,67.03,67.03,2,6.5,5,0.483,3,Beauty,Online,0.246,0.147,0,1
ZC000433,31.0,Female,Other,Tier 1,23,109,1,74.11,74.11,3,6.1,3,0.429,3,Men,Mixed,0.548,0.177,0,1
ZC000434,16.0,Female,Other,Tier 1,11,56,1,105.62,105.62,7,2.5,2,0.409,4,Home,Mixed,0.566,0.75,0,1
ZC000435,41.0,Female,USA,Tier 1,14,122,2,98.97,49.48,2,4.8,3,0.256,2,Home,Mixed,0.296,0.41,1,1
ZC000436,26.0,Female,UK,Tier 2,53,152,6,405.18,67.53,1,5.2,1,0.392,1,Women,Online,0.696,0.377,0,1
ZC000437,27.0,Female,Italy,Tier 3,19,48,1,92.24,92.24,4,1.5,8,0.608,2,Women,Online,0.364,0.152,0,0
ZC000438,21.0,Male,Spain,Tier 1,23,365,2,236.77,118.38,3,1.4,4,0.552,7,TRF,Store,0.051,0.267,0,1
ZC000439,25.0,Female,Other,Tier 2,33,290,2,246.41,123.2,1,7.9,9,0.326,2,Men,Mixed,0.456,0.617,0,1
ZC000440,36.0,Male,Spain,Tier 1,22,31,1,63.51,63.51,5,6.6,1,0.16,3,Women,Store,0.243,0.224,0,0
ZC000441,30.0,Male,France,Tier 1,32,77,1,56.17,56.17,2,2.4,3,0.307,5,Men,Online,0.461,0.365,0,0
ZC000442,35.0,Female,Germany,Tier 2,34,16,2,121.09,60.54,9,3.6,2,0.356,7,Women,Mixed,0.167,0.505,0,0
ZC000443,36.0,Female,Other,Tier 2,13,11,1,100.6,100.6,5,4.8,2,0.239,3,Women,Mixed,0.469,0.131,0,0
ZC000444,45.0,Male,Germany,Tier 3,7,42,5,370.57,74.11,7,14.4,1,0.185,1,Women,Store,0.143,0.482,0,0
ZC000445,29.0,Female,Germany,Tier 2,21,74,4,500.68,125.17,0,5.9,6,0.309,7,Women,Mixed,0.41,0.525,0,0
ZC000446,17.0,Female,USA,Tier 1,14,22,6,550.3,91.72,11,1.0,6,0.587,1,Men,Mixed,0.375,0.59,0,0
ZC000447,43.0,Female,Germany,Tier 1,36,119,5,487.83,97.57,4,3.7,6,0.252,4,Home,Store,0.202,0.263,0,0
ZC000448,29.0,Male,Italy,Tier 1,14,80,2,132.62,66.31,3,2.1,2,0.677,7,Kids,Mixed,0.179,0.168,0,0
ZC000449,43.0,Male,France,Tier 3,49,61,1,51.4,51.4,2,1.8,1,0.574,1,Men,Mixed,0.416,0.281,0,1
ZC000450,36.0,Male,Mexico,Tier 2,50,26,6,788.55,131.42,6,5.5,3,0.443,5,Women,Store,0.697,0.312,0,0
ZC000451,31.0,Male,Spain,Tier 1,46,29,6,249.22,41.54,10,3.1,1,0.544,6,Women,Store,0.451,0.212,0,0
ZC000452,35.0,Female,USA,Tier 1,30,45,1,83.78,83.78,4,2.4,2,0.579,2,Women,Store,0.445,0.195,0,0
ZC000453,,Male,Other,Tier 1,12,32,2,165.7,82.85,9,6.0,1,0.531,7,Women,Online,0.134,0.18,0,0
ZC000454,53.0,Male,USA,Tier 2,16,40,2,118.37,59.18,6,4.6,0,0.431,8,Women,Online,0.093,0.517,0,0
ZC000455,33.0,Female,Germany,Tier 1,30,26,2,192.54,96.27,5,12.3,4,0.418,5,Women,Mixed,0.738,0.074,0,1
ZC000456,34.0,Male,France,Tier 3,18,87,3,254.6,84.87,1,5.7,2,0.603,4,Men,Online,0.389,0.064,0,0
ZC000457,43.0,Male,Other,Tier 1,17,14,2,131.68,65.84,7,11.6,4,0.386,7,Women,Store,0.26,0.094,0,0
ZC000458,24.0,Female,USA,Tier 2,47,133,2,110.29,55.14,2,3.6,2,0.168,3,Women,Online,0.197,0.29,0,1
ZC000459,35.0,Female,USA,Tier 1,6,34,2,152.43,76.22,5,4.0,5,0.451,4,Women,Online,0.414,0.309,0,0
ZC000460,32.0,Female,Other,Tier 1,31,91,1,57.11,57.11,0,1.0,3,0.274,3,Men,Store,0.264,0.022,0,1
ZC000461,35.0,Male,Germany,Tier 1,28,59,3,183.69,61.23,6,2.8,4,0.483,5,TRF,Online,0.378,0.197,0,0
ZC000462,24.0,Female,France,Tier 1,22,11,2,107.83,53.92,7,12.2,8,0.693,7,Women,Online,0.269,0.329,0,0
ZC000463,,Female,UK,Tier 3,9,126,1,61.44,61.44,2,3.5,5,0.067,8,Kids,Online,0.427,0.217,0,0
ZC000464,16.0,Female,UK,Tier 2,16,219,4,326.66,81.67,3,3.0,4,0.655,4,Women,Mixed,0.167,0.471,0,1
ZC000465,21.0,Male,Other,Tier 1,22,49,1,55.56,55.56,9,2.1,2,0.484,7,Women,Mixed,0.494,0.325,0,0
ZC000466,27.0,Male,Italy,Tier 1,8,82,1,64.64,64.64,1,12.8,5,0.629,5,Women,Online,0.29,0.347,0,0
ZC000467,29.0,Male,Other,Tier 1,41,63,4,346.64,86.66,1,6.8,2,0.441,3,Women,Online,0.405,0.241,0,0
ZC000468,51.0,Female,Other,Tier 2,20,23,5,494.77,98.95,11,7.7,0,0.219,1,Men,Online,0.247,0.341,0,0
ZC000469,43.0,Female,France,Tier 1,19,63,3,215.52,71.84,0,9.2,4,0.751,8,Men,Online,0.618,0.391,0,1
ZC000470,,Female,Germany,Tier 1,32,172,1,68.15,68.15,0,2.4,4,0.28,3,Men,Mixed,0.485,0.58,0,1
ZC000471,35.0,Female,Germany,Tier 1,54,147,3,273.02,91.01,0,7.9,5,0.551,1,Kids,Mixed,0.385,0.215,0,0
ZC000472,28.0,Female,Other,Tier 3,15,42,4,305.49,76.37,2,1.0,2,0.451,6,Men,Store,0.341,0.286,0,0
ZC000473,29.0,Male,Germany,Tier 1,7,41,1,95.65,95.65,4,2.1,3,0.263,1,Men,Mixed,0.175,0.551,0,0
ZC000474,34.0,Female,Spain,Tier 2,58,21,2,224.35,112.18,2,1.0,3,0.645,7,Men,Store,0.491,0.26,0,0
ZC000475,38.0,Female,Other,Tier 3,24,43,2,220.67,110.34,7,1.0,3,0.383,7,Kids,Store,0.273,0.132,0,0
ZC000476,29.0,Male,Germany,Tier 1,60,71,8,879.03,109.88,0,1.5,3,0.382,8,Women,Store,0.231,0.099,0,0
ZC000477,43.0,Male,Other,Tier 1,49,69,2,88.16,44.08,3,2.6,5,0.534,7,Home,Online,0.433,0.284,0,0
ZC000478,21.0,Female,UK,Tier 1,11,78,1,64.95,64.95,3,4.6,5,0.225,7,Kids,Mixed,0.277,0.369,0,0
ZC000479,32.0,Female,UK,Tier 2,18,77,1,52.29,52.29,2,4.6,6,0.334,2,Women,Mixed,0.484,0.52,0,0
ZC000480,58.0,Female,Italy,Tier 1,2,27,1,103.52,103.52,9,9.4,2,0.291,5,Kids,Store,0.078,0.597,0,0
ZC000481,34.0,Female,Mexico,Tier 1,12,124,2,154.2,77.1,1,6.3,4,0.63,7,Men,Store,0.447,0.356,0,0
ZC000482,46.0,Female,Spain,Tier 1,6,143,1,64.93,64.93,1,16.1,6,0.414,5,Women,Store,0.208,0.208,0,1
ZC000483,33.0,Female,UK,Tier 2,12,62,2,171.19,85.6,0,1.7,5,0.558,5,Women,Store,0.207,0.525,0,0
ZC000484,38.0,Male,Mexico,Tier 2,4,372,4,349.25,87.31,1,3.5,5,0.097,6,Women,Online,0.259,0.19,1,1
ZC000485,31.0,Female,Other,Tier 1,10,86,1,96.94,96.94,2,4.2,2,0.598,7,Men,Online,0.264,0.173,0,1
ZC000486,30.0,Female,Spain,Tier 2,12,14,3,251.35,83.78,3,10.2,2,0.305,6,Men,Store,0.561,0.303,0,1
ZC000487,24.0,Female,USA,Tier 1,19,45,3,320.79,106.93,6,4.3,2,,8,Kids,Mixed,0.19,0.264,0,0
ZC000488,36.0,Female,UK,Tier 1,5,42,1,71.78,71.78,6,4.6,5,0.632,1,Women,Online,0.52,0.19,0,0
ZC000489,,Female,USA,Tier 1,43,47,6,239.41,39.9,5,7.8,3,0.555,3,Women,Online,0.349,0.311,0,0
ZC000490,39.0,Female,Spain,Tier 2,12,120,1,69.83,69.83,1,2.2,3,0.502,7,TRF,Online,0.362,0.144,0,1
ZC000491,43.0,Male,France,Tier 2,25,138,1,61.46,61.46,1,6.2,0,0.458,1,Beauty,Store,0.352,0.127,0,0
ZC000492,36.0,Male,Germany,Tier 1,11,232,1,83.02,83.02,1,1.0,4,0.294,1,Women,Online,0.313,0.242,0,1
ZC000493,29.0,Male,UK,Tier 1,20,91,1,95.7,95.7,3,1.0,8,0.075,7,Kids,Mixed,0.347,0.348,0,1
ZC000494,37.0,Female,USA,Tier 1,19,112,1,68.48,68.48,0,2.9,2,0.576,7,Women,Store,0.101,0.208,0,0
ZC000495,29.0,Male,Other,Tier 1,44,32,1,30.94,30.94,7,4.7,3,0.543,6,TRF,Store,0.469,0.359,0,0
ZC000496,41.0,Male,UK,Tier 1,16,100,2,251.23,125.62,0,2.7,2,0.661,7,Women,Store,0.278,0.221,0,1
ZC000497,16.0,Female,Mexico,Tier 1,17,84,1,82.58,82.58,3,4.8,6,0.655,3,Home,Online,0.229,0.215,0,0
ZC000498,29.0,Female,USA,Tier 1,8,43,1,30.5,30.5,6,3.8,1,0.344,5,TRF,Online,0.378,0.821,0,0
ZC000499,16.0,Male,Other,Tier 1,4,239,2,75.47,37.74,0,9.1,9,0.551,7,Kids,Mixed,0.283,0.615,0,1
ZC000500,17.0,Male,Other,Tier 1,24,14,5,470.18,94.04,6,1.0,5,0.387,1,Women,Online,0.189,0.216,0,0
ZC000501,46.0,Female,USA,Tier 1,24,64,1,64.78,64.78,0,6.6,3,0.736,3,Women,Online,0.569,0.199,0,0
ZC000502,41.0,Female,Germany,Tier 2,22,172,1,105.6,105.6,2,4.7,2,0.337,3,Kids,Online,0.436,0.226,0,1
ZC000503,25.0,Female,Italy,Tier 1,37,23,5,314.99,63.0,8,3.7,4,0.137,4,Women,Online,0.598,0.432,0,0
ZC000504,17.0,Female,UK,Tier 2,19,36,4,306.64,76.66,7,7.7,4,0.495,2,Men,Mixed,0.257,0.412,0,0
ZC000505,16.0,Male,Mexico,Tier 1,14,116,1,73.13,73.13,0,6.7,3,0.294,3,Women,Store,0.461,0.257,0,1
ZC000506,27.0,Female,USA,Tier 1,22,116,2,159.46,79.73,0,1.6,5,0.265,6,Kids,Mixed,0.652,0.639,0,1
ZC000507,56.0,Male,France,Tier 1,17,53,1,85.27,85.27,7,2.9,3,0.447,3,Men,Mixed,0.261,0.422,1,0
ZC000508,36.0,Male,Other,Tier 1,6,78,1,118.96,118.96,2,9.0,5,0.261,5,Home,Store,0.28,0.067,0,1
ZC000509,26.0,Female,USA,Tier 2,39,63,2,190.12,95.06,1,2.8,6,0.354,5,Women,Mixed,0.852,0.228,1,1
ZC000510,37.0,Male,Spain,Tier 1,11,127,1,86.06,86.06,1,1.0,6,0.435,2,Men,Store,0.567,0.543,0,1
ZC000511,16.0,Male,Spain,Tier 1,18,132,3,301.75,100.58,0,1.9,6,0.407,4,Men,Online,0.44,0.19,0,1
ZC000512,29.0,Female,Other,Tier 1,12,186,3,364.44,121.48,0,5.2,3,0.217,4,TRF,Store,0.207,0.274,0,0
ZC000513,33.0,Female,USA,Tier 1,44,185,2,90.03,45.02,4,2.8,6,0.191,5,Home,Mixed,0.621,0.589,0,1
ZC000514,31.0,Male,USA,Tier 3,13,81,1,66.36,66.36,1,6.8,4,0.389,2,Men,Mixed,0.417,0.172,0,1
ZC000515,40.0,Female,Italy,Tier 3,48,18,2,154.88,77.44,5,5.2,4,0.558,8,Home,Store,0.549,0.191,1,0
ZC000516,35.0,Female,Mexico,Tier 1,11,28,1,71.53,71.53,6,1.3,1,,4,Women,Mixed,0.197,0.519,0,0
ZC000517,39.0,Female,France,Tier 1,31,33,3,172.92,57.64,7,7.3,2,0.561,4,Kids,Mixed,0.155,0.433,0,0
ZC000518,25.0,Female,Other,Tier 1,17,54,3,105.94,35.31,7,3.3,1,0.123,8,Home,Store,0.571,0.612,0,0
ZC000519,,Male,Spain,Tier 1,5,68,1,75.67,75.67,0,2.5,5,0.217,5,Women,Online,0.057,0.252,0,1
ZC000520,48.0,Female,Germany,Tier 1,47,22,5,413.89,82.78,6,11.5,4,0.413,7,Women,Store,0.076,0.475,0,0
ZC000521,22.0,Female,Germany,Tier 1,10,4,1,101.22,101.22,4,5.3,2,0.398,5,Women,Store,0.44,0.636,0,1
ZC000522,23.0,Female,USA,Tier 1,14,95,1,79.51,79.51,2,2.0,5,0.648,7,Women,Store,0.249,0.435,0,1
ZC000523,45.0,Male,Other,Tier 1,23,59,1,74.42,74.42,3,5.6,2,,4,Women,Store,0.433,0.084,0,0
ZC000524,30.0,Female,France,Tier 1,7,251,7,387.61,55.37,0,5.9,3,0.566,2,Men,Store,0.095,0.344,0,1
ZC000525,46.0,Male,USA,Tier 2,11,32,1,70.02,70.02,9,1.6,4,0.242,7,Women,Mixed,0.347,0.457,0,0
ZC000526,28.0,Male,Spain,Tier 3,16,220,2,133.73,66.86,2,3.9,1,0.294,3,Women,Online,0.716,0.377,0,1
ZC000527,47.0,Female,Spain,Tier 1,4,24,1,88.11,88.11,3,3.4,2,0.547,6,Women,Store,0.46,0.386,0,0
ZC000528,33.0,Male,Other,Tier 2,22,57,2,164.12,82.06,8,3.3,0,0.46,7,Men,Online,0.196,0.727,0,0
ZC000529,35.0,Female,USA,Tier 1,6,63,1,102.89,102.89,0,4.5,2,0.238,8,Men,Mixed,0.384,0.303,0,0
ZC000530,48.0,Male,Other,Tier 1,30,10,4,331.78,82.94,8,1.6,2,0.498,4,Men,Store,0.221,0.636,0,0
ZC000531,28.0,Female,Spain,Tier 2,40,75,1,82.6,82.6,0,8.6,1,0.796,1,TRF,Store,0.078,0.137,0,0
ZC000532,23.0,Female,Other,Tier 1,32,28,3,140.86,46.95,2,5.1,3,0.446,2,Kids,Mixed,0.188,0.498,0,0
ZC000533,28.0,Female,Other,Tier 3,35,154,2,156.1,78.05,0,11.3,3,0.632,3,Beauty,Mixed,0.567,0.165,0,1
ZC000534,37.0,Female,Spain,Tier 3,16,114,3,292.91,97.64,1,8.4,2,0.243,4,Women,Online,0.736,0.476,0,1
ZC000535,16.0,Male,Spain,Tier 1,6,86,1,89.66,89.66,1,3.1,3,0.327,1,Home,Store,0.498,0.342,0,0
ZC000536,38.0,Male,Mexico,Tier 1,39,35,3,231.71,77.24,8,7.6,1,0.712,2,Men,Mixed,0.196,0.585,0,0
ZC000537,27.0,Female,Spain,Tier 1,11,16,1,82.72,82.72,6,4.1,2,0.397,4,Men,Store,0.393,0.549,0,0
ZC000538,43.0,Female,USA,Tier 3,18,211,3,386.23,128.74,1,6.1,1,0.47,6,Women,Store,0.608,0.428,0,1
ZC000539,16.0,Female,Mexico,Tier 1,9,198,2,83.84,41.92,3,3.3,5,0.517,4,Women,Online,0.24,0.46,0,1
ZC000540,24.0,Female,Other,Tier 2,8,34,1,94.66,94.66,2,3.3,3,0.652,3,Women,Store,0.485,0.331,0,1
ZC000541,16.0,Female,Mexico,Tier 1,23,130,1,83.37,83.37,1,4.5,2,0.498,6,Men,Mixed,0.559,0.535,0,1
ZC000542,24.0,Female,Other,Tier 2,20,23,3,182.9,60.97,10,4.3,2,0.154,6,Kids,Store,0.296,0.456,0,0
ZC000543,34.0,Male,France,Tier 1,5,28,1,77.34,77.34,10,1.2,3,0.158,8,Men,Online,0.499,0.35,0,0
ZC000544,30.0,Female,Mexico,Tier 2,12,59,2,154.45,77.22,7,5.7,5,0.914,3,Men,Online,0.686,0.355,0,0
ZC000545,29.0,Male,USA,Tier 2,59,89,5,296.76,59.35,2,6.0,2,0.661,7,Women,Mixed,0.122,0.114,0,0
ZC000546,30.0,Female,Mexico,Tier 1,28,15,3,331.06,110.35,5,6.5,3,0.487,7,Women,Store,0.471,0.19,0,0
ZC000547,34.0,Female,Italy,Tier 1,11,5,3,258.1,86.03,7,3.5,1,0.557,8,Women,Mixed,0.286,0.294,0,0
ZC000548,22.0,Female,France,Tier 1,14,27,1,58.0,58.0,6,3.2,6,0.61,5,Women,Online,0.599,0.084,0,0
ZC000549,39.0,Female,Other,Tier 1,20,54,1,101.78,101.78,4,4.0,3,0.558,8,Kids,Mixed,0.323,0.335,0,0
ZC000550,39.0,Female,UK,Tier 2,14,13,1,88.53,88.53,4,14.4,5,0.297,2,Women,Mixed,0.423,0.14,0,0
ZC000551,36.0,Male,Germany,Tier 1,45,38,4,324.59,81.15,5,5.2,5,0.17,4,Kids,Online,0.405,0.262,0,0
ZC000552,38.0,Male,France,Tier 3,27,40,1,112.93,112.93,8,2.5,1,0.385,3,Men,Online,0.528,0.597,0,0
ZC000553,35.0,Male,USA,Tier 1,32,289,4,346.3,86.58,2,5.1,1,0.441,6,Men,Mixed,0.092,0.178,0,1
ZC000554,52.0,Female,USA,Tier 3,34,91,2,171.21,85.6,1,1.4,1,0.436,4,Kids,Store,0.523,0.353,0,1
ZC000555,31.0,Female,Other,Tier 3,27,72,3,298.95,99.65,3,4.8,3,0.535,7,Women,Online,0.468,0.456,0,0
ZC000556,29.0,Female,UK,Tier 2,29,45,1,65.16,65.16,8,6.7,5,,7,Men,Online,0.178,0.022,0,0
ZC000557,24.0,Male,Italy,Tier 3,44,185,5,385.71,77.14,0,2.9,5,0.442,1,Men,Store,0.252,0.159,0,1
ZC000558,22.0,Male,France,Tier 1,30,16,5,338.61,67.72,3,3.1,2,0.171,4,Women,Store,0.261,0.324,0,0
ZC000559,20.0,Female,Other,Tier 2,7,105,2,198.0,99.0,1,10.0,4,0.566,6,Men,Mixed,0.181,0.822,0,1
ZC000560,23.0,Male,Mexico,Tier 1,54,194,3,132.48,44.16,1,1.7,2,0.143,6,Men,Store,0.162,0.132,0,0
ZC000561,31.0,Female,Spain,Tier 1,3,122,3,293.31,97.77,3,12.4,0,0.412,5,Women,Online,0.528,0.274,0,1
ZC000562,35.0,Female,USA,Tier 2,26,30,3,345.02,115.01,8,9.7,6,0.318,6,Kids,Store,0.111,0.208,0,0
ZC000563,33.0,Female,Italy,Tier 3,21,14,1,44.51,44.51,9,5.9,7,0.515,6,TRF,Online,0.348,0.312,0,0
ZC000564,24.0,Female,USA,Tier 3,13,128,2,163.14,81.57,1,9.5,5,0.458,4,Women,Online,0.128,0.09,0,0
ZC000565,41.0,Male,France,Tier 2,34,107,6,571.6,95.27,1,3.0,4,0.6,4,Men,Mixed,0.502,0.133,0,1
ZC000566,39.0,Male,USA,Tier 3,17,148,1,74.41,74.41,2,3.5,4,0.827,6,Kids,Online,0.191,0.283,0,0
ZC000567,,Female,Spain,Tier 2,27,115,1,76.52,76.52,2,1.0,5,0.36,8,Women,Store,0.378,0.585,0,1
ZC000568,25.0,Female,Other,Tier 2,7,157,1,81.98,81.98,2,5.2,3,0.495,1,Women,Store,0.338,0.396,0,1
ZC000569,37.0,Female,Other,Tier 1,38,45,1,51.48,51.48,3,5.1,3,0.186,1,Home,Online,0.106,0.226,1,1
ZC000570,34.0,Female,Italy,Tier 1,36,64,3,228.57,76.19,2,8.7,7,0.16,3,Women,Mixed,0.465,0.075,0,0
ZC000571,18.0,Female,USA,Tier 1,19,17,3,167.64,55.88,6,2.8,2,0.346,8,Men,Mixed,0.592,0.206,0,0
ZC000572,31.0,Female,Other,Tier 2,9,13,1,43.31,43.31,3,1.0,4,0.218,8,Men,Online,0.373,0.125,0,0
ZC000573,35.0,Female,Germany,Tier 2,40,84,2,228.59,114.3,6,3.4,5,0.549,3,Kids,Online,0.237,0.194,0,0
ZC000574,23.0,Female,Other,Tier 2,4,34,2,175.02,87.51,8,5.1,5,0.862,3,Women,Store,0.262,0.613,0,0
ZC000575,34.0,Female,Spain,Tier 3,20,199,1,65.41,65.41,0,3.4,5,0.497,6,Women,Online,0.479,0.195,0,1
ZC000576,17.0,Male,USA,Tier 2,15,106,1,62.39,62.39,1,1.0,5,0.717,8,Kids,Store,0.327,0.23,0,0
ZC000577,45.0,Female,Italy,Tier 2,25,70,3,236.48,78.83,1,2.7,5,0.33,7,Women,Online,0.132,0.244,0,0
ZC000578,44.0,Female,Other,Tier 2,15,9,4,237.39,59.35,5,6.5,4,0.72,7,Women,Online,0.476,0.266,0,0
ZC000579,29.0,Female,USA,Tier 2,35,21,2,140.86,70.43,8,9.4,2,,6,TRF,Online,0.32,0.514,0,0
ZC000580,36.0,Male,USA,Tier 1,7,29,4,262.85,65.71,6,2.0,4,0.787,1,TRF,Store,0.148,0.085,0,0
ZC000581,16.0,Female,Germany,Tier 3,40,42,3,252.4,84.13,9,1.0,5,0.566,6,Women,Online,0.464,0.398,0,0
ZC000582,20.0,Female,Other,Tier 2,17,135,2,74.67,37.34,5,5.3,2,0.773,3,Men,Mixed,0.135,0.135,0,0
ZC000583,29.0,Male,Mexico,Tier 2,13,12,1,90.68,90.68,5,3.5,4,0.374,2,Women,Online,0.422,0.131,0,0
ZC000584,21.0,Male,Other,Tier 1,25,286,1,60.61,60.61,1,5.3,2,0.329,8,Beauty,Mixed,0.236,0.328,0,1
ZC000585,39.0,Female,Italy,Tier 1,33,119,1,92.94,92.94,3,5.5,5,0.139,2,Kids,Online,0.286,0.099,0,0
ZC000586,52.0,Female,Other,Tier 3,16,18,5,410.49,82.1,7,1.0,5,0.136,1,TRF,Online,0.231,0.263,0,0
ZC000587,20.0,Male,France,Tier 3,17,188,1,92.59,92.59,5,2.9,5,0.508,5,Women,Store,0.26,0.424,0,1
ZC000588,,Female,Spain,Tier 3,10,104,3,182.17,60.72,3,3.2,3,0.579,7,Women,Store,0.255,0.249,0,0
ZC000589,34.0,Female,Italy,Tier 2,3,33,4,374.59,93.65,9,7.7,6,0.489,2,Women,Online,0.34,0.374,0,0
ZC000590,48.0,Female,Germany,Tier 2,12,121,1,52.61,52.61,3,2.2,7,0.175,7,Women,Mixed,0.547,0.656,0,1
ZC000591,20.0,Female,France,Tier 1,19,20,3,215.87,71.96,6,14.0,2,0.301,7,Kids,Online,0.82,0.251,0,0
ZC000592,34.0,Female,USA,Tier 2,14,65,3,193.31,64.44,0,6.4,2,0.385,4,Men,Online,0.536,0.389,0,1
ZC000593,50.0,Male,Mexico,Tier 1,15,97,3,253.89,84.63,4,3.8,2,0.438,7,Men,Store,0.311,0.324,0,0
ZC000594,16.0,Female,Other,Tier 3,7,21,1,78.45,78.45,9,10.2,6,0.426,2,Women,Online,0.281,0.175,0,0
ZC000595,19.0,Female,USA,Tier 1,8,73,1,51.59,51.59,1,1.0,3,0.509,8,Women,Mixed,0.625,0.43,0,1
ZC000596,28.0,Female,Other,Tier 3,7,88,2,114.02,57.01,2,1.4,7,0.366,8,Women,Store,0.343,0.081,0,1
ZC000597,27.0,Male,USA,Tier 1,20,41,1,47.1,47.1,3,1.0,3,0.446,4,Women,Store,0.226,0.133,0,0
ZC000598,40.0,Female,Spain,Tier 1,26,29,1,45.74,45.74,7,16.9,5,0.099,3,TRF,Store,0.114,0.281,0,0
ZC000599,34.0,Female,USA,Tier 2,20,67,2,112.76,56.38,0,1.9,1,0.297,6,Women,Online,0.243,0.464,0,0
ZC000600,16.0,Male,France,Tier 2,27,48,2,259.16,129.58,7,1.9,2,0.5,6,Kids,Online,0.66,0.581,0,1
ZC000601,37.0,Female,Spain,Tier 2,8,212,1,86.51,86.51,0,2.5,4,0.57,2,Women,Online,0.253,0.188,0,1
ZC000602,26.0,Female,Italy,Tier 2,19,98,1,55.55,55.55,0,1.8,5,0.206,5,Men,Store,0.326,0.217,0,1
ZC000603,45.0,Female,Mexico,Tier 2,13,49,3,193.97,64.66,9,1.5,1,0.525,7,Kids,Store,0.305,0.133,0,0
ZC000604,26.0,Male,France,Tier 1,17,60,3,137.75,45.92,0,5.4,3,0.661,8,Women,Online,0.523,0.37,0,1
ZC000605,26.0,Female,Other,Tier 3,5,31,1,50.04,50.04,3,2.4,9,0.413,3,TRF,Mixed,0.273,0.171,0,0
ZC000606,37.0,Male,Other,Tier 3,7,153,1,60.28,60.28,2,2.0,8,0.244,2,Men,Online,0.078,0.55,0,1
ZC000607,40.0,Male,UK,Tier 2,19,106,4,221.9,55.48,0,4.2,3,0.677,5,TRF,Store,0.309,0.353,0,0
ZC000608,36.0,Female,Spain,Tier 1,10,224,1,92.16,92.16,2,1.0,3,0.125,4,Women,Online,0.513,0.482,0,1
ZC000609,16.0,Female,USA,Tier 2,11,72,1,109.37,109.37,1,2.2,4,0.392,1,Women,Store,0.518,0.163,0,0
ZC000610,37.0,Male,Germany,Tier 1,16,51,3,329.92,109.97,4,4.8,5,0.775,3,Men,Mixed,0.216,0.347,0,0
ZC000611,22.0,Female,UK,Tier 3,26,75,1,53.89,53.89,0,1.5,9,0.455,5,Men,Mixed,0.265,0.468,0,0
ZC000612,34.0,Male,Italy,Tier 1,33,217,1,73.56,73.56,3,5.7,2,0.252,8,Women,Online,0.303,0.132,0,1
ZC000613,18.0,Male,Germany,Tier 1,4,40,1,86.04,86.04,6,12.0,4,0.278,8,Kids,Store,0.689,0.179,0,0
ZC000614,36.0,Female,Germany,Tier 1,12,36,3,261.26,87.09,6,1.0,1,0.164,5,Home,Store,0.18,0.288,0,0
ZC000615,24.0,Male,USA,Tier 2,21,45,3,313.27,104.42,4,6.0,2,0.308,3,Men,Store,0.302,0.213,0,0
ZC000616,19.0,Female,USA,Tier 2,25,31,5,239.38,47.88,7,6.4,2,0.321,8,Men,Online,0.524,0.256,0,0
ZC000617,39.0,Female,UK,Tier 2,31,79,2,150.45,75.22,2,6.3,5,0.26,7,Women,Mixed,0.245,0.53,0,0
ZC000618,34.0,Female,Other,Tier 1,24,41,1,75.53,75.53,2,5.7,0,0.56,1,Men,Store,0.263,0.288,0,0
ZC000619,26.0,Female,Italy,Tier 3,11,180,1,79.84,79.84,2,1.6,1,0.326,2,Home,Online,0.05,0.269,0,1
ZC000620,47.0,Male,Germany,Tier 1,21,18,2,99.72,49.86,7,2.6,4,0.666,1,Home,Online,0.222,0.329,1,0
ZC000621,28.0,Male,Italy,Tier 1,19,108,2,92.78,46.39,3,4.4,2,0.367,3,Women,Mixed,0.26,0.132,0,0
ZC000622,32.0,Female,France,Tier 2,7,161,5,475.86,95.17,3,1.0,7,0.645,8,Men,Online,0.54,0.493,0,0
ZC000623,35.0,Female,Spain,Tier 1,10,17,2,210.0,105.0,7,7.7,3,0.147,7,Home,Mixed,0.268,0.136,0,0
ZC000624,26.0,Male,USA,Tier 2,22,94,1,50.19,50.19,0,14.9,2,0.664,6,TRF,Mixed,0.068,0.537,0,1
ZC000625,37.0,Male,Spain,Tier 1,31,138,5,169.78,33.96,4,11.5,2,,7,Men,Online,0.313,0.317,0,0
ZC000626,27.0,Female,Spain,Tier 2,12,9,1,86.96,86.96,4,3.9,2,0.329,6,Women,Mixed,0.348,0.236,0,0
ZC000627,28.0,Female,USA,Tier 1,59,25,2,130.79,65.4,5,2.1,4,0.322,1,TRF,Online,0.457,0.271,0,0
ZC000628,46.0,Male,Mexico,Tier 1,1,153,2,73.54,36.77,2,1.0,1,0.803,6,Kids,Online,0.329,0.466,0,1
ZC000629,22.0,Female,Spain,Tier 1,18,153,3,354.3,118.1,1,5.9,4,0.168,7,Women,Mixed,0.391,0.258,0,1
ZC000630,16.0,Female,Spain,Tier 2,19,58,4,385.25,96.31,11,3.2,3,0.419,2,Kids,Mixed,0.349,0.573,0,0
ZC000631,48.0,Female,Spain,Tier 1,35,75,2,115.13,57.56,2,4.8,1,0.506,2,Women,Mixed,0.229,0.876,0,0
ZC000632,57.0,Female,USA,Tier 1,11,104,5,612.28,122.46,1,1.0,5,0.822,5,Women,Store,0.267,0.492,0,0
ZC000633,28.0,Female,USA,Tier 1,12,134,3,247.03,82.34,1,2.9,5,0.142,6,Men,Online,0.548,0.546,0,1
ZC000634,16.0,Female,Spain,Tier 1,12,69,1,105.59,105.59,3,1.2,2,0.195,7,Women,Mixed,0.054,0.193,0,0
ZC000635,29.0,Male,USA,Tier 1,34,134,7,438.37,62.62,3,4.3,4,0.369,3,Home,Mixed,0.401,0.557,0,1
ZC000636,29.0,Male,Other,Tier 2,38,51,4,327.79,81.95,7,4.8,3,0.538,5,Women,Store,0.173,0.155,0,0
ZC000637,30.0,Female,USA,Tier 1,14,102,1,141.21,141.21,1,6.1,1,0.253,2,Kids,Online,0.699,0.214,0,1
ZC000638,21.0,Female,USA,Tier 1,9,84,1,113.09,113.09,1,2.4,1,0.528,8,Women,Online,0.436,0.399,0,0
ZC000639,38.0,Male,France,Tier 2,9,192,1,88.8,88.8,1,7.6,4,0.279,6,Women,Store,0.289,0.166,0,1
ZC000640,37.0,Female,USA,Tier 1,6,25,2,75.25,37.62,6,4.0,3,0.353,6,TRF,Mixed,0.08,0.143,0,1
ZC000641,17.0,Male,France,Tier 2,41,23,2,175.65,87.82,6,5.8,4,0.73,6,Women,Store,0.192,0.277,0,0
ZC000642,39.0,Female,UK,Tier 2,18,211,1,77.45,77.45,1,3.6,5,0.269,7,Men,Store,0.36,0.397,0,1
ZC000643,53.0,Female,Other,Tier 2,33,10,2,112.18,56.09,4,2.4,2,0.779,2,Home,Mixed,0.218,0.294,0,1
ZC000644,34.0,Female,Other,Tier 1,15,118,1,75.68,75.68,3,5.9,2,0.355,5,Women,Online,0.212,0.437,0,0
ZC000645,29.0,Female,Italy,Tier 1,60,108,6,391.51,65.25,0,3.5,0,0.792,4,Kids,Online,0.071,0.129,0,0
ZC000646,31.0,Male,USA,Tier 1,29,38,1,88.75,88.75,6,8.9,4,0.468,1,Women,Mixed,0.149,0.046,1,0
ZC000647,38.0,Female,UK,Tier 1,23,206,1,47.12,47.12,0,1.4,4,0.076,6,Women,Store,0.232,0.287,0,0
ZC000648,16.0,Male,USA,Tier 3,26,61,2,158.55,79.28,2,2.2,5,0.596,3,Women,Online,0.292,0.378,0,0
ZC000649,34.0,Male,Mexico,Tier 1,8,66,1,119.91,119.91,2,2.9,1,0.708,3,Men,Online,0.423,0.406,0,1
ZC000650,28.0,Male,Spain,Tier 1,13,26,1,81.73,81.73,5,7.6,3,0.223,7,Women,Online,0.267,0.322,0,0
ZC000651,50.0,Male,Germany,Tier 2,33,30,1,62.08,62.08,8,5.5,5,0.254,1,Men,Online,0.071,0.421,0,0
ZC000652,30.0,Female,USA,Tier 2,19,21,2,167.72,83.86,7,5.0,6,0.24,5,Women,Online,0.167,0.284,0,0
ZC000653,49.0,Female,France,Tier 3,27,96,2,191.01,95.5,2,2.9,2,0.682,3,Men,Online,0.189,0.085,0,1
ZC000654,21.0,Male,USA,Tier 1,15,93,4,146.46,36.62,0,6.9,2,0.426,6,Men,Store,0.219,0.219,0,1
ZC000655,38.0,Female,USA,Tier 3,17,4,4,313.49,78.37,6,4.0,7,0.534,4,Women,Mixed,0.23,0.061,0,0
ZC000656,35.0,Female,Italy,Tier 2,39,146,4,359.22,89.8,2,2.0,4,0.574,6,Home,Online,0.271,0.636,0,0
ZC000657,23.0,Female,Germany,Tier 2,21,55,1,45.44,45.44,10,4.9,2,0.565,6,Men,Store,0.18,0.342,0,0
ZC000658,34.0,Female,USA,Tier 1,21,10,1,111.72,111.72,5,2.9,5,,8,Men,Online,0.095,0.698,0,0
ZC000659,44.0,Male,Spain,Tier 1,17,195,2,170.27,85.14,2,2.0,2,0.287,5,Men,Store,0.415,0.208,0,1
ZC000660,29.0,Female,Other,Tier 1,13,45,3,206.69,68.9,4,1.4,6,0.253,7,Women,Online,0.27,0.312,0,0
ZC000661,16.0,Male,France,Tier 2,15,44,2,127.27,63.64,2,5.4,4,0.403,1,Women,Mixed,0.261,0.139,0,0
ZC000662,32.0,Male,Germany,Tier 1,19,58,1,87.67,87.67,3,8.9,2,0.773,2,Men,Online,0.165,0.179,0,0
ZC000663,23.0,Female,France,Tier 1,40,136,4,337.11,84.28,2,2.7,4,0.749,2,Women,Store,0.103,0.317,0,0
ZC000664,29.0,Male,Germany,Tier 1,19,38,1,113.23,113.23,2,6.4,2,0.305,6,Men,Store,0.649,0.158,0,1
ZC000665,31.0,Female,Germany,Tier 3,35,169,1,68.91,68.91,1,1.0,3,0.312,3,Women,Store,0.23,0.03,0,1
ZC000666,16.0,Female,Spain,Tier 1,9,21,1,45.65,45.65,7,9.1,7,0.051,2,Kids,Mixed,0.284,0.3,0,0
ZC000667,16.0,Female,France,Tier 1,25,42,1,79.51,79.51,1,5.4,6,0.523,6,Men,Online,0.277,0.585,0,0
ZC000668,37.0,Female,France,Tier 2,3,2,2,140.91,70.46,3,5.6,4,0.343,3,Men,Online,0.16,0.314,0,0
ZC000669,27.0,Female,Spain,Tier 3,10,46,1,119.92,119.92,6,4.3,3,0.107,7,Women,Mixed,0.32,0.189,0,0
ZC000670,16.0,Female,Italy,Tier 2,11,13,1,75.43,75.43,3,1.5,5,0.805,3,Women,Online,0.385,0.135,0,0
ZC000671,40.0,Female,USA,Tier 1,13,16,3,272.47,90.82,5,9.9,3,0.459,8,Women,Online,0.337,0.274,0,0
ZC000672,35.0,Female,Spain,Tier 1,35,14,1,61.56,61.56,4,14.0,2,0.482,4,Women,Store,0.072,0.077,0,1
ZC000673,25.0,Male,Mexico,Tier 1,4,60,1,84.3,84.3,0,4.4,2,0.309,2,Home,Store,0.5,0.726,0,1
ZC000674,19.0,Female,Other,Tier 1,38,59,4,243.0,60.75,5,3.7,2,0.281,3,Women,Store,0.38,0.465,1,0
ZC000675,,Male,USA,Tier 1,3,115,2,143.6,71.8,3,3.3,3,0.219,1,TRF,Mixed,0.088,0.14,0,1
ZC000676,35.0,Male,Italy,Tier 1,14,43,4,392.9,98.22,4,3.8,2,0.258,3,Women,Store,0.3,0.567,0,0
ZC000677,56.0,Male,Spain,Tier 1,15,98,1,85.55,85.55,1,3.0,4,0.303,6,Women,Store,0.554,0.433,0,1
ZC000678,36.0,Female,Italy,Tier 1,46,67,3,347.61,115.87,3,2.2,4,0.209,2,Men,Online,0.533,0.163,0,1
ZC000679,36.0,Female,UK,Tier 2,28,34,2,229.23,114.62,10,3.6,3,0.385,3,Men,Mixed,0.271,0.194,0,0
ZC000680,30.0,Female,Mexico,Tier 1,57,141,3,330.02,110.01,2,3.2,5,0.301,2,Men,Online,0.166,0.213,0,0
ZC000681,40.0,Male,UK,Tier 3,60,28,6,537.9,89.65,7,6.4,6,0.704,6,Home,Mixed,0.712,0.082,0,0
ZC000682,38.0,Male,USA,Tier 2,35,8,2,129.79,64.9,4,3.2,4,0.689,6,Women,Mixed,0.09,0.099,0,0
ZC000683,45.0,Female,Other,Tier 1,10,3,1,58.11,58.11,7,7.2,7,0.528,3,Women,Store,0.239,0.519,0,0
ZC000684,27.0,Female,Spain,Tier 1,24,36,1,79.78,79.78,15,4.4,3,,1,Women,Store,0.418,0.437,0,0
ZC000685,28.0,Male,USA,Tier 3,20,51,1,85.87,85.87,8,6.4,4,0.21,3,Men,Mixed,0.319,0.528,0,0
ZC000686,27.0,Female,UK,Tier 3,12,51,2,146.44,73.22,8,2.6,2,0.772,8,Men,Store,0.247,0.484,0,0
ZC000687,40.0,Female,Germany,Tier 1,34,2,1,75.46,75.46,10,13.1,3,0.234,5,Men,Online,0.346,0.257,0,0
ZC000688,47.0,Female,Spain,Tier 1,6,83,1,83.95,83.95,1,1.5,6,0.441,3,Women,Mixed,0.401,0.11,0,0
ZC000689,27.0,Male,France,Tier 3,9,43,4,197.44,49.36,6,2.5,4,0.249,3,Kids,Mixed,0.324,0.112,0,0
ZC000690,28.0,Female,UK,Tier 2,4,110,1,59.35,59.35,2,5.4,4,0.537,1,Kids,Online,0.514,0.144,0,1
ZC000691,35.0,Female,Germany,Tier 2,8,60,2,139.64,69.82,2,3.4,4,0.527,6,Kids,Online,0.239,0.685,0,0
ZC000692,30.0,Female,Other,Tier 1,10,95,3,261.74,87.25,1,3.2,2,0.228,1,Women,Mixed,0.12,0.282,0,0
ZC000693,42.0,Female,UK,Tier 2,16,11,4,397.04,99.26,4,6.0,2,0.128,1,Women,Store,0.63,0.515,0,0
ZC000694,16.0,Male,France,Tier 2,36,110,3,103.89,34.63,0,6.1,4,0.387,4,Kids,Store,0.721,0.225,0,1
ZC000695,24.0,Male,UK,Tier 1,12,77,1,43.52,43.52,2,1.3,2,0.303,2,Men,Mixed,0.084,0.068,0,1
ZC000696,24.0,Female,Spain,Tier 2,36,29,1,83.66,83.66,2,6.3,3,0.66,6,Women,Store,0.297,0.472,0,0
ZC000697,16.0,Female,Mexico,Tier 1,60,191,4,315.67,78.92,0,5.9,1,0.31,5,Women,Online,0.329,0.328,0,0
ZC000698,22.0,Male,Other,Tier 1,39,303,7,713.16,101.88,1,5.1,5,0.472,2,TRF,Online,0.445,0.374,0,1
ZC000699,23.0,Male,Mexico,Tier 2,9,30,1,56.76,56.76,5,6.2,3,0.21,3,Women,Online,0.12,0.165,0,0
ZC000700,30.0,Female,Other,Tier 2,11,117,4,222.89,55.72,0,7.3,1,0.615,5,Men,Store,0.119,0.323,0,0
ZC000701,43.0,Female,UK,Tier 3,36,56,1,63.77,63.77,3,2.0,2,0.555,7,Women,Mixed,0.261,0.584,0,0
ZC000702,30.0,Female,Germany,Tier 2,11,91,4,74.01,18.5,2,3.7,4,0.523,1,Kids,Mixed,0.148,0.082,0,1
ZC000703,22.0,Male,USA,Tier 1,19,71,3,161.62,53.87,2,8.0,6,0.325,8,Kids,Online,0.182,0.098,1,0
ZC000704,31.0,Female,Other,Tier 1,25,114,2,96.93,48.46,1,3.0,3,0.207,3,Women,Store,0.222,0.402,0,1
ZC000705,42.0,Female,Germany,Tier 1,30,4,4,262.33,65.58,6,5.6,2,0.341,5,Men,Online,0.35,0.305,0,0
ZC000706,22.0,Male,USA,Tier 1,21,89,1,59.39,59.39,0,1.6,4,0.567,2,Women,Store,0.451,0.133,0,0
ZC000707,23.0,Female,Mexico,Tier 2,7,75,1,55.0,55.0,0,2.5,7,0.198,5,Men,Store,0.311,0.538,0,0
ZC000708,38.0,Male,Germany,Tier 1,14,63,1,81.02,81.02,2,9.8,1,0.475,5,Men,Mixed,0.464,0.294,0,1
ZC000709,30.0,Female,Other,Tier 1,39,156,2,194.07,97.04,0,3.9,5,0.555,3,Women,Store,0.143,0.185,0,0
ZC000710,38.0,Female,Mexico,Tier 1,18,17,1,17.97,17.97,5,4.8,2,0.856,3,Home,Online,0.356,0.556,0,0
ZC000711,32.0,Male,Other,Tier 1,53,109,2,129.83,64.92,3,5.1,3,0.448,6,Men,Store,0.248,0.41,0,0
ZC000712,39.0,Male,France,Tier 1,22,26,1,50.48,50.48,5,3.5,2,0.258,7,Men,Mixed,0.217,0.41,0,0
ZC000713,22.0,Male,France,Tier 2,9,35,5,252.47,50.49,8,4.0,3,0.566,6,Women,Mixed,0.156,0.295,0,0
ZC000714,32.0,Male,Mexico,Tier 1,27,30,1,93.14,93.14,6,5.2,4,0.664,1,Women,Mixed,0.193,0.198,0,0
ZC000715,30.0,Female,Spain,Tier 3,41,62,5,233.74,46.75,0,1.5,5,0.285,7,Men,Online,0.303,0.35,1,0
ZC000716,20.0,Female,Spain,Tier 1,20,111,1,88.83,88.83,4,2.3,8,0.466,8,Beauty,Online,0.226,0.209,0,0
ZC000717,16.0,Female,Other,Tier 2,20,57,1,59.43,59.43,2,6.2,2,0.359,1,Kids,Mixed,0.2,0.239,0,1
ZC000718,39.0,Male,Other,Tier 3,24,126,1,102.51,102.51,3,6.6,2,0.641,6,TRF,Store,0.178,0.446,0,0
ZC000719,28.0,Female,Other,Tier 3,26,40,5,332.07,66.41,3,1.5,4,0.465,4,Kids,Online,0.318,0.3,0,0
ZC000720,22.0,Male,Spain,Tier 3,11,9,2,98.44,49.22,6,4.8,3,0.211,4,Home,Store,0.323,0.499,0,0
ZC000721,31.0,Male,USA,Tier 1,4,71,1,69.09,69.09,1,3.4,1,0.332,6,Women,Online,0.188,0.008,0,0
ZC000722,43.0,Male,Other,Tier 1,28,48,2,204.99,102.5,5,4.7,6,0.453,1,Beauty,Store,0.298,0.345,0,0
ZC000723,16.0,Male,Spain,Tier 2,18,188,4,320.95,80.24,0,2.7,8,0.705,5,TRF,Online,0.161,0.682,1,0
ZC000724,17.0,Female,UK,Tier 1,24,20,4,227.64,56.91,7,3.2,5,,3,Home,Mixed,0.326,0.359,0,0
ZC000725,,Female,USA,Tier 2,16,82,1,75.92,75.92,0,4.4,2,0.284,3,Men,Mixed,0.28,0.178,0,0
ZC000726,47.0,Male,Other,Tier 2,24,57,1,58.54,58.54,2,7.7,9,0.378,3,Beauty,Online,0.171,0.254,0,0
ZC000727,35.0,Female,France,Tier 1,9,10,1,100.99,100.99,5,5.0,1,0.275,5,Kids,Online,0.323,0.515,0,0
ZC000728,40.0,Female,USA,Tier 1,14,6,2,193.83,96.92,7,3.1,3,0.425,7,Men,Store,0.235,0.086,0,0
ZC000729,21.0,Male,France,Tier 2,8,7,1,69.51,69.51,4,2.8,6,0.78,2,Women,Online,0.527,0.162,0,0
ZC000730,21.0,Male,Spain,Tier 2,14,111,1,93.04,93.04,1,13.7,3,0.362,6,Women,Store,0.301,0.537,1,1
ZC000731,36.0,Female,Italy,Tier 2,6,55,1,60.2,60.2,8,8.7,4,0.168,1,Women,Mixed,0.16,0.153,0,0
ZC000732,33.0,Female,Germany,Tier 2,30,93,1,79.29,79.29,2,4.0,6,0.398,3,Men,Mixed,0.696,0.631,0,1
ZC000733,37.0,Female,Germany,Tier 1,45,97,5,494.14,98.83,1,4.0,4,0.451,1,Women,Mixed,0.19,0.32,0,0
ZC000734,30.0,Male,UK,Tier 1,6,212,1,104.66,104.66,2,5.6,3,0.303,2,Women,Online,0.245,0.049,0,1
ZC000735,35.0,Female,USA,Tier 1,19,133,3,176.78,58.93,3,3.7,5,0.381,5,Women,Store,0.318,0.366,0,1
ZC000736,34.0,Female,Spain,Tier 1,16,55,4,119.3,29.82,6,1.9,4,0.254,6,Women,Store,0.149,0.189,0,0
ZC000737,40.0,Female,Other,Tier 2,46,88,11,1113.72,101.25,1,1.0,2,0.265,1,Beauty,Mixed,0.486,0.409,0,0
ZC000738,40.0,Male,UK,Tier 2,19,15,3,217.0,72.33,9,1.0,6,0.299,1,Women,Online,0.231,0.583,0,0
ZC000739,16.0,Male,France,Tier 3,38,12,4,408.89,102.22,7,3.7,1,0.183,4,Men,Mixed,0.471,0.222,0,0
ZC000740,16.0,Female,UK,Tier 1,29,49,1,42.91,42.91,7,4.9,4,0.407,4,Women,Online,0.296,0.223,0,0
ZC000741,42.0,Female,Other,Tier 1,22,28,4,347.52,86.88,9,3.0,3,0.441,6,Men,Mixed,0.067,0.39,0,0
ZC000742,44.0,Female,Mexico,Tier 1,12,59,4,316.78,79.19,5,2.7,3,0.501,6,Women,Online,0.596,0.266,0,0
ZC000743,22.0,Female,Spain,Tier 1,23,36,1,66.88,66.88,6,1.0,4,0.478,7,Women,Mixed,0.218,0.192,0,0
ZC000744,16.0,Female,Germany,Tier 1,8,125,1,122.92,122.92,1,3.3,2,0.326,7,Men,Online,0.348,0.709,0,1
ZC000745,33.0,Female,France,Tier 1,14,86,1,58.43,58.43,0,4.2,3,0.12,2,Men,Mixed,0.29,0.281,0,0
ZC000746,41.0,Female,Mexico,Tier 1,3,30,1,122.26,122.26,4,4.3,4,0.258,6,Kids,Store,0.091,0.135,0,0
ZC000747,50.0,Female,Other,Tier 1,42,98,3,400.29,133.43,1,2.9,2,0.537,8,Women,Store,0.398,0.451,0,0
ZC000748,37.0,Female,Italy,Tier 2,21,16,1,56.05,56.05,8,6.4,4,0.471,8,Men,Online,0.196,0.064,0,0
ZC000749,28.0,Female,Other,Tier 2,41,53,3,197.87,65.96,4,6.4,4,0.286,6,Men,Online,0.571,0.331,0,0
ZC000750,23.0,Female,France,Tier 1,20,127,2,127.57,63.78,2,1.1,5,0.458,8,Kids,Mixed,0.231,0.227,0,0
ZC000751,32.0,Male,UK,Tier 2,21,4,2,159.74,79.87,6,4.8,2,0.383,4,Kids,Mixed,0.13,0.249,0,0
ZC000752,,Female,Germany,Tier 1,28,161,1,98.96,98.96,1,1.0,2,0.136,6,Men,Mixed,0.342,0.294,0,1
ZC000753,22.0,Female,Italy,Tier 1,18,37,1,92.64,92.64,4,3.5,2,0.131,5,Kids,Online,0.237,0.28,0,0
ZC000754,52.0,Male,USA,Tier 2,16,129,4,268.0,67.0,1,6.4,5,0.515,8,Women,Online,0.22,0.324,0,0
ZC000755,50.0,Female,France,Tier 1,14,38,1,63.58,63.58,13,4.7,2,0.219,7,Women,Store,0.26,0.063,0,0
ZC000756,43.0,Male,Spain,Tier 2,9,32,1,63.22,63.22,9,1.5,1,0.39,1,Women,Online,0.506,0.316,0,1
ZC000757,23.0,Female,USA,Tier 1,14,149,4,376.34,94.08,0,3.8,3,0.544,5,Women,Store,0.465,0.138,0,1
ZC000758,41.0,Male,Other,Tier 1,36,66,3,176.65,58.88,3,2.6,2,0.603,7,TRF,Store,0.071,0.378,0,0
ZC000759,38.0,Female,Spain,Tier 1,13,131,4,229.85,57.46,1,5.3,0,0.336,4,Men,Store,0.484,0.695,0,1
ZC000760,36.0,Female,Mexico,Tier 1,60,39,6,345.01,57.5,10,9.6,2,0.882,8,Women,Store,0.35,0.553,0,0
ZC000761,44.0,Male,UK,Tier 1,4,24,1,67.45,67.45,2,13.0,3,0.483,8,Kids,Mixed,0.355,0.317,0,0
ZC000762,38.0,Male,Germany,Tier 1,37,125,6,464.41,77.4,1,4.3,4,0.441,2,Women,Online,0.295,0.507,0,1
ZC000763,39.0,Female,Other,Tier 1,15,55,1,34.74,34.74,4,1.3,2,0.306,5,Women,Online,0.573,0.71,0,1
ZC000764,38.0,Male,Mexico,Tier 1,26,76,1,75.56,75.56,1,3.4,2,0.371,1,Women,Mixed,0.309,0.408,0,0
ZC000765,35.0,Female,Other,Tier 2,9,82,2,83.72,41.86,1,6.0,3,0.448,1,Women,Store,0.187,0.207,0,0
ZC000766,16.0,Male,USA,Tier 2,5,4,1,79.96,79.96,5,1.6,4,0.22,5,Kids,Store,0.157,0.385,1,0
ZC000767,33.0,Male,USA,Tier 3,32,101,4,225.25,56.31,1,3.5,2,0.087,6,Kids,Store,0.321,0.414,0,0
ZC000768,26.0,Female,Italy,Tier 2,41,16,4,367.56,91.89,1,4.1,1,0.222,3,Women,Store,0.336,0.146,0,0
ZC000769,19.0,Male,Mexico,Tier 3,19,6,5,325.27,65.05,12,8.8,6,0.25,6,Women,Mixed,0.381,0.415,0,0
ZC000770,49.0,Male,Mexico,Tier 2,13,33,3,357.21,119.07,5,1.5,3,0.615,7,Men,Mixed,0.314,0.439,0,0
ZC000771,49.0,Male,Italy,Tier 2,18,47,1,79.17,79.17,7,1.1,3,0.281,8,Women,Mixed,0.225,0.116,1,0
ZC000772,46.0,Female,USA,Tier 2,18,175,1,76.67,76.67,2,2.3,0,0.355,8,Men,Online,0.298,0.161,0,1
ZC000773,35.0,Male,USA,Tier 2,15,106,1,73.7,73.7,0,1.8,1,0.35,2,Men,Store,0.219,0.36,0,1
ZC000774,46.0,Female,Other,Tier 2,20,5,1,87.89,87.89,8,3.8,3,0.251,5,Men,Online,0.11,0.358,0,0
ZC000775,32.0,Female,France,Tier 3,26,75,1,71.74,71.74,2,8.9,6,0.714,2,Women,Store,0.278,0.562,0,0
ZC000776,34.0,Male,Mexico,Tier 1,25,54,1,81.65,81.65,5,1.3,4,0.349,6,Kids,Mixed,0.264,0.215,0,0
ZC000777,21.0,Female,Germany,Tier 3,12,19,1,67.56,67.56,10,1.7,2,0.204,1,Kids,Online,0.311,0.227,0,0
ZC000778,36.0,Male,Other,Tier 1,15,96,1,71.28,71.28,2,1.3,1,0.839,6,Kids,Online,0.512,0.57,0,1
ZC000779,33.0,Male,Other,Tier 1,8,174,3,180.65,60.22,3,5.4,2,0.288,4,TRF,Mixed,0.124,0.161,0,0
ZC000780,19.0,Female,USA,Tier 1,24,59,1,72.74,72.74,4,8.2,4,0.614,7,Women,Store,0.428,0.157,1,0
ZC000781,31.0,Male,Other,Tier 2,10,38,1,87.68,87.68,7,4.0,3,0.633,8,Women,Store,0.375,0.32,0,0
ZC000782,31.0,Female,USA,Tier 1,2,62,1,99.77,99.77,2,2.9,3,0.169,3,Men,Store,0.334,0.354,0,0
ZC000783,50.0,Female,UK,Tier 1,12,76,4,378.25,94.56,3,1.8,2,0.489,8,Women,Store,0.544,0.439,0,0
ZC000784,41.0,Female,Other,Tier 1,25,253,1,59.29,59.29,1,10.1,4,0.583,1,Kids,Store,0.426,0.265,1,1
ZC000785,32.0,Female,USA,Tier 2,26,26,1,44.68,44.68,5,9.8,3,0.713,4,Men,Mixed,0.19,0.575,0,0
ZC000786,34.0,Male,USA,Tier 1,36,27,3,313.16,104.39,3,6.9,6,0.268,2,Women,Store,0.574,0.212,0,0
ZC000787,32.0,Female,Germany,Tier 2,60,122,6,763.69,127.28,2,3.5,2,0.134,5,Men,Mixed,0.688,0.353,0,0
ZC000788,30.0,Male,Other,Tier 2,18,35,1,82.51,82.51,3,6.2,4,0.149,4,Men,Online,0.28,0.077,0,0
ZC000789,21.0,Male,Spain,Tier 2,16,3,2,145.27,72.64,5,4.9,2,0.187,6,Women,Mixed,0.38,0.442,0,0
ZC000790,30.0,Male,Italy,Tier 2,20,176,4,314.58,78.64,2,1.6,2,0.422,8,Women,Store,0.345,0.508,0,1
ZC000791,25.0,Female,France,Tier 1,14,168,1,83.82,83.82,3,9.0,4,0.408,7,Men,Online,0.158,0.37,0,1
ZC000792,19.0,Male,UK,Tier 3,7,13,1,73.66,73.66,5,3.3,2,0.219,3,Women,Online,0.54,0.18,0,1
ZC000793,37.0,Female,Italy,Tier 3,7,59,1,62.53,62.53,7,4.6,3,0.139,7,Beauty,Online,0.631,0.248,0,0
ZC000794,36.0,Male,France,Tier 1,17,6,1,99.57,99.57,6,7.5,5,0.369,6,Men,Store,0.264,0.372,0,0
ZC000795,16.0,Female,Mexico,Tier 1,44,113,6,366.86,61.14,1,1.5,10,0.361,4,Women,Store,0.147,0.292,0,0
ZC000796,31.0,Male,Italy,Tier 1,13,109,3,256.0,85.33,3,1.6,8,0.472,7,Men,Online,0.49,0.158,0,1
ZC000797,42.0,Female,Other,Tier 3,29,55,2,203.23,101.62,5,8.8,4,0.221,5,Home,Mixed,0.202,0.524,0,0
ZC000798,43.0,Female,Mexico,Tier 2,39,138,5,471.99,94.4,0,8.4,3,0.3,4,Home,Store,0.326,0.015,0,1
ZC000799,42.0,Male,Spain,Tier 3,29,7,7,582.65,83.24,6,3.9,4,0.08,1,Women,Mixed,0.195,0.118,0,0
ZC000800,32.0,Female,Mexico,Tier 3,31,70,1,23.54,23.54,4,3.2,12,0.163,5,Women,Mixed,0.189,0.437,0,0
ZC000801,24.0,Male,Germany,Tier 2,7,3,1,42.71,42.71,3,1.1,4,0.148,6,Women,Mixed,0.312,0.239,0,0
ZC000802,21.0,Male,Spain,Tier 1,15,19,1,77.63,77.63,8,9.1,1,0.288,8,Women,Online,0.523,0.243,0,1
ZC000803,35.0,Female,Germany,Tier 1,5,5,1,99.15,99.15,5,4.2,2,0.397,8,Women,Mixed,0.278,0.413,0,0
ZC000804,36.0,Female,Mexico,Tier 1,11,197,2,130.93,65.46,0,2.4,4,0.136,2,Women,Online,0.242,0.274,0,1
ZC000805,45.0,Female,USA,Tier 1,7,133,1,51.31,51.31,4,1.0,1,0.291,5,Women,Online,0.645,0.338,0,1
ZC000806,43.0,Male,UK,Tier 1,25,4,2,201.2,100.6,9,6.6,5,0.471,1,Women,Mixed,0.312,0.013,0,0
ZC000807,31.0,Male,France,Tier 1,7,74,2,197.39,98.7,0,12.4,4,0.501,4,TRF,Store,0.309,0.275,0,0
ZC000808,20.0,Female,UK,Tier 2,7,4,1,66.06,66.06,8,3.9,2,0.217,5,Women,Online,0.202,0.129,0,0
ZC000809,29.0,Male,Other,Tier 1,17,101,2,127.76,63.88,1,2.8,1,0.65,8,Beauty,Online,0.467,0.394,1,1
ZC000810,34.0,Female,USA,Tier 2,3,121,1,124.79,124.79,3,11.9,4,0.608,7,Kids,Online,0.275,0.279,0,0
ZC000811,30.0,Female,Mexico,Tier 3,60,103,2,96.82,48.41,0,1.9,6,0.375,3,Women,Mixed,0.335,0.202,0,1
ZC000812,26.0,Male,Mexico,Tier 1,15,73,3,183.8,61.27,2,16.8,1,0.44,3,Women,Store,0.378,0.441,0,0
ZC000813,35.0,Male,UK,Tier 1,38,46,4,240.07,60.02,6,9.5,2,0.675,7,Men,Online,0.604,0.24,0,0
ZC000814,27.0,Female,France,Tier 1,7,69,1,76.94,76.94,2,5.7,1,0.163,8,Women,Online,0.244,0.217,0,0
ZC000815,26.0,Female,USA,Tier 3,23,20,4,295.32,73.83,9,2.4,3,0.278,2,Men,Store,0.283,0.181,0,0
ZC000816,35.0,Female,USA,Tier 2,26,74,6,381.0,63.5,0,2.4,5,0.404,1,Men,Store,0.319,0.411,0,0
ZC000817,28.0,Female,France,Tier 1,8,40,1,95.85,95.85,4,10.7,2,0.295,1,Women,Online,0.495,0.256,0,0
ZC000818,34.0,Female,USA,Tier 2,30,6,1,94.24,94.24,6,2.2,3,0.117,7,Men,Mixed,0.361,0.514,0,0
ZC000819,35.0,Male,Mexico,Tier 2,11,16,1,114.51,114.51,7,9.4,4,0.532,6,Men,Online,0.551,0.262,0,0
ZC000820,,Female,Germany,Tier 1,13,120,1,77.02,77.02,0,1.0,3,0.287,7,Women,Online,0.255,0.375,0,0
ZC000821,27.0,Female,Spain,Tier 2,8,7,1,99.17,99.17,8,2.2,2,0.769,6,Women,Store,0.216,0.41,0,0
ZC000822,46.0,Male,USA,Tier 1,31,64,2,99.13,49.56,4,7.4,7,0.582,4,Men,Online,0.131,0.308,0,0
ZC000823,20.0,Female,Other,Tier 1,22,37,3,314.74,104.91,6,10.7,5,0.315,5,Home,Store,0.672,0.027,1,0
ZC000824,16.0,Female,USA,Tier 3,21,140,1,106.56,106.56,4,3.3,5,0.482,7,Home,Store,0.567,0.443,0,1
ZC000825,16.0,Male,Italy,Tier 1,21,65,3,191.73,63.91,1,3.1,3,0.52,6,Kids,Store,0.331,0.647,0,0
ZC000826,32.0,Female,Spain,Tier 2,22,43,1,93.33,93.33,10,10.2,2,0.575,4,Kids,Store,0.438,0.277,0,0
ZC000827,32.0,Female,Other,Tier 2,11,63,1,86.75,86.75,0,1.0,2,0.345,2,Women,Mixed,0.482,0.299,0,0
ZC000828,31.0,Female,UK,Tier 1,29,372,1,84.92,84.92,0,3.1,2,0.783,4,Kids,Online,0.397,0.263,0,1
ZC000829,44.0,Female,France,Tier 2,9,37,1,96.4,96.4,9,1.3,3,0.223,2,Women,Mixed,0.127,0.628,0,0
ZC000830,16.0,Female,France,Tier 1,21,23,3,246.04,82.01,5,3.0,2,0.218,6,Men,Online,0.275,0.221,0,0
ZC000831,36.0,Female,USA,Tier 1,16,51,3,292.33,97.44,8,4.7,6,0.4,8,Men,Online,0.282,0.356,0,0
ZC000832,48.0,Female,Italy,Tier 1,12,78,1,49.84,49.84,2,2.4,5,0.493,1,Women,Store,0.312,0.337,0,0
ZC000833,21.0,Male,Spain,Tier 3,17,35,2,118.91,59.46,5,3.5,5,0.157,3,Women,Mixed,0.161,0.305,0,0
ZC000834,28.0,Female,USA,Tier 3,21,349,3,233.83,77.94,1,4.5,3,0.201,4,Women,Store,0.451,0.717,0,1
ZC000835,24.0,Female,USA,Tier 1,29,21,1,60.83,60.83,3,1.3,4,0.73,2,Women,Mixed,0.496,0.458,0,0
ZC000836,23.0,Female,Germany,Tier 1,19,103,2,152.78,76.39,1,2.3,1,0.231,4,Women,Online,0.348,0.285,0,0
ZC000837,29.0,Male,Other,Tier 3,34,186,3,203.67,67.89,2,8.6,1,0.131,6,Women,Online,0.199,0.255,1,0
ZC000838,46.0,Female,Spain,Tier 2,11,1,2,151.6,75.8,9,1.2,2,0.179,1,Women,Mixed,0.147,0.466,0,0
ZC000839,50.0,Male,Other,Tier 1,15,85,1,76.77,76.77,1,1.5,3,0.883,3,Men,Store,0.266,0.101,0,0
ZC000840,29.0,Female,Mexico,Tier 1,26,22,1,89.66,89.66,10,5.3,4,0.312,5,Kids,Mixed,0.361,0.137,0,0
ZC000841,51.0,Male,Spain,Tier 1,7,16,1,81.66,81.66,0,2.7,3,0.447,2,Women,Mixed,0.406,0.568,0,0
ZC000842,32.0,Female,Spain,Tier 1,31,47,2,158.29,79.14,3,2.9,3,0.301,6,Women,Mixed,0.263,0.569,0,1
ZC000843,,Female,USA,Tier 1,7,176,1,67.47,67.47,4,5.6,1,,2,Men,Mixed,0.509,0.098,0,1
ZC000844,31.0,Female,Spain,Tier 2,53,125,1,37.99,37.99,2,1.0,3,0.611,4,Men,Mixed,0.121,0.487,0,1
ZC000845,33.0,Female,Mexico,Tier 2,11,5,3,321.71,107.24,1,1.4,2,0.597,1,Men,Mixed,0.193,0.468,0,0
ZC000846,36.0,Male,France,Tier 1,50,125,4,219.84,54.96,3,5.5,4,0.61,1,Men,Store,0.307,0.08,0,1
ZC000847,64.0,Female,UK,Tier 2,30,22,1,86.72,86.72,7,1.6,3,0.833,7,Men,Store,0.486,0.128,1,0
ZC000848,41.0,Male,Italy,Tier 1,6,153,3,227.0,75.67,1,18.2,5,0.428,5,Beauty,Online,0.451,0.649,0,1
ZC000849,25.0,Female,USA,Tier 2,9,2,2,247.02,123.51,4,6.3,2,0.242,3,Kids,Mixed,0.093,0.089,0,0
ZC000850,42.0,Male,Other,Tier 1,6,91,2,43.01,21.5,5,10.7,1,0.512,1,Men,Online,0.175,0.219,0,0
ZC000851,28.0,Female,Germany,Tier 1,15,19,1,66.55,66.55,5,4.3,7,0.644,5,Women,Online,0.274,0.176,0,0
ZC000852,27.0,Male,USA,Tier 1,34,124,3,261.03,87.01,0,3.0,1,,4,Men,Online,0.404,0.262,0,1
ZC000853,41.0,Male,France,Tier 1,46,215,6,222.41,37.07,2,2.2,7,0.526,2,Kids,Store,0.289,0.088,0,1
ZC000854,32.0,Female,USA,Tier 2,8,47,2,135.1,67.55,4,4.6,3,0.412,2,TRF,Mixed,0.283,0.196,0,0
ZC000855,35.0,Male,Other,Tier 2,7,30,1,41.34,41.34,6,3.5,2,0.556,1,TRF,Mixed,0.413,0.262,0,0
ZC000856,32.0,Female,UK,Tier 1,24,41,1,85.74,85.74,5,8.9,5,0.182,3,Beauty,Online,0.277,0.319,0,0
ZC000857,35.0,Female,Other,Tier 1,6,52,1,78.72,78.72,3,2.8,2,0.379,1,Women,Online,0.309,0.155,0,0
ZC000858,36.0,Female,Other,Tier 2,33,88,4,381.44,95.36,1,7.2,5,0.354,2,Kids,Store,0.495,0.161,0,0
ZC000859,16.0,Male,France,Tier 2,28,6,4,385.36,96.34,12,1.0,2,0.177,7,Men,Store,0.307,0.54,0,0
ZC000860,39.0,Female,Italy,Tier 2,19,13,3,156.78,52.26,4,1.0,1,0.641,6,Men,Store,0.606,0.243,0,0
ZC000861,22.0,Female,France,Tier 3,32,61,5,399.12,79.82,2,3.7,4,0.371,7,Home,Mixed,0.178,0.459,0,0
ZC000862,18.0,Male,Spain,Tier 2,32,53,1,91.65,91.65,7,2.7,1,0.647,5,Women,Store,0.363,0.071,0,0
ZC000863,31.0,Female,Other,Tier 1,9,12,1,65.74,65.74,4,1.2,4,0.69,8,Men,Mixed,0.398,0.474,0,0
ZC000864,33.0,Male,UK,Tier 2,7,147,1,108.96,108.96,1,1.7,4,0.292,1,Men,Mixed,0.152,0.22,0,1
ZC000865,25.0,Female,Other,Tier 1,18,26,1,91.12,91.12,8,14.1,4,0.266,3,TRF,Store,0.34,0.194,0,0
ZC000866,40.0,Female,Germany,Tier 2,33,251,1,43.94,43.94,1,6.5,3,0.788,5,Women,Online,0.19,0.121,0,1
ZC000867,19.0,Male,Spain,Tier 3,9,85,1,85.64,85.64,1,1.9,4,0.297,4,Beauty,Online,0.167,0.436,0,0
ZC000868,28.0,Female,UK,Tier 1,7,115,3,158.45,52.82,1,1.0,2,0.327,8,Women,Store,0.46,0.402,0,0
ZC000869,26.0,Female,USA,Tier 1,8,69,2,74.5,37.25,1,6.1,4,0.696,3,Women,Online,0.077,0.085,0,0
ZC000870,32.0,Female,USA,Tier 1,13,30,1,66.1,66.1,10,7.0,4,0.191,1,Kids,Online,0.497,0.543,1,0
ZC000871,35.0,Male,Italy,Tier 3,1,67,2,131.7,65.85,0,3.0,2,0.218,4,Women,Mixed,0.437,0.43,0,0
ZC000872,22.0,Female,Spain,Tier 1,10,45,1,122.49,122.49,5,4.6,7,0.444,8,Kids,Store,0.434,0.362,0,0
ZC000873,39.0,Male,Other,Tier 2,25,9,1,74.12,74.12,7,1.1,3,0.677,4,Women,Mixed,0.105,0.348,0,0
ZC000874,33.0,Female,UK,Tier 1,33,38,3,241.96,80.65,5,6.3,5,0.303,2,Men,Online,0.454,0.192,1,0
ZC000875,16.0,Female,France,Tier 1,60,90,6,571.16,95.19,1,5.4,2,0.485,2,Kids,Online,0.352,0.43,0,0
ZC000876,16.0,Female,USA,Tier 1,17,38,2,157.79,78.9,6,1.7,3,0.565,5,Kids,Online,0.266,0.622,0,0
ZC000877,32.0,Female,Spain,Tier 2,12,39,1,87.75,87.75,3,13.7,2,0.516,8,Home,Online,0.127,0.124,1,0
ZC000878,30.0,Female,Germany,Tier 1,54,93,2,107.67,53.84,0,1.7,5,0.395,5,Home,Store,0.599,0.481,0,0
ZC000879,31.0,Female,USA,Tier 3,19,37,6,361.77,60.29,8,13.5,5,0.395,4,Women,Online,0.35,0.159,0,0
ZC000880,32.0,Female,Germany,Tier 2,19,328,1,69.67,69.67,2,2.0,4,0.466,6,Women,Online,0.412,0.625,0,1
ZC000881,34.0,Female,France,Tier 3,40,26,3,144.38,48.13,4,3.7,2,0.177,1,Women,Store,0.389,0.45,0,0
ZC000882,41.0,Female,USA,Tier 1,5,122,1,89.55,89.55,1,3.6,1,0.299,7,Women,Store,0.401,0.379,0,1
ZC000883,21.0,Female,UK,Tier 1,20,61,4,260.39,65.1,1,3.8,4,0.835,7,Women,Store,0.174,0.753,0,0
ZC000884,20.0,Female,USA,Tier 1,6,400,2,148.09,74.04,5,2.0,6,0.272,7,TRF,Online,0.246,0.586,0,1
ZC000885,21.0,Female,USA,Tier 1,4,34,4,406.71,101.68,3,4.2,6,0.221,2,Women,Online,0.27,0.345,0,0
ZC000886,35.0,Female,Mexico,Tier 2,9,106,1,56.71,56.71,0,3.5,5,0.591,7,TRF,Mixed,0.158,0.439,0,1
ZC000887,44.0,Male,Spain,Tier 1,48,53,6,129.45,21.58,4,2.0,3,0.341,8,Women,Store,0.264,0.202,0,0
ZC000888,28.0,Female,USA,Tier 3,5,2,1,66.11,66.11,6,1.0,3,0.437,2,Kids,Online,0.396,0.548,0,0
ZC000889,16.0,Male,France,Tier 1,13,58,4,336.45,84.11,8,6.1,5,0.328,7,Men,Store,0.444,0.535,0,0
ZC000890,16.0,Female,UK,Tier 1,31,34,1,104.36,104.36,6,1.0,4,0.606,8,Kids,Mixed,0.454,0.098,0,0
ZC000891,24.0,Male,Other,Tier 2,10,73,3,163.5,54.5,0,2.1,3,0.246,8,Men,Online,0.207,0.365,0,0
ZC000892,26.0,Female,Other,Tier 1,60,24,5,325.43,65.09,7,7.5,2,0.572,6,Women,Store,0.292,0.319,0,0
ZC000893,28.0,Female,Mexico,Tier 1,18,202,3,251.8,83.93,2,5.2,4,0.718,1,Men,Store,0.593,0.296,0,0
ZC000894,32.0,Female,France,Tier 3,4,28,2,101.05,50.52,8,3.3,2,0.226,8,Kids,Online,0.495,0.22,0,0
ZC000895,29.0,Female,UK,Tier 1,9,118,2,139.96,69.98,1,6.2,6,0.154,1,Women,Online,0.301,0.076,0,0
ZC000896,42.0,Male,Spain,Tier 2,5,49,5,476.49,95.3,7,2.0,2,0.578,6,Women,Online,0.467,0.268,0,0
ZC000897,25.0,Female,Other,Tier 1,10,72,5,519.69,103.94,2,6.2,1,0.256,6,Women,Mixed,0.286,0.398,0,0
ZC000898,23.0,Female,UK,Tier 1,15,66,2,135.95,67.97,2,6.8,6,0.39,5,Kids,Online,0.203,0.655,0,0
ZC000899,37.0,Female,USA,Tier 1,31,37,3,139.66,46.55,3,2.3,6,0.188,4,Women,Store,0.493,0.139,0,0
ZC000900,17.0,Male,Germany,Tier 2,60,58,8,429.0,53.62,3,2.0,2,0.145,7,Women,Online,0.345,0.551,0,0
ZC000901,36.0,Male,Mexico,Tier 1,15,112,4,585.84,146.46,1,1.0,3,0.562,4,Men,Online,0.555,0.32,0,1
ZC000902,33.0,Male,France,Tier 1,28,61,3,262.85,87.62,4,3.6,2,0.331,7,Women,Online,0.111,0.333,0,0
ZC000903,31.0,Male,Spain,Tier 1,17,133,2,228.6,114.3,4,1.0,5,0.549,6,Women,Store,0.206,0.077,0,1
ZC000904,48.0,Male,Other,Tier 3,9,34,1,66.14,66.14,8,4.5,7,0.839,2,Women,Mixed,0.352,0.052,0,0
ZC000905,26.0,Female,Spain,Tier 1,11,53,2,103.47,51.74,7,10.3,3,0.202,3,Women,Mixed,0.182,0.091,0,0
ZC000906,53.0,Female,Other,Tier 2,45,14,4,207.7,51.92,4,8.1,5,0.588,5,Women,Online,0.131,0.181,0,0
ZC000907,30.0,Female,UK,Tier 1,13,78,3,228.48,76.16,2,8.4,7,0.486,3,Men,Store,0.219,0.488,0,0
ZC000908,19.0,Female,Other,Tier 1,51,48,8,824.99,103.12,3,3.7,5,0.375,5,Women,Store,0.332,0.413,0,0
ZC000909,33.0,Male,Other,Tier 1,19,65,4,211.13,52.78,1,10.0,6,0.225,3,Men,Mixed,0.165,0.218,0,0
ZC000910,21.0,Female,UK,Tier 1,20,192,4,401.21,100.3,3,2.2,4,0.04,5,Men,Online,0.193,0.603,0,1
ZC000911,24.0,Female,Mexico,Tier 1,39,49,3,160.73,53.58,6,2.6,6,0.399,7,Women,Store,0.232,0.275,0,0
ZC000912,36.0,Male,Spain,Tier 1,21,174,1,74.36,74.36,1,3.1,4,,1,Kids,Store,0.45,0.395,0,1
ZC000913,38.0,Female,Spain,Tier 2,1,21,2,146.44,73.22,5,9.8,5,0.426,7,Women,Online,0.621,0.062,0,1
ZC000914,26.0,Female,USA,Tier 1,10,24,2,201.36,100.68,9,3.6,4,,2,Beauty,Mixed,0.161,0.299,0,0
ZC000915,42.0,Female,Germany,Tier 1,20,22,3,201.58,67.19,6,4.6,6,0.645,5,Women,Online,0.408,0.278,0,0
ZC000916,44.0,Male,Spain,Tier 1,22,11,1,85.48,85.48,7,1.0,2,0.581,5,Men,Online,0.271,0.025,0,0
ZC000917,46.0,Female,France,Tier 1,22,61,1,63.06,63.06,2,6.2,2,0.382,7,Women,Store,0.211,0.335,0,0
ZC000918,37.0,Female,Other,Tier 1,17,89,1,73.73,73.73,1,3.5,2,0.476,7,Women,Mixed,0.247,0.633,0,0
ZC000919,46.0,Female,Other,Tier 1,20,47,3,210.06,70.02,6,1.0,3,0.726,2,Kids,Online,0.564,0.023,0,0
ZC000920,16.0,Male,USA,Tier 1,42,186,3,214.96,71.65,2,7.3,5,0.393,8,Women,Store,0.428,0.109,0,0
ZC000921,29.0,Female,France,Tier 1,14,15,4,326.64,81.66,8,3.4,3,0.392,4,Kids,Online,0.301,0.362,0,0
ZC000922,23.0,Female,USA,Tier 1,17,25,1,70.43,70.43,7,4.1,5,0.651,5,Women,Online,0.17,0.171,0,0
ZC000923,33.0,Male,USA,Tier 1,34,45,1,99.48,99.48,9,4.3,2,0.262,5,Home,Store,0.208,0.105,1,0
ZC000924,26.0,Male,Other,Tier 1,35,16,2,178.09,89.04,8,2.1,5,0.159,5,Women,Online,0.377,0.068,0,0
ZC000925,30.0,Female,Other,Tier 1,7,68,1,76.24,76.24,0,6.0,2,0.402,1,Women,Mixed,0.441,0.56,0,0
ZC000926,51.0,Female,USA,Tier 1,3,10,1,58.68,58.68,4,7.3,3,0.738,3,Kids,Store,0.615,0.113,0,0
ZC000927,30.0,Female,USA,Tier 1,30,56,3,344.59,114.86,7,1.0,5,0.484,3,Men,Online,0.263,0.207,0,0
ZC000928,36.0,Male,UK,Tier 1,24,52,2,247.38,123.69,7,14.1,3,0.503,2,Women,Mixed,0.648,0.307,0,0
ZC000929,,Female,UK,Tier 3,18,78,1,52.46,52.46,1,3.4,4,0.395,1,Women,Online,0.351,0.471,0,0
ZC000930,33.0,Male,Spain,Tier 1,32,173,1,87.56,87.56,0,10.1,5,0.686,7,Kids,Online,0.162,0.28,0,1
ZC000931,32.0,Male,Spain,Tier 1,16,26,3,345.45,115.15,7,12.3,2,0.288,5,Women,Online,0.547,0.365,0,0
ZC000932,36.0,Female,UK,Tier 2,24,228,1,84.32,84.32,3,2.2,1,0.438,2,Women,Store,0.153,0.38,1,1
ZC000933,44.0,Female,USA,Tier 1,13,133,1,82.95,82.95,3,3.8,5,0.185,3,Men,Mixed,0.247,0.144,0,1
ZC000934,48.0,Male,Other,Tier 1,10,77,1,58.16,58.16,3,5.0,5,0.677,6,Women,Online,0.265,0.32,0,0
ZC000935,35.0,Male,Mexico,Tier 3,15,11,1,76.29,76.29,10,10.9,3,0.505,6,Women,Online,0.333,0.139,0,0
ZC000936,38.0,Male,France,Tier 1,5,66,4,248.16,62.04,1,6.7,1,0.238,8,TRF,Online,0.175,0.036,0,0
ZC000937,20.0,Female,UK,Tier 2,9,14,3,210.96,70.32,7,8.3,3,0.695,1,Women,Online,0.576,0.298,0,0
ZC000938,31.0,Male,Other,Tier 1,18,97,6,352.24,58.71,0,2.2,1,0.342,7,Kids,Mixed,0.376,0.144,0,0
ZC000939,41.0,Male,USA,Tier 1,24,35,2,175.52,87.76,6,1.0,3,0.159,5,Women,Online,0.398,0.22,0,0
ZC000940,41.0,Male,Other,Tier 1,39,158,2,232.66,116.33,1,9.4,4,,3,Women,Store,0.343,0.143,0,1
ZC000941,34.0,Female,Spain,Tier 2,17,163,1,76.44,76.44,0,8.2,4,0.829,8,Women,Online,0.125,0.115,0,1
ZC000942,41.0,Female,Other,Tier 1,10,104,2,132.05,66.03,0,3.9,3,0.134,7,Men,Online,0.394,0.243,0,0
ZC000943,37.0,Female,Spain,Tier 2,7,17,1,102.91,102.91,8,4.2,7,,7,Beauty,Mixed,0.528,0.639,0,0
ZC000944,44.0,Male,Mexico,Tier 3,37,40,1,71.11,71.11,5,4.9,4,0.5,3,Kids,Online,0.253,0.159,0,0
ZC000945,35.0,Male,Spain,Tier 3,20,163,4,69.22,17.3,2,2.7,6,,8,Men,Online,0.189,0.413,0,0
ZC000946,28.0,Female,Mexico,Tier 1,17,346,1,120.83,120.83,0,5.5,0,0.46,4,Women,Mixed,0.11,0.333,0,0
ZC000947,35.0,Female,Germany,Tier 2,21,32,2,199.69,99.84,7,7.5,2,0.547,2,Women,Mixed,0.39,0.573,0,0
ZC000948,16.0,Female,Spain,Tier 2,32,67,3,256.71,85.57,1,5.9,1,,5,Women,Online,0.467,0.099,0,0
ZC000949,36.0,Female,Mexico,Tier 2,47,33,5,423.64,84.73,9,9.8,3,0.258,8,Women,Online,0.248,0.272,0,0
ZC000950,16.0,Male,Spain,Tier 3,6,18,1,86.47,86.47,8,3.2,3,,2,Women,Mixed,0.6,0.689,0,0
ZC000951,16.0,Female,France,Tier 2,16,24,1,39.31,39.31,6,8.0,5,0.698,2,Men,Online,0.233,0.084,0,0
ZC000952,37.0,Female,USA,Tier 2,30,54,6,433.96,72.33,7,1.2,3,0.914,3,TRF,Store,0.267,0.667,0,0
ZC000953,37.0,Male,Mexico,Tier 1,6,6,1,77.55,77.55,5,14.1,7,0.303,7,Women,Online,0.465,0.121,0,0
ZC000954,20.0,Female,Other,Tier 1,58,139,5,354.11,70.82,1,2.7,3,0.169,4,Home,Store,0.202,0.148,0,0
ZC000955,25.0,Female,UK,Tier 2,15,44,3,239.69,79.9,4,6.8,3,0.721,6,Women,Mixed,0.529,0.069,0,0
ZC000956,46.0,Female,Mexico,Tier 2,60,72,4,421.38,105.34,0,15.9,1,0.416,4,Home,Mixed,0.533,0.197,0,0
ZC000957,27.0,Female,Other,Tier 2,5,70,1,67.9,67.9,0,4.4,6,0.29,6,Home,Mixed,0.469,0.019,0,1
ZC000958,54.0,Female,Italy,Tier 1,36,45,1,72.15,72.15,11,1.0,4,0.545,6,Women,Online,0.261,0.175,0,0
ZC000959,32.0,Female,USA,Tier 1,11,31,1,125.96,125.96,5,3.6,3,0.089,7,Kids,Store,0.104,0.438,0,0
ZC000960,36.0,Female,UK,Tier 3,19,27,1,64.79,64.79,10,3.3,0,0.675,7,Women,Store,0.282,0.278,0,0
ZC000961,48.0,Female,USA,Tier 1,28,132,1,80.89,80.89,5,3.4,3,0.587,1,Men,Store,0.28,0.148,0,0
ZC000962,33.0,Female,UK,Tier 2,34,11,1,74.73,74.73,5,3.5,3,0.201,2,Women,Online,0.438,0.362,0,0
ZC000963,22.0,Female,USA,Tier 2,25,103,4,213.99,53.5,0,9.3,2,0.33,6,TRF,Online,0.232,0.17,0,0
ZC000964,31.0,Female,Mexico,Tier 1,18,109,4,293.43,73.36,1,1.6,2,0.402,6,Women,Store,0.415,0.426,0,1
ZC000965,32.0,Female,Germany,Tier 1,21,26,1,62.03,62.03,3,3.4,4,0.341,5,Men,Online,0.429,0.207,0,0
ZC000966,18.0,Female,Germany,Tier 1,60,36,1,95.06,95.06,8,1.7,3,0.454,5,Women,Store,0.314,0.28,0,0
ZC000967,29.0,Male,Spain,Tier 2,38,75,3,234.12,78.04,0,2.4,4,0.219,4,Men,Store,0.531,0.386,0,0
ZC000968,25.0,Female,Spain,Tier 1,8,70,4,318.22,79.56,2,7.7,1,0.753,1,Women,Store,0.173,0.123,0,0
ZC000969,41.0,Female,Mexico,Tier 3,20,131,1,86.63,86.63,3,3.7,3,0.525,3,Women,Online,0.266,0.284,0,1
ZC000970,32.0,Female,France,Tier 2,26,111,1,57.01,57.01,2,2.6,1,0.581,7,Women,Mixed,0.319,0.5,0,0
ZC000971,29.0,Female,Other,Tier 1,2,23,1,64.54,64.54,3,4.3,3,0.593,1,Women,Mixed,0.237,0.403,0,0
ZC000972,31.0,Female,France,Tier 1,41,35,4,548.69,137.17,7,4.2,4,0.324,7,Home,Mixed,0.111,0.346,0,0
ZC000973,34.0,Female,USA,Tier 1,9,10,1,79.78,79.78,5,4.7,3,0.697,2,Home,Store,0.5,0.172,0,0
ZC000974,38.0,Female,Italy,Tier 1,12,100,3,281.01,93.67,0,2.0,6,0.437,6,Men,Online,0.315,0.285,0,1
ZC000975,22.0,Male,Italy,Tier 1,7,284,2,125.84,62.92,3,6.0,2,0.331,1,Women,Mixed,0.362,0.502,0,1
ZC000976,22.0,Female,Spain,Tier 1,36,22,6,289.17,48.2,7,5.1,5,0.577,6,Kids,Online,0.41,0.397,0,0
ZC000977,43.0,Female,Italy,Tier 3,29,5,5,371.59,74.32,7,6.9,6,0.532,4,Women,Online,0.643,0.17,0,0
ZC000978,28.0,Male,USA,Tier 2,38,92,1,46.75,46.75,1,7.1,4,0.323,7,TRF,Online,0.415,0.358,0,0
ZC000979,18.0,Female,USA,Tier 2,49,16,3,306.61,102.2,5,1.2,2,0.356,2,Men,Store,0.256,0.286,0,0
ZC000980,36.0,Female,Spain,Tier 2,22,120,4,395.1,98.78,0,11.4,4,0.373,8,Kids,Online,0.184,0.563,0,1
ZC000981,37.0,Female,Germany,Tier 2,13,45,1,82.47,82.47,4,5.7,3,0.3,6,Kids,Online,0.337,0.406,0,0
ZC000982,17.0,Female,Italy,Tier 3,22,24,1,56.98,56.98,6,7.2,4,0.408,7,Women,Store,0.18,0.288,0,0
ZC000983,34.0,Male,USA,Tier 1,12,47,1,32.5,32.5,6,11.5,3,0.415,1,Men,Mixed,0.301,0.775,0,0
ZC000984,39.0,Female,Mexico,Tier 2,28,188,2,58.84,29.42,2,1.0,0,0.256,3,Home,Mixed,0.247,0.386,0,0
ZC000985,36.0,Female,Mexico,Tier 3,42,5,4,392.09,98.02,10,3.1,4,0.352,8,Kids,Mixed,0.159,0.331,0,0
ZC000986,38.0,Male,UK,Tier 3,10,124,1,78.51,78.51,2,1.1,2,0.387,8,Women,Store,0.065,0.122,0,0
ZC000987,18.0,Female,Spain,Tier 1,23,134,1,49.89,49.89,2,4.4,5,0.782,3,Women,Mixed,0.15,0.151,0,0
ZC000988,35.0,Female,USA,Tier 3,18,35,2,190.81,95.4,3,1.0,2,0.693,5,Women,Mixed,0.358,0.383,0,0
ZC000989,29.0,Female,USA,Tier 1,19,97,1,110.39,110.39,0,4.2,4,0.206,5,Kids,Online,0.255,0.516,0,1
ZC000990,,Female,Other,Tier 1,36,75,7,451.36,64.48,2,4.8,4,0.187,3,Women,Store,0.366,0.276,0,0
ZC000991,41.0,Female,Mexico,Tier 1,26,133,1,57.36,57.36,3,1.5,3,0.586,4,Men,Store,0.397,0.088,1,1
ZC000992,47.0,Female,Spain,Tier 1,16,47,1,71.05,71.05,3,3.9,5,0.333,1,Kids,Mixed,0.197,0.266,1,0
ZC000993,50.0,Female,France,Tier 1,17,9,1,111.48,111.48,3,9.5,5,0.077,8,Men,Online,0.385,0.357,0,0
ZC000994,45.0,Male,USA,Tier 1,20,166,2,191.49,95.74,1,5.4,0,0.357,4,Men,Online,0.572,0.233,0,1
ZC000995,31.0,Male,Spain,Tier 1,20,25,1,69.99,69.99,8,1.0,5,0.246,6,Home,Mixed,0.164,0.598,0,1
ZC000996,36.0,Male,USA,Tier 2,20,34,3,270.26,90.09,9,6.8,4,0.564,3,Women,Mixed,0.408,0.216,0,0
ZC000997,40.0,Female,Spain,Tier 3,32,43,1,151.4,151.4,4,5.5,5,0.499,1,Women,Store,0.354,0.314,0,0
ZC000998,33.0,Male,USA,Tier 3,7,149,1,113.96,113.96,2,6.0,3,0.585,3,Women,Store,0.635,0.304,0,0
ZC000999,33.0,Female,USA,Tier 2,27,251,5,448.42,89.68,1,1.0,2,0.389,7,Women,Online,0.385,0.145,0,1
ZC001000,40.0,Male,UK,Tier 3,29,39,4,397.25,99.31,10,3.3,3,0.302,6,Home,Store,0.19,0.52,0,0
ZC001001,31.0,Male,UK,Tier 1,60,40,7,643.58,91.94,6,12.3,4,0.315,5,Beauty,Store,0.552,0.38,0,0
ZC001002,,Female,France,Tier 1,18,72,3,288.4,96.13,3,2.3,6,0.498,1,Men,Store,0.379,0.382,0,0
ZC001003,28.0,Female,UK,Tier 1,26,18,2,107.29,53.64,7,10.7,3,0.516,4,Kids,Mixed,0.416,0.251,0,0
ZC001004,38.0,Male,France,Tier 1,36,93,4,356.48,89.12,1,5.2,3,0.471,1,Women,Store,0.631,0.196,0,1
ZC001005,32.0,Male,UK,Tier 2,26,94,1,101.71,101.71,1,7.8,0,0.362,6,Women,Store,0.067,0.241,0,0
ZC001006,35.0,Female,Other,Tier 1,3,74,1,80.47,80.47,1,10.0,4,0.303,5,Women,Online,0.48,0.152,0,1
ZC001007,39.0,Male,Spain,Tier 3,4,11,3,189.78,63.26,7,8.8,6,0.097,2,Men,Mixed,0.028,0.156,0,0
ZC001008,28.0,Female,Germany,Tier 1,17,244,5,398.9,79.78,2,2.4,5,0.384,4,Women,Store,0.425,0.082,0,1
ZC001009,,Female,USA,Tier 1,19,100,2,107.79,53.9,0,1.8,4,0.149,4,Women,Store,0.155,0.668,0,0
ZC001010,36.0,Female,UK,Tier 1,24,218,1,61.07,61.07,2,4.9,6,0.555,5,TRF,Online,0.168,0.391,0,1
ZC001011,20.0,Male,France,Tier 1,6,13,1,55.4,55.4,4,8.6,4,0.603,7,Kids,Store,0.206,0.13,0,0
ZC001012,46.0,Female,Mexico,Tier 3,29,21,5,474.45,94.89,6,7.0,3,0.109,7,Women,Mixed,0.098,0.238,0,0
ZC001013,27.0,Female,Other,Tier 2,7,27,1,100.94,100.94,6,2.6,3,0.631,1,Home,Mixed,0.079,0.056,0,0
ZC001014,16.0,Female,France,Tier 1,26,253,1,101.46,101.46,0,7.7,4,0.168,1,Women,Mixed,0.571,0.04,0,1
ZC001015,22.0,Female,USA,Tier 2,9,69,3,287.62,95.87,0,2.9,3,0.514,6,Women,Store,0.217,0.302,0,0
ZC001016,22.0,Female,Mexico,Tier 1,28,56,2,94.29,47.14,5,3.6,4,0.59,6,Men,Mixed,0.235,0.122,0,0
ZC001017,33.0,Female,USA,Tier 1,36,1,2,222.41,111.2,5,2.2,9,,6,Women,Mixed,0.518,0.262,0,0
ZC001018,29.0,Male,France,Tier 1,10,40,1,111.64,111.64,3,1.2,2,0.534,2,Beauty,Mixed,0.579,0.416,0,0
ZC001019,29.0,Female,Other,Tier 1,25,48,1,50.7,50.7,7,5.7,7,0.787,3,Home,Online,0.386,0.413,0,0
ZC001020,38.0,Female,UK,Tier 2,22,77,3,310.89,103.63,4,5.8,5,0.509,2,Men,Online,0.334,0.192,0,0
ZC001021,35.0,Female,France,Tier 2,10,256,1,85.54,85.54,1,1.1,3,0.372,5,Kids,Store,0.198,0.688,0,1
ZC001022,35.0,Female,Spain,Tier 1,6,184,4,325.45,81.36,1,6.8,2,0.443,8,Home,Online,0.374,0.745,0,0
ZC001023,36.0,Female,Spain,Tier 2,30,45,6,291.67,48.61,5,1.0,2,0.032,3,Women,Mixed,0.268,0.591,0,0
ZC001024,38.0,Female,Other,Tier 2,55,20,2,155.8,77.9,7,1.9,6,0.687,7,Men,Store,0.461,0.46,0,0
ZC001025,16.0,Female,USA,Tier 1,16,44,1,91.4,91.4,8,11.8,1,0.579,7,Men,Mixed,0.346,0.773,0,0
ZC001026,28.0,Female,USA,Tier 1,3,63,2,143.15,71.58,0,2.3,3,0.887,5,Men,Store,0.283,0.145,0,0
ZC001027,16.0,Female,France,Tier 1,2,97,3,128.46,42.82,2,9.6,2,0.647,7,TRF,Online,0.317,0.35,0,1
ZC001028,32.0,Male,UK,Tier 1,20,45,2,145.22,72.61,8,3.5,4,0.443,2,Home,Store,0.392,0.523,0,0
ZC001029,32.0,Female,Spain,Tier 1,5,48,1,84.68,84.68,7,8.7,1,0.306,7,Home,Online,0.63,0.473,0,1
ZC001030,42.0,Female,USA,Tier 1,4,44,1,77.67,77.67,6,4.2,4,0.77,1,Men,Online,0.238,0.464,0,0
ZC001031,44.0,Female,France,Tier 1,10,255,1,107.47,107.47,3,1.5,5,0.509,5,Women,Online,0.437,0.289,0,1
ZC001032,34.0,Female,UK,Tier 2,29,51,1,81.75,81.75,8,6.0,3,0.64,2,Women,Store,0.28,0.237,0,0
ZC001033,27.0,Female,Mexico,Tier 1,27,58,5,419.64,83.93,6,5.0,4,0.526,2,Women,Store,0.606,0.364,0,0
ZC001034,37.0,Male,USA,Tier 3,30,232,1,86.56,86.56,3,5.6,1,0.529,6,Kids,Online,0.264,0.471,0,1
ZC001035,27.0,Female,Other,Tier 1,13,182,2,115.66,57.83,1,1.8,9,0.274,1,Men,Online,0.373,0.591,1,1
ZC001036,32.0,Female,USA,Tier 1,13,162,3,361.13,120.38,3,7.8,3,0.562,7,Men,Online,0.277,0.354,1,1
ZC001037,42.0,Female,USA,Tier 2,37,74,3,203.67,67.89,0,11.3,4,0.371,3,Home,Online,0.242,0.394,0,0
ZC001038,26.0,Female,Other,Tier 1,15,37,1,88.7,88.7,3,10.0,1,0.62,5,Home,Store,0.34,0.678,0,1
ZC001039,40.0,Male,Other,Tier 3,6,19,1,76.89,76.89,5,3.1,7,0.581,1,Home,Mixed,0.188,0.073,0,0
ZC001040,39.0,Female,USA,Tier 1,10,134,1,51.1,51.1,3,1.5,2,0.397,2,Women,Online,0.588,0.364,0,1
ZC001041,22.0,Female,UK,Tier 1,31,217,4,356.75,89.19,1,1.1,3,0.483,3,Men,Store,0.494,0.653,0,0
ZC001042,42.0,Female,Other,Tier 2,25,97,2,204.25,102.12,0,2.9,7,0.726,6,TRF,Store,0.275,0.256,0,0
ZC001043,39.0,Female,Spain,Tier 2,17,16,1,59.97,59.97,10,5.9,8,0.302,2,Men,Online,0.318,0.474,0,0
ZC001044,33.0,Female,USA,Tier 2,5,69,1,68.4,68.4,1,6.0,4,0.586,4,Women,Online,0.431,0.113,0,1
ZC001045,24.0,Female,France,Tier 2,25,158,6,392.92,65.49,0,1.7,4,0.601,3,Home,Store,0.655,0.038,0,1
ZC001046,23.0,Female,Other,Tier 1,14,22,3,402.91,134.3,3,9.1,3,0.594,4,Home,Mixed,0.504,0.344,0,1
ZC001047,27.0,Female,France,Tier 2,6,23,1,84.53,84.53,13,9.1,3,0.328,2,Women,Online,0.493,0.114,0,0
ZC001048,37.0,Female,France,Tier 2,30,91,4,429.38,107.34,4,11.0,6,0.437,3,Women,Store,0.173,0.402,0,1
ZC001049,22.0,Female,Other,Tier 2,15,98,1,63.8,63.8,1,2.7,6,0.416,2,Women,Store,0.373,0.388,0,1
ZC001050,36.0,Female,Spain,Tier 1,20,87,1,82.11,82.11,1,7.3,2,0.418,8,Women,Online,0.275,0.158,1,1
ZC001051,20.0,Male,Mexico,Tier 3,41,174,2,88.72,44.36,1,7.4,4,0.154,1,TRF,Online,0.458,0.274,0,0
ZC001052,30.0,Female,Spain,Tier 2,23,57,3,169.11,56.37,8,10.4,2,0.15,2,Women,Store,0.466,0.401,0,0
ZC001053,33.0,Male,Italy,Tier 1,29,34,2,262.37,131.18,5,1.6,4,0.396,3,Women,Mixed,0.119,0.249,0,1
ZC001054,56.0,Male,France,Tier 1,19,126,1,76.72,76.72,1,2.0,6,0.694,6,Beauty,Online,0.521,0.381,0,1
ZC001055,18.0,Female,USA,Tier 2,33,297,3,184.26,61.42,2,7.6,5,0.596,8,Women,Mixed,0.46,0.144,0,0
ZC001056,47.0,Female,France,Tier 3,7,37,2,68.4,34.2,3,7.7,2,0.452,6,Women,Online,0.543,0.184,0,0
ZC001057,33.0,Male,Other,Tier 1,5,112,5,458.33,91.67,1,4.1,2,0.052,6,Women,Online,0.195,0.378,0,0
ZC001058,36.0,Female,UK,Tier 3,7,192,1,60.86,60.86,2,5.1,2,0.51,5,Women,Store,0.242,0.088,0,1
ZC001059,33.0,Female,Spain,Tier 1,14,79,1,99.32,99.32,2,2.6,5,0.329,2,Women,Store,0.68,0.032,0,0
ZC001060,36.0,Female,Spain,Tier 1,29,16,3,136.16,45.39,7,7.0,3,0.679,2,Women,Mixed,0.105,0.247,0,0
ZC001061,30.0,Female,Germany,Tier 2,12,81,2,202.33,101.16,2,10.9,1,0.109,2,Men,Store,0.261,0.308,0,0
ZC001062,47.0,Male,Italy,Tier 1,28,94,4,264.03,66.01,0,12.6,2,0.224,6,Home,Mixed,0.531,0.162,1,1
ZC001063,27.0,Male,UK,Tier 1,20,46,1,54.7,54.7,2,5.3,3,0.588,3,Men,Mixed,0.407,0.412,0,0
ZC001064,43.0,Male,USA,Tier 2,60,45,10,938.58,93.86,5,8.7,4,0.16,6,TRF,Store,0.418,0.387,0,0
ZC001065,26.0,Male,Italy,Tier 1,21,11,1,111.17,111.17,9,7.4,2,0.385,6,Men,Mixed,0.147,0.39,0,0
ZC001066,,Female,USA,Tier 1,11,28,3,254.47,84.82,3,15.3,6,0.184,7,TRF,Store,0.42,0.197,0,0
ZC001067,21.0,Female,Spain,Tier 1,26,32,4,291.63,72.91,8,1.4,4,0.611,2,Women,Store,0.061,0.094,0,0
ZC001068,37.0,Male,UK,Tier 1,19,23,1,68.82,68.82,9,3.0,4,0.607,4,Women,Online,0.188,0.257,0,0
ZC001069,46.0,Male,France,Tier 1,7,54,1,96.91,96.91,9,1.3,7,0.76,3,TRF,Online,0.283,0.6,0,0
ZC001070,31.0,Male,Other,Tier 1,16,142,1,94.95,94.95,1,7.0,3,0.367,3,Kids,Store,0.534,0.373,0,1
ZC001071,30.0,Male,Germany,Tier 3,16,31,1,35.71,35.71,3,6.2,2,0.676,1,TRF,Online,0.072,0.432,0,0
ZC001072,21.0,Female,USA,Tier 2,17,204,1,103.06,103.06,1,4.1,4,0.694,7,Women,Online,0.229,0.138,0,1
ZC001073,30.0,Female,Other,Tier 2,8,89,1,88.5,88.5,3,2.1,2,0.645,6,Home,Mixed,0.348,0.541,0,0
ZC001074,16.0,Male,USA,Tier 1,56,113,7,566.94,80.99,5,7.4,7,0.339,8,Home,Mixed,0.382,0.279,0,0
ZC001075,23.0,Female,Other,Tier 1,5,8,1,120.51,120.51,2,2.7,2,,4,Women,Store,0.113,0.371,0,0
ZC001076,34.0,Female,USA,Tier 3,42,176,4,253.68,63.42,0,3.5,3,0.532,1,Home,Mixed,0.243,0.478,0,1
ZC001077,45.0,Female,Other,Tier 2,18,4,3,187.53,62.51,4,3.2,6,0.195,7,Kids,Online,0.132,0.297,0,0
ZC001078,60.0,Female,Other,Tier 2,9,6,1,76.26,76.26,8,9.4,2,0.24,4,Men,Online,0.205,0.219,0,0
ZC001079,26.0,Female,Other,Tier 1,50,142,4,350.72,87.68,1,4.0,5,0.151,1,Women,Online,0.187,0.675,0,1
ZC001080,,Female,Spain,Tier 2,1,270,1,58.79,58.79,1,1.3,4,0.658,1,TRF,Store,0.388,0.453,0,1
ZC001081,34.0,Female,Other,Tier 1,9,271,1,52.73,52.73,1,3.8,4,0.624,3,Women,Mixed,0.319,0.332,0,1
ZC001082,30.0,Female,Italy,Tier 1,16,82,1,76.81,76.81,0,4.0,5,0.671,1,Women,Store,0.568,0.195,0,1
ZC001083,36.0,Female,USA,Tier 2,10,44,4,264.53,66.13,4,2.9,3,0.19,2,Women,Online,0.618,0.288,0,0
ZC001084,33.0,Female,France,Tier 1,17,56,4,431.01,107.75,4,8.2,2,0.518,7,Beauty,Online,0.564,0.596,0,0
ZC001085,33.0,Male,Germany,Tier 1,27,57,5,166.58,33.32,6,2.6,1,0.28,1,Men,Mixed,0.299,0.28,0,0
ZC001086,28.0,Female,Other,Tier 1,6,67,1,90.59,90.59,1,2.4,4,0.204,5,Women,Store,0.132,0.347,0,0
ZC001087,18.0,Female,Mexico,Tier 2,22,27,3,112.24,37.41,7,22.5,3,0.314,2,Women,Store,0.119,0.293,0,0
ZC001088,17.0,Female,UK,Tier 2,29,64,1,81.82,81.82,0,2.5,3,0.488,7,Women,Mixed,0.202,0.263,0,0
ZC001089,39.0,Female,Germany,Tier 1,7,37,1,48.18,48.18,5,1.0,1,0.654,5,Women,Mixed,0.095,0.648,0,0
ZC001090,29.0,Male,USA,Tier 3,20,23,1,41.41,41.41,4,1.8,0,0.263,6,Women,Store,0.267,0.497,0,0
ZC001091,26.0,Female,UK,Tier 1,16,209,2,198.08,99.04,1,1.9,2,0.368,2,Women,Store,0.434,0.482,0,1
ZC001092,32.0,Female,Mexico,Tier 3,8,98,2,173.34,86.67,2,3.7,4,0.41,1,Beauty,Online,0.397,0.247,0,1
ZC001093,40.0,Male,Germany,Tier 2,9,97,1,72.68,72.68,1,7.1,6,0.081,5,Women,Mixed,0.49,0.092,0,0
ZC001094,34.0,Female,Mexico,Tier 3,9,69,3,212.03,70.68,2,1.6,2,0.524,5,Women,Store,0.211,0.124,1,0
ZC001095,25.0,Male,France,Tier 2,13,27,3,172.58,57.53,8,8.6,5,0.179,3,Women,Online,0.074,0.583,0,0
ZC001096,44.0,Male,UK,Tier 1,13,63,1,58.37,58.37,2,3.0,3,0.233,8,Men,Online,0.314,0.287,0,0
ZC001097,48.0,Female,Italy,Tier 1,43,263,8,538.2,67.28,1,1.4,2,0.227,4,Beauty,Store,0.407,0.238,0,0
ZC001098,37.0,Male,Spain,Tier 2,23,98,3,179.17,59.72,0,6.3,5,0.506,1,Women,Mixed,0.072,0.196,0,1
ZC001099,42.0,Female,Other,Tier 2,23,54,5,320.87,64.17,6,6.0,6,0.202,8,TRF,Store,0.465,0.491,0,0
ZC001100,44.0,Female,Other,Tier 2,20,87,1,114.96,114.96,1,2.7,1,0.089,8,Women,Online,0.408,0.357,0,0
ZC001101,43.0,Female,Other,Tier 2,21,44,5,487.12,97.42,5,2.0,2,0.15,7,Home,Online,0.077,0.297,0,0
ZC001102,38.0,Female,Other,Tier 1,24,41,3,246.97,82.32,5,5.2,2,0.213,7,Men,Store,0.407,0.241,0,0
ZC001103,38.0,Female,France,Tier 1,7,148,1,61.91,61.91,0,10.2,1,0.217,6,Beauty,Online,0.4,0.333,0,0
ZC001104,37.0,Female,France,Tier 1,17,69,1,85.08,85.08,1,4.8,4,0.407,5,Women,Store,0.311,0.276,0,1
ZC001105,21.0,Female,Other,Tier 2,9,102,1,22.81,22.81,2,7.1,4,0.389,1,Men,Mixed,0.271,0.385,0,1
ZC001106,39.0,Female,USA,Tier 2,34,66,4,270.9,67.72,0,1.9,7,0.519,6,Women,Mixed,0.433,0.536,0,1
ZC001107,18.0,Female,Other,Tier 2,12,121,1,44.81,44.81,0,2.0,5,0.044,3,Home,Store,0.468,0.078,0,1
ZC001108,24.0,Female,USA,Tier 2,24,41,2,119.97,59.98,3,4.1,0,0.084,1,Home,Store,0.186,0.352,0,0
ZC001109,45.0,Female,Other,Tier 1,27,48,1,73.73,73.73,2,4.9,4,0.25,3,Men,Store,0.233,0.145,0,1
ZC001110,40.0,Female,France,Tier 1,22,245,1,65.09,65.09,2,3.4,3,0.286,7,Home,Mixed,0.171,0.464,0,1
ZC001111,47.0,Male,Other,Tier 1,20,6,2,141.95,70.97,5,5.4,5,0.546,7,Home,Mixed,0.234,0.245,0,0
ZC001112,29.0,Female,France,Tier 1,18,118,1,88.47,88.47,3,4.4,4,0.603,6,TRF,Mixed,0.494,0.296,0,0
ZC001113,20.0,Male,Germany,Tier 2,28,75,4,440.06,110.02,1,8.2,6,0.661,6,Home,Online,0.489,0.445,0,0
ZC001114,30.0,Female,Other,Tier 2,10,51,2,133.3,66.65,9,10.7,3,0.437,2,Women,Online,0.686,0.322,0,0
ZC001115,33.0,Female,UK,Tier 3,23,28,5,291.12,58.22,6,2.6,2,0.336,5,Women,Online,0.336,0.497,0,0
ZC001116,33.0,Male,USA,Tier 1,4,169,1,77.05,77.05,0,1.0,8,0.66,3,Men,Online,0.659,0.238,0,1
ZC001117,43.0,Female,Spain,Tier 2,11,268,1,93.37,93.37,0,1.0,2,0.182,1,Home,Mixed,0.655,0.397,0,1
ZC001118,28.0,Female,Germany,Tier 2,12,47,1,76.74,76.74,9,1.1,2,0.557,4,Women,Online,0.397,0.494,0,0
ZC001119,36.0,Female,Germany,Tier 1,5,109,1,126.01,126.01,2,3.0,4,0.528,2,Men,Online,0.544,0.33,0,1
ZC001120,22.0,Female,Germany,Tier 2,20,105,2,177.37,88.68,1,1.0,6,0.593,6,TRF,Mixed,0.45,0.201,0,1
ZC001121,37.0,Female,Spain,Tier 3,10,112,1,92.04,92.04,1,4.1,4,0.69,7,Men,Online,0.29,0.27,0,0
ZC001122,32.0,Female,Spain,Tier 1,38,15,2,181.25,90.62,4,7.7,4,0.317,2,Women,Online,0.254,0.278,0,0
ZC001123,25.0,Female,Other,Tier 2,15,156,1,74.97,74.97,6,5.7,3,0.434,4,Kids,Mixed,0.475,0.269,1,1
ZC001124,30.0,Male,Italy,Tier 1,27,9,3,59.65,19.88,8,4.3,2,0.612,3,Women,Store,0.409,0.409,0,0
ZC001125,30.0,Female,Spain,Tier 1,34,104,2,179.2,89.6,0,5.8,3,0.695,4,Men,Store,0.571,0.664,0,1
ZC001126,29.0,Female,Spain,Tier 1,25,184,5,323.11,64.62,1,3.0,1,0.602,6,Women,Mixed,0.322,0.431,0,1
ZC001127,50.0,Male,USA,Tier 1,13,38,2,159.25,79.62,3,4.8,5,0.521,4,Kids,Online,0.365,0.258,0,0
ZC001128,31.0,Female,Mexico,Tier 2,18,74,1,103.21,103.21,0,3.6,1,0.069,2,Home,Store,0.245,0.173,0,0
ZC001129,30.0,Male,Italy,Tier 1,5,123,3,128.5,42.83,1,3.4,3,0.507,4,TRF,Online,0.603,0.27,0,0
ZC001130,16.0,Female,Germany,Tier 2,27,50,1,112.64,112.64,5,9.4,4,0.231,6,Home,Online,0.532,0.08,0,0
ZC001131,23.0,Female,Germany,Tier 3,60,25,4,321.18,80.3,4,14.0,2,0.295,8,Women,Store,0.433,0.067,0,0
ZC001132,29.0,Male,Other,Tier 2,32,111,1,85.72,85.72,1,1.0,3,0.52,2,Women,Online,0.262,0.221,0,1
ZC001133,25.0,Female,USA,Tier 1,13,19,1,90.8,90.8,8,6.6,6,0.128,7,Men,Mixed,0.27,0.625,0,0
ZC001134,46.0,Male,USA,Tier 1,14,4,4,137.11,34.28,4,3.6,2,0.178,5,TRF,Store,0.352,0.269,0,0
ZC001135,30.0,Female,UK,Tier 1,33,70,3,251.51,83.84,2,1.7,2,0.347,5,TRF,Mixed,0.31,0.131,0,1
ZC001136,45.0,Male,Other,Tier 1,6,50,1,39.83,39.83,8,8.4,2,0.118,2,Women,Mixed,0.538,0.071,0,0
ZC001137,33.0,Female,France,Tier 1,11,113,1,95.23,95.23,2,4.5,4,0.613,1,Men,Store,0.537,0.869,0,1
ZC001138,32.0,Female,France,Tier 2,11,75,1,52.23,52.23,4,1.7,4,0.035,7,Women,Online,0.732,0.257,0,0
ZC001139,31.0,Female,Mexico,Tier 2,3,302,1,59.82,59.82,0,5.0,4,0.227,8,Women,Store,0.342,0.156,1,1
ZC001140,32.0,Male,USA,Tier 1,24,174,2,141.18,70.59,1,3.7,4,0.574,5,Women,Online,0.29,0.521,0,1
ZC001141,49.0,Female,UK,Tier 1,13,83,3,236.43,78.81,2,5.8,3,0.317,7,TRF,Mixed,0.116,0.167,0,0
ZC001142,16.0,Female,Germany,Tier 3,13,158,2,170.33,85.16,2,10.1,0,0.4,6,Men,Store,0.251,0.142,0,1
ZC001143,16.0,Male,Other,Tier 3,20,195,1,104.68,104.68,1,4.5,4,,4,TRF,Mixed,0.284,0.305,0,1
ZC001144,27.0,Female,USA,Tier 2,5,195,1,121.16,121.16,1,7.8,10,0.355,8,Women,Store,0.465,0.306,0,1
ZC001145,32.0,Female,UK,Tier 2,17,22,1,70.13,70.13,8,1.0,4,0.335,4,Women,Store,0.424,0.213,0,0
ZC001146,39.0,Female,Other,Tier 2,5,28,1,83.73,83.73,4,1.0,0,0.347,5,Men,Mixed,0.464,0.191,0,0
ZC001147,37.0,Female,Italy,Tier 1,24,223,2,141.84,70.92,0,4.0,7,0.211,3,Kids,Store,0.125,0.392,0,1
ZC001148,28.0,Female,Germany,Tier 3,36,73,5,274.77,54.95,0,9.3,2,0.15,1,Women,Mixed,0.274,0.172,0,0
ZC001149,42.0,Female,USA,Tier 1,27,77,3,104.77,34.92,3,5.8,7,0.595,8,TRF,Store,0.354,0.361,0,0
ZC001150,,Female,USA,Tier 2,11,101,1,53.81,53.81,0,1.4,2,0.507,4,TRF,Store,0.319,0.353,0,0
ZC001151,34.0,Female,UK,Tier 1,25,58,1,64.9,64.9,10,1.5,5,0.551,1,Men,Online,0.362,0.763,0,0
ZC001152,42.0,Female,USA,Tier 2,15,241,3,179.92,59.97,2,9.8,1,0.718,2,Men,Online,0.314,0.204,0,0
ZC001153,35.0,Female,Mexico,Tier 2,19,90,2,83.0,41.5,2,2.0,4,0.139,1,Women,Store,0.151,0.413,0,0
ZC001154,26.0,Male,Italy,Tier 2,24,145,2,118.59,59.3,2,2.4,6,0.355,8,Men,Mixed,0.218,0.401,0,0
ZC001155,39.0,Female,Other,Tier 1,1,46,1,65.84,65.84,4,2.5,3,0.775,4,Men,Online,0.402,0.395,0,0
ZC001156,33.0,Female,USA,Tier 2,4,53,1,64.02,64.02,4,1.8,3,0.21,1,Men,Store,0.109,0.199,0,0
ZC001157,32.0,Female,USA,Tier 2,15,27,1,87.35,87.35,3,12.1,6,0.428,4,Women,Online,0.445,0.642,0,0
ZC001158,47.0,Female,Mexico,Tier 2,9,130,1,39.23,39.23,0,5.3,6,0.25,4,Women,Mixed,0.456,0.147,0,1
ZC001159,16.0,Male,USA,Tier 1,17,62,5,423.52,84.7,1,1.8,1,0.548,5,Kids,Store,0.283,0.23,0,0
ZC001160,18.0,Female,Spain,Tier 1,19,130,5,378.65,75.73,1,3.6,1,0.367,1,Men,Mixed,0.444,0.143,0,0
ZC001161,20.0,Male,UK,Tier 2,11,120,1,76.97,76.97,0,3.0,3,0.489,2,Women,Store,0.202,0.487,0,1
ZC001162,28.0,Male,USA,Tier 1,14,24,2,152.2,76.1,4,9.3,3,0.383,3,Women,Store,0.194,0.627,0,0
ZC001163,29.0,Male,Spain,Tier 2,8,55,1,85.6,85.6,8,5.6,1,0.397,5,Home,Mixed,0.269,0.388,0,1
ZC001164,17.0,Male,USA,Tier 1,21,21,3,104.0,34.67,8,1.2,3,0.303,5,TRF,Mixed,0.661,0.297,0,0
ZC001165,22.0,Female,Other,Tier 2,29,24,3,206.26,68.75,6,4.9,4,0.571,3,Women,Mixed,0.28,0.169,0,0
ZC001166,23.0,Male,Spain,Tier 1,5,18,1,99.33,99.33,9,4.7,2,0.547,4,Men,Online,0.452,0.368,0,0
ZC001167,57.0,Male,France,Tier 2,28,29,1,84.01,84.01,6,1.0,3,0.627,3,Women,Mixed,0.237,0.104,0,0
ZC001168,50.0,Female,France,Tier 1,23,36,5,252.06,50.41,4,1.0,4,0.304,4,Women,Online,0.224,0.149,0,0
ZC001169,28.0,Female,France,Tier 1,27,353,1,47.02,47.02,5,1.5,5,0.186,7,Women,Store,0.542,0.216,0,1
ZC001170,28.0,Female,France,Tier 1,37,50,5,503.95,100.79,6,17.7,4,0.242,3,Women,Online,0.462,0.306,0,0
ZC001171,21.0,Female,Spain,Tier 3,11,137,1,93.51,93.51,2,2.3,1,0.201,6,Kids,Mixed,0.243,0.301,0,1
ZC001172,16.0,Female,Spain,Tier 1,33,107,1,57.96,57.96,1,1.6,5,0.232,7,Kids,Online,0.486,0.397,0,0
ZC001173,31.0,Male,France,Tier 1,37,89,5,273.73,54.75,1,5.7,3,0.681,4,Beauty,Online,0.505,0.37,0,0
ZC001174,22.0,Female,Other,Tier 1,5,151,1,71.42,71.42,2,4.1,3,0.702,4,Home,Mixed,0.522,0.258,0,1
ZC001175,,Female,UK,Tier 2,19,83,1,53.01,53.01,1,2.8,1,0.667,1,Men,Online,0.627,0.476,0,0
ZC001176,16.0,Female,UK,Tier 1,19,27,3,260.44,86.81,10,5.5,6,0.509,4,Women,Store,0.604,0.094,0,0
ZC001177,24.0,Female,Other,Tier 2,39,98,2,192.1,96.05,1,1.0,3,0.163,5,Women,Online,0.213,0.514,0,1
ZC001178,33.0,Female,Mexico,Tier 1,60,120,9,458.49,50.94,1,2.4,9,0.298,3,Home,Store,0.506,0.279,1,0
ZC001179,36.0,Male,Mexico,Tier 1,27,20,1,62.4,62.4,5,4.2,2,0.136,3,TRF,Store,0.453,0.448,0,0
ZC001180,36.0,Female,France,Tier 1,57,82,3,167.08,55.69,1,11.1,1,0.047,8,Men,Store,0.497,0.167,0,0
ZC001181,19.0,Male,Other,Tier 2,10,145,3,277.54,92.51,0,4.7,2,0.305,6,Women,Store,0.06,0.073,0,0
ZC001182,41.0,Male,Germany,Tier 1,26,67,1,99.03,99.03,0,4.5,4,0.548,3,Women,Mixed,0.189,0.359,0,1
ZC001183,24.0,Male,Germany,Tier 3,17,276,1,61.28,61.28,1,4.1,4,0.581,3,Women,Store,0.089,0.465,0,0
ZC001184,38.0,Female,Mexico,Tier 1,24,37,2,172.47,86.24,8,6.8,5,0.784,7,Women,Online,0.146,0.349,1,0
ZC001185,32.0,Male,UK,Tier 2,28,51,5,512.63,102.53,5,7.2,4,0.579,5,Men,Mixed,0.242,0.331,0,0
ZC001186,18.0,Male,Other,Tier 1,31,102,2,153.65,76.82,1,1.1,6,0.197,1,Men,Online,0.491,0.438,0,1
ZC001187,29.0,Male,Other,Tier 1,14,40,1,100.24,100.24,4,22.1,2,0.912,3,Women,Mixed,0.345,0.378,0,0
ZC001188,36.0,Female,Germany,Tier 2,16,39,1,45.42,45.42,7,1.8,6,0.462,5,Women,Online,0.119,0.131,0,0
ZC001189,,Female,USA,Tier 2,29,183,1,120.11,120.11,1,2.0,2,0.496,4,Women,Online,0.221,0.075,0,0
ZC001190,31.0,Female,Mexico,Tier 2,22,52,1,67.46,67.46,1,4.8,2,0.281,4,Women,Mixed,0.069,0.242,0,0
ZC001191,47.0,Female,USA,Tier 2,11,147,3,337.82,112.61,2,2.2,5,0.599,2,Home,Mixed,0.345,0.222,0,0
ZC001192,42.0,Male,France,Tier 1,16,23,3,165.97,55.32,3,7.6,4,0.544,5,Women,Online,0.453,0.4,0,0
ZC001193,29.0,Male,Spain,Tier 3,35,51,1,41.46,41.46,5,7.6,6,0.214,6,Women,Online,0.403,0.258,0,1
ZC001194,40.0,Female,Mexico,Tier 1,8,48,1,80.0,80.0,6,3.5,1,0.04,3,Women,Online,0.266,0.462,1,0
ZC001195,51.0,Female,Other,Tier 3,17,52,3,155.93,51.98,4,4.4,3,0.234,4,Home,Mixed,0.393,0.15,0,1
ZC001196,52.0,Male,Spain,Tier 2,6,23,2,112.35,56.18,3,4.2,5,0.201,3,Women,Online,0.247,0.529,0,0
ZC001197,20.0,Female,Italy,Tier 1,37,45,3,205.78,68.59,5,2.7,7,0.423,1,Home,Mixed,0.156,0.393,0,0
ZC001198,23.0,Female,Other,Tier 2,60,66,4,344.82,86.2,1,7.3,5,0.315,6,Men,Mixed,0.181,0.317,0,0
ZC001199,47.0,Male,Spain,Tier 3,43,7,3,243.71,81.24,4,3.0,3,0.437,6,Women,Mixed,0.346,0.605,0,0
ZC001200,21.0,Male,USA,Tier 1,12,38,1,100.73,100.73,5,6.7,4,0.66,8,Women,Mixed,0.262,0.188,0,0
ZC001201,19.0,Female,UK,Tier 1,12,101,3,190.0,63.33,2,14.3,3,0.208,5,Men,Online,0.484,0.421,0,0
ZC001202,27.0,Female,Other,Tier 2,36,32,4,392.68,98.17,5,10.9,2,0.43,7,Women,Mixed,0.526,0.224,0,0
ZC001203,,Female,France,Tier 1,33,80,3,293.81,97.94,2,5.2,2,0.356,4,Women,Mixed,0.697,0.173,0,0
ZC001204,31.0,Female,Spain,Tier 1,47,30,2,93.01,46.5,4,4.7,3,0.355,4,Women,Mixed,0.488,0.346,1,0
ZC001205,25.0,Male,USA,Tier 2,18,61,1,84.17,84.17,2,1.7,6,0.571,4,Women,Online,0.289,0.171,0,0
ZC001206,,Male,UK,Tier 3,7,4,1,76.96,76.96,8,6.3,2,0.591,8,Women,Store,0.263,0.29,0,0
ZC001207,25.0,Female,Spain,Tier 1,18,99,1,57.02,57.02,3,2.2,6,0.269,3,Women,Online,0.433,0.223,0,0
ZC001208,23.0,Female,Germany,Tier 3,16,39,2,168.74,84.37,4,4.3,4,0.271,2,Women,Store,0.253,0.286,0,0
ZC001209,55.0,Female,Spain,Tier 1,60,133,8,709.24,88.66,1,8.9,3,0.638,1,Kids,Online,0.915,0.411,0,1
ZC001210,35.0,Female,Mexico,Tier 1,28,55,3,251.12,83.71,5,12.6,4,0.617,8,Men,Online,0.388,0.245,0,0
ZC001211,41.0,Female,Italy,Tier 1,4,43,1,49.0,49.0,3,7.3,2,0.373,4,TRF,Mixed,0.672,0.073,0,1
ZC001212,27.0,Female,Other,Tier 1,29,34,4,108.08,27.02,2,6.8,3,0.305,4,Women,Store,0.243,0.135,1,1
ZC001213,30.0,Male,USA,Tier 2,37,39,1,65.64,65.64,5,11.8,9,0.413,3,Men,Store,0.191,0.47,0,0
ZC001214,25.0,Female,Germany,Tier 1,33,37,4,261.39,65.35,8,4.9,1,0.355,2,TRF,Mixed,0.275,0.157,0,0
ZC001215,16.0,Male,Mexico,Tier 1,32,29,2,193.93,96.96,2,1.0,5,0.298,3,Men,Store,0.678,0.12,0,0
ZC001216,18.0,Female,France,Tier 2,22,32,3,55.74,18.58,2,4.1,3,0.504,5,Beauty,Store,0.451,0.191,0,0
ZC001217,16.0,Male,Spain,Tier 2,16,262,2,168.86,84.43,0,4.3,7,0.378,7,Men,Mixed,0.572,0.216,0,1
ZC001218,16.0,Male,Spain,Tier 2,7,57,1,81.78,81.78,6,2.7,7,0.599,6,Kids,Mixed,0.429,0.493,0,1
ZC001219,20.0,Female,Germany,Tier 2,49,7,2,215.85,107.92,7,4.1,2,0.136,6,Men,Store,0.292,0.629,0,0
ZC001220,,Female,France,Tier 3,26,7,1,102.05,102.05,6,6.8,3,0.271,3,Women,Store,0.14,0.067,0,0
ZC001221,32.0,Male,Other,Tier 2,12,267,2,92.37,46.18,1,1.1,6,0.548,3,Women,Store,0.142,0.247,0,1
ZC001222,45.0,Female,Other,Tier 3,20,54,2,101.13,50.56,7,7.5,2,0.367,4,Women,Store,0.509,0.319,0,0
ZC001223,36.0,Female,Italy,Tier 3,7,18,4,271.82,67.96,8,4.3,0,0.526,2,Home,Online,0.106,0.097,1,0
ZC001224,40.0,Female,Other,Tier 3,20,146,2,139.76,69.88,2,10.5,2,0.362,2,Women,Online,0.354,0.358,0,1
ZC001225,23.0,Male,Italy,Tier 1,41,33,5,262.36,52.47,3,1.0,5,0.334,7,TRF,Store,0.3,0.433,0,0
ZC001226,37.0,Female,Spain,Tier 1,29,64,2,153.76,76.88,1,4.0,3,0.585,7,Women,Online,0.217,0.233,0,0
ZC001227,39.0,Female,Spain,Tier 1,36,73,1,80.72,80.72,1,7.6,1,0.726,3,Women,Mixed,0.36,0.368,0,0
ZC001228,26.0,Female,Mexico,Tier 1,35,20,5,376.44,75.29,9,2.8,3,0.6,7,Women,Mixed,0.146,0.415,0,0
ZC001229,38.0,Female,USA,Tier 2,25,34,1,73.02,73.02,6,3.3,4,0.593,8,Women,Online,0.708,0.175,0,0
ZC001230,38.0,Female,Other,Tier 1,17,112,1,78.87,78.87,1,5.9,3,0.25,2,Men,Mixed,0.193,0.391,0,1
ZC001231,27.0,Male,Spain,Tier 2,14,185,1,71.04,71.04,1,6.7,6,0.279,8,Men,Online,0.286,0.115,0,1
ZC001232,21.0,Male,USA,Tier 2,47,122,4,305.09,76.27,0,6.9,5,0.457,3,Kids,Mixed,0.26,0.41,0,1
ZC001233,20.0,Female,Mexico,Tier 1,27,84,1,76.47,76.47,4,12.3,4,0.506,2,Women,Online,0.248,0.32,0,0
ZC001234,,Female,Other,Tier 3,25,43,1,59.29,59.29,7,1.3,3,,7,Men,Mixed,0.327,0.195,0,0
ZC001235,35.0,Male,Other,Tier 2,27,94,6,660.42,110.07,2,2.2,5,0.583,3,Men,Online,0.186,0.298,0,1
ZC001236,24.0,Male,Spain,Tier 2,15,109,1,111.99,111.99,1,1.5,0,0.559,8,Women,Mixed,0.332,0.113,0,0
ZC001237,32.0,Female,UK,Tier 1,24,181,1,100.48,100.48,2,2.9,1,0.696,8,Women,Mixed,0.656,0.073,0,1
ZC001238,38.0,Female,Germany,Tier 3,11,61,4,448.61,112.15,1,3.0,3,0.588,1,Home,Store,0.385,0.164,0,0
ZC001239,38.0,Female,Other,Tier 1,13,336,1,73.57,73.57,3,3.2,3,0.095,4,Kids,Online,0.352,0.162,0,1
ZC001240,48.0,Female,USA,Tier 2,29,137,7,443.22,63.32,1,1.0,6,0.599,6,Women,Online,0.593,0.707,0,1
ZC001241,45.0,Female,Germany,Tier 1,26,56,4,429.19,107.3,7,4.0,9,0.241,5,Men,Online,0.264,0.289,0,0
ZC001242,22.0,Female,Spain,Tier 1,30,158,1,83.57,83.57,2,1.0,1,0.307,7,Men,Online,0.095,0.207,0,1
ZC001243,49.0,Female,Italy,Tier 1,33,45,4,321.88,80.47,7,2.2,5,0.422,7,Women,Online,0.129,0.38,0,0
ZC001244,27.0,Male,Spain,Tier 2,15,33,1,123.79,123.79,7,2.2,1,0.257,4,Women,Mixed,0.333,0.543,0,1
ZC001245,42.0,Male,Other,Tier 3,19,8,1,44.69,44.69,4,3.9,5,0.381,5,Home,Online,0.394,0.092,0,0
ZC001246,33.0,Male,Spain,Tier 2,29,258,1,74.24,74.24,1,6.6,1,0.423,2,Women,Online,0.427,0.233,0,1
ZC001247,28.0,Female,Italy,Tier 2,10,43,1,52.99,52.99,8,4.8,3,0.354,2,Men,Online,0.27,0.335,0,0
ZC001248,16.0,Female,Mexico,Tier 1,1,108,2,167.44,83.72,3,20.5,4,0.572,7,Women,Store,0.391,0.149,0,1
ZC001249,30.0,Female,USA,Tier 3,5,139,1,58.72,58.72,0,1.4,2,0.66,3,Women,Online,0.271,0.277,0,1
ZC001250,16.0,Male,USA,Tier 1,13,45,1,93.92,93.92,7,8.2,5,0.415,7,Men,Online,0.369,0.452,0,0
ZC001251,42.0,Female,Germany,Tier 3,15,49,2,157.51,78.76,6,10.7,2,0.638,3,Men,Store,0.283,0.15,0,0
ZC001252,47.0,Female,Germany,Tier 2,24,7,1,69.48,69.48,6,7.8,2,0.735,6,Home,Store,0.494,0.298,0,0
ZC001253,24.0,Male,Italy,Tier 1,38,21,5,227.39,45.48,5,6.0,4,0.59,3,Men,Online,0.118,0.088,0,0
ZC001254,35.0,Male,Germany,Tier 1,16,11,1,69.39,69.39,9,9.3,6,0.343,3,Women,Online,0.399,0.509,1,0
ZC001255,25.0,Female,USA,Tier 2,12,308,3,211.99,70.66,3,3.6,5,0.492,1,Women,Mixed,0.07,0.107,1,1
ZC001256,26.0,Male,Other,Tier 3,7,53,2,187.59,93.8,2,11.2,4,0.441,6,Kids,Store,0.28,0.486,0,0
ZC001257,40.0,Female,USA,Tier 2,11,32,2,149.89,74.94,8,1.3,2,0.574,7,Women,Mixed,0.553,0.223,0,0
ZC001258,32.0,Female,France,Tier 3,11,41,1,60.71,60.71,5,6.2,5,0.657,7,Kids,Store,0.23,0.559,0,1
ZC001259,49.0,Female,Other,Tier 3,21,63,2,42.02,21.01,0,5.9,5,0.486,3,Kids,Online,0.221,0.133,0,0
ZC001260,27.0,Female,Other,Tier 1,11,27,3,260.48,86.83,7,6.4,2,0.198,4,Women,Online,0.242,0.125,0,0
ZC001261,42.0,Male,USA,Tier 1,15,105,1,48.56,48.56,1,9.4,4,0.256,5,Women,Online,0.163,0.465,0,0
ZC001262,33.0,Female,USA,Tier 2,14,139,1,58.98,58.98,1,12.6,4,0.551,1,TRF,Mixed,0.275,0.047,0,1
ZC001263,40.0,Female,Germany,Tier 1,19,54,1,97.63,97.63,5,7.4,5,,5,Women,Online,0.297,0.164,0,0
ZC001264,28.0,Male,USA,Tier 2,28,35,1,96.34,96.34,5,7.2,2,0.58,4,Home,Online,0.451,0.267,0,0
ZC001265,32.0,Female,Italy,Tier 1,24,44,1,81.86,81.86,5,3.3,3,0.535,6,Women,Online,0.311,0.214,0,0
ZC001266,31.0,Female,France,Tier 2,9,22,1,75.34,75.34,5,2.5,1,0.507,5,Women,Mixed,0.551,0.164,0,0
ZC001267,24.0,Female,USA,Tier 1,13,50,3,261.9,87.3,9,4.7,5,0.209,8,Women,Mixed,0.271,0.554,0,0
ZC001268,39.0,Female,UK,Tier 2,31,114,4,69.85,17.46,1,7.0,4,0.195,3,Men,Mixed,0.475,0.269,0,0
ZC001269,39.0,Female,Italy,Tier 1,36,217,1,86.57,86.57,2,6.4,3,0.701,5,Women,Online,0.449,0.161,0,1
ZC001270,38.0,Female,Mexico,Tier 2,6,84,1,26.99,26.99,3,1.0,3,0.356,8,Women,Mixed,0.505,0.184,0,1
ZC001271,47.0,Male,USA,Tier 1,5,112,1,71.14,71.14,2,5.9,4,0.373,7,Women,Online,0.437,0.352,0,1
ZC001272,46.0,Female,Spain,Tier 2,48,55,5,449.98,90.0,4,4.3,5,0.276,6,Men,Online,0.55,0.426,0,0
ZC001273,28.0,Female,USA,Tier 1,7,151,1,59.35,59.35,0,6.1,6,0.484,4,Home,Store,0.576,0.373,0,1
ZC001274,36.0,Female,Germany,Tier 2,10,28,1,78.21,78.21,7,2.3,7,0.075,2,Women,Store,0.094,0.212,0,0
ZC001275,26.0,Male,Mexico,Tier 2,15,15,1,18.15,18.15,14,16.4,5,0.06,5,TRF,Mixed,0.055,0.356,0,0
ZC001276,32.0,Female,Other,Tier 1,10,52,1,41.84,41.84,5,8.8,3,0.371,7,Women,Mixed,0.405,0.423,0,0
ZC001277,26.0,Female,Other,Tier 1,10,93,4,228.98,57.24,0,3.7,5,0.588,5,Men,Online,0.251,0.408,0,1
ZC001278,48.0,Male,France,Tier 1,10,14,1,62.04,62.04,7,3.2,2,0.252,4,Women,Mixed,0.37,0.461,0,0
ZC001279,36.0,Female,Other,Tier 2,21,246,3,219.12,73.04,3,6.9,3,0.318,5,Home,Store,0.182,0.568,0,0
ZC001280,30.0,Female,USA,Tier 1,5,23,2,249.13,124.56,7,4.3,6,0.599,1,Women,Online,0.357,0.497,0,0
ZC001281,44.0,Female,France,Tier 1,31,40,1,106.48,106.48,4,8.7,3,0.573,8,Home,Online,0.2,0.443,0,0
ZC001282,16.0,Female,France,Tier 1,6,93,1,97.45,97.45,3,4.6,4,0.735,3,Beauty,Store,0.309,0.547,0,0
ZC001283,16.0,Male,Mexico,Tier 1,45,82,2,158.34,79.17,2,8.3,2,0.342,1,Men,Store,0.23,0.365,0,1
ZC001284,40.0,Female,Mexico,Tier 1,13,155,3,145.72,48.57,3,7.7,2,0.428,7,Men,Online,0.156,0.738,0,1
ZC001285,33.0,Female,USA,Tier 1,12,117,1,105.44,105.44,0,4.4,5,,5,Women,Mixed,0.568,0.248,0,1
ZC001286,35.0,Female,Other,Tier 2,4,24,2,193.24,96.62,6,1.8,1,0.257,3,Men,Store,0.431,0.667,0,0
ZC001287,19.0,Female,Other,Tier 2,3,41,4,362.19,90.55,6,1.0,5,0.56,8,Home,Online,0.318,0.194,0,0
ZC001288,,Female,Other,Tier 1,18,100,5,529.64,105.93,2,8.2,5,0.168,8,Men,Mixed,0.646,0.271,0,0
ZC001289,52.0,Male,UK,Tier 3,4,54,1,86.22,86.22,10,1.4,4,0.377,4,Kids,Mixed,0.564,0.426,0,0
ZC001290,40.0,Female,Other,Tier 1,10,23,1,97.01,97.01,3,3.6,2,0.666,7,TRF,Online,0.507,0.304,0,0
ZC001291,34.0,Male,Mexico,Tier 2,27,4,1,57.25,57.25,8,5.3,1,0.283,4,Beauty,Mixed,0.464,0.335,0,0
ZC001292,28.0,Male,Germany,Tier 2,20,184,4,197.98,49.5,2,9.4,5,0.374,3,Men,Mixed,0.333,0.318,1,1
ZC001293,28.0,Female,UK,Tier 1,14,39,3,163.45,54.48,4,2.3,5,0.74,4,Women,Mixed,0.61,0.206,0,1
ZC001294,16.0,Male,Other,Tier 2,19,99,3,51.3,17.1,2,8.6,8,0.345,5,Women,Online,0.412,0.275,0,1
ZC001295,35.0,Male,Mexico,Tier 1,27,25,3,209.55,69.85,4,5.4,3,0.58,2,Women,Mixed,0.398,0.595,0,0
ZC001296,40.0,Female,Germany,Tier 3,13,85,1,94.35,94.35,2,1.0,3,0.502,1,Women,Mixed,0.497,0.109,0,0
ZC001297,16.0,Female,Other,Tier 2,31,6,3,336.82,112.27,11,4.9,3,0.182,3,Home,Store,0.186,0.523,0,0
ZC001298,25.0,Female,USA,Tier 1,18,25,2,129.05,64.53,7,1.7,3,0.218,2,Kids,Mixed,0.296,0.157,0,0
ZC001299,20.0,Female,Germany,Tier 1,35,46,3,191.76,63.92,3,1.0,2,0.187,8,Men,Online,0.309,0.552,0,0
ZC001300,22.0,Male,USA,Tier 2,19,28,1,72.99,72.99,7,9.1,3,0.034,4,Women,Mixed,0.155,0.411,1,0
ZC001301,33.0,Female,UK,Tier 1,6,33,4,329.43,82.36,10,1.3,1,0.301,2,Home,Mixed,0.487,0.438,0,0
ZC001302,16.0,Female,USA,Tier 1,10,121,1,48.01,48.01,1,2.4,4,0.696,3,TRF,Online,0.201,0.127,0,0
ZC001303,38.0,Female,USA,Tier 3,17,39,1,63.29,63.29,7,9.4,5,0.324,2,Men,Store,0.44,0.358,0,0
ZC001304,40.0,Female,UK,Tier 1,60,20,8,461.47,57.68,5,7.0,2,0.451,1,Men,Store,0.085,0.159,0,0
ZC001305,29.0,Male,Spain,Tier 1,9,40,3,262.02,87.34,4,3.2,2,0.703,2,Men,Online,0.215,0.293,0,0
ZC001306,16.0,Male,Spain,Tier 1,60,48,2,85.14,42.57,4,3.4,10,0.747,3,Men,Store,0.29,0.677,0,0
ZC001307,22.0,Male,Italy,Tier 2,33,44,1,72.27,72.27,6,4.4,1,0.107,1,Women,Online,0.23,0.086,0,0
ZC001308,44.0,Female,USA,Tier 2,34,47,1,87.8,87.8,6,1.0,5,0.587,5,Beauty,Store,0.259,0.084,0,0
ZC001309,16.0,Female,Spain,Tier 2,27,12,2,96.41,48.2,9,1.0,3,0.548,3,Women,Mixed,0.473,0.193,0,0
ZC001310,29.0,Male,Spain,Tier 3,60,74,5,306.28,61.26,3,4.8,1,0.211,6,Men,Store,0.528,0.122,0,0
ZC001311,20.0,Female,USA,Tier 1,11,51,1,56.93,56.93,10,7.0,6,0.631,5,Women,Online,0.176,0.082,0,0
ZC001312,40.0,Male,Spain,Tier 1,32,180,4,465.81,116.45,1,1.3,1,0.372,2,Women,Mixed,0.676,0.189,1,1
ZC001313,25.0,Female,Other,Tier 1,6,129,1,93.78,93.78,1,3.6,6,0.301,8,Kids,Store,0.632,0.127,0,1
ZC001314,36.0,Female,France,Tier 1,11,25,3,310.37,103.46,8,8.8,3,0.229,4,Beauty,Online,0.309,0.028,0,0
ZC001315,38.0,Female,UK,Tier 1,29,24,4,375.18,93.8,10,4.4,1,0.489,1,Men,Store,0.245,0.252,0,0
ZC001316,50.0,Female,France,Tier 1,34,132,1,94.24,94.24,2,7.1,4,0.492,6,Women,Store,0.365,0.045,0,1
ZC001317,30.0,Female,Spain,Tier 2,24,21,2,192.48,96.24,5,2.6,1,0.565,8,Women,Online,0.514,0.521,0,0
ZC001318,36.0,Male,Italy,Tier 1,3,22,1,111.48,111.48,7,5.0,1,0.341,8,Women,Online,0.32,0.145,0,0
ZC001319,17.0,Female,Other,Tier 3,9,79,1,76.97,76.97,1,11.0,4,0.295,4,Kids,Store,0.499,0.064,0,0
ZC001320,44.0,Female,Spain,Tier 3,6,33,1,20.25,20.25,8,2.5,4,,7,Men,Mixed,0.243,0.251,0,0
ZC001321,24.0,Male,USA,Tier 1,16,80,1,76.86,76.86,2,2.3,6,0.349,1,Women,Store,0.503,0.353,0,1
ZC001322,26.0,Female,Germany,Tier 3,5,7,1,89.55,89.55,4,2.9,3,0.438,4,Men,Online,0.277,0.324,1,1
ZC001323,32.0,Female,USA,Tier 2,11,39,2,157.51,78.76,3,1.7,4,,7,Beauty,Store,0.227,0.329,0,0
ZC001324,16.0,Male,Spain,Tier 1,11,143,1,101.33,101.33,3,3.5,0,0.334,4,Men,Online,0.11,0.65,0,1
ZC001325,34.0,Male,Italy,Tier 2,40,24,7,389.36,55.62,3,4.3,4,0.4,1,Men,Online,0.366,0.594,0,0
ZC001326,42.0,Female,Germany,Tier 1,12,35,3,316.11,105.37,5,7.5,3,0.356,1,Women,Online,0.302,0.448,0,0
ZC001327,,Male,USA,Tier 1,60,47,3,148.53,49.51,6,4.0,5,0.484,6,Men,Online,0.293,0.189,1,0
ZC001328,16.0,Female,Other,Tier 2,13,36,1,95.61,95.61,4,4.5,5,0.5,2,Women,Store,0.496,0.223,0,0
ZC001329,31.0,Female,Spain,Tier 2,26,7,2,129.89,64.94,5,5.0,0,0.282,7,Home,Online,0.205,0.48,0,0
ZC001330,39.0,Female,USA,Tier 1,21,134,2,103.06,51.53,0,2.7,2,0.239,2,TRF,Store,0.338,0.632,0,1
ZC001331,16.0,Female,Italy,Tier 2,19,50,3,195.98,65.33,3,4.7,1,0.275,6,Home,Store,0.124,0.414,1,0
ZC001332,21.0,Female,Germany,Tier 3,32,86,4,184.67,46.17,0,1.2,7,0.169,2,Women,Online,0.635,0.307,0,1
ZC001333,41.0,Female,Germany,Tier 1,17,151,3,291.32,97.11,0,15.7,4,0.303,5,Kids,Online,0.428,0.271,0,0
ZC001334,35.0,Male,Italy,Tier 1,11,34,1,71.63,71.63,7,6.0,5,0.361,8,Men,Store,0.251,0.355,0,0
ZC001335,36.0,Female,Germany,Tier 1,29,75,2,167.49,83.74,0,7.3,4,0.516,3,Men,Mixed,0.282,0.242,0,0
ZC001336,51.0,Female,Other,Tier 3,8,2,1,79.88,79.88,6,3.6,2,0.606,6,Women,Online,0.236,0.325,0,0
ZC001337,37.0,Male,France,Tier 1,13,57,1,79.8,79.8,7,1.3,4,0.558,6,Women,Online,0.435,0.412,0,0
ZC001338,39.0,Male,UK,Tier 1,32,10,4,284.41,71.1,7,12.7,5,0.24,8,Men,Online,0.334,0.571,0,0
ZC001339,59.0,Female,Mexico,Tier 2,16,87,3,303.32,101.11,0,3.8,1,0.354,5,Men,Online,0.587,0.157,0,1
ZC001340,30.0,Male,USA,Tier 1,24,102,1,131.61,131.61,1,3.4,5,0.361,3,Home,Mixed,0.324,0.251,0,1
ZC001341,24.0,Male,Mexico,Tier 1,22,28,2,115.06,57.53,12,1.0,4,0.658,1,Men,Mixed,0.368,0.346,0,0
ZC001342,36.0,Female,USA,Tier 3,12,96,1,103.35,103.35,4,3.7,2,0.604,2,Women,Store,0.594,0.34,0,1
ZC001343,36.0,Female,France,Tier 2,16,43,1,64.13,64.13,5,9.3,8,0.484,6,Home,Store,0.151,0.552,0,0
ZC001344,27.0,Female,Italy,Tier 1,7,171,1,57.95,57.95,3,2.2,6,0.127,5,Women,Online,0.565,0.381,0,1
ZC001345,22.0,Female,Germany,Tier 3,36,13,4,331.72,82.93,8,2.0,2,0.093,8,Women,Mixed,0.148,0.573,0,0
ZC001346,55.0,Female,Spain,Tier 1,14,50,7,336.31,48.04,7,4.3,4,0.335,3,Men,Mixed,0.352,0.352,0,0
ZC001347,35.0,Female,UK,Tier 1,37,71,4,322.78,80.69,1,3.6,3,0.201,4,Women,Online,0.08,0.173,0,0
ZC001348,25.0,Male,Mexico,Tier 1,15,115,6,575.96,95.99,2,3.2,1,0.383,4,Men,Store,0.483,0.082,0,0
ZC001349,41.0,Female,Other,Tier 1,26,107,5,381.29,76.26,0,2.2,0,0.525,7,Women,Store,0.383,0.265,0,0
ZC001350,31.0,Female,UK,Tier 2,8,38,1,73.03,73.03,7,3.6,4,0.577,5,Men,Store,0.27,0.258,0,0
ZC001351,29.0,Male,Spain,Tier 1,34,44,4,238.33,59.58,9,6.8,4,0.554,8,Women,Online,0.575,0.089,0,0
ZC001352,38.0,Male,USA,Tier 1,16,23,3,272.75,90.92,8,1.0,4,0.348,6,Men,Mixed,0.295,0.105,0,0
ZC001353,19.0,Male,France,Tier 3,12,156,2,151.61,75.81,1,9.4,7,0.146,3,Kids,Mixed,0.47,0.174,0,0
ZC001354,36.0,Female,Spain,Tier 1,7,212,1,115.41,115.41,2,8.1,5,0.325,8,Women,Online,0.58,0.093,0,1
ZC001355,51.0,Female,Other,Tier 1,60,5,5,498.73,99.75,5,3.1,2,0.547,2,Kids,Store,0.593,0.36,1,0
ZC001356,37.0,Female,France,Tier 1,6,130,4,195.74,48.94,1,7.7,2,0.6,1,Women,Online,0.4,0.192,0,1
ZC001357,28.0,Female,UK,Tier 2,60,102,2,107.95,53.98,4,2.8,0,0.418,1,TRF,Mixed,0.268,0.206,0,0
ZC001358,27.0,Female,UK,Tier 1,49,1,6,429.39,71.56,6,9.5,4,0.505,7,Beauty,Mixed,0.632,0.418,0,0
ZC001359,28.0,Male,Spain,Tier 1,5,122,3,160.92,53.64,3,2.9,1,0.553,3,Home,Store,0.423,0.362,0,1
ZC001360,29.0,Male,France,Tier 3,17,178,1,60.37,60.37,1,2.8,3,0.251,8,Men,Mixed,0.326,0.315,0,0
ZC001361,28.0,Female,UK,Tier 1,16,112,1,58.53,58.53,3,1.0,4,0.791,1,Men,Mixed,0.552,0.255,0,1
ZC001362,41.0,Female,USA,Tier 3,17,21,1,128.44,128.44,5,2.7,2,0.361,8,Women,Mixed,0.397,0.243,1,0
ZC001363,16.0,Female,Germany,Tier 2,22,241,4,385.55,96.39,0,2.2,4,0.448,5,Women,Mixed,0.165,0.249,0,1
ZC001364,41.0,Female,UK,Tier 2,38,137,3,159.55,53.18,0,5.7,4,0.26,7,Men,Store,0.508,0.208,0,1
ZC001365,28.0,Male,France,Tier 1,7,22,1,36.28,36.28,7,4.1,3,0.306,7,Men,Online,0.737,0.35,0,0
ZC001366,36.0,Female,Other,Tier 3,16,90,1,56.03,56.03,0,3.7,0,0.502,3,Men,Store,0.339,0.217,0,0
ZC001367,21.0,Male,USA,Tier 1,12,85,2,99.11,49.56,1,4.1,4,0.433,7,Kids,Store,0.198,0.031,0,0
ZC001368,45.0,Female,UK,Tier 1,11,13,1,99.37,99.37,5,13.1,1,0.301,1,Beauty,Online,0.386,0.122,0,1
ZC001369,44.0,Female,Other,Tier 2,18,64,5,368.32,73.66,2,2.1,2,0.488,3,Men,Online,0.331,0.253,0,0
ZC001370,42.0,Male,USA,Tier 1,15,81,1,55.83,55.83,1,1.0,4,,7,Beauty,Online,0.472,0.215,0,0
ZC001371,17.0,Female,UK,Tier 1,2,36,2,169.85,84.92,4,3.5,2,0.202,2,Home,Mixed,0.352,0.16,1,0
ZC001372,40.0,Female,Mexico,Tier 2,22,194,1,50.46,50.46,0,5.5,2,0.313,4,Men,Online,0.261,0.176,0,1
ZC001373,36.0,Female,Germany,Tier 1,3,47,1,69.21,69.21,7,1.3,3,0.488,6,Kids,Store,0.578,0.152,0,1
ZC001374,16.0,Female,Other,Tier 1,35,96,2,241.74,120.87,2,19.6,3,0.595,4,Kids,Store,0.256,0.165,0,1
ZC001375,32.0,Female,UK,Tier 1,19,62,1,56.66,56.66,0,12.2,5,0.315,5,Women,Mixed,0.312,0.392,1,1
ZC001376,36.0,Female,UK,Tier 1,14,28,4,339.03,84.76,5,8.6,1,0.637,3,Women,Mixed,0.146,0.324,0,0
ZC001377,38.0,Female,Spain,Tier 2,5,76,1,62.8,62.8,0,3.6,8,0.427,8,Kids,Online,0.41,0.347,0,0
ZC001378,,Female,USA,Tier 2,22,55,1,55.2,55.2,9,11.8,4,0.502,1,Women,Store,0.779,0.377,0,0
ZC001379,35.0,Female,France,Tier 1,17,238,1,92.31,92.31,4,3.2,3,0.342,1,Men,Mixed,0.231,0.382,0,1
ZC001380,47.0,Male,USA,Tier 1,18,132,1,56.96,56.96,2,1.0,3,0.568,5,Women,Store,0.155,0.055,0,0
ZC001381,44.0,Male,UK,Tier 1,20,8,1,78.54,78.54,3,4.5,5,0.649,5,Men,Mixed,0.435,0.261,0,0
ZC001382,16.0,Female,USA,Tier 1,27,26,5,322.49,64.5,10,8.8,4,0.248,5,Women,Store,0.264,0.276,0,0
ZC001383,29.0,Female,Spain,Tier 1,22,22,2,211.44,105.72,10,2.5,3,0.282,8,Kids,Mixed,0.246,0.167,0,0
ZC001384,30.0,Female,UK,Tier 2,47,1,5,326.33,65.27,3,6.8,6,0.481,3,Men,Mixed,0.455,0.1,0,0
ZC001385,16.0,Female,Germany,Tier 1,27,104,3,141.48,47.16,6,2.7,2,0.355,7,Beauty,Mixed,0.206,0.327,0,0
ZC001386,33.0,Female,USA,Tier 2,21,87,1,73.01,73.01,1,4.8,5,0.691,1,Women,Online,0.537,0.192,0,0
ZC001387,,Male,Mexico,Tier 1,18,17,3,255.49,85.16,8,1.0,4,0.323,7,Women,Online,0.252,0.152,0,0
ZC001388,21.0,Female,Spain,Tier 1,8,18,1,106.67,106.67,6,1.2,1,0.462,6,TRF,Store,0.196,0.298,0,0
ZC001389,35.0,Female,Spain,Tier 1,5,3,2,121.0,60.5,5,3.0,2,0.061,3,Kids,Online,0.11,0.039,0,0
ZC001390,23.0,Male,Other,Tier 1,1,24,1,92.35,92.35,7,9.2,8,0.533,5,Men,Store,0.18,0.805,0,1
ZC001391,25.0,Male,Other,Tier 2,26,84,1,64.26,64.26,2,1.1,3,0.661,7,Women,Store,0.284,0.453,0,0
ZC001392,47.0,Female,UK,Tier 2,17,260,1,107.85,107.85,1,1.7,4,0.231,1,Kids,Store,0.354,0.071,0,1
ZC001393,27.0,Female,UK,Tier 3,28,9,3,302.63,100.88,4,3.1,1,0.476,5,Women,Store,0.459,0.329,0,0
ZC001394,37.0,Male,Other,Tier 1,45,77,1,93.53,93.53,1,2.8,4,0.365,1,Home,Mixed,0.178,0.136,0,0
ZC001395,16.0,Female,France,Tier 1,16,288,6,617.96,102.99,1,7.8,3,0.651,4,Men,Online,0.368,0.468,0,1
ZC001396,51.0,Male,Spain,Tier 3,6,50,3,286.77,95.59,8,8.4,0,0.257,5,Women,Store,0.47,0.474,0,0
ZC001397,38.0,Male,Spain,Tier 2,33,49,5,342.29,68.46,4,5.9,2,0.437,1,Men,Online,0.198,0.277,0,0
ZC001398,30.0,Female,Spain,Tier 1,15,60,4,188.87,47.22,1,8.0,1,0.344,4,Men,Online,0.388,0.47,0,0
ZC001399,38.0,Female,Mexico,Tier 1,11,53,2,133.44,66.72,14,3.1,4,0.527,5,Women,Online,0.233,0.507,0,0
ZC001400,18.0,Female,Germany,Tier 1,10,109,1,83.72,83.72,3,8.0,4,0.239,6,Women,Store,0.512,0.08,0,1
ZC001401,44.0,Female,USA,Tier 1,26,359,3,312.46,104.15,2,3.7,5,,1,Men,Store,0.269,0.128,0,1
ZC001402,29.0,Female,USA,Tier 2,26,27,1,90.6,90.6,8,7.0,5,0.199,1,Women,Mixed,0.176,0.675,0,0
ZC001403,30.0,Male,Spain,Tier 1,39,12,3,222.51,74.17,7,4.4,4,0.108,1,Men,Online,0.254,0.525,0,0
ZC001404,27.0,Male,Italy,Tier 3,7,19,2,255.55,127.78,5,1.0,5,0.5,2,Women,Mixed,0.408,0.126,0,0
ZC001405,26.0,Male,Other,Tier 1,7,116,1,67.7,67.7,2,5.7,4,0.604,7,Men,Mixed,0.714,0.547,1,1
ZC001406,39.0,Male,France,Tier 2,20,70,1,99.02,99.02,3,7.0,4,0.602,7,TRF,Online,0.478,0.505,0,1
ZC001407,35.0,Male,Mexico,Tier 1,22,133,4,491.51,122.88,0,8.4,7,0.236,3,Men,Online,0.219,0.209,0,0
ZC001408,39.0,Female,USA,Tier 2,35,5,1,61.96,61.96,4,1.0,2,0.594,4,Kids,Store,0.125,0.461,0,0
ZC001409,32.0,Female,Germany,Tier 3,37,47,2,175.75,87.88,10,3.1,5,0.593,5,Women,Online,0.488,0.218,0,0
ZC001410,37.0,Female,UK,Tier 1,19,105,1,42.87,42.87,2,6.7,2,0.699,5,Women,Store,0.785,0.559,0,1
ZC001411,28.0,Female,Spain,Tier 1,38,5,4,297.07,74.27,10,4.2,4,0.49,6,Men,Store,0.606,0.23,0,0
ZC001412,54.0,Female,France,Tier 1,17,77,3,247.63,82.54,4,9.5,1,0.627,8,Women,Online,0.531,0.176,0,0
ZC001413,16.0,Female,Other,Tier 1,17,49,1,63.19,63.19,5,1.1,4,0.287,4,Home,Mixed,0.483,0.259,0,0
ZC001414,45.0,Female,Spain,Tier 2,15,212,1,87.7,87.7,3,1.6,1,0.424,3,Women,Online,0.612,0.281,0,1
ZC001415,46.0,Female,UK,Tier 2,7,10,3,214.29,71.43,9,3.5,1,0.71,2,Men,Online,0.19,0.356,0,0
ZC001416,23.0,Male,Other,Tier 2,4,142,1,83.24,83.24,1,1.0,2,0.097,5,Women,Store,0.162,0.209,0,0
ZC001417,54.0,Female,Mexico,Tier 1,20,37,2,60.98,30.49,10,1.0,2,0.466,6,Women,Mixed,0.493,0.216,0,0
ZC001418,42.0,Female,France,Tier 2,34,5,3,357.04,119.01,6,3.8,3,0.301,3,Women,Store,0.394,0.172,0,0
ZC001419,42.0,Female,USA,Tier 2,11,29,1,58.38,58.38,8,5.7,8,0.154,5,Home,Online,0.437,0.69,0,0
ZC001420,32.0,Female,Other,Tier 1,36,128,3,204.95,68.32,3,2.1,5,0.147,5,Beauty,Mixed,0.452,0.542,1,1
ZC001421,30.0,Female,USA,Tier 3,43,119,3,120.98,40.33,2,9.7,3,0.364,2,TRF,Store,0.425,0.335,0,0
ZC001422,30.0,Female,USA,Tier 1,13,96,1,61.04,61.04,1,1.5,3,0.756,4,Women,Online,0.298,0.416,0,1
ZC001423,36.0,Female,Spain,Tier 1,3,19,1,70.54,70.54,6,10.1,2,0.203,4,Men,Online,0.222,0.367,0,0
ZC001424,46.0,Female,UK,Tier 2,15,217,2,183.61,91.8,2,5.9,4,0.491,2,Women,Online,0.353,0.496,0,1
ZC001425,34.0,Female,Germany,Tier 1,7,60,1,64.88,64.88,4,11.6,7,0.038,6,Kids,Mixed,0.305,0.496,0,0
ZC001426,23.0,Male,Other,Tier 1,34,47,3,242.89,80.96,4,4.1,2,0.271,8,Men,Store,0.076,0.24,0,0
ZC001427,40.0,Male,UK,Tier 1,20,59,3,283.82,94.61,4,3.2,3,0.839,5,Kids,Online,0.168,0.246,0,0
ZC001428,41.0,Female,Other,Tier 3,3,12,1,51.6,51.6,6,4.4,4,0.275,2,Men,Online,0.371,0.245,0,0
ZC001429,39.0,Female,Germany,Tier 1,24,5,3,110.8,36.93,7,1.6,7,0.319,2,Men,Store,0.195,0.163,0,0
ZC001430,39.0,Female,Germany,Tier 1,35,50,5,266.35,53.27,8,8.4,3,0.525,2,Home,Online,0.286,0.273,0,0
ZC001431,29.0,Male,USA,Tier 1,19,3,2,194.77,97.38,4,5.0,6,0.531,7,Women,Online,0.315,0.253,0,0
ZC001432,23.0,Female,USA,Tier 1,12,124,1,62.91,62.91,1,3.5,0,0.501,2,TRF,Mixed,0.288,0.353,0,0
ZC001433,23.0,Male,France,Tier 1,23,186,1,52.64,52.64,1,10.4,3,0.267,6,Men,Mixed,0.246,0.368,0,1
ZC001434,16.0,Male,Italy,Tier 3,50,342,4,373.2,93.3,3,3.7,3,0.305,2,Men,Store,0.26,0.722,0,1
ZC001435,34.0,Female,USA,Tier 2,39,26,4,407.3,101.82,5,1.9,2,0.233,4,Women,Mixed,0.048,0.157,0,0
ZC001436,31.0,Female,France,Tier 3,6,119,1,51.74,51.74,1,2.4,4,0.715,7,Women,Online,0.542,0.155,0,1
ZC001437,28.0,Female,USA,Tier 2,20,114,1,80.88,80.88,0,1.7,3,0.313,4,Men,Mixed,0.464,0.126,1,1
ZC001438,,Female,UK,Tier 1,8,52,2,165.75,82.88,11,13.4,1,0.346,8,Women,Mixed,0.41,0.13,0,0
ZC001439,20.0,Female,USA,Tier 1,12,91,2,110.42,55.21,3,7.9,9,0.104,5,Women,Store,0.354,0.15,0,1
ZC001440,43.0,Male,Spain,Tier 1,41,165,4,129.15,32.29,0,3.2,3,0.361,6,Men,Mixed,0.263,0.31,0,1
ZC001441,25.0,Female,USA,Tier 1,20,40,1,98.02,98.02,2,2.8,5,0.609,3,Women,Store,0.39,0.245,0,1
ZC001442,36.0,Female,Other,Tier 2,8,99,1,72.06,72.06,2,8.1,8,0.358,7,TRF,Online,0.084,0.051,0,0
ZC001443,18.0,Female,Mexico,Tier 1,14,88,1,74.25,74.25,0,2.0,7,0.288,7,Kids,Online,0.399,0.636,0,0
ZC001444,46.0,Male,Spain,Tier 2,29,73,2,94.25,47.12,4,3.0,4,0.51,5,Women,Mixed,0.373,0.065,0,0
ZC001445,31.0,Female,Spain,Tier 1,12,23,5,691.61,138.32,9,14.7,3,0.416,6,Men,Store,0.533,0.393,0,0
ZC001446,35.0,Female,France,Tier 1,21,17,3,170.78,56.93,7,1.1,3,,5,Women,Store,0.268,0.377,0,0
ZC001447,55.0,Female,USA,Tier 3,12,41,2,132.4,66.2,4,2.6,3,0.128,6,Kids,Store,0.145,0.643,0,0
ZC001448,47.0,Female,Other,Tier 1,13,125,1,87.99,87.99,0,2.5,5,0.659,5,Kids,Store,0.39,0.245,0,1
ZC001449,29.0,Male,France,Tier 1,44,74,7,594.03,84.86,2,2.8,2,0.393,6,Women,Online,0.33,0.486,0,0
ZC001450,,Male,Other,Tier 1,20,97,2,150.01,75.0,2,2.0,3,0.665,4,Women,Store,0.344,0.568,0,0
ZC001451,29.0,Male,Spain,Tier 1,26,90,1,53.56,53.56,0,1.7,4,0.332,8,Women,Mixed,0.222,0.048,0,0
ZC001452,37.0,Male,Other,Tier 1,19,323,1,46.09,46.09,2,4.0,5,0.331,4,Women,Online,0.311,0.377,1,1
ZC001453,31.0,Female,Mexico,Tier 3,5,114,1,83.37,83.37,1,5.7,3,0.417,5,Women,Store,0.394,0.239,0,1
ZC001454,28.0,Female,Italy,Tier 3,7,22,1,75.38,75.38,7,15.3,4,0.639,5,Women,Store,0.353,0.435,0,0
ZC001455,,Female,Other,Tier 2,44,51,6,638.66,106.44,9,1.0,1,0.538,5,Women,Online,0.508,0.29,0,0
ZC001456,31.0,Female,UK,Tier 2,41,135,1,52.34,52.34,3,4.5,3,0.567,7,Women,Mixed,0.23,0.158,0,0
ZC001457,,Female,Spain,Tier 1,19,4,2,147.36,73.68,8,5.8,3,0.787,1,Men,Store,0.23,0.135,0,0
ZC001458,33.0,Male,France,Tier 3,9,57,1,74.31,74.31,3,1.0,2,0.544,7,Kids,Online,0.109,0.362,0,0
ZC001459,50.0,Female,Mexico,Tier 1,4,38,1,64.92,64.92,5,6.4,4,0.449,8,Men,Mixed,0.355,0.193,0,0
ZC001460,36.0,Female,Other,Tier 1,60,19,4,223.37,55.84,6,4.8,2,0.38,4,Men,Mixed,0.245,0.436,0,0
ZC001461,42.0,Female,France,Tier 3,7,18,1,84.41,84.41,5,2.4,3,0.123,1,Women,Mixed,0.427,0.083,0,0
ZC001462,25.0,Male,Italy,Tier 1,10,110,4,502.01,125.5,2,7.0,3,0.385,2,Women,Mixed,0.122,0.116,0,0
ZC001463,23.0,Male,USA,Tier 1,11,124,1,62.28,62.28,3,14.6,2,0.395,3,Home,Online,0.614,0.384,0,1
ZC001464,37.0,Female,USA,Tier 2,9,40,5,228.65,45.73,6,1.2,3,0.577,3,Home,Mixed,0.205,0.09,0,0
ZC001465,42.0,Male,Germany,Tier 1,18,43,8,672.01,84.0,8,1.6,1,0.294,5,TRF,Store,0.236,0.073,0,0
ZC001466,,Male,UK,Tier 1,60,53,4,251.63,62.91,6,3.0,5,0.537,2,Women,Store,0.251,0.117,0,0
ZC001467,19.0,Female,USA,Tier 1,16,243,4,235.83,58.96,2,4.1,6,0.693,8,Kids,Store,0.168,0.231,0,1
ZC001468,18.0,Male,Mexico,Tier 2,22,105,4,343.79,85.95,2,6.8,5,0.442,3,Men,Mixed,0.681,0.144,0,1
ZC001469,18.0,Female,France,Tier 1,27,134,4,339.86,84.96,1,1.0,4,0.277,1,Men,Store,0.102,0.347,0,1
ZC001470,16.0,Female,France,Tier 1,32,40,1,63.04,63.04,3,10.5,4,0.65,4,Women,Mixed,0.485,0.516,0,0
ZC001471,33.0,Female,USA,Tier 1,19,103,1,46.36,46.36,1,8.3,5,0.43,4,Women,Mixed,0.621,0.394,0,1
ZC001472,,Female,USA,Tier 1,9,13,1,92.89,92.89,5,9.5,0,0.106,3,Women,Store,0.187,0.094,0,0
ZC001473,32.0,Female,Italy,Tier 1,27,99,1,64.69,64.69,1,5.8,10,0.372,1,Men,Online,0.146,0.403,0,0
ZC001474,16.0,Female,Other,Tier 1,50,61,2,186.68,93.34,2,4.1,3,0.19,6,Women,Mixed,0.158,0.314,0,0
ZC001475,30.0,Female,USA,Tier 1,11,13,1,69.33,69.33,6,3.6,3,0.522,6,Kids,Store,0.52,0.149,0,0
ZC001476,30.0,Female,Mexico,Tier 1,23,208,4,384.56,96.14,1,1.1,2,0.774,1,Men,Online,0.058,0.332,0,1
ZC001477,53.0,Female,Mexico,Tier 1,28,108,5,441.88,88.38,3,4.9,3,0.208,4,Men,Online,0.358,0.011,0,1
ZC001478,17.0,Female,Mexico,Tier 1,13,347,1,115.08,115.08,1,1.8,1,0.707,6,Men,Mixed,0.3,0.66,0,1
ZC001479,28.0,Female,Germany,Tier 2,32,22,7,703.96,100.57,5,1.0,2,0.263,2,Men,Store,0.262,0.177,0,0
ZC001480,49.0,Female,USA,Tier 1,38,49,1,33.6,33.6,5,5.7,3,0.166,5,Home,Online,0.412,0.164,0,0
ZC001481,36.0,Male,Mexico,Tier 1,23,110,1,62.07,62.07,0,2.6,4,0.188,1,Women,Store,0.267,0.549,0,0
ZC001482,38.0,Male,UK,Tier 1,31,76,1,81.18,81.18,3,13.0,3,0.317,1,Men,Mixed,0.387,0.052,0,0
ZC001483,,Female,USA,Tier 2,16,111,1,62.2,62.2,0,5.8,5,0.278,7,Home,Online,0.294,0.064,0,0
ZC001484,35.0,Male,UK,Tier 1,6,18,3,278.19,92.73,5,3.3,4,0.244,6,Men,Store,0.336,0.387,0,0
ZC001485,40.0,Female,UK,Tier 2,8,63,1,87.24,87.24,0,9.5,3,0.671,8,Women,Store,0.168,0.228,0,0
ZC001486,24.0,Male,France,Tier 2,56,28,4,133.98,33.49,7,6.8,8,,1,Men,Online,0.191,0.067,0,0
ZC001487,41.0,Female,Other,Tier 1,39,84,2,134.93,67.46,1,1.0,3,0.36,7,Kids,Mixed,0.395,0.4,0,1
ZC001488,18.0,Female,UK,Tier 1,8,101,1,71.19,71.19,1,1.1,1,0.635,2,Home,Store,0.315,0.116,0,1
ZC001489,35.0,Female,USA,Tier 3,7,60,1,66.67,66.67,1,6.6,4,0.541,4,Men,Store,0.403,0.212,0,0
ZC001490,34.0,Female,Other,Tier 1,28,123,1,99.24,99.24,3,3.1,3,0.42,8,Women,Online,0.246,0.066,0,1
ZC001491,26.0,Female,USA,Tier 1,60,13,4,374.81,93.7,9,12.2,1,0.28,4,Kids,Mixed,0.398,0.342,0,0
ZC001492,32.0,Female,Spain,Tier 1,19,126,2,152.22,76.11,2,6.3,8,0.455,8,TRF,Store,0.284,0.324,0,1
ZC001493,26.0,Female,Other,Tier 1,10,243,1,88.77,88.77,0,2.2,3,0.599,4,Men,Online,0.139,0.258,1,1
ZC001494,21.0,Male,Other,Tier 2,33,16,1,111.58,111.58,4,1.9,4,0.25,2,Men,Online,0.42,0.547,0,0
ZC001495,28.0,Male,Italy,Tier 1,42,15,5,437.89,87.58,6,8.6,3,0.366,7,Women,Store,0.374,0.089,0,0
ZC001496,21.0,Female,UK,Tier 1,28,187,4,421.41,105.35,0,1.0,6,0.429,4,Women,Mixed,0.492,0.437,0,1
ZC001497,35.0,Male,France,Tier 2,25,73,1,86.31,86.31,1,5.8,6,0.761,8,Beauty,Mixed,0.26,0.256,0,0
ZC001498,20.0,Female,Other,Tier 3,8,114,1,66.37,66.37,4,7.0,4,0.389,5,Kids,Online,0.254,0.39,0,0
ZC001499,39.0,Male,Other,Tier 1,33,29,4,437.74,109.44,6,1.1,5,0.319,8,Men,Online,0.279,0.47,0,0
ZC001500,20.0,Female,Spain,Tier 2,28,37,1,79.77,79.77,7,1.2,4,0.355,5,Women,Mixed,0.114,0.265,0,0
ZC001501,26.0,Male,Other,Tier 1,14,158,1,48.61,48.61,3,7.3,5,0.465,6,Men,Mixed,0.362,0.322,0,0
ZC001502,26.0,Male,Germany,Tier 2,6,44,3,214.13,71.38,8,4.7,5,0.108,2,Women,Mixed,0.041,0.355,0,0
ZC001503,45.0,Male,Spain,Tier 1,13,33,1,76.86,76.86,6,6.8,6,0.507,1,Women,Store,0.426,0.141,0,0
ZC001504,35.0,Male,Spain,Tier 1,18,5,1,90.47,90.47,7,2.7,3,0.251,6,Home,Online,0.241,0.248,0,0
ZC001505,30.0,Female,Spain,Tier 3,30,37,1,77.81,77.81,4,2.2,3,0.524,3,Women,Store,0.109,0.435,0,0
ZC001506,37.0,Male,Other,Tier 2,33,15,5,244.37,48.87,4,8.5,5,0.51,6,Men,Online,0.231,0.491,0,0
ZC001507,16.0,Female,UK,Tier 1,17,19,1,100.6,100.6,8,9.7,6,0.759,3,TRF,Mixed,0.755,0.364,0,0
ZC001508,32.0,Female,Italy,Tier 3,16,26,3,218.54,72.85,4,6.9,7,0.35,1,Men,Online,0.491,0.281,0,0
ZC001509,52.0,Male,Spain,Tier 1,37,133,2,49.52,24.76,1,6.6,4,0.732,3,Home,Store,0.276,0.07,0,0
ZC001510,33.0,Female,Mexico,Tier 2,24,4,1,101.26,101.26,7,1.0,3,0.491,2,Women,Store,0.474,0.064,0,0
ZC001511,33.0,Female,France,Tier 2,28,66,2,96.04,48.02,0,4.0,4,0.767,5,TRF,Online,0.227,0.125,0,0
ZC001512,37.0,Male,Other,Tier 2,14,39,1,51.59,51.59,3,3.1,5,0.74,5,Kids,Mixed,0.309,0.465,0,0
ZC001513,41.0,Female,France,Tier 1,37,79,2,179.62,89.81,2,6.5,2,0.219,8,Men,Online,0.172,0.352,0,0
ZC001514,16.0,Female,Mexico,Tier 2,12,90,1,92.37,92.37,0,2.5,7,0.643,2,Women,Store,0.608,0.11,0,1
ZC001515,16.0,Female,Germany,Tier 2,60,25,2,127.21,63.6,6,16.1,2,0.756,3,Men,Mixed,0.215,0.362,0,0
ZC001516,34.0,Male,France,Tier 1,7,138,2,189.68,94.84,3,1.5,5,0.3,4,Men,Online,0.317,0.495,0,0
ZC001517,25.0,Male,Other,Tier 3,19,252,2,221.41,110.7,0,3.4,2,0.297,2,Home,Mixed,0.141,0.176,0,1
ZC001518,45.0,Female,France,Tier 1,6,14,1,65.5,65.5,4,1.1,1,0.459,4,Men,Online,0.125,0.424,0,0
ZC001519,29.0,Female,Other,Tier 1,27,106,5,369.17,73.83,0,1.2,5,0.128,7,Women,Mixed,0.3,0.231,0,1
ZC001520,16.0,Female,Spain,Tier 2,40,52,1,69.28,69.28,8,2.9,6,0.409,4,Beauty,Mixed,0.414,0.037,0,0
ZC001521,,Female,Germany,Tier 1,28,61,4,378.28,94.57,1,8.7,5,0.39,5,Men,Store,0.308,0.265,0,1
ZC001522,16.0,Male,Other,Tier 2,14,141,1,74.59,74.59,2,8.9,1,0.593,4,Men,Online,0.177,0.029,0,0
ZC001523,30.0,Male,Other,Tier 1,6,105,1,34.8,34.8,1,4.9,7,0.768,5,Home,Mixed,0.394,0.212,0,1
ZC001524,30.0,Female,France,Tier 1,14,43,1,123.92,123.92,11,4.3,4,0.643,3,Kids,Mixed,0.383,0.688,0,0
ZC001525,28.0,Female,UK,Tier 2,29,156,1,87.73,87.73,4,9.3,10,0.541,3,Men,Mixed,0.502,0.178,0,1
ZC001526,43.0,Female,Mexico,Tier 3,8,54,1,79.63,79.63,6,6.0,6,0.466,6,Kids,Mixed,0.083,0.079,0,0
ZC001527,44.0,Female,USA,Tier 2,5,26,1,84.56,84.56,7,2.8,3,0.375,2,Men,Store,0.34,0.359,0,0
ZC001528,30.0,Female,Other,Tier 1,16,70,1,88.37,88.37,4,2.1,9,0.18,7,Kids,Online,0.226,0.045,0,0
ZC001529,16.0,Female,USA,Tier 1,7,173,1,76.31,76.31,1,2.1,5,0.682,8,Men,Store,0.392,0.398,0,1
ZC001530,,Female,Spain,Tier 2,23,8,2,217.13,108.56,8,6.0,6,0.61,1,Women,Mixed,0.308,0.686,0,0
ZC001531,38.0,Male,Mexico,Tier 3,17,98,1,69.41,69.41,0,4.9,3,0.639,6,Kids,Store,0.231,0.415,0,0
ZC001532,35.0,Female,UK,Tier 2,15,3,2,53.5,26.75,7,5.6,4,0.322,3,Men,Mixed,0.262,0.19,0,0
ZC001533,42.0,Female,USA,Tier 2,60,113,5,370.51,74.1,0,2.3,6,0.312,6,Men,Mixed,0.189,0.062,0,0
ZC001534,20.0,Male,USA,Tier 1,25,85,1,70.25,70.25,0,1.0,4,0.519,1,Women,Mixed,0.113,0.578,1,0
ZC001535,52.0,Female,Other,Tier 1,2,202,3,209.44,69.81,2,1.0,5,0.501,4,Women,Store,0.04,0.323,0,1
ZC001536,22.0,Female,France,Tier 1,60,11,4,235.14,58.78,6,4.2,6,0.562,4,Kids,Mixed,0.609,0.167,0,0
ZC001537,39.0,Female,Other,Tier 1,19,76,1,72.54,72.54,2,1.7,1,0.313,4,Women,Online,0.358,0.515,0,0
ZC001538,16.0,Female,USA,Tier 1,14,25,3,322.8,107.6,7,3.5,3,0.548,1,Men,Online,0.615,0.353,0,0
ZC001539,23.0,Female,UK,Tier 2,22,41,3,241.99,80.66,4,1.8,6,0.286,5,Women,Mixed,0.274,0.302,0,0
ZC001540,47.0,Female,USA,Tier 1,7,231,1,51.15,51.15,0,4.0,5,0.399,7,Women,Store,0.288,0.608,0,1
ZC001541,29.0,Female,UK,Tier 1,17,80,1,38.94,38.94,3,5.6,7,0.277,6,Kids,Store,0.351,0.08,0,0
ZC001542,40.0,Female,Spain,Tier 3,36,97,3,122.98,40.99,0,7.8,7,0.356,1,Women,Store,0.489,0.226,0,1
ZC001543,34.0,Female,Spain,Tier 1,15,39,1,88.86,88.86,10,5.2,2,0.855,1,Men,Store,0.631,0.292,0,0
ZC001544,31.0,Female,UK,Tier 2,12,58,1,46.17,46.17,4,3.0,4,0.761,2,Women,Mixed,0.337,0.232,0,0
ZC001545,46.0,Female,Italy,Tier 2,10,144,1,83.47,83.47,0,2.2,3,0.299,8,Home,Mixed,0.511,0.053,0,1
ZC001546,30.0,Male,UK,Tier 2,32,202,3,254.15,84.72,2,4.2,6,0.422,7,Women,Online,0.285,0.305,0,0
ZC001547,16.0,Female,France,Tier 2,23,59,3,222.04,74.01,7,10.3,3,0.379,8,Men,Mixed,0.389,0.298,0,0
ZC001548,24.0,Female,UK,Tier 2,60,171,1,73.24,73.24,0,5.5,0,0.533,2,Beauty,Store,0.473,0.557,0,0
ZC001549,38.0,Female,France,Tier 1,54,57,2,194.21,97.1,12,6.4,5,0.102,8,Women,Store,0.303,0.565,0,0
ZC001550,36.0,Male,Mexico,Tier 2,16,27,4,237.12,59.28,10,3.7,1,0.387,3,Women,Mixed,0.498,0.051,0,0
ZC001551,16.0,Female,Mexico,Tier 3,28,72,3,217.49,72.5,1,4.5,1,0.659,6,Kids,Online,0.181,0.37,0,0
ZC001552,25.0,Female,Other,Tier 1,14,23,2,131.54,65.77,10,5.3,3,0.614,3,Women,Online,0.262,0.269,0,0
ZC001553,26.0,Female,USA,Tier 2,12,77,5,418.82,83.76,2,1.0,3,0.385,6,Kids,Store,0.542,0.235,1,1
ZC001554,28.0,Female,UK,Tier 1,12,14,3,302.83,100.94,5,4.4,7,0.267,7,Women,Store,0.258,0.371,0,0
ZC001555,18.0,Male,Other,Tier 2,11,108,1,78.86,78.86,2,1.0,1,0.549,8,TRF,Store,0.321,0.17,1,0
ZC001556,26.0,Female,Other,Tier 1,36,15,1,42.76,42.76,5,9.4,2,0.4,8,Women,Online,0.14,0.493,1,0
ZC001557,25.0,Male,France,Tier 2,12,27,3,186.67,62.22,8,8.8,4,0.457,1,Women,Mixed,0.347,0.366,0,0
ZC001558,40.0,Female,France,Tier 1,14,32,4,406.77,101.69,8,6.1,3,0.057,1,Women,Mixed,0.341,0.302,0,1
ZC001559,40.0,Female,Mexico,Tier 1,23,17,2,105.26,52.63,4,1.8,8,,5,Men,Mixed,0.262,0.571,0,0
ZC001560,31.0,Female,Other,Tier 1,22,56,5,247.69,49.54,5,7.3,3,0.543,6,Women,Online,0.256,0.433,0,0
ZC001561,28.0,Female,UK,Tier 2,20,1,2,171.64,85.82,9,6.4,2,0.183,6,Men,Mixed,0.144,0.214,0,0
ZC001562,33.0,Male,USA,Tier 3,40,50,3,292.38,97.46,4,9.9,1,0.668,3,TRF,Online,0.676,0.207,0,0
ZC001563,24.0,Female,Other,Tier 1,12,80,3,301.64,100.55,0,5.7,2,0.53,1,Men,Store,0.322,0.1,0,1
ZC001564,21.0,Female,Italy,Tier 1,11,13,2,89.65,44.82,5,8.0,4,0.422,2,Women,Mixed,0.276,0.391,0,0
ZC001565,23.0,Female,Spain,Tier 2,1,86,2,132.3,66.15,0,4.9,1,0.597,8,Men,Store,0.184,0.39,0,0
ZC001566,26.0,Female,USA,Tier 2,28,166,1,64.48,64.48,2,1.7,1,0.2,3,Men,Store,0.217,0.187,0,1
ZC001567,20.0,Male,France,Tier 1,27,33,3,213.93,71.31,10,5.6,6,0.454,6,Men,Online,0.261,0.322,0,0
ZC001568,34.0,Female,Italy,Tier 2,38,63,2,79.6,39.8,1,5.9,3,0.247,7,Women,Mixed,0.217,0.27,0,0
ZC001569,39.0,Male,Mexico,Tier 3,16,10,1,102.7,102.7,8,5.6,5,0.468,1,Men,Mixed,0.34,0.642,0,0
ZC001570,16.0,Male,USA,Tier 1,17,87,1,79.45,79.45,2,1.6,1,0.623,8,Women,Store,0.255,0.077,0,0
ZC001571,32.0,Male,USA,Tier 1,35,105,1,59.47,59.47,0,8.7,2,0.247,6,Kids,Online,0.374,0.465,0,0
ZC001572,30.0,Male,Italy,Tier 1,13,8,2,164.23,82.12,3,6.0,2,0.557,4,TRF,Store,0.349,0.575,0,1
ZC001573,35.0,Female,Spain,Tier 3,19,107,1,84.02,84.02,2,4.4,2,0.58,4,Women,Online,0.362,0.076,0,0
ZC001574,,Female,France,Tier 2,40,43,1,91.41,91.41,3,1.0,3,0.87,6,Kids,Mixed,0.263,0.241,0,0
ZC001575,17.0,Female,France,Tier 1,27,35,2,123.53,61.76,15,4.4,3,0.472,5,TRF,Store,0.285,0.744,0,0
ZC001576,19.0,Male,USA,Tier 3,15,139,4,236.7,59.18,1,5.4,1,0.776,5,Women,Mixed,0.22,0.056,0,0
ZC001577,32.0,Male,Mexico,Tier 1,35,32,2,150.7,75.35,3,7.9,7,0.417,5,Men,Mixed,0.053,0.273,0,0
ZC001578,42.0,Female,Spain,Tier 2,18,11,1,96.0,96.0,6,11.9,3,0.804,3,Men,Online,0.292,0.542,0,0
ZC001579,16.0,Male,Mexico,Tier 2,35,51,2,97.93,48.96,3,5.1,2,0.42,8,Women,Store,0.333,0.088,0,0
ZC001580,35.0,Male,Germany,Tier 2,23,117,7,277.56,39.65,1,1.0,2,0.415,2,Men,Mixed,0.509,0.18,0,1
ZC001581,44.0,Female,France,Tier 2,13,54,3,257.29,85.76,9,4.2,3,0.523,2,Men,Mixed,0.204,0.5,0,0
ZC001582,30.0,Male,Other,Tier 1,8,43,1,83.34,83.34,10,8.1,2,0.09,5,Women,Online,0.153,0.352,0,0
ZC001583,38.0,Female,USA,Tier 1,31,92,2,146.46,73.23,1,14.6,5,0.446,2,Men,Online,0.244,0.568,0,1
ZC001584,25.0,Female,Mexico,Tier 1,33,22,1,69.18,69.18,7,1.0,2,0.228,1,Men,Online,0.55,0.42,0,0
ZC001585,31.0,Female,USA,Tier 3,43,66,7,584.03,83.43,1,2.9,1,0.336,7,Kids,Mixed,0.14,0.455,0,0
ZC001586,16.0,Female,Other,Tier 1,29,3,1,101.84,101.84,3,7.1,6,0.679,3,Women,Online,0.129,0.2,0,0
ZC001587,16.0,Male,Spain,Tier 1,17,87,1,75.47,75.47,1,6.2,3,0.385,7,Women,Mixed,0.247,0.425,0,1
ZC001588,41.0,Female,France,Tier 1,23,147,4,283.57,70.89,1,5.7,3,,6,Women,Online,0.42,0.504,0,1
ZC001589,22.0,Male,USA,Tier 1,20,194,5,265.58,53.12,1,5.2,4,0.561,4,Home,Online,0.142,0.66,1,1
ZC001590,27.0,Female,UK,Tier 1,16,126,1,65.59,65.59,1,3.1,1,0.537,8,Women,Mixed,0.413,0.419,0,0
ZC001591,18.0,Male,Spain,Tier 1,7,103,1,96.48,96.48,0,6.6,2,0.322,2,Women,Mixed,0.37,0.55,0,1
ZC001592,18.0,Female,USA,Tier 1,8,53,1,99.82,99.82,4,6.0,9,0.431,8,Women,Store,0.367,0.231,0,0
ZC001593,30.0,Female,Spain,Tier 1,32,109,3,117.24,39.08,1,7.1,5,0.306,6,Kids,Online,0.499,0.438,0,0
ZC001594,25.0,Female,Spain,Tier 1,10,60,5,463.69,92.74,1,4.9,1,0.158,7,Kids,Store,0.173,0.207,0,0
ZC001595,36.0,Female,Italy,Tier 3,16,13,2,153.01,76.5,7,16.4,1,0.57,7,Women,Online,0.633,0.441,0,0
ZC001596,37.0,Female,UK,Tier 2,5,153,1,142.28,142.28,1,1.3,5,0.32,4,Men,Mixed,0.416,0.057,0,1
ZC001597,35.0,Female,Spain,Tier 2,5,3,1,98.63,98.63,9,1.9,2,0.79,1,Women,Mixed,0.342,0.467,0,0
ZC001598,34.0,Female,Other,Tier 3,10,36,3,189.27,63.09,6,3.9,2,0.342,6,Men,Store,0.15,0.247,0,0
ZC001599,48.0,Female,Germany,Tier 2,31,25,1,57.17,57.17,2,2.7,3,0.491,3,Women,Online,0.576,0.049,0,0
ZC001600,21.0,Female,USA,Tier 2,32,62,3,174.87,58.29,2,8.3,2,0.223,2,Kids,Mixed,0.573,0.457,0,0
ZC001601,31.0,Female,UK,Tier 1,22,122,2,133.71,66.86,2,1.9,7,0.36,1,Kids,Online,0.703,0.104,0,1
ZC001602,43.0,Male,France,Tier 1,12,100,1,119.91,119.91,1,1.1,5,0.442,6,Kids,Online,0.481,0.262,0,0
ZC001603,45.0,Female,France,Tier 1,46,6,3,227.56,75.85,5,3.8,4,0.26,3,Women,Mixed,0.209,0.182,0,0
ZC001604,18.0,Male,Other,Tier 3,15,13,1,82.7,82.7,5,1.0,6,0.625,5,Women,Store,0.599,0.597,0,0
ZC001605,29.0,Female,Germany,Tier 1,49,104,3,230.16,76.72,2,6.4,1,0.118,7,Men,Online,0.426,0.143,0,0
ZC001606,46.0,Female,Other,Tier 1,25,312,6,502.43,83.74,1,7.8,3,0.256,3,Men,Store,0.546,0.287,0,1
ZC001607,37.0,Male,Italy,Tier 2,36,31,3,186.98,62.33,6,2.9,2,0.378,2,Women,Online,0.174,0.087,0,0
ZC001608,34.0,Male,Other,Tier 1,36,39,4,454.76,113.69,3,7.1,1,0.443,7,Men,Store,0.374,0.383,0,0
ZC001609,30.0,Female,France,Tier 2,4,10,2,208.99,104.5,6,8.5,1,0.424,2,Women,Mixed,0.688,0.023,0,1
ZC001610,28.0,Female,Italy,Tier 2,8,49,1,40.93,40.93,8,9.5,4,0.212,4,TRF,Mixed,0.407,0.328,0,0
ZC001611,35.0,Female,Italy,Tier 1,14,63,1,45.92,45.92,2,1.0,6,0.418,2,Kids,Store,0.863,0.325,0,1
ZC001612,29.0,Female,Mexico,Tier 1,10,146,4,356.48,89.12,1,6.2,2,0.541,1,Men,Online,0.358,0.445,0,1
ZC001613,32.0,Male,Spain,Tier 1,26,93,5,545.29,109.06,2,5.5,1,0.55,1,Men,Mixed,0.419,0.192,0,0
ZC001614,33.0,Female,Spain,Tier 2,27,118,4,235.97,58.99,0,5.6,9,0.141,5,Kids,Online,0.161,0.278,0,1
ZC001615,25.0,Female,USA,Tier 3,14,48,1,68.76,68.76,6,9.5,4,0.672,5,Men,Mixed,0.278,0.392,0,0
ZC001616,37.0,Female,USA,Tier 2,12,234,2,228.89,114.44,1,11.9,7,0.399,2,Home,Online,0.783,0.464,0,1
ZC001617,61.0,Female,Other,Tier 1,34,10,1,89.3,89.3,7,5.3,4,0.167,4,Home,Store,0.52,0.626,0,1
ZC001618,16.0,Female,Italy,Tier 1,13,50,1,76.47,76.47,6,3.5,5,0.393,5,Home,Store,0.625,0.34,0,0
ZC001619,35.0,Female,Spain,Tier 2,39,48,1,90.77,90.77,5,8.1,6,0.245,5,Men,Store,0.444,0.535,0,0
ZC001620,24.0,Male,UK,Tier 2,22,27,3,241.56,80.52,2,7.2,4,0.492,8,Men,Mixed,0.747,0.505,0,1
ZC001621,38.0,Female,USA,Tier 1,22,168,5,392.24,78.45,1,4.2,7,0.271,3,Men,Mixed,0.099,0.256,0,1
ZC001622,32.0,Female,Other,Tier 1,9,1,1,114.54,114.54,8,3.9,4,0.276,5,Kids,Mixed,0.235,0.27,0,0
ZC001623,40.0,Female,Other,Tier 1,30,17,6,416.64,69.44,7,3.2,2,,5,Women,Mixed,0.473,0.273,1,0
ZC001624,44.0,Female,USA,Tier 1,8,63,2,133.61,66.81,0,2.5,1,0.771,7,Men,Online,0.179,0.338,0,0
ZC001625,34.0,Female,UK,Tier 2,30,42,1,107.37,107.37,7,2.4,3,0.447,4,Men,Online,0.526,0.302,0,0
ZC001626,43.0,Female,Other,Tier 3,27,52,3,199.36,66.45,3,4.8,3,0.583,6,Women,Mixed,0.493,0.489,0,0
ZC001627,16.0,Male,Germany,Tier 1,28,19,5,510.55,102.11,5,3.3,5,0.763,4,Women,Mixed,0.321,0.221,0,0
ZC001628,48.0,Male,Other,Tier 1,27,32,5,350.53,70.11,1,4.4,3,0.337,7,Women,Online,0.393,0.263,0,0
ZC001629,36.0,Male,USA,Tier 1,34,140,5,391.81,78.36,1,2.1,2,0.283,5,Men,Store,0.239,0.311,0,0
ZC001630,43.0,Male,USA,Tier 1,25,99,1,91.71,91.71,0,5.3,3,0.638,2,Women,Store,0.206,0.497,0,0
ZC001631,20.0,Female,Italy,Tier 1,4,55,1,101.17,101.17,2,6.4,1,0.635,5,Kids,Online,0.409,0.23,0,0
ZC001632,24.0,Female,Spain,Tier 1,24,114,2,209.11,104.56,1,6.6,3,0.458,5,Women,Mixed,0.209,0.101,0,0
ZC001633,33.0,Female,Other,Tier 1,10,135,1,79.85,79.85,1,1.8,3,0.07,1,Kids,Mixed,0.348,0.325,0,1
ZC001634,32.0,Male,Mexico,Tier 2,6,267,1,92.03,92.03,1,4.7,3,0.56,7,Women,Store,0.444,0.314,0,1
ZC001635,35.0,Female,USA,Tier 2,9,108,1,74.72,74.72,0,4.4,2,0.708,6,Kids,Store,0.442,0.449,0,1
ZC001636,43.0,Female,France,Tier 2,12,130,1,72.56,72.56,2,3.6,8,0.166,3,Men,Online,0.07,0.451,0,1
ZC001637,16.0,Female,Mexico,Tier 1,28,24,4,358.11,89.53,4,4.0,5,,2,Women,Store,0.291,0.649,0,0
ZC001638,42.0,Female,Other,Tier 1,15,86,1,96.33,96.33,1,6.0,7,,5,Home,Store,0.127,0.073,0,0
ZC001639,32.0,Male,USA,Tier 1,34,60,4,201.41,50.35,5,6.3,4,0.468,3,Kids,Mixed,0.462,0.61,0,0
ZC001640,30.0,Female,Mexico,Tier 1,11,133,1,38.67,38.67,2,6.4,1,0.523,8,Women,Store,0.69,0.309,0,1
ZC001641,17.0,Female,USA,Tier 1,16,127,1,49.87,49.87,0,2.1,3,0.209,7,Home,Mixed,0.113,0.218,0,0
ZC001642,37.0,Female,Other,Tier 1,11,123,1,66.69,66.69,0,11.4,5,0.31,6,Men,Store,0.112,0.265,0,1
ZC001643,16.0,Male,Italy,Tier 3,3,161,1,95.06,95.06,4,7.7,2,0.027,2,Men,Online,0.532,0.206,0,1
ZC001644,38.0,Female,USA,Tier 3,19,93,1,55.6,55.6,1,1.8,3,0.348,3,TRF,Online,0.193,0.328,0,1
ZC001645,17.0,Female,Italy,Tier 2,60,27,3,243.34,81.11,3,2.1,3,0.653,1,Men,Store,0.503,0.385,1,0
ZC001646,33.0,Female,Italy,Tier 2,6,101,1,111.23,111.23,2,2.8,1,0.396,8,TRF,Online,0.264,0.407,0,0
ZC001647,31.0,Female,Italy,Tier 2,30,132,1,63.7,63.7,1,6.5,5,0.189,4,Men,Store,0.348,0.194,0,0
ZC001648,44.0,Male,USA,Tier 2,35,135,1,117.73,117.73,3,2.6,3,0.474,7,Men,Store,0.413,0.213,0,0
ZC001649,30.0,Female,Italy,Tier 2,20,37,3,231.06,77.02,7,1.0,4,0.082,7,Women,Online,0.096,0.266,0,0
ZC001650,25.0,Male,Other,Tier 1,7,3,1,59.58,59.58,6,9.8,2,0.517,4,Home,Store,0.5,0.104,0,0
ZC001651,27.0,Female,USA,Tier 3,60,186,6,352.37,58.73,0,2.5,7,0.455,6,Women,Online,0.025,0.231,0,0
ZC001652,45.0,Female,USA,Tier 2,27,33,7,404.28,57.75,8,10.7,2,0.599,8,Women,Online,0.138,0.269,0,0
ZC001653,37.0,Male,Other,Tier 1,49,50,2,122.08,61.04,6,7.8,2,0.236,6,Home,Store,0.199,0.397,0,0
ZC001654,28.0,Female,Germany,Tier 1,4,41,1,93.29,93.29,6,13.9,4,0.368,1,Women,Online,0.402,0.339,0,0
ZC001655,30.0,Male,UK,Tier 2,12,70,1,58.12,58.12,3,6.0,3,0.45,8,Women,Online,0.316,0.228,0,0
ZC001656,16.0,Female,Other,Tier 3,6,42,1,87.86,87.86,13,3.3,3,0.182,1,Women,Store,0.286,0.561,0,0
ZC001657,36.0,Female,Spain,Tier 1,37,65,1,70.68,70.68,5,6.0,5,0.084,8,Women,Online,0.229,0.217,0,0
ZC001658,16.0,Female,Mexico,Tier 1,4,24,1,46.16,46.16,8,12.2,4,0.607,5,Kids,Store,0.472,0.228,0,0
ZC001659,40.0,Female,France,Tier 1,17,168,2,193.92,96.96,2,2.8,5,0.637,7,Women,Store,0.482,0.537,1,1
ZC001660,33.0,Male,Spain,Tier 1,16,96,6,682.61,113.77,1,4.5,2,0.159,5,Women,Online,0.358,0.524,0,0
ZC001661,56.0,Female,Other,Tier 1,3,64,1,66.61,66.61,4,3.0,8,0.693,5,Women,Online,0.448,0.022,0,1
ZC001662,21.0,Female,Mexico,Tier 1,29,2,1,106.4,106.4,6,6.3,6,0.522,8,Women,Mixed,0.622,0.298,0,1
ZC001663,31.0,Female,USA,Tier 1,25,19,3,145.22,48.41,5,2.1,3,0.472,5,Women,Online,0.398,0.114,0,0
ZC001664,50.0,Female,Other,Tier 1,12,113,3,302.31,100.77,5,3.0,2,0.426,7,Women,Online,0.496,0.248,0,0
ZC001665,,Female,Other,Tier 2,49,22,4,357.89,89.47,8,1.7,2,,1,Women,Mixed,0.218,0.371,0,0
ZC001666,25.0,Male,Mexico,Tier 1,4,88,3,290.35,96.78,2,10.6,1,0.593,5,Women,Mixed,0.167,0.153,0,1
ZC001667,34.0,Female,Spain,Tier 1,2,43,1,60.21,60.21,3,15.2,6,0.603,1,Home,Store,0.138,0.43,0,0
ZC001668,32.0,Female,USA,Tier 1,21,64,2,182.96,91.48,2,7.8,4,0.218,5,Men,Store,0.744,0.068,0,0
ZC001669,35.0,Female,Mexico,Tier 2,9,45,1,76.67,76.67,6,7.5,0,0.4,1,TRF,Mixed,0.188,0.093,0,0
ZC001670,25.0,Female,Other,Tier 1,18,49,3,320.32,106.77,6,3.4,3,0.599,8,Kids,Online,0.542,0.165,0,0
ZC001671,31.0,Female,USA,Tier 2,40,110,6,566.15,94.36,1,1.5,9,0.686,5,Women,Store,0.393,0.611,0,0
ZC001672,16.0,Male,UK,Tier 1,6,113,1,58.1,58.1,2,1.0,5,0.145,2,Men,Online,0.277,0.474,0,1
ZC001673,33.0,Female,USA,Tier 1,37,70,2,189.9,94.95,1,13.3,4,0.463,4,Men,Mixed,0.133,0.368,1,0
ZC001674,37.0,Male,UK,Tier 3,6,116,1,86.36,86.36,3,3.4,2,0.076,8,Women,Online,0.316,0.105,0,1
ZC001675,30.0,Female,Germany,Tier 1,13,12,2,91.06,45.53,9,4.9,4,0.248,8,Kids,Store,0.087,0.495,0,0
ZC001676,16.0,Female,Spain,Tier 1,43,58,3,320.01,106.67,9,6.2,6,0.504,6,Kids,Online,0.136,0.215,0,0
ZC001677,42.0,Male,Germany,Tier 1,29,38,4,228.94,57.24,5,6.3,2,0.645,6,Women,Online,0.487,0.26,0,0
ZC001678,36.0,Male,Germany,Tier 1,9,37,1,74.96,74.96,8,6.1,1,0.174,3,Women,Mixed,0.148,0.415,0,0
ZC001679,25.0,Male,UK,Tier 2,23,33,2,152.11,76.06,8,3.2,4,0.643,8,Men,Mixed,0.534,0.35,0,0
ZC001680,29.0,Female,Other,Tier 2,13,153,1,48.47,48.47,1,7.4,3,0.143,6,Women,Store,0.469,0.347,1,1
ZC001681,17.0,Male,Spain,Tier 3,14,18,1,84.98,84.98,3,4.4,0,0.279,4,Men,Mixed,0.368,0.438,0,0
ZC001682,22.0,Male,Spain,Tier 1,16,33,1,71.95,71.95,3,5.4,3,0.407,6,Men,Store,0.296,0.451,0,0
ZC001683,27.0,Male,France,Tier 1,26,70,3,161.84,53.95,0,1.5,4,0.412,5,Women,Online,0.229,0.36,0,0
ZC001684,44.0,Female,France,Tier 3,20,35,4,220.24,55.06,5,3.4,7,0.317,8,Women,Online,0.152,0.206,0,0
ZC001685,26.0,Male,USA,Tier 1,16,34,3,121.1,40.37,9,2.1,2,0.144,6,Men,Mixed,0.615,0.05,0,0
ZC001686,38.0,Female,Other,Tier 2,17,40,5,236.14,47.23,10,1.1,6,0.338,1,Women,Online,0.499,0.242,0,0
ZC001687,27.0,Male,USA,Tier 2,22,98,1,94.88,94.88,1,3.2,3,0.504,6,Beauty,Store,0.335,0.023,0,1
ZC001688,34.0,Male,USA,Tier 1,19,160,1,46.85,46.85,4,4.0,5,0.171,5,Women,Online,0.245,0.369,0,0
ZC001689,31.0,Male,Mexico,Tier 3,12,112,3,281.16,93.72,2,1.5,2,0.467,5,Kids,Store,0.418,0.399,0,0
ZC001690,41.0,Male,Other,Tier 1,22,252,1,66.87,66.87,2,3.8,3,0.409,1,Women,Online,0.233,0.275,0,0
ZC001691,27.0,Female,France,Tier 2,25,215,5,510.68,102.14,0,5.5,4,0.492,1,Men,Store,0.207,0.247,0,1
ZC001692,16.0,Female,Spain,Tier 1,23,6,1,76.61,76.61,9,1.0,3,0.46,2,Men,Store,0.14,0.04,0,0
ZC001693,18.0,Female,USA,Tier 2,34,155,2,97.01,48.5,2,5.1,3,0.243,5,Men,Mixed,0.317,0.254,0,1
ZC001694,27.0,Male,USA,Tier 1,11,210,1,98.76,98.76,0,3.9,3,0.507,3,Men,Online,0.457,0.179,0,1
ZC001695,20.0,Male,France,Tier 1,11,95,1,74.78,74.78,1,1.2,3,0.53,8,Kids,Online,0.265,0.501,0,0
ZC001696,,Male,Italy,Tier 3,45,50,7,701.46,100.21,7,8.9,3,0.261,3,Women,Mixed,0.59,0.326,0,0
ZC001697,27.0,Male,UK,Tier 1,9,23,3,283.98,94.66,6,7.0,0,0.407,3,Kids,Online,0.161,0.15,0,0
ZC001698,56.0,Female,France,Tier 1,15,105,5,307.69,61.54,1,1.0,4,0.768,2,Women,Online,0.28,0.223,0,0
ZC001699,16.0,Female,Mexico,Tier 1,3,13,5,421.38,84.28,5,5.3,4,0.534,3,Kids,Store,0.139,0.128,0,0
ZC001700,34.0,Female,USA,Tier 2,6,67,1,69.71,69.71,2,10.3,2,0.331,3,Men,Store,0.361,0.191,0,0
ZC001701,21.0,Male,USA,Tier 1,13,381,1,69.18,69.18,0,4.1,4,0.446,1,Women,Store,0.235,0.169,0,1
ZC001702,27.0,Female,Mexico,Tier 2,13,10,1,79.4,79.4,8,2.7,2,0.399,7,Women,Store,0.526,0.399,0,0
ZC001703,33.0,Male,Spain,Tier 2,15,68,2,96.18,48.09,0,4.8,3,0.323,7,Women,Online,0.358,0.546,0,1
ZC001704,16.0,Male,USA,Tier 2,52,135,1,75.72,75.72,1,3.4,5,0.393,7,Men,Mixed,0.528,0.329,0,1
ZC001705,34.0,Female,Spain,Tier 3,4,76,2,123.73,61.86,1,4.0,4,0.315,1,TRF,Online,0.255,0.319,0,1
ZC001706,51.0,Male,France,Tier 3,18,106,1,51.76,51.76,1,1.0,6,,1,Home,Store,0.339,0.297,0,1
ZC001707,27.0,Female,Germany,Tier 1,17,10,1,52.9,52.9,9,3.7,1,0.627,4,Men,Online,0.267,0.54,0,0
ZC001708,35.0,Female,France,Tier 2,57,245,6,221.69,36.95,2,4.7,3,0.354,4,Women,Mixed,0.43,0.19,0,1
ZC001709,42.0,Female,UK,Tier 1,32,74,4,461.84,115.46,3,4.7,3,0.298,4,Men,Mixed,0.083,0.152,0,0
ZC001710,30.0,Female,France,Tier 1,13,14,1,70.8,70.8,7,19.6,3,0.552,1,Kids,Store,0.27,0.414,0,0
ZC001711,26.0,Female,USA,Tier 1,44,130,4,362.71,90.68,0,1.7,4,0.458,1,Men,Mixed,0.507,0.512,0,1
ZC001712,16.0,Female,Other,Tier 1,12,241,2,236.58,118.29,2,6.1,2,0.612,6,Men,Online,0.38,0.371,0,1
ZC001713,38.0,Female,Other,Tier 1,34,45,2,251.19,125.6,8,1.2,6,0.711,6,Beauty,Mixed,0.641,0.036,0,0
ZC001714,31.0,Female,France,Tier 1,49,56,5,304.43,60.89,9,1.5,4,0.061,8,Beauty,Store,0.305,0.191,0,0
ZC001715,22.0,Female,UK,Tier 2,20,156,2,118.18,59.09,2,3.8,3,0.222,5,Men,Store,0.088,0.122,0,0
ZC001716,33.0,Female,Mexico,Tier 3,8,125,1,48.26,48.26,0,8.7,4,0.264,1,Men,Store,0.215,0.12,0,1
ZC001717,26.0,Male,USA,Tier 1,3,27,3,193.97,64.66,5,2.5,5,0.396,3,Women,Online,0.407,0.401,1,0
ZC001718,27.0,Female,USA,Tier 1,20,3,2,73.88,36.94,9,2.1,3,0.581,7,Women,Mixed,0.488,0.396,0,0
ZC001719,38.0,Female,Other,Tier 1,33,245,5,581.75,116.35,0,3.9,3,0.363,2,Home,Store,0.338,0.132,0,0
ZC001720,19.0,Male,USA,Tier 1,60,40,4,338.26,84.56,9,4.1,4,0.415,2,Women,Online,0.141,0.138,0,0
ZC001721,42.0,Male,Spain,Tier 3,41,17,3,232.37,77.46,3,11.9,3,0.329,3,Men,Store,0.041,0.334,0,0
ZC001722,18.0,Female,France,Tier 1,19,29,1,46.54,46.54,8,3.7,3,0.503,6,Men,Online,0.236,0.161,0,0
ZC001723,25.0,Male,Germany,Tier 1,7,185,1,106.39,106.39,1,1.1,3,0.583,6,Women,Online,0.128,0.343,0,1
ZC001724,51.0,Female,Germany,Tier 1,16,153,1,61.39,61.39,2,5.1,4,0.216,3,Men,Online,0.42,0.211,0,0
ZC001725,43.0,Male,USA,Tier 1,51,95,5,525.01,105.0,0,1.0,4,0.553,1,Men,Mixed,0.256,0.13,0,0
ZC001726,33.0,Female,Italy,Tier 1,60,48,4,297.67,74.42,6,8.8,3,,8,Men,Mixed,0.44,0.168,0,0
ZC001727,23.0,Female,USA,Tier 3,12,69,1,75.4,75.4,2,5.2,4,0.13,2,Women,Store,0.325,0.37,0,0
ZC001728,27.0,Female,Other,Tier 2,15,118,2,106.67,53.34,0,10.4,0,0.282,4,Kids,Store,0.19,0.28,0,0
ZC001729,33.0,Male,USA,Tier 1,46,43,1,107.84,107.84,5,4.7,2,0.768,6,Women,Mixed,0.248,0.305,0,0
ZC001730,32.0,Female,Spain,Tier 2,44,29,1,43.24,43.24,6,1.7,3,0.139,7,Kids,Online,0.52,0.628,0,1
ZC001731,31.0,Female,France,Tier 3,12,112,1,100.31,100.31,2,10.2,4,0.557,4,Men,Store,0.193,0.533,0,1
ZC001732,32.0,Female,USA,Tier 1,30,77,3,319.71,106.57,1,1.3,5,0.146,1,Home,Online,0.335,0.061,0,0
ZC001733,30.0,Male,Germany,Tier 2,13,195,1,40.21,40.21,2,7.4,2,0.789,8,Men,Mixed,0.226,0.611,0,0
ZC001734,18.0,Female,USA,Tier 2,38,182,3,308.16,102.72,4,1.0,2,0.586,2,Women,Store,0.601,0.281,0,1
ZC001735,27.0,Female,UK,Tier 2,19,48,3,372.77,124.26,4,2.2,4,0.327,4,Women,Mixed,0.445,0.391,0,0
ZC001736,41.0,Female,USA,Tier 1,14,61,2,179.96,89.98,2,10.0,3,0.324,8,Women,Online,0.418,0.519,0,0
ZC001737,18.0,Male,UK,Tier 2,32,173,6,604.15,100.69,0,13.4,5,0.17,1,Kids,Online,0.285,0.285,0,1
ZC001738,30.0,Female,Spain,Tier 2,20,137,2,158.56,79.28,0,4.2,3,0.509,1,Men,Online,0.639,0.377,0,1
ZC001739,24.0,Male,USA,Tier 2,31,98,5,347.72,69.54,3,1.3,5,0.506,8,Home,Mixed,0.415,0.507,0,1
ZC001740,33.0,Female,USA,Tier 1,8,158,2,115.08,57.54,0,8.0,4,0.473,3,Men,Store,0.354,0.316,0,1
ZC001741,28.0,Female,Mexico,Tier 1,10,12,1,73.88,73.88,3,6.5,4,0.184,4,Men,Online,0.192,0.382,0,0
ZC001742,47.0,Female,Italy,Tier 2,17,97,1,74.38,74.38,1,2.8,2,0.459,1,TRF,Online,0.36,0.392,0,1
ZC001743,37.0,Female,USA,Tier 2,10,24,1,106.47,106.47,7,7.1,4,0.825,4,Men,Mixed,0.349,0.405,0,0
ZC001744,19.0,Female,Spain,Tier 3,13,128,1,74.22,74.22,2,2.6,4,0.082,3,Men,Online,0.373,0.329,0,1
ZC001745,39.0,Female,Spain,Tier 1,18,96,1,86.14,86.14,4,1.3,4,0.374,7,Women,Store,0.343,0.207,0,0
ZC001746,24.0,Male,USA,Tier 1,11,152,1,76.83,76.83,4,5.1,7,,6,Women,Online,0.38,0.043,0,1
ZC001747,26.0,Female,France,Tier 2,50,185,6,601.86,100.31,1,5.2,9,0.44,5,Men,Store,0.18,0.687,0,0
ZC001748,35.0,Female,UK,Tier 2,10,15,1,62.38,62.38,9,4.8,3,0.268,6,Women,Online,0.445,0.46,0,0
ZC001749,27.0,Female,Other,Tier 1,17,98,2,214.49,107.24,1,8.1,6,0.085,6,Kids,Store,0.648,0.217,0,1
ZC001750,41.0,Female,Mexico,Tier 2,17,36,1,72.82,72.82,5,9.0,1,0.302,8,Women,Store,0.49,0.088,0,0
ZC001751,24.0,Female,Spain,Tier 1,20,118,3,279.17,93.06,0,5.8,2,0.13,3,Home,Store,0.235,0.477,0,1
ZC001752,26.0,Female,USA,Tier 1,14,35,4,227.25,56.81,10,1.0,3,0.313,4,Women,Online,0.309,0.347,0,0
ZC001753,25.0,Female,Spain,Tier 1,34,38,1,80.66,80.66,4,1.2,4,0.214,1,Men,Online,0.285,0.244,0,0
ZC001754,26.0,Female,Spain,Tier 1,35,74,3,297.74,99.25,3,2.4,2,0.703,7,TRF,Store,0.172,0.26,0,0
ZC001755,43.0,Male,France,Tier 2,12,14,6,726.39,121.06,6,4.3,3,0.472,2,Home,Store,0.452,0.252,0,0
ZC001756,38.0,Female,Spain,Tier 1,37,25,1,80.04,80.04,4,8.5,2,0.455,5,Women,Store,0.274,0.101,0,0
ZC001757,49.0,Male,Spain,Tier 3,11,106,1,57.58,57.58,1,8.8,1,0.574,2,Women,Store,0.284,0.089,0,0
ZC001758,55.0,Female,Spain,Tier 1,17,221,2,64.79,32.4,2,1.7,3,0.042,7,Women,Mixed,0.371,0.182,0,1
ZC001759,22.0,Male,Germany,Tier 2,19,6,1,90.78,90.78,3,4.6,1,0.541,1,Women,Store,0.165,0.606,0,0
ZC001760,33.0,Female,Spain,Tier 1,11,32,2,230.21,115.1,1,3.9,2,,3,Women,Store,0.563,0.045,0,1
ZC001761,20.0,Female,Other,Tier 1,5,90,2,132.0,66.0,1,3.9,2,0.755,5,Women,Online,0.312,0.075,0,1
ZC001762,24.0,Male,UK,Tier 2,20,8,1,65.38,65.38,3,1.5,5,0.235,3,TRF,Mixed,0.157,0.27,0,0
ZC001763,26.0,Female,USA,Tier 3,7,50,1,90.26,90.26,5,4.6,3,0.286,4,TRF,Online,0.498,0.391,0,0
ZC001764,21.0,Female,UK,Tier 3,48,82,6,735.01,122.5,4,2.3,7,0.627,7,Women,Online,0.259,0.24,0,0
ZC001765,21.0,Male,France,Tier 1,13,63,5,411.38,82.28,1,6.8,5,0.478,1,Women,Store,0.184,0.335,0,0
ZC001766,31.0,Female,UK,Tier 1,31,40,2,185.6,92.8,5,1.5,5,0.315,8,Men,Store,0.301,0.098,0,0
ZC001767,20.0,Female,France,Tier 1,29,12,5,354.32,70.86,7,4.2,0,0.25,6,Men,Online,0.42,0.249,0,0
ZC001768,40.0,Female,USA,Tier 1,11,335,4,325.51,81.38,2,2.9,6,0.506,5,Women,Online,0.401,0.446,0,1
ZC001769,23.0,Female,USA,Tier 1,13,31,2,184.01,92.0,4,7.2,4,0.198,8,Men,Store,0.274,0.124,0,0
ZC001770,60.0,Male,Spain,Tier 3,13,125,1,67.44,67.44,4,3.3,3,0.595,1,Men,Online,0.482,0.349,0,0
ZC001771,27.0,Female,Italy,Tier 2,22,108,3,280.27,93.42,0,5.2,2,0.445,3,Women,Online,0.216,0.269,0,1
ZC001772,33.0,Female,Germany,Tier 1,60,50,7,687.49,98.21,9,2.3,6,0.877,7,Kids,Mixed,0.178,0.434,0,0
ZC001773,19.0,Female,Germany,Tier 3,21,41,1,59.59,59.59,7,6.4,8,0.422,3,Men,Mixed,0.221,0.55,0,0
ZC001774,49.0,Male,Other,Tier 2,12,13,1,88.37,88.37,4,3.7,5,0.381,7,Men,Online,0.056,0.287,0,0
ZC001775,43.0,Male,UK,Tier 1,23,142,1,107.07,107.07,1,12.3,2,0.763,3,Home,Online,0.407,0.304,0,0
ZC001776,35.0,Female,Other,Tier 2,7,152,1,53.64,53.64,1,5.2,2,0.52,6,Men,Mixed,0.367,0.263,0,1
ZC001777,19.0,Male,UK,Tier 2,10,53,1,82.69,82.69,9,4.0,5,0.522,6,Kids,Online,0.191,0.29,0,0
ZC001778,34.0,Female,UK,Tier 1,48,33,4,295.42,73.86,7,5.0,3,,1,Men,Online,0.158,0.384,0,0
ZC001779,21.0,Male,Germany,Tier 1,15,22,1,83.05,83.05,6,5.4,4,0.433,4,Kids,Store,0.703,0.325,0,0
ZC001780,47.0,Female,USA,Tier 1,10,57,1,54.71,54.71,4,1.3,4,0.648,1,Home,Mixed,0.678,0.341,0,0
ZC001781,40.0,Female,USA,Tier 1,6,26,1,44.27,44.27,5,2.9,0,0.293,2,Women,Mixed,0.475,0.039,0,0
ZC001782,33.0,Female,France,Tier 2,18,73,1,58.35,58.35,1,2.4,4,0.808,4,Women,Online,0.644,0.303,0,1
ZC001783,,Male,Spain,Tier 1,7,83,4,314.75,78.69,3,13.3,5,0.233,2,Men,Mixed,0.342,0.078,1,0
ZC001784,22.0,Male,USA,Tier 1,39,84,4,297.46,74.36,0,1.1,2,0.517,3,Men,Mixed,0.605,0.186,0,0
ZC001785,39.0,Female,Mexico,Tier 3,29,23,1,84.0,84.0,7,3.9,4,0.404,5,Men,Mixed,0.128,0.404,0,0
ZC001786,44.0,Female,UK,Tier 3,12,25,1,103.77,103.77,5,3.9,1,0.226,1,Kids,Store,0.193,0.245,0,0
ZC001787,,Female,Spain,Tier 2,55,52,6,342.18,57.03,7,5.1,3,0.343,4,Kids,Mixed,0.11,0.142,0,0
ZC001788,16.0,Female,Spain,Tier 2,13,139,1,97.42,97.42,2,5.9,4,,2,Kids,Online,0.294,0.237,0,0
ZC001789,35.0,Female,Other,Tier 3,15,84,2,183.02,91.51,2,3.4,2,0.395,7,Kids,Online,0.22,0.303,0,0
ZC001790,42.0,Female,Other,Tier 2,10,21,1,152.04,152.04,7,1.8,3,0.234,7,Men,Online,0.275,0.119,0,0
ZC001791,16.0,Female,Germany,Tier 1,28,86,3,196.92,65.64,2,7.1,3,0.479,4,Women,Mixed,0.211,0.504,0,0
ZC001792,32.0,Female,USA,Tier 1,7,148,3,243.51,81.17,2,1.3,3,0.541,7,Women,Online,0.457,0.335,0,1
ZC001793,35.0,Male,USA,Tier 1,12,152,2,216.16,108.08,3,3.6,9,0.59,7,TRF,Store,0.319,0.182,0,1
ZC001794,29.0,Female,USA,Tier 1,11,60,5,192.11,38.42,1,3.8,5,0.703,3,Home,Online,0.475,0.094,0,0
ZC001795,16.0,Female,Mexico,Tier 1,21,4,1,103.62,103.62,8,5.3,3,0.657,3,Men,Store,0.335,0.266,0,0
ZC001796,29.0,Female,France,Tier 1,6,37,1,68.71,68.71,6,2.0,2,0.545,3,Women,Store,0.442,0.221,0,0
ZC001797,29.0,Female,Mexico,Tier 1,16,10,2,84.23,42.12,6,7.9,2,,6,Women,Store,0.258,0.188,0,0
ZC001798,31.0,Female,USA,Tier 2,39,11,3,235.78,78.59,2,6.1,4,0.535,1,Men,Store,0.601,0.457,0,0
ZC001799,26.0,Male,Other,Tier 1,7,148,1,85.86,85.86,1,5.5,2,0.51,7,Men,Mixed,0.463,0.436,0,0
ZC001800,28.0,Female,UK,Tier 1,29,159,3,287.04,95.68,2,2.2,0,0.221,4,Women,Mixed,0.246,0.392,0,1
ZC001801,32.0,Female,UK,Tier 2,33,188,1,89.45,89.45,1,1.0,3,0.254,1,Women,Online,0.119,0.606,0,0
ZC001802,36.0,Male,France,Tier 1,16,102,1,74.28,74.28,0,5.9,4,0.146,5,Kids,Store,0.222,0.419,0,1
ZC001803,29.0,Female,Germany,Tier 1,2,26,2,231.55,115.78,6,14.5,1,0.478,1,Women,Online,0.366,0.289,0,0
ZC001804,28.0,Female,Other,Tier 1,28,71,1,124.99,124.99,0,4.5,1,0.736,2,Women,Online,0.548,0.1,0,0
ZC001805,33.0,Male,UK,Tier 2,38,23,2,184.08,92.04,7,18.3,2,0.411,4,Women,Online,0.426,0.338,0,0
ZC001806,16.0,Female,Other,Tier 3,52,40,4,325.79,81.45,4,1.2,7,0.512,3,Women,Online,0.472,0.121,0,0
ZC001807,37.0,Female,UK,Tier 1,19,11,1,93.04,93.04,7,4.6,5,0.281,8,Kids,Online,0.147,0.232,0,0
ZC001808,32.0,Male,USA,Tier 2,4,39,2,177.59,88.8,8,1.0,3,0.178,5,Women,Mixed,0.142,0.475,0,0
ZC001809,32.0,Male,USA,Tier 3,28,31,4,186.09,46.52,6,1.8,3,0.623,2,Women,Online,0.517,0.27,0,0
ZC001810,42.0,Female,Spain,Tier 3,5,99,1,87.3,87.3,1,7.5,4,0.342,2,Men,Online,0.513,0.565,0,1
ZC001811,16.0,Female,Other,Tier 2,25,186,3,200.35,66.78,2,1.0,3,0.511,7,Kids,Mixed,0.286,0.202,0,0
ZC001812,16.0,Male,Spain,Tier 2,31,78,1,79.56,79.56,0,5.9,4,0.239,5,Kids,Mixed,0.54,0.113,0,0
ZC001813,35.0,Female,USA,Tier 1,39,8,2,108.46,54.23,7,6.5,4,0.422,3,TRF,Store,0.134,0.431,0,0
ZC001814,32.0,Female,USA,Tier 1,13,9,8,451.32,56.42,2,1.6,1,0.441,4,Women,Mixed,0.369,0.439,0,0
ZC001815,34.0,Female,Italy,Tier 1,8,119,1,91.25,91.25,0,4.3,5,0.241,4,Women,Online,0.176,0.557,0,0
ZC001816,27.0,Male,Other,Tier 1,19,93,3,219.85,73.28,3,2.0,8,0.359,8,Women,Online,0.081,0.217,0,0
ZC001817,39.0,Female,Mexico,Tier 3,6,49,1,78.84,78.84,5,7.1,2,,1,Women,Online,0.274,0.356,0,0
ZC001818,41.0,Female,USA,Tier 1,14,187,3,210.85,70.28,3,9.0,6,0.419,4,Women,Store,0.354,0.298,0,1
ZC001819,37.0,Female,UK,Tier 1,11,54,1,86.26,86.26,8,2.6,1,0.195,7,Women,Store,0.306,0.328,0,0
ZC001820,29.0,Female,USA,Tier 3,35,34,2,179.29,89.64,6,2.9,3,0.375,1,Men,Store,0.392,0.591,0,0
ZC001821,16.0,Male,Other,Tier 1,46,41,7,335.89,47.98,6,2.6,2,0.382,2,Women,Online,0.346,0.478,0,0
ZC001822,40.0,Female,Spain,Tier 1,26,23,5,357.55,71.51,9,3.2,2,0.381,4,Men,Store,0.167,0.357,0,0
ZC001823,44.0,Female,Other,Tier 1,32,13,3,240.95,80.32,4,1.9,2,0.184,4,Kids,Online,0.243,0.432,0,0
ZC001824,38.0,Male,Mexico,Tier 1,19,15,2,158.71,79.36,2,4.4,3,0.296,2,Kids,Store,0.364,0.196,0,1
ZC001825,23.0,Female,Italy,Tier 1,18,125,1,39.97,39.97,1,2.6,6,0.27,2,Women,Online,0.452,0.096,0,1
ZC001826,39.0,Female,Mexico,Tier 1,5,19,1,86.82,86.82,2,7.5,2,0.69,2,Home,Online,0.283,0.149,0,0
ZC001827,41.0,Female,USA,Tier 2,23,24,2,144.39,72.19,4,3.3,2,0.086,5,Women,Online,0.709,0.371,0,0
ZC001828,48.0,Male,USA,Tier 1,30,106,3,163.58,54.53,0,12.4,3,0.519,8,Men,Mixed,0.255,0.303,0,0
ZC001829,23.0,Male,UK,Tier 2,15,5,3,172.76,57.59,7,9.1,4,0.275,2,Men,Online,0.09,0.451,0,0
ZC001830,30.0,Male,USA,Tier 1,15,34,2,155.45,77.72,5,8.4,2,,4,Home,Mixed,0.224,0.231,0,0
ZC001831,39.0,Female,Italy,Tier 1,3,65,1,80.35,80.35,1,1.0,1,0.349,5,Men,Online,0.18,0.185,0,0
ZC001832,33.0,Female,UK,Tier 1,16,146,1,86.3,86.3,2,6.3,2,0.488,5,Women,Store,0.111,0.381,0,1
ZC001833,21.0,Female,Other,Tier 2,35,65,2,228.6,114.3,2,6.9,4,0.437,4,Women,Online,0.422,0.145,0,0
ZC001834,36.0,Male,Other,Tier 2,22,100,1,101.53,101.53,4,1.0,2,0.559,4,Women,Store,0.259,0.332,0,0
ZC001835,38.0,Female,USA,Tier 1,17,140,1,67.19,67.19,2,7.1,4,0.21,2,Men,Online,0.525,0.513,0,1
ZC001836,33.0,Female,USA,Tier 2,7,44,1,121.32,121.32,5,2.9,3,0.773,4,Kids,Store,0.279,0.317,0,0
ZC001837,34.0,Male,UK,Tier 1,12,84,2,146.12,73.06,2,1.9,4,0.578,8,Men,Store,0.032,0.471,0,0
ZC001838,29.0,Female,Spain,Tier 2,11,126,1,69.58,69.58,0,2.8,3,0.256,3,Women,Online,0.622,0.535,0,1
ZC001839,47.0,Female,Italy,Tier 3,8,32,1,60.24,60.24,4,4.9,3,0.528,8,Men,Online,0.441,0.212,0,0
ZC001840,23.0,Female,Italy,Tier 1,22,94,5,404.27,80.85,2,1.0,4,0.485,5,Home,Mixed,0.256,0.306,0,1
ZC001841,26.0,Female,Italy,Tier 1,13,208,2,144.23,72.11,0,2.9,4,0.32,6,Kids,Online,0.556,0.294,0,1
ZC001842,32.0,Male,UK,Tier 1,33,17,3,335.05,111.68,2,2.8,2,,1,Kids,Mixed,0.434,0.217,0,0
ZC001843,41.0,Female,Other,Tier 2,17,57,1,99.45,99.45,5,11.5,3,0.384,2,Women,Online,0.326,0.136,0,0
ZC001844,17.0,Male,Germany,Tier 1,57,28,5,338.45,67.69,6,4.0,4,0.757,8,Men,Store,0.235,0.223,0,0
ZC001845,19.0,Female,Other,Tier 1,12,107,4,212.84,53.21,3,19.0,4,0.667,3,TRF,Store,0.216,0.316,0,0
ZC001846,16.0,Female,Mexico,Tier 3,38,45,3,216.56,72.19,7,6.1,2,0.656,7,Kids,Store,0.26,0.257,0,0
ZC001847,32.0,Male,Italy,Tier 1,43,45,3,342.05,114.02,6,2.4,5,0.179,8,Women,Online,0.286,0.129,0,0
ZC001848,21.0,Male,Spain,Tier 2,12,127,3,335.04,111.68,1,6.6,5,0.231,1,Women,Store,0.322,0.557,0,1
ZC001849,28.0,Female,Other,Tier 1,16,89,1,106.88,106.88,0,5.5,6,0.422,5,Men,Mixed,0.368,0.6,0,0
ZC001850,39.0,Male,USA,Tier 3,13,5,2,166.34,83.17,6,9.4,2,0.556,6,Women,Store,0.626,0.249,0,0
ZC001851,26.0,Male,UK,Tier 2,11,20,1,96.42,96.42,4,3.1,2,0.303,1,Women,Store,0.233,0.058,0,0
ZC001852,34.0,Male,UK,Tier 1,27,23,3,327.0,109.0,3,4.7,4,0.226,1,Women,Online,0.214,0.251,0,0
ZC001853,29.0,Female,USA,Tier 1,29,103,4,550.55,137.64,3,3.0,2,0.68,1,Kids,Online,0.188,0.752,0,1
ZC001854,39.0,Female,Spain,Tier 1,10,78,3,280.87,93.62,0,5.7,0,0.549,4,Men,Mixed,0.442,0.07,0,1
ZC001855,37.0,Female,USA,Tier 2,10,245,3,215.76,71.92,2,2.9,2,0.654,7,Women,Mixed,0.283,0.358,0,1
ZC001856,25.0,Female,Mexico,Tier 1,17,52,4,450.55,112.64,7,2.7,1,0.15,2,Kids,Mixed,0.112,0.176,0,0
ZC001857,30.0,Female,Germany,Tier 3,17,149,1,53.69,53.69,1,1.0,3,0.223,5,Women,Mixed,0.168,0.522,0,1
ZC001858,42.0,Female,Other,Tier 2,5,70,1,89.89,89.89,0,6.5,5,0.165,8,Women,Online,0.479,0.123,0,1
ZC001859,36.0,Female,Other,Tier 3,27,152,2,236.8,118.4,1,6.1,3,0.62,8,Women,Store,0.546,0.015,0,1
ZC001860,18.0,Female,UK,Tier 1,4,37,6,685.81,114.3,8,3.4,2,0.507,4,Men,Mixed,0.403,0.578,0,0
ZC001861,39.0,Female,Mexico,Tier 1,9,178,1,51.64,51.64,1,9.6,3,0.788,1,TRF,Mixed,0.546,0.591,0,1
ZC001862,21.0,Female,France,Tier 1,20,5,1,87.85,87.85,9,12.3,5,0.254,8,Beauty,Mixed,0.293,0.063,0,0
ZC001863,46.0,Female,USA,Tier 1,27,125,8,707.4,88.42,0,2.5,2,0.167,3,Women,Mixed,0.221,0.193,0,0
ZC001864,42.0,Female,Other,Tier 1,9,88,1,91.48,91.48,3,10.6,0,0.053,6,Kids,Online,0.324,0.266,0,0
ZC001865,35.0,Male,Other,Tier 1,16,161,1,83.0,83.0,4,6.6,5,0.238,8,Men,Mixed,0.164,0.134,0,0
ZC001866,34.0,Female,Spain,Tier 2,13,61,1,78.0,78.0,0,1.5,2,0.415,5,Men,Mixed,0.302,0.076,0,0
ZC001867,30.0,Female,Other,Tier 1,1,37,1,131.2,131.2,1,4.5,9,0.411,6,Men,Online,0.264,0.074,0,0
ZC001868,39.0,Female,Spain,Tier 1,13,68,3,162.04,54.01,1,3.5,5,0.317,4,Women,Online,0.183,0.264,0,0
ZC001869,28.0,Female,Other,Tier 1,8,190,2,114.02,57.01,1,13.0,3,0.469,2,Beauty,Store,0.159,0.157,0,1
ZC001870,34.0,Female,Germany,Tier 2,17,40,3,177.7,59.23,1,7.1,5,,4,Men,Mixed,0.382,0.167,0,0
ZC001871,41.0,Female,USA,Tier 2,7,187,1,119.0,119.0,2,3.9,6,0.074,7,Men,Mixed,0.253,0.648,0,0
ZC001872,26.0,Female,Mexico,Tier 2,12,90,1,105.59,105.59,1,3.7,3,0.306,5,Kids,Online,0.222,0.304,0,1
ZC001873,26.0,Male,France,Tier 1,16,135,1,75.68,75.68,0,3.6,3,0.568,6,Home,Online,0.323,0.764,0,0
ZC001874,20.0,Female,Spain,Tier 2,18,98,4,534.96,133.74,3,5.2,3,0.29,3,Beauty,Store,0.271,0.225,0,0
ZC001875,21.0,Female,Mexico,Tier 2,15,73,1,49.41,49.41,1,14.5,2,,2,TRF,Online,0.072,0.322,0,0
ZC001876,16.0,Female,Mexico,Tier 1,37,37,1,66.87,66.87,7,4.9,5,0.254,2,Women,Mixed,0.467,0.416,0,0
ZC001877,39.0,Female,France,Tier 1,21,351,4,203.5,50.88,1,1.5,1,0.167,5,Home,Store,0.58,0.703,0,1
ZC001878,50.0,Female,Italy,Tier 3,26,12,1,70.72,70.72,6,2.7,4,0.386,6,Kids,Online,0.649,0.04,0,1
ZC001879,46.0,Male,Spain,Tier 1,16,151,1,103.3,103.3,1,1.0,2,0.171,7,Women,Store,0.262,0.333,0,1
ZC001880,16.0,Female,USA,Tier 1,1,7,2,145.36,72.68,5,6.8,3,0.657,6,Women,Online,0.283,0.722,0,0
ZC001881,39.0,Female,Italy,Tier 1,6,214,2,200.26,100.13,2,3.3,3,0.288,7,Home,Online,0.378,0.273,0,1
ZC001882,46.0,Female,USA,Tier 3,5,113,1,66.07,66.07,4,1.9,3,0.231,6,Kids,Online,0.312,0.264,0,1
ZC001883,27.0,Female,UK,Tier 1,14,27,3,205.51,68.5,7,7.6,2,0.151,6,Men,Mixed,0.379,0.128,0,1
ZC001884,33.0,Male,Other,Tier 3,42,29,6,474.19,79.03,6,3.4,3,0.499,5,Home,Mixed,0.361,0.218,0,0
ZC001885,,Female,Other,Tier 2,20,68,3,365.46,121.82,2,1.3,1,0.235,5,Beauty,Store,0.291,0.224,0,0
ZC001886,35.0,Female,France,Tier 2,31,6,2,194.31,97.16,7,2.2,3,,3,Women,Mixed,0.33,0.065,0,0
ZC001887,21.0,Female,France,Tier 1,8,159,2,133.38,66.69,4,1.4,2,0.157,1,Kids,Store,0.53,0.312,0,1
ZC001888,34.0,Male,Other,Tier 1,18,34,1,105.73,105.73,4,8.2,4,0.1,2,TRF,Online,0.19,0.021,0,0
ZC001889,16.0,Female,Other,Tier 2,37,14,5,381.35,76.27,10,3.3,2,0.314,1,Men,Store,0.301,0.262,0,0
ZC001890,37.0,Male,Spain,Tier 3,32,139,6,587.18,97.86,1,4.6,4,0.273,7,Men,Online,0.09,0.14,0,0
ZC001891,42.0,Male,UK,Tier 3,11,4,1,76.27,76.27,5,1.0,0,0.666,7,Kids,Mixed,0.231,0.233,0,0
ZC001892,24.0,Male,USA,Tier 3,16,62,3,175.15,58.38,1,1.5,6,0.359,2,TRF,Store,0.155,0.315,0,0
ZC001893,21.0,Female,Spain,Tier 2,33,21,5,312.29,62.46,7,1.3,5,0.867,8,Men,Store,0.199,0.397,0,0
ZC001894,16.0,Female,USA,Tier 1,10,95,1,120.12,120.12,1,2.9,8,0.261,7,Women,Store,0.205,0.093,0,0
ZC001895,29.0,Female,Germany,Tier 1,15,161,1,79.09,79.09,1,1.0,4,0.239,5,Home,Mixed,0.087,0.604,0,0
ZC001896,26.0,Male,Mexico,Tier 1,3,6,1,72.26,72.26,4,1.0,6,0.592,4,Women,Online,0.248,0.415,1,0
ZC001897,16.0,Female,Other,Tier 1,30,163,1,85.56,85.56,0,5.4,1,0.328,3,Men,Online,0.265,0.036,0,0
ZC001898,37.0,Female,UK,Tier 1,29,54,6,464.65,77.44,6,2.4,5,0.34,8,Men,Online,0.273,0.322,0,0
ZC001899,28.0,Female,UK,Tier 1,3,18,2,163.04,81.52,7,6.8,3,0.082,8,Men,Online,0.341,0.422,0,0
ZC001900,21.0,Male,USA,Tier 1,15,17,1,78.24,78.24,7,3.1,2,0.313,3,Kids,Mixed,0.386,0.365,0,1
ZC001901,26.0,Male,USA,Tier 1,35,54,5,450.77,90.15,10,3.0,5,0.389,5,Men,Mixed,0.23,0.279,0,0
ZC001902,43.0,Female,Spain,Tier 2,7,4,1,56.16,56.16,12,2.4,3,0.633,1,Women,Online,0.519,0.445,0,0
ZC001903,38.0,Female,Other,Tier 2,22,52,4,385.71,96.43,6,1.0,11,0.296,2,Women,Store,0.46,0.721,0,0
ZC001904,31.0,Male,Spain,Tier 2,12,59,2,167.73,83.86,10,3.4,3,0.224,4,Men,Store,0.291,0.389,0,0
ZC001905,38.0,Male,Mexico,Tier 2,35,101,3,140.58,46.86,1,6.9,0,0.633,7,Men,Online,0.349,0.36,0,0
ZC001906,20.0,Male,USA,Tier 1,3,150,1,67.26,67.26,0,13.9,4,0.223,5,Men,Store,0.305,0.333,0,1
ZC001907,32.0,Female,France,Tier 1,3,109,1,66.22,66.22,3,3.4,3,0.534,4,Beauty,Online,0.106,0.075,0,1
ZC001908,33.0,Female,Other,Tier 1,10,192,2,212.16,106.08,0,1.0,5,0.563,4,Men,Online,0.359,0.354,0,1
ZC001909,27.0,Male,Other,Tier 1,18,22,1,84.85,84.85,9,12.4,4,0.276,8,Beauty,Online,0.165,0.499,0,0
ZC001910,36.0,Female,USA,Tier 2,18,90,1,53.72,53.72,2,9.9,6,0.157,1,Home,Online,0.371,0.51,0,1
ZC001911,24.0,Female,Other,Tier 2,4,97,3,96.64,32.21,2,2.9,7,0.4,2,Women,Mixed,0.24,0.114,0,0
ZC001912,37.0,Female,USA,Tier 1,24,188,3,179.96,59.99,1,7.4,3,0.451,5,Women,Mixed,0.25,0.503,0,1
ZC001913,38.0,Female,Mexico,Tier 3,27,96,1,91.52,91.52,4,6.9,2,0.558,2,Kids,Store,0.412,0.212,0,1
ZC001914,16.0,Male,Spain,Tier 1,18,30,2,192.55,96.28,3,4.4,1,0.256,6,Home,Mixed,0.266,0.523,0,0
ZC001915,44.0,Female,France,Tier 1,35,63,3,205.07,68.36,1,4.5,3,0.393,5,Women,Mixed,0.324,0.256,0,0
ZC001916,16.0,Female,Italy,Tier 3,25,91,1,78.35,78.35,1,4.1,0,0.311,1,TRF,Store,0.507,0.103,0,1
ZC001917,26.0,Female,Other,Tier 2,12,10,1,81.48,81.48,6,1.1,2,0.243,2,Women,Mixed,0.411,0.439,0,0
ZC001918,42.0,Male,Other,Tier 2,43,208,3,381.93,127.31,1,6.9,5,0.331,5,Women,Store,0.347,0.146,0,1
ZC001919,29.0,Male,USA,Tier 2,47,64,6,530.07,88.35,1,8.3,5,0.516,8,Home,Mixed,0.336,0.726,0,0
ZC001920,17.0,Female,Other,Tier 1,22,280,3,193.42,64.47,5,10.6,5,0.279,1,Women,Store,0.303,0.053,0,0
ZC001921,21.0,Male,USA,Tier 2,9,13,1,78.03,78.03,7,1.6,3,0.769,8,Women,Online,0.387,0.112,0,0
ZC001922,42.0,Female,USA,Tier 2,34,24,2,171.78,85.89,7,3.2,2,0.204,1,Men,Mixed,0.456,0.387,0,0
ZC001923,,Male,Spain,Tier 1,6,100,1,103.91,103.91,2,1.3,4,0.363,5,Kids,Mixed,0.446,0.322,0,1
ZC001924,43.0,Male,USA,Tier 1,9,45,1,102.74,102.74,7,3.7,6,0.367,4,Women,Mixed,0.163,0.283,1,0
ZC001925,31.0,Female,Spain,Tier 3,31,145,1,125.72,125.72,1,2.9,2,0.293,4,Men,Mixed,0.303,0.354,0,0
ZC001926,20.0,Male,Italy,Tier 1,8,69,1,46.09,46.09,1,6.2,5,0.274,4,Women,Mixed,0.212,0.068,0,1
ZC001927,26.0,Female,Spain,Tier 3,40,66,3,248.78,82.93,1,8.3,1,0.314,7,Kids,Store,0.128,0.53,0,0
ZC001928,22.0,Female,Germany,Tier 1,8,63,3,240.96,80.32,3,1.0,7,0.45,1,Home,Store,0.145,0.073,0,0
ZC001929,41.0,Female,Spain,Tier 1,14,15,1,48.7,48.7,6,8.3,6,0.084,6,Home,Online,0.369,0.521,0,0
ZC001930,39.0,Male,Italy,Tier 2,13,70,1,61.47,61.47,2,8.5,4,0.615,1,Men,Online,0.205,0.338,0,0
ZC001931,16.0,Female,USA,Tier 2,27,22,2,132.56,66.28,6,3.1,2,0.331,1,Home,Store,0.175,0.049,0,0
ZC001932,28.0,Female,USA,Tier 1,26,289,1,66.39,66.39,2,2.2,4,0.722,1,Beauty,Mixed,0.156,0.119,0,1
ZC001933,23.0,Female,Germany,Tier 1,13,79,1,63.36,63.36,2,7.6,5,0.397,7,TRF,Online,0.254,0.148,0,0
ZC001934,45.0,Male,Other,Tier 1,24,88,1,44.58,44.58,0,1.0,3,0.357,2,Kids,Mixed,0.268,0.406,0,0
ZC001935,18.0,Female,Other,Tier 2,20,101,2,121.07,60.54,0,1.8,2,0.588,5,Women,Mixed,0.096,0.454,0,0
ZC001936,48.0,Female,USA,Tier 1,28,125,2,139.2,69.6,1,2.2,4,0.082,5,Kids,Mixed,0.191,0.303,0,0
ZC001937,32.0,Female,Other,Tier 1,26,8,1,72.16,72.16,7,5.6,1,0.569,2,Women,Store,0.292,0.337,0,0
ZC001938,20.0,Male,Germany,Tier 1,8,91,1,75.88,75.88,2,6.0,5,0.3,6,Kids,Store,0.57,0.136,0,1
ZC001939,25.0,Female,Other,Tier 1,40,60,8,645.3,80.66,0,5.9,3,0.673,4,Men,Online,0.219,0.305,0,0
ZC001940,24.0,Female,Spain,Tier 1,3,51,1,55.22,55.22,5,3.4,6,0.114,6,Women,Online,0.362,0.469,0,0
ZC001941,19.0,Male,Spain,Tier 1,14,138,4,294.98,73.74,2,7.8,1,0.585,7,Men,Store,0.219,0.141,0,0
ZC001942,33.0,Female,Spain,Tier 2,24,174,1,82.8,82.8,1,17.9,6,0.17,1,Women,Store,0.224,0.361,0,1
ZC001943,20.0,Female,Mexico,Tier 3,17,12,2,118.79,59.4,7,2.6,3,0.163,6,Men,Store,0.383,0.157,0,0
ZC001944,16.0,Male,Spain,Tier 1,16,64,2,253.41,126.7,1,13.5,6,0.363,2,Men,Store,0.481,0.372,0,0
ZC001945,28.0,Female,USA,Tier 1,14,119,1,28.95,28.95,1,7.0,4,0.158,4,Men,Online,0.185,0.62,0,0
ZC001946,16.0,Female,Germany,Tier 3,12,70,1,92.18,92.18,1,6.6,2,,7,Women,Store,0.064,0.306,0,0
ZC001947,24.0,Female,Other,Tier 1,37,164,3,291.79,97.26,1,3.7,5,0.359,7,Men,Online,0.581,0.592,0,1
ZC001948,23.0,Male,France,Tier 1,16,29,1,93.86,93.86,8,4.6,5,0.485,5,Beauty,Store,0.334,0.352,0,0
ZC001949,23.0,Male,Italy,Tier 2,16,153,1,78.22,78.22,2,4.5,4,0.182,1,Women,Online,0.477,0.365,0,1
ZC001950,52.0,Female,USA,Tier 1,10,45,3,134.58,44.86,14,15.7,3,0.422,4,Women,Online,0.093,0.283,0,0
ZC001951,33.0,Female,Other,Tier 1,26,21,1,104.5,104.5,8,2.7,1,0.402,7,Men,Store,0.235,0.448,0,0
ZC001952,34.0,Female,Spain,Tier 3,5,70,4,178.31,44.58,0,1.9,4,0.468,6,Men,Online,0.266,0.343,0,0
ZC001953,16.0,Female,USA,Tier 2,53,54,5,243.24,48.65,3,2.3,4,0.159,6,Women,Online,0.34,0.139,0,0
ZC001954,25.0,Female,UK,Tier 2,8,10,1,73.98,73.98,5,4.2,3,0.275,8,Men,Mixed,0.322,0.35,0,0
ZC001955,34.0,Female,USA,Tier 1,16,65,3,158.74,52.91,0,4.7,2,0.256,7,Women,Online,0.509,0.181,0,0
ZC001956,22.0,Female,Germany,Tier 1,22,134,3,141.8,47.27,3,1.9,3,0.504,3,Women,Online,0.227,0.115,0,0
ZC001957,41.0,Female,Italy,Tier 3,33,183,3,183.78,61.26,1,12.8,3,0.508,6,TRF,Mixed,0.521,0.664,0,1
ZC001958,20.0,Female,USA,Tier 3,13,119,1,39.06,39.06,0,2.0,2,0.574,2,Women,Online,0.453,0.654,0,0
ZC001959,29.0,Female,Spain,Tier 2,11,26,1,90.1,90.1,7,2.7,2,0.29,5,Men,Online,0.704,0.337,0,1
ZC001960,26.0,Female,Spain,Tier 1,19,87,1,73.73,73.73,3,4.9,0,0.279,4,Women,Mixed,0.494,0.456,0,0
ZC001961,34.0,Female,Spain,Tier 2,10,106,1,69.94,69.94,2,6.3,2,0.494,1,Women,Mixed,0.441,0.473,0,1
ZC001962,26.0,Female,Other,Tier 1,15,98,2,154.23,77.11,1,1.1,9,0.252,5,Men,Online,0.18,0.162,0,0
ZC001963,29.0,Female,Germany,Tier 2,43,26,4,342.79,85.7,2,14.2,2,0.453,2,TRF,Mixed,0.261,0.665,0,0
ZC001964,30.0,Female,Spain,Tier 2,8,44,2,113.89,56.94,4,3.6,3,0.463,8,Women,Store,0.16,0.297,0,1
ZC001965,25.0,Female,Spain,Tier 1,2,79,1,100.72,100.72,0,11.2,4,0.66,6,Women,Store,0.384,0.13,0,0
ZC001966,37.0,Male,Mexico,Tier 1,10,97,2,162.5,81.25,2,5.0,5,0.367,1,Kids,Mixed,0.417,0.165,0,1
ZC001967,34.0,Male,Mexico,Tier 2,5,138,5,300.99,60.2,1,2.6,5,0.471,8,Women,Mixed,0.464,0.401,0,1
ZC001968,31.0,Male,Other,Tier 3,25,8,2,148.74,74.37,2,6.3,2,0.607,6,Women,Store,0.583,0.158,0,0
ZC001969,28.0,Female,USA,Tier 1,11,7,1,93.2,93.2,5,11.4,0,0.636,1,Women,Store,0.247,0.375,0,0
ZC001970,40.0,Male,France,Tier 1,35,82,3,221.48,73.83,1,7.5,3,0.31,8,Beauty,Store,0.295,0.709,1,0
ZC001971,30.0,Female,Spain,Tier 2,14,115,3,277.23,92.41,2,7.8,3,0.818,4,TRF,Mixed,0.389,0.461,0,0
ZC001972,29.0,Female,Mexico,Tier 1,6,47,1,48.27,48.27,4,2.4,2,0.557,1,Women,Online,0.352,0.456,0,0
ZC001973,33.0,Female,UK,Tier 1,32,42,4,299.29,74.82,8,5.1,5,0.381,2,TRF,Store,0.121,0.329,0,0
ZC001974,49.0,Female,Italy,Tier 1,9,21,3,258.43,86.14,1,1.3,5,0.396,8,Beauty,Mixed,0.123,0.65,0,0
ZC001975,19.0,Female,Spain,Tier 1,2,123,4,234.19,58.55,3,5.7,5,0.589,8,Beauty,Store,0.181,0.427,0,1
ZC001976,40.0,Female,Mexico,Tier 1,22,74,3,199.95,66.65,1,4.2,4,0.21,7,Women,Mixed,0.191,0.189,0,0
ZC001977,16.0,Male,USA,Tier 3,10,95,1,56.64,56.64,1,4.5,3,0.645,5,Women,Mixed,0.34,0.467,0,0
ZC001978,34.0,Female,Other,Tier 2,23,52,3,170.15,56.72,3,3.6,2,0.497,5,Women,Store,0.553,0.461,1,0
ZC001979,48.0,Male,USA,Tier 1,29,45,2,175.07,87.54,10,3.4,2,0.696,8,Women,Online,0.271,0.247,0,0
ZC001980,37.0,Male,Mexico,Tier 1,20,60,2,206.46,103.23,4,1.9,9,0.222,4,Women,Mixed,0.607,0.125,0,1
ZC001981,34.0,Female,Spain,Tier 2,10,55,4,339.09,84.77,2,3.0,5,0.476,1,Women,Mixed,0.21,0.19,0,0
ZC001982,26.0,Female,Germany,Tier 1,33,172,2,175.6,87.8,2,9.3,3,0.257,5,Women,Mixed,0.362,0.297,0,1
ZC001983,32.0,Female,Mexico,Tier 2,8,18,1,106.38,106.38,3,3.3,5,0.71,5,TRF,Online,0.398,0.057,0,0
ZC001984,29.0,Female,UK,Tier 1,23,125,2,98.89,49.44,2,4.4,6,0.591,3,Women,Online,0.452,0.207,0,0
ZC001985,24.0,Male,USA,Tier 2,26,34,3,323.9,107.97,5,2.4,6,0.362,2,Women,Mixed,0.335,0.36,0,0
ZC001986,29.0,Male,USA,Tier 1,17,43,3,225.07,75.02,7,6.1,4,0.198,4,TRF,Online,0.491,0.469,0,0
ZC001987,34.0,Male,USA,Tier 2,29,82,2,165.88,82.94,2,2.6,4,0.604,4,Men,Mixed,0.21,0.576,0,0
ZC001988,24.0,Female,Germany,Tier 2,20,113,1,83.99,83.99,1,8.7,4,0.245,7,Men,Mixed,0.283,0.238,0,1
ZC001989,24.0,Male,Spain,Tier 1,22,53,1,97.78,97.78,8,2.4,4,0.285,8,Men,Mixed,0.458,0.329,0,0
ZC001990,18.0,Male,Spain,Tier 3,29,16,1,74.71,74.71,6,1.0,4,0.744,8,Women,Mixed,0.339,0.083,0,0
ZC001991,36.0,Female,USA,Tier 1,19,222,1,107.45,107.45,2,3.2,2,0.244,5,Women,Store,0.511,0.473,0,1
ZC001992,37.0,Female,USA,Tier 1,31,9,1,65.65,65.65,6,1.0,2,0.038,8,Women,Store,0.64,0.127,0,1
ZC001993,34.0,Female,USA,Tier 2,39,18,1,65.19,65.19,5,6.7,5,0.173,5,Women,Online,0.453,0.159,0,0
ZC001994,42.0,Female,Italy,Tier 2,24,189,4,263.43,65.86,0,2.4,2,0.537,2,Women,Mixed,0.291,0.198,0,1
ZC001995,33.0,Male,Spain,Tier 1,29,152,3,231.05,77.02,0,12.5,1,0.402,3,Beauty,Online,0.26,0.318,0,1
ZC001996,36.0,Female,Other,Tier 1,18,201,6,332.87,55.48,2,3.2,1,0.375,4,Home,Store,0.252,0.675,0,1
ZC001997,35.0,Female,Mexico,Tier 1,39,33,1,63.51,63.51,4,3.1,1,0.302,2,Men,Online,0.524,0.232,1,0
ZC001998,31.0,Male,UK,Tier 1,21,24,6,213.37,35.56,2,3.2,3,0.343,6,TRF,Mixed,0.092,0.467,0,0
ZC001999,27.0,Female,Other,Tier 1,27,135,2,128.0,64.0,2,8.1,1,0.34,2,Women,Online,0.118,0.11,0,0
ZC002000,54.0,Female,Germany,Tier 1,6,16,1,98.29,98.29,5,1.0,2,0.242,2,Women,Online,0.266,0.165,0,0
ZC002001,27.0,Male,France,Tier 1,26,25,1,160.82,160.82,11,5.4,3,0.363,7,Women,Mixed,0.304,0.714,0,0
ZC002002,25.0,Male,USA,Tier 2,19,10,1,73.95,73.95,6,12.7,7,0.566,7,Women,Store,0.16,0.433,0,0
ZC002003,36.0,Male,Germany,Tier 2,25,31,4,475.69,118.92,5,4.3,4,0.589,4,Women,Store,0.274,0.49,0,0
ZC002004,35.0,Female,Spain,Tier 3,27,21,3,227.77,75.92,3,1.2,5,0.655,5,Home,Store,0.06,0.267,0,0
ZC002005,18.0,Male,France,Tier 1,29,13,2,148.96,74.48,5,9.9,4,0.253,8,Women,Store,0.144,0.188,0,0
ZC002006,43.0,Male,Spain,Tier 1,26,66,4,347.53,86.88,1,5.6,3,0.399,6,Kids,Store,0.255,0.167,0,0
ZC002007,31.0,Male,UK,Tier 1,15,41,1,85.87,85.87,5,10.5,5,0.414,5,Women,Mixed,0.29,0.39,0,0
ZC002008,21.0,Female,Germany,Tier 1,49,92,1,70.79,70.79,4,4.9,2,0.728,4,Men,Online,0.238,0.607,0,1
ZC002009,44.0,Female,USA,Tier 1,35,17,5,351.01,70.2,9,2.8,4,0.168,3,Women,Online,0.159,0.418,0,0
ZC002010,38.0,Male,USA,Tier 1,16,30,1,109.62,109.62,8,3.4,3,0.344,5,Women,Store,0.43,0.065,0,0
ZC002011,19.0,Male,Mexico,Tier 2,15,39,1,90.49,90.49,7,4.2,4,0.315,6,Women,Mixed,0.157,0.286,0,0
ZC002012,50.0,Female,USA,Tier 3,1,135,1,57.78,57.78,2,6.5,1,0.499,5,Home,Store,0.306,0.073,0,1
ZC002013,39.0,Female,Spain,Tier 1,7,114,1,80.31,80.31,2,2.4,3,0.943,4,Men,Store,0.293,0.205,0,1
ZC002014,32.0,Male,USA,Tier 1,10,54,1,99.98,99.98,7,4.0,4,0.684,5,Women,Store,0.354,0.208,0,0
ZC002015,48.0,Female,Other,Tier 2,16,8,1,54.0,54.0,8,1.4,2,0.234,1,Men,Online,0.071,0.093,0,0
ZC002016,34.0,Female,Italy,Tier 2,39,150,2,196.57,98.28,5,3.3,1,0.306,4,Home,Online,0.348,0.478,0,1
ZC002017,32.0,Female,France,Tier 1,14,18,3,267.67,89.22,8,4.9,3,0.097,8,Women,Online,0.392,0.195,0,0
ZC002018,25.0,Female,Other,Tier 2,7,58,1,89.89,89.89,5,6.8,1,0.286,5,Women,Mixed,0.507,0.159,0,1
ZC002019,38.0,Male,Germany,Tier 1,25,101,4,495.88,123.97,2,6.5,1,0.675,7,Home,Mixed,0.306,0.153,0,0
ZC002020,37.0,Female,Mexico,Tier 2,26,27,3,286.72,95.57,10,10.9,4,0.52,5,Men,Online,0.367,0.221,0,0
ZC002021,32.0,Female,Germany,Tier 2,15,33,1,77.99,77.99,6,2.4,1,0.582,4,Kids,Store,0.203,0.501,0,0
ZC002022,24.0,Male,Other,Tier 1,36,150,1,73.19,73.19,0,1.7,2,0.448,1,Men,Mixed,0.316,0.426,0,1
ZC002023,33.0,Male,Germany,Tier 1,37,64,3,319.21,106.4,3,3.6,2,0.47,7,Women,Mixed,0.521,0.383,1,1
ZC002024,31.0,Female,USA,Tier 2,4,10,1,59.45,59.45,12,5.4,3,0.044,2,Women,Store,0.202,0.413,0,0
ZC002025,19.0,Female,Spain,Tier 2,26,42,2,150.07,75.04,4,3.2,3,0.233,6,Men,Store,0.349,0.556,0,0
ZC002026,17.0,Male,Spain,Tier 3,2,29,1,96.35,96.35,4,1.3,6,0.62,7,Women,Online,0.352,0.434,0,0
ZC002027,38.0,Female,France,Tier 1,16,7,1,76.2,76.2,3,4.0,5,0.463,7,Men,Online,0.175,0.359,0,0
ZC002028,16.0,Female,Other,Tier 2,60,10,5,654.21,130.84,7,1.7,2,0.478,4,Women,Store,0.346,0.175,0,0
ZC002029,34.0,Female,Mexico,Tier 2,26,79,1,111.57,111.57,0,4.2,4,0.675,1,Women,Online,0.592,0.17,0,0
ZC002030,27.0,Female,Mexico,Tier 2,11,21,1,137.28,137.28,8,1.0,1,0.121,7,Men,Store,0.244,0.162,0,0
ZC002031,45.0,Male,Germany,Tier 1,27,84,4,416.04,104.01,4,7.8,3,0.55,2,Women,Mixed,0.275,0.268,0,0
ZC002032,27.0,Female,Other,Tier 1,10,137,1,92.57,92.57,0,1.2,3,0.206,3,Women,Online,0.284,0.432,0,1
ZC002033,39.0,Female,Italy,Tier 2,21,5,1,33.7,33.7,6,2.2,6,0.363,7,Women,Online,0.047,0.196,0,0
ZC002034,28.0,Female,USA,Tier 1,8,84,1,82.48,82.48,3,9.1,2,0.659,3,Women,Online,0.397,0.086,0,1
ZC002035,33.0,Female,France,Tier 1,13,68,2,120.47,60.24,4,4.5,4,0.776,3,Men,Store,0.293,0.355,0,0
ZC002036,39.0,Female,UK,Tier 1,35,96,2,96.72,48.36,0,9.2,5,0.155,8,Women,Online,0.262,0.558,0,1
ZC002037,27.0,Male,USA,Tier 3,48,236,1,90.25,90.25,3,5.7,3,0.316,4,Women,Online,0.094,0.276,0,1
ZC002038,42.0,Female,USA,Tier 2,21,54,4,218.33,54.58,9,6.5,3,0.222,8,Women,Online,0.286,0.568,0,0
ZC002039,22.0,Female,USA,Tier 2,29,54,3,211.08,70.36,4,3.8,1,0.325,7,Men,Store,0.511,0.054,0,0
ZC002040,35.0,Female,USA,Tier 3,12,64,3,204.38,68.13,1,9.9,4,0.472,6,Women,Mixed,0.641,0.374,0,0
ZC002041,41.0,Male,USA,Tier 2,8,25,1,69.84,69.84,9,3.6,1,0.503,7,Men,Online,0.271,0.164,0,0
ZC002042,39.0,Female,Other,Tier 1,20,208,3,237.25,79.08,3,1.3,10,0.453,2,Women,Online,0.387,0.215,0,1
ZC002043,51.0,Male,USA,Tier 1,19,3,1,82.94,82.94,5,10.2,3,0.479,1,Home,Mixed,0.319,0.237,0,0
ZC002044,,Female,Other,Tier 2,60,37,1,83.28,83.28,7,9.4,2,0.273,2,Men,Mixed,0.612,0.345,0,1
ZC002045,18.0,Female,Spain,Tier 3,15,39,1,38.23,38.23,4,2.2,3,0.6,3,Women,Store,0.13,0.021,0,0
ZC002046,22.0,Female,Other,Tier 2,15,25,1,125.36,125.36,6,1.9,3,0.797,7,Women,Store,0.058,0.323,0,0
ZC002047,39.0,Female,Mexico,Tier 1,25,48,4,218.89,54.72,4,13.2,2,0.436,4,Men,Mixed,0.155,0.164,0,0
ZC002048,37.0,Male,Other,Tier 2,11,37,3,163.17,54.39,5,6.1,1,0.261,7,Women,Online,0.405,0.303,0,0
ZC002049,33.0,Male,France,Tier 1,9,20,1,115.41,115.41,5,2.6,4,0.36,5,Home,Online,0.618,0.234,1,0
ZC002050,21.0,Female,Germany,Tier 1,23,57,1,76.62,76.62,6,4.2,2,0.536,8,Women,Online,0.496,0.299,0,0
ZC002051,40.0,Female,USA,Tier 1,5,69,1,91.14,91.14,2,2.1,6,0.472,6,Home,Mixed,0.491,0.39,0,1
ZC002052,20.0,Female,UK,Tier 1,24,328,3,275.82,91.94,1,5.4,2,0.356,4,Women,Online,0.179,0.168,0,1
ZC002053,44.0,Female,Mexico,Tier 1,13,20,2,174.41,87.2,10,16.4,3,0.528,2,Women,Store,0.376,0.349,0,0
ZC002054,61.0,Male,Spain,Tier 2,28,84,1,64.92,64.92,0,12.2,3,0.523,2,Women,Online,0.296,0.514,0,0
ZC002055,36.0,Male,Spain,Tier 1,40,82,1,68.34,68.34,0,3.9,1,0.327,8,Men,Mixed,0.514,0.399,0,0
ZC002056,38.0,Female,Other,Tier 3,9,128,1,127.28,127.28,1,5.3,4,0.169,3,Women,Store,0.439,0.171,0,0
ZC002057,27.0,Male,Spain,Tier 1,15,112,1,61.35,61.35,1,5.0,2,0.759,4,TRF,Online,0.476,0.269,0,0
ZC002058,16.0,Male,Italy,Tier 1,34,5,4,292.02,73.0,4,6.2,2,0.214,7,Men,Mixed,0.235,0.358,0,0
ZC002059,26.0,Female,USA,Tier 1,21,46,2,182.76,91.38,4,3.3,4,0.5,5,Women,Online,0.373,0.397,1,0
ZC002060,21.0,Female,USA,Tier 1,48,18,4,272.51,68.13,6,2.1,8,0.483,5,Women,Store,0.409,0.519,0,0
ZC002061,18.0,Female,USA,Tier 1,22,10,1,56.81,56.81,5,5.8,5,0.515,7,Men,Store,0.167,0.438,0,0
ZC002062,49.0,Male,France,Tier 1,39,45,2,164.08,82.04,5,2.5,7,0.225,7,Men,Store,0.202,0.239,0,0
ZC002063,35.0,Male,Other,Tier 1,7,87,5,379.85,75.97,3,11.2,1,0.057,4,Women,Online,0.072,0.275,0,0
ZC002064,36.0,Female,Other,Tier 1,9,186,1,48.78,48.78,1,2.3,5,0.712,8,Men,Online,0.32,0.451,1,1
ZC002065,29.0,Female,USA,Tier 2,45,63,3,276.48,92.16,1,2.7,2,0.479,5,Home,Online,0.426,0.25,0,0
ZC002066,30.0,Female,USA,Tier 1,9,22,2,208.15,104.08,3,7.8,3,0.388,2,Men,Store,0.308,0.41,0,0
ZC002067,42.0,Female,Other,Tier 1,45,70,5,113.32,22.66,0,6.9,6,0.542,5,TRF,Online,0.42,0.126,0,0
ZC002068,32.0,Female,Spain,Tier 1,10,94,1,71.2,71.2,2,1.6,6,0.595,7,Beauty,Online,0.257,0.565,0,0
ZC002069,37.0,Male,Spain,Tier 1,5,165,1,18.44,18.44,1,6.8,4,0.695,4,Beauty,Online,0.351,0.408,0,1
ZC002070,30.0,Female,UK,Tier 2,15,18,1,100.56,100.56,7,15.9,5,0.382,6,Men,Store,0.401,0.678,0,0
ZC002071,29.0,Female,Mexico,Tier 1,7,10,1,58.86,58.86,5,6.8,4,0.482,7,Women,Mixed,0.538,0.173,0,0
ZC002072,18.0,Female,USA,Tier 2,27,75,2,169.38,84.69,0,3.8,1,,8,Home,Online,0.332,0.216,0,1
ZC002073,16.0,Female,Spain,Tier 3,2,57,1,48.82,48.82,6,4.7,3,0.473,6,Kids,Store,0.308,0.442,0,0
ZC002074,29.0,Male,Other,Tier 1,56,42,6,667.18,111.2,8,1.7,2,0.535,2,Women,Mixed,0.384,0.367,0,0
ZC002075,33.0,Female,Other,Tier 3,19,53,3,337.98,112.66,7,3.6,2,0.211,3,Women,Mixed,0.64,0.169,0,0
ZC002076,19.0,Female,Germany,Tier 2,28,19,5,290.19,58.04,7,5.7,4,0.188,7,Women,Mixed,0.196,0.129,0,0
ZC002077,32.0,Male,Italy,Tier 2,30,4,1,56.49,56.49,6,4.8,1,0.366,6,Women,Mixed,0.428,0.263,0,0
ZC002078,33.0,Female,Other,Tier 3,20,109,4,341.09,85.27,5,2.6,6,0.175,4,Men,Online,0.296,0.218,0,1
ZC002079,16.0,Female,Germany,Tier 1,24,104,1,85.46,85.46,2,9.2,1,0.633,5,Women,Online,0.328,0.297,0,0
ZC002080,23.0,Female,Mexico,Tier 1,14,12,1,59.07,59.07,6,2.2,2,0.461,1,TRF,Store,0.735,0.613,0,0
ZC002081,36.0,Male,UK,Tier 1,30,51,4,227.34,56.84,3,8.5,5,,3,TRF,Store,0.351,0.233,0,0
ZC002082,36.0,Female,USA,Tier 2,50,99,2,220.16,110.08,2,11.8,4,0.328,1,Men,Mixed,0.035,0.335,0,0
ZC002083,20.0,Male,Other,Tier 1,13,89,1,78.33,78.33,3,1.0,5,0.445,5,TRF,Online,0.421,0.099,0,1
ZC002084,34.0,Female,Italy,Tier 1,33,26,3,234.15,78.05,6,4.2,2,0.368,6,Home,Store,0.383,0.249,0,0
ZC002085,42.0,Female,USA,Tier 3,36,68,6,448.23,74.7,1,3.8,3,0.622,2,Men,Online,0.605,0.202,0,0
ZC002086,40.0,Male,Germany,Tier 1,13,16,4,172.73,43.18,8,3.3,3,0.179,4,Men,Online,0.738,0.196,0,0
ZC002087,31.0,Female,Mexico,Tier 1,18,119,4,233.04,58.26,1,1.7,1,0.587,1,Women,Store,0.279,0.356,0,0
ZC002088,27.0,Female,USA,Tier 1,17,47,1,52.26,52.26,9,4.2,8,0.629,8,Kids,Store,0.359,0.66,0,0
ZC002089,26.0,Female,Mexico,Tier 2,16,71,1,36.57,36.57,0,1.0,3,0.545,8,Women,Mixed,0.209,0.024,0,0
ZC002090,37.0,Female,Spain,Tier 1,10,82,5,287.66,57.53,2,2.4,5,0.572,8,TRF,Online,0.285,0.262,0,0
ZC002091,34.0,Female,Germany,Tier 1,18,48,3,240.38,80.13,4,4.0,6,0.388,5,Kids,Online,0.104,0.268,0,0
ZC002092,38.0,Female,Other,Tier 3,15,82,1,61.03,61.03,2,4.2,5,0.441,7,Men,Mixed,0.151,0.533,0,0
ZC002093,33.0,Female,Other,Tier 1,41,122,5,413.77,82.75,0,3.3,6,0.633,2,Women,Mixed,0.466,0.189,0,1
ZC002094,40.0,Female,Other,Tier 1,22,19,1,55.38,55.38,9,5.4,2,0.494,2,Kids,Store,0.068,0.047,0,0
ZC002095,33.0,Female,Italy,Tier 2,11,146,1,83.35,83.35,1,6.1,2,0.369,3,Women,Online,0.36,0.301,0,1
ZC002096,40.0,Female,UK,Tier 1,43,35,5,555.63,111.13,12,1.5,3,0.415,5,Kids,Mixed,0.067,0.439,0,0
ZC002097,41.0,Female,Italy,Tier 1,38,86,2,195.34,97.67,2,9.7,3,0.543,7,Men,Mixed,0.393,0.154,0,0
ZC002098,24.0,Female,USA,Tier 2,15,46,1,78.27,78.27,4,6.2,5,0.475,2,Women,Store,0.329,0.426,0,0
ZC002099,16.0,Male,France,Tier 2,21,74,4,347.29,86.82,0,5.3,5,0.263,7,Kids,Online,0.296,0.338,0,0
ZC002100,47.0,Female,France,Tier 1,41,137,5,336.35,67.27,4,2.5,7,0.108,2,Men,Store,0.153,0.253,0,0
ZC002101,35.0,Female,France,Tier 2,32,57,3,185.64,61.88,7,2.6,4,0.43,8,Women,Online,0.246,0.801,0,0
ZC002102,16.0,Female,UK,Tier 2,4,81,5,370.0,74.0,4,8.1,4,0.421,6,Men,Online,0.091,0.617,0,0
ZC002103,25.0,Female,USA,Tier 2,9,170,1,62.17,62.17,1,5.2,4,0.56,2,Women,Online,0.202,0.175,0,1
ZC002104,40.0,Female,USA,Tier 2,12,36,2,224.82,112.41,5,11.0,2,0.47,3,Men,Store,0.549,0.053,0,1
ZC002105,,Male,USA,Tier 2,13,23,1,107.94,107.94,4,1.4,4,0.194,6,Kids,Store,0.21,0.383,0,0
ZC002106,27.0,Female,UK,Tier 1,17,129,1,136.28,136.28,3,4.2,5,0.304,6,Women,Online,0.233,0.309,0,0
ZC002107,46.0,Female,Spain,Tier 1,24,49,1,112.66,112.66,1,1.0,2,0.505,4,Men,Store,0.318,0.771,0,0
ZC002108,22.0,Male,Other,Tier 1,17,42,3,289.85,96.62,5,4.7,3,0.716,6,Kids,Online,0.29,0.526,0,0
ZC002109,24.0,Female,Spain,Tier 1,37,147,2,64.98,32.49,3,6.9,2,0.34,1,TRF,Online,0.243,0.262,0,0
ZC002110,34.0,Male,Other,Tier 3,13,27,6,400.24,66.71,3,6.5,4,0.114,3,Women,Online,0.374,0.165,0,0
ZC002111,36.0,Male,USA,Tier 1,37,87,1,68.85,68.85,0,5.8,2,0.176,6,Home,Online,0.243,0.082,0,1
ZC002112,37.0,Female,Other,Tier 1,22,194,1,65.73,65.73,3,2.5,2,0.577,1,Women,Mixed,0.332,0.363,0,1
ZC002113,41.0,Female,Italy,Tier 1,21,17,2,199.99,100.0,7,1.5,3,0.485,2,Women,Mixed,0.275,0.402,0,0
ZC002114,34.0,Female,Other,Tier 2,30,198,1,102.87,102.87,0,2.6,3,0.575,2,Women,Online,0.365,0.099,0,1
ZC002115,37.0,Male,Other,Tier 2,27,39,1,58.49,58.49,10,6.2,2,0.455,5,Men,Online,0.269,0.31,0,0
ZC002116,29.0,Female,Italy,Tier 1,17,42,3,214.52,71.51,8,7.7,3,0.416,8,Women,Online,0.371,0.525,0,0
ZC002117,33.0,Male,USA,Tier 2,10,9,1,64.57,64.57,3,1.3,4,0.288,8,Beauty,Mixed,0.617,0.275,0,0
ZC002118,33.0,Female,France,Tier 1,42,73,4,142.84,35.71,1,8.8,2,0.509,5,Kids,Online,0.196,0.047,1,0
ZC002119,34.0,Female,USA,Tier 3,20,19,2,203.51,101.76,4,8.5,5,0.569,7,Men,Online,0.804,0.466,0,0
ZC002120,40.0,Female,Other,Tier 2,20,90,3,318.1,106.03,1,4.9,7,0.345,8,Women,Online,0.209,0.228,0,0
ZC002121,38.0,Female,Other,Tier 1,60,53,6,260.67,43.44,5,4.7,5,0.306,5,Men,Store,0.445,0.123,0,0
ZC002122,32.0,Female,USA,Tier 3,37,72,9,410.01,45.56,0,2.0,2,0.803,2,Men,Online,0.274,0.436,0,0
ZC002123,24.0,Male,Italy,Tier 1,16,102,1,128.61,128.61,2,3.8,1,0.546,7,Men,Mixed,0.491,0.384,1,1
ZC002124,33.0,Female,USA,Tier 1,19,238,1,88.48,88.48,3,1.5,2,0.09,4,Women,Mixed,0.399,0.072,0,1
ZC002125,32.0,Male,Italy,Tier 1,9,58,6,645.59,107.6,7,3.2,5,0.461,6,Men,Online,0.2,0.171,0,0
ZC002126,34.0,Male,Germany,Tier 1,7,91,1,62.59,62.59,1,1.3,3,0.225,3,Home,Store,0.295,0.255,0,0
ZC002127,54.0,Female,France,Tier 3,16,80,1,108.73,108.73,0,9.9,3,0.477,5,Men,Online,0.419,0.305,0,0
ZC002128,27.0,Female,Other,Tier 2,25,71,1,60.77,60.77,1,7.0,3,0.477,3,Men,Mixed,0.527,0.582,0,1
ZC002129,36.0,Female,USA,Tier 2,10,12,1,92.1,92.1,10,1.6,2,0.358,2,Women,Online,0.553,0.14,0,0
ZC002130,43.0,Female,Mexico,Tier 3,32,25,1,45.7,45.7,5,5.2,4,0.082,4,Women,Mixed,0.334,0.343,0,0
ZC002131,33.0,Male,Italy,Tier 1,8,13,1,74.52,74.52,9,5.9,1,0.183,2,Men,Mixed,0.127,0.164,0,0
ZC002132,55.0,Male,USA,Tier 1,16,179,1,93.84,93.84,2,3.0,4,0.476,1,Men,Mixed,0.472,0.101,0,1
ZC002133,28.0,Male,UK,Tier 2,30,182,2,157.63,78.82,2,2.3,2,0.54,3,Men,Mixed,0.459,0.165,0,1
ZC002134,35.0,Female,Spain,Tier 1,59,102,6,508.45,84.74,4,1.8,6,0.126,4,Men,Store,0.399,0.38,0,0
ZC002135,24.0,Female,Germany,Tier 2,45,130,2,126.47,63.24,2,3.9,5,0.295,1,Women,Store,0.272,0.158,0,1
ZC002136,28.0,Female,Other,Tier 1,39,14,2,152.38,76.19,1,4.9,2,0.399,3,Women,Online,0.507,0.133,0,1
ZC002137,34.0,Male,Spain,Tier 1,20,91,1,69.47,69.47,1,1.9,6,0.182,5,Home,Store,0.154,0.151,0,0
ZC002138,40.0,Female,Spain,Tier 1,33,31,3,202.6,67.53,6,6.0,3,0.188,6,Women,Online,0.491,0.355,0,0
ZC002139,35.0,Female,UK,Tier 1,15,19,5,501.08,100.22,8,6.6,4,0.19,6,Home,Online,0.22,0.079,0,0
ZC002140,45.0,Female,USA,Tier 1,29,130,3,182.68,60.89,1,6.2,2,0.272,4,Kids,Mixed,0.303,0.193,0,0
ZC002141,31.0,Female,USA,Tier 1,6,91,1,70.45,70.45,3,10.2,5,0.28,7,Men,Online,0.109,0.16,0,0
ZC002142,29.0,Female,Germany,Tier 1,24,15,2,132.51,66.26,8,5.7,1,0.352,1,Kids,Store,0.184,0.46,0,0
ZC002143,59.0,Female,UK,Tier 2,6,166,1,124.12,124.12,0,15.6,1,0.394,7,Men,Online,0.201,0.274,0,0
ZC002144,36.0,Male,Other,Tier 1,38,53,1,82.67,82.67,5,7.3,4,0.252,6,Women,Online,0.227,0.349,0,0
ZC002145,25.0,Male,UK,Tier 1,32,107,1,72.03,72.03,0,1.9,6,0.652,1,Beauty,Store,0.164,0.106,0,0
ZC002146,25.0,Female,Germany,Tier 1,48,35,2,161.53,80.76,2,7.7,2,0.382,8,Women,Mixed,0.319,0.339,0,0
ZC002147,23.0,Male,UK,Tier 1,7,73,1,76.57,76.57,3,10.0,3,0.417,1,Women,Online,0.435,0.354,0,0
ZC002148,41.0,Female,USA,Tier 1,60,113,4,262.45,65.61,2,17.3,2,0.551,7,Women,Online,0.173,0.224,0,0
ZC002149,28.0,Male,UK,Tier 1,19,71,1,59.75,59.75,1,10.1,4,0.465,1,Women,Store,0.203,0.462,0,0
ZC002150,33.0,Female,Italy,Tier 1,37,92,2,139.47,69.74,0,5.0,3,0.446,5,Women,Store,0.34,0.173,0,0
ZC002151,31.0,Female,Other,Tier 3,9,51,1,89.11,89.11,4,5.6,1,0.269,7,Men,Online,0.077,0.474,0,0
ZC002152,39.0,Female,Spain,Tier 1,25,104,4,356.87,89.22,2,4.2,1,0.4,8,Women,Mixed,0.253,0.051,0,0
ZC002153,24.0,Female,France,Tier 1,17,81,1,73.25,73.25,2,8.0,3,0.782,2,Men,Online,0.401,0.127,0,0
ZC002154,21.0,Female,Germany,Tier 2,32,2,1,53.43,53.43,9,8.2,3,0.417,3,TRF,Mixed,0.387,0.459,0,0
ZC002155,34.0,Male,Spain,Tier 1,4,58,1,46.49,46.49,10,8.7,3,0.443,5,Home,Mixed,0.074,0.499,0,0
ZC002156,38.0,Male,Other,Tier 1,8,132,1,157.65,157.65,2,11.3,4,0.271,4,Beauty,Online,0.682,0.312,0,1
ZC002157,35.0,Female,USA,Tier 1,40,3,1,60.1,60.1,5,1.4,3,0.442,7,Women,Store,0.096,0.702,0,0
ZC002158,24.0,Female,Other,Tier 2,8,181,2,231.37,115.68,5,4.9,4,0.155,8,Home,Mixed,0.439,0.269,0,1
ZC002159,,Male,France,Tier 2,17,9,2,128.96,64.48,7,15.7,5,0.244,3,Women,Online,0.209,0.381,0,0
ZC002160,25.0,Female,USA,Tier 1,16,73,2,116.2,58.1,1,4.0,6,0.379,3,Women,Store,0.245,0.115,0,0
ZC002161,27.0,Female,Italy,Tier 3,23,212,2,138.58,69.29,0,3.5,5,0.249,2,Women,Store,0.277,0.254,0,1
ZC002162,23.0,Female,USA,Tier 1,10,83,1,96.58,96.58,2,4.8,4,0.46,8,Home,Store,0.28,0.069,0,0
ZC002163,45.0,Female,Italy,Tier 2,42,119,2,156.65,78.32,2,7.1,4,0.442,5,Home,Mixed,0.593,0.391,0,1
ZC002164,38.0,Female,Mexico,Tier 1,23,130,4,250.62,62.66,2,8.7,3,0.547,4,Women,Mixed,0.489,0.09,0,1
ZC002165,38.0,Female,France,Tier 3,45,95,5,220.65,44.13,1,5.1,5,0.755,5,Men,Mixed,0.51,0.512,0,0
ZC002166,44.0,Female,USA,Tier 1,32,23,2,137.89,68.94,5,4.9,3,0.134,2,Men,Mixed,0.365,0.249,0,0
ZC002167,60.0,Male,UK,Tier 1,23,46,1,88.12,88.12,3,2.7,0,0.546,5,Women,Online,0.175,0.192,0,0
ZC002168,16.0,Male,France,Tier 1,1,24,1,40.96,40.96,7,3.2,3,0.134,8,Home,Mixed,0.171,0.396,1,0
ZC002169,25.0,Female,Germany,Tier 3,28,196,3,224.53,74.84,2,4.8,2,0.465,8,Men,Online,0.18,0.348,0,1
ZC002170,26.0,Female,Germany,Tier 1,28,47,1,92.94,92.94,8,5.3,2,0.357,1,Men,Store,0.34,0.356,0,0
ZC002171,23.0,Male,UK,Tier 1,45,140,4,425.16,106.29,0,7.8,1,0.302,1,Men,Online,0.297,0.063,0,0
ZC002172,21.0,Male,Mexico,Tier 3,21,106,3,140.29,46.76,1,2.8,4,,6,Women,Mixed,0.162,0.116,0,0
ZC002173,29.0,Female,Mexico,Tier 2,1,70,1,122.59,122.59,0,7.0,1,0.514,6,Women,Online,0.243,0.23,0,1
ZC002174,20.0,Female,Italy,Tier 2,20,22,4,402.52,100.63,3,7.5,3,0.218,8,Home,Online,0.138,0.278,0,0
ZC002175,35.0,Female,USA,Tier 1,29,29,4,227.98,57.0,9,16.1,3,0.513,8,Kids,Store,0.467,0.189,1,0
ZC002176,33.0,Female,UK,Tier 1,20,33,4,351.77,87.94,5,7.7,0,0.386,2,Kids,Store,0.237,0.052,0,0
ZC002177,37.0,Male,UK,Tier 3,14,14,1,63.38,63.38,7,2.6,3,0.597,6,Home,Store,0.454,0.228,0,0
ZC002178,37.0,Male,Mexico,Tier 1,33,255,4,162.19,40.55,0,2.3,4,0.791,2,Home,Store,0.339,0.376,0,1
ZC002179,38.0,Male,Mexico,Tier 2,3,100,1,67.89,67.89,1,2.0,1,0.528,2,Men,Online,0.118,0.143,1,1
ZC002180,28.0,Male,Other,Tier 2,20,70,3,220.85,73.62,2,2.5,2,0.09,6,Women,Online,0.258,0.477,0,0
ZC002181,53.0,Female,USA,Tier 3,14,50,1,72.4,72.4,5,2.5,4,0.436,1,Women,Online,0.562,0.131,0,1
ZC002182,34.0,Male,Italy,Tier 2,8,55,2,127.75,63.88,6,1.9,3,0.425,7,Women,Online,0.501,0.148,0,0
ZC002183,16.0,Male,Other,Tier 1,23,65,1,53.65,53.65,1,1.3,1,0.576,7,Women,Mixed,0.385,0.158,0,0
ZC002184,22.0,Female,USA,Tier 2,49,66,5,500.88,100.18,0,4.0,4,0.23,2,Women,Mixed,0.48,0.136,0,0
ZC002185,16.0,Female,Spain,Tier 3,10,95,3,299.1,99.7,2,1.6,3,0.171,5,Home,Mixed,0.176,0.085,1,1
ZC002186,32.0,Female,Spain,Tier 3,28,13,6,287.99,48.0,4,1.0,1,0.481,7,Kids,Store,0.213,0.004,0,0
ZC002187,31.0,Female,Germany,Tier 1,26,37,2,91.49,45.74,5,4.4,4,0.428,6,Women,Store,0.388,0.436,0,0
ZC002188,27.0,Female,UK,Tier 1,7,90,4,183.97,45.99,2,2.2,7,0.27,2,Women,Online,0.379,0.321,0,0
ZC002189,52.0,Female,USA,Tier 2,25,91,2,220.73,110.36,2,7.3,2,0.709,2,Beauty,Online,0.628,0.249,0,1
ZC002190,37.0,Female,France,Tier 2,15,72,3,59.17,19.72,1,1.9,3,0.492,1,Beauty,Mixed,0.164,0.648,1,0
ZC002191,39.0,Female,Mexico,Tier 1,12,121,1,59.56,59.56,0,8.7,2,0.207,3,Beauty,Store,0.155,0.28,0,0
ZC002192,23.0,Female,Other,Tier 1,11,46,3,279.01,93.0,6,8.2,5,0.207,1,Women,Store,0.353,0.171,0,1
ZC002193,22.0,Female,Mexico,Tier 1,60,58,5,366.82,73.36,5,6.4,3,0.366,6,Kids,Store,0.367,0.248,1,0
ZC002194,32.0,Male,Other,Tier 1,4,122,1,63.76,63.76,1,3.3,2,0.257,8,Women,Store,0.331,0.54,0,1
ZC002195,34.0,Male,Germany,Tier 1,39,14,5,514.51,102.9,7,1.0,1,0.262,2,Men,Mixed,0.706,0.728,0,0
ZC002196,16.0,Female,Other,Tier 3,16,199,1,62.59,62.59,1,6.7,2,0.517,3,Women,Mixed,0.434,0.199,0,1
ZC002197,30.0,Female,UK,Tier 2,9,111,1,75.39,75.39,1,2.3,3,0.764,7,TRF,Online,0.471,0.107,1,0
ZC002198,32.0,Male,Other,Tier 1,14,33,1,87.25,87.25,3,8.2,4,0.411,7,Men,Store,0.268,0.231,0,0
ZC002199,30.0,Female,Other,Tier 2,41,126,5,683.9,136.78,1,1.7,3,0.421,7,Women,Online,0.27,0.252,0,1
ZC002200,24.0,Male,Italy,Tier 1,42,17,1,31.43,31.43,7,2.7,4,0.492,5,Women,Store,0.263,0.389,0,0
ZC002201,27.0,Male,UK,Tier 2,9,176,1,59.05,59.05,3,7.6,3,0.543,7,Men,Online,0.722,0.123,0,1
ZC002202,30.0,Female,USA,Tier 3,25,6,1,73.69,73.69,6,4.1,4,0.398,7,Kids,Mixed,0.062,0.18,0,0
ZC002203,33.0,Female,USA,Tier 1,24,13,1,63.85,63.85,7,3.4,3,0.34,4,Women,Store,0.092,0.142,0,0
ZC002204,38.0,Female,Spain,Tier 3,16,26,1,75.06,75.06,2,6.0,4,0.157,8,Women,Store,0.229,0.142,0,0
ZC002205,43.0,Female,Spain,Tier 1,27,28,1,88.61,88.61,10,7.5,3,0.201,7,Home,Store,0.208,0.457,0,0
ZC002206,29.0,Female,UK,Tier 2,31,78,4,227.47,56.87,2,2.0,5,0.6,8,Women,Mixed,0.304,0.556,0,1
ZC002207,27.0,Male,Spain,Tier 3,8,119,1,84.73,84.73,2,4.1,2,0.224,5,Men,Online,0.187,0.31,0,0
ZC002208,36.0,Female,Other,Tier 2,4,8,1,70.6,70.6,6,2.8,2,0.629,3,Women,Mixed,0.291,0.162,0,0
ZC002209,38.0,Female,Germany,Tier 1,7,185,1,111.83,111.83,2,8.6,7,0.538,1,Women,Mixed,0.614,0.526,0,1
ZC002210,28.0,Female,Other,Tier 1,14,91,3,276.64,92.21,0,1.0,2,0.527,4,Men,Mixed,0.233,0.16,0,0
ZC002211,40.0,Female,UK,Tier 1,16,251,2,151.36,75.68,1,3.8,4,0.455,7,Home,Online,0.228,0.178,0,1
ZC002212,42.0,Female,USA,Tier 1,33,56,4,327.38,81.84,8,4.6,4,0.425,1,Women,Online,0.545,0.725,0,1
ZC002213,45.0,Female,USA,Tier 1,18,201,3,79.27,26.42,1,2.2,2,0.516,4,Women,Mixed,0.591,0.152,0,1
ZC002214,50.0,Female,Other,Tier 1,14,268,3,85.58,28.53,2,6.4,4,0.28,8,Beauty,Mixed,0.478,0.494,0,1
ZC002215,23.0,Male,Spain,Tier 2,4,28,1,99.48,99.48,5,3.8,5,0.713,3,Women,Store,0.507,0.471,0,0
ZC002216,32.0,Female,Italy,Tier 1,40,25,4,298.25,74.56,5,6.2,5,0.538,7,Men,Online,0.169,0.231,0,0
ZC002217,32.0,Female,USA,Tier 1,9,44,3,332.76,110.92,3,9.0,4,0.536,8,Home,Store,0.181,0.16,0,0
ZC002218,31.0,Male,USA,Tier 2,42,40,4,402.65,100.66,10,1.5,5,0.543,1,TRF,Store,0.147,0.053,0,0
ZC002219,26.0,Male,Spain,Tier 1,13,76,1,48.8,48.8,1,1.0,3,0.271,1,Home,Store,0.486,0.207,0,0
ZC002220,17.0,Male,UK,Tier 2,8,41,2,161.82,80.91,3,5.7,4,0.518,3,Kids,Store,0.707,0.182,0,0
ZC002221,33.0,Female,Spain,Tier 2,19,126,4,232.88,58.22,3,3.8,2,0.456,2,Men,Mixed,0.162,0.183,0,0
ZC002222,24.0,Male,Other,Tier 1,10,99,1,79.4,79.4,1,1.2,5,0.732,3,Kids,Store,0.134,0.385,0,0
ZC002223,33.0,Female,Spain,Tier 1,15,26,2,86.51,43.26,7,8.3,6,0.367,8,Women,Mixed,0.491,0.478,0,0
ZC002224,24.0,Female,USA,Tier 2,19,56,2,216.91,108.46,4,2.7,9,0.36,6,Beauty,Online,0.206,0.846,1,0
ZC002225,21.0,Male,Spain,Tier 1,31,132,3,226.37,75.46,2,12.3,3,0.026,1,Women,Mixed,0.467,0.224,0,1
ZC002226,34.0,Female,Other,Tier 1,57,84,2,124.92,62.46,1,7.2,6,0.642,1,Men,Mixed,0.371,0.262,0,0
ZC002227,34.0,Male,Germany,Tier 2,12,105,1,67.26,67.26,3,3.8,6,0.239,6,Women,Online,0.56,0.094,0,0
ZC002228,38.0,Female,Germany,Tier 2,20,25,1,86.65,86.65,7,1.6,6,0.302,7,Kids,Store,0.451,0.181,0,0
ZC002229,54.0,Female,France,Tier 1,6,62,1,54.26,54.26,1,2.0,4,0.051,4,Men,Mixed,0.429,0.474,0,0
ZC002230,35.0,Female,Other,Tier 1,28,16,1,60.55,60.55,5,3.3,2,0.19,2,Women,Store,0.473,0.377,0,0
ZC002231,37.0,Male,Spain,Tier 2,21,70,1,59.6,59.6,1,7.7,3,0.562,6,Women,Mixed,0.161,0.2,0,0
ZC002232,21.0,Male,Mexico,Tier 1,4,53,1,63.95,63.95,7,2.7,2,0.534,7,Women,Mixed,0.303,0.066,0,0
ZC002233,19.0,Female,Mexico,Tier 2,22,74,2,183.87,91.94,1,8.3,3,0.711,8,Women,Mixed,0.417,0.599,0,0
ZC002234,,Female,Spain,Tier 1,9,22,2,183.32,91.66,4,3.8,3,0.741,8,Women,Online,0.502,0.617,0,1
ZC002235,23.0,Female,Spain,Tier 1,15,91,5,366.74,73.35,2,7.5,2,0.255,1,Men,Online,0.305,0.06,0,1
ZC002236,22.0,Female,France,Tier 1,48,136,1,60.69,60.69,2,2.0,2,0.715,1,Men,Store,0.504,0.427,0,1
ZC002237,32.0,Male,Spain,Tier 2,4,3,1,85.07,85.07,8,2.2,2,0.393,5,Kids,Mixed,0.273,0.27,0,0
ZC002238,31.0,Female,USA,Tier 1,29,11,7,548.92,78.42,3,4.4,1,0.629,6,TRF,Online,0.63,0.455,0,0
ZC002239,23.0,Female,UK,Tier 3,8,28,1,91.44,91.44,3,4.0,4,0.779,6,Men,Mixed,0.537,0.455,0,1
ZC002240,29.0,Female,USA,Tier 2,7,43,1,68.19,68.19,7,6.6,8,0.136,4,Kids,Mixed,0.65,0.344,0,0
ZC002241,44.0,Female,Italy,Tier 2,11,33,3,239.63,79.88,5,1.0,4,0.71,7,Kids,Store,0.444,0.317,0,0
ZC002242,24.0,Male,France,Tier 2,7,15,1,81.03,81.03,2,1.9,4,0.54,7,Women,Mixed,0.4,0.02,0,0
ZC002243,18.0,Female,Germany,Tier 1,60,75,5,467.23,93.45,2,3.7,6,0.239,3,Women,Mixed,0.283,0.055,0,0
ZC002244,41.0,Female,UK,Tier 1,4,71,2,242.23,121.12,0,13.6,4,0.559,1,Women,Online,0.373,0.255,0,0
ZC002245,37.0,Male,UK,Tier 1,6,33,2,156.49,78.24,11,2.9,7,0.384,7,Women,Mixed,0.136,0.499,0,0
ZC002246,26.0,Female,France,Tier 1,3,85,1,142.07,142.07,3,8.2,5,,7,Women,Online,0.421,0.347,0,1
ZC002247,,Male,Other,Tier 1,9,50,2,160.66,80.33,7,3.3,3,0.771,1,Men,Online,0.432,0.318,0,0
ZC002248,25.0,Female,UK,Tier 2,19,208,1,56.85,56.85,0,1.1,3,0.235,8,TRF,Mixed,0.09,0.116,0,1
ZC002249,31.0,Female,Germany,Tier 2,21,8,4,512.75,128.19,9,3.5,3,0.551,2,Men,Mixed,0.178,0.516,0,0
ZC002250,44.0,Male,Other,Tier 1,23,23,5,573.21,114.64,5,3.2,3,0.051,2,Men,Online,0.297,0.565,0,0
ZC002251,22.0,Female,Germany,Tier 1,24,42,4,254.3,63.58,10,5.7,3,0.329,6,Men,Online,0.42,0.371,0,0
ZC002252,31.0,Female,USA,Tier 2,35,174,4,258.95,64.74,2,3.0,7,0.186,8,Women,Online,0.27,0.385,0,0
ZC002253,39.0,Female,Spain,Tier 2,49,91,8,865.4,108.18,1,2.7,3,0.466,2,Men,Online,0.387,0.149,0,0
ZC002254,16.0,Female,Germany,Tier 3,27,122,3,251.03,83.68,2,5.1,4,0.384,8,Men,Mixed,0.39,0.2,0,0
ZC002255,42.0,Male,Italy,Tier 1,19,178,4,230.71,57.68,0,5.0,4,0.611,8,Men,Mixed,0.501,0.27,0,1
ZC002256,20.0,Female,Mexico,Tier 1,9,35,4,225.31,56.33,9,7.8,4,0.547,8,Men,Online,0.121,0.632,0,0
ZC002257,35.0,Female,Italy,Tier 3,20,33,1,89.45,89.45,6,1.3,5,,3,Women,Store,0.162,0.094,0,0
ZC002258,34.0,Female,Spain,Tier 1,27,209,5,380.35,76.07,2,4.5,1,0.565,4,Women,Online,0.441,0.108,0,0
ZC002259,43.0,Female,Mexico,Tier 2,15,159,1,82.13,82.13,2,2.6,3,0.604,7,Home,Online,0.06,0.254,0,1
ZC002260,38.0,Male,Germany,Tier 1,31,52,1,87.23,87.23,5,12.7,6,0.163,3,Women,Online,0.347,0.273,0,0
ZC002261,,Female,Other,Tier 1,23,87,1,108.08,108.08,3,1.6,3,0.486,2,Women,Mixed,0.103,0.257,0,0
ZC002262,24.0,Male,Mexico,Tier 2,10,313,1,34.15,34.15,3,1.0,5,0.53,7,Women,Store,0.505,0.289,0,1
ZC002263,33.0,Female,UK,Tier 2,11,24,1,124.97,124.97,3,7.5,6,0.771,3,Home,Store,0.448,0.519,0,0
ZC002264,30.0,Female,Italy,Tier 1,39,121,3,238.07,79.36,1,3.6,5,0.202,2,Men,Store,0.331,0.703,0,1
ZC002265,37.0,Female,Germany,Tier 2,3,134,1,68.18,68.18,0,4.6,4,0.142,7,Women,Online,0.327,0.111,0,1
ZC002266,40.0,Female,USA,Tier 3,4,17,1,84.47,84.47,6,3.8,6,0.627,2,Women,Mixed,0.377,0.602,0,0
ZC002267,38.0,Male,France,Tier 2,7,173,1,103.26,103.26,0,3.2,2,0.121,4,Men,Mixed,0.508,0.236,0,1
ZC002268,30.0,Female,USA,Tier 3,60,82,3,282.14,94.05,0,10.7,2,0.462,1,Women,Online,0.272,0.25,0,1
ZC002269,16.0,Female,Spain,Tier 3,24,40,1,92.91,92.91,5,2.9,4,0.776,5,Men,Store,0.331,0.116,0,0
ZC002270,27.0,Male,Italy,Tier 2,11,98,5,356.1,71.22,2,1.4,2,0.334,1,Women,Store,0.474,0.27,0,0
ZC002271,36.0,Female,UK,Tier 2,24,31,2,222.62,111.31,11,5.6,3,0.122,1,Home,Store,0.42,0.472,0,0
ZC002272,21.0,Female,Mexico,Tier 2,10,86,4,361.91,90.48,0,2.2,2,0.275,4,Men,Online,0.399,0.639,0,1
ZC002273,38.0,Male,France,Tier 3,19,43,1,94.43,94.43,2,5.2,6,0.147,7,Home,Store,0.442,0.783,0,0
ZC002274,41.0,Female,Mexico,Tier 2,12,82,3,408.18,136.06,1,2.8,1,0.71,7,Women,Store,0.278,0.523,0,0
ZC002275,33.0,Male,Italy,Tier 1,24,85,2,207.99,104.0,2,1.0,3,0.357,7,Men,Online,0.309,0.171,0,0
ZC002276,16.0,Male,Mexico,Tier 1,16,116,1,86.38,86.38,1,3.7,3,0.097,3,Women,Online,0.408,0.412,1,0
ZC002277,19.0,Female,UK,Tier 2,11,38,1,42.85,42.85,8,4.5,3,0.831,8,Kids,Store,0.605,0.285,0,0
ZC002278,51.0,Female,Other,Tier 3,19,12,1,73.33,73.33,2,10.7,2,0.711,5,Beauty,Mixed,0.379,0.193,0,0
ZC002279,27.0,Female,UK,Tier 1,13,50,1,108.56,108.56,5,3.7,7,0.737,8,Women,Online,0.211,0.153,0,0
ZC002280,16.0,Male,Mexico,Tier 3,13,67,1,73.33,73.33,2,2.1,7,0.653,6,Men,Online,0.573,0.371,0,0
ZC002281,44.0,Female,France,Tier 1,5,3,4,214.56,53.64,7,3.0,6,,6,Men,Mixed,0.398,0.386,0,0
ZC002282,32.0,Male,USA,Tier 1,23,1,3,208.4,69.47,5,5.1,8,0.315,2,Women,Store,0.198,0.26,0,0
ZC002283,43.0,Female,Germany,Tier 3,60,27,3,143.44,47.81,7,3.5,4,0.515,4,Women,Mixed,0.491,0.251,0,0
ZC002284,35.0,Female,UK,Tier 3,19,57,2,138.15,69.08,3,10.8,5,0.507,4,Men,Store,0.274,0.157,0,0
ZC002285,37.0,Female,USA,Tier 2,14,53,1,72.63,72.63,6,1.9,1,0.677,8,Women,Mixed,0.44,0.486,0,0
ZC002286,36.0,Female,UK,Tier 3,14,12,4,264.98,66.24,7,4.7,6,0.492,7,Home,Store,0.3,0.469,0,0
ZC002287,39.0,Female,USA,Tier 2,38,159,2,169.86,84.93,1,17.7,6,0.793,7,Men,Store,0.128,0.465,0,1
ZC002288,55.0,Female,Other,Tier 3,1,33,1,32.84,32.84,6,2.9,3,0.251,8,TRF,Store,0.298,0.526,0,0
ZC002289,42.0,Male,Germany,Tier 3,20,33,1,103.15,103.15,4,13.8,2,0.32,2,TRF,Store,0.175,0.2,0,0
ZC002290,16.0,Female,USA,Tier 1,16,17,2,230.91,115.46,7,9.2,1,0.235,3,Women,Mixed,0.228,0.377,0,0
ZC002291,36.0,Female,Mexico,Tier 1,16,26,1,37.51,37.51,3,5.9,4,0.216,6,TRF,Mixed,0.266,0.175,0,0
ZC002292,43.0,Female,Germany,Tier 1,18,18,4,441.02,110.26,7,1.1,5,0.55,1,Home,Online,0.138,0.132,0,0
ZC002293,44.0,Male,Italy,Tier 1,8,103,1,78.95,78.95,2,4.7,2,0.627,2,Men,Store,0.436,0.238,0,1
ZC002294,28.0,Female,Germany,Tier 1,8,175,6,588.84,98.14,0,6.0,5,0.25,1,Men,Online,0.184,0.329,0,0
ZC002295,44.0,Female,Spain,Tier 1,4,22,1,74.56,74.56,11,4.3,3,0.432,5,Kids,Store,0.355,0.394,0,0
ZC002296,41.0,Female,USA,Tier 1,24,21,1,72.99,72.99,9,3.3,2,0.34,2,Men,Online,0.46,0.035,0,0
ZC002297,58.0,Female,Mexico,Tier 2,1,41,1,92.39,92.39,9,5.2,6,0.521,6,Women,Store,0.489,0.08,0,0
ZC002298,24.0,Female,Mexico,Tier 1,20,130,1,88.35,88.35,3,1.9,3,0.393,5,Kids,Mixed,0.822,0.855,0,1
ZC002299,27.0,Female,Mexico,Tier 1,11,4,1,122.07,122.07,6,6.4,6,0.546,4,Men,Store,0.4,0.085,0,0
ZC002300,29.0,Female,Spain,Tier 1,8,30,4,243.24,60.81,5,1.5,1,0.325,8,Women,Online,0.327,0.395,0,0
ZC002301,27.0,Female,Mexico,Tier 1,19,51,1,106.43,106.43,5,1.0,3,0.715,4,Men,Store,0.387,0.303,0,0
ZC002302,23.0,Male,UK,Tier 2,13,30,2,128.43,64.22,6,4.1,2,0.387,1,Home,Store,0.408,0.237,0,0
ZC002303,16.0,Female,Italy,Tier 3,18,68,1,62.05,62.05,2,7.7,6,0.479,4,Women,Mixed,0.604,0.281,0,1
ZC002304,28.0,Female,USA,Tier 2,8,52,1,100.1,100.1,3,5.5,3,0.33,8,Women,Mixed,0.277,0.227,0,0
ZC002305,36.0,Male,Mexico,Tier 2,22,14,1,62.54,62.54,11,4.9,3,0.436,4,Men,Mixed,0.564,0.166,0,0
ZC002306,27.0,Female,Other,Tier 3,16,99,2,259.96,129.98,3,1.9,3,0.881,1,TRF,Online,0.417,0.107,0,0
ZC002307,51.0,Female,USA,Tier 2,30,19,1,54.43,54.43,8,6.3,5,0.294,1,Women,Online,0.3,0.407,0,1
ZC002308,32.0,Female,Mexico,Tier 1,5,69,4,374.48,93.62,5,7.6,4,0.194,3,Home,Mixed,0.436,0.185,0,0
ZC002309,45.0,Female,Germany,Tier 1,13,16,3,258.85,86.28,8,4.4,3,0.465,2,Women,Mixed,0.312,0.199,0,0
ZC002310,35.0,Female,USA,Tier 2,11,68,3,230.92,76.97,2,7.1,3,0.175,5,Women,Store,0.459,0.254,0,1
ZC002311,40.0,Female,USA,Tier 2,26,51,1,60.29,60.29,7,8.3,6,0.134,5,Women,Mixed,0.214,0.497,0,0
ZC002312,35.0,Male,Italy,Tier 2,35,59,4,204.29,51.07,6,1.7,4,0.135,7,Women,Online,0.202,0.345,0,0
ZC002313,46.0,Male,USA,Tier 1,19,72,5,268.91,53.78,0,5.3,3,0.281,3,Men,Mixed,0.664,0.111,0,0
ZC002314,33.0,Female,Spain,Tier 3,15,120,1,94.58,94.58,0,5.3,4,,8,Men,Mixed,0.46,0.557,0,0
ZC002315,37.0,Female,Other,Tier 1,30,37,1,88.27,88.27,9,2.1,3,0.832,8,Home,Online,0.378,0.392,0,0
ZC002316,36.0,Female,Germany,Tier 3,13,12,1,94.69,94.69,8,6.2,3,0.333,2,Women,Store,0.24,0.178,0,0
ZC002317,29.0,Female,Mexico,Tier 1,49,47,4,354.73,88.68,3,4.5,3,0.218,6,Women,Online,0.132,0.254,0,0
ZC002318,36.0,Female,Germany,Tier 1,10,123,2,119.38,59.69,6,10.1,6,0.397,2,Women,Store,0.4,0.286,0,0
ZC002319,54.0,Female,France,Tier 1,2,1,1,89.86,89.86,14,2.7,1,,4,Women,Mixed,0.444,0.41,0,0
ZC002320,29.0,Female,Mexico,Tier 1,5,12,1,90.32,90.32,2,9.7,3,0.515,4,Women,Online,0.334,0.295,0,1
ZC002321,,Male,Spain,Tier 1,13,50,1,44.67,44.67,6,3.0,3,0.111,6,Women,Store,0.241,0.475,0,0
ZC002322,45.0,Female,USA,Tier 3,60,133,9,522.77,58.09,1,4.1,6,0.564,7,Men,Online,0.411,0.103,0,0
ZC002323,43.0,Female,Germany,Tier 1,8,32,4,217.79,54.45,5,5.8,3,0.454,7,Women,Online,0.137,0.536,0,0
ZC002324,32.0,Female,Other,Tier 1,48,48,5,251.56,50.31,6,3.3,2,0.166,6,Women,Online,0.267,0.407,0,0
ZC002325,16.0,Female,UK,Tier 1,19,29,4,300.48,75.12,0,7.4,2,0.415,4,Men,Store,0.459,0.086,0,0
ZC002326,37.0,Female,Other,Tier 2,8,38,1,91.77,91.77,9,3.4,6,0.744,4,Men,Online,0.439,0.156,0,0
ZC002327,16.0,Female,Mexico,Tier 1,14,103,1,100.89,100.89,3,6.8,6,0.384,7,Women,Mixed,0.494,0.227,0,1
ZC002328,,Female,France,Tier 1,32,116,4,426.9,106.72,1,7.3,3,0.391,3,Men,Online,0.475,0.402,0,0
ZC002329,34.0,Male,UK,Tier 3,15,109,1,76.93,76.93,4,9.4,3,0.354,5,Women,Online,0.155,0.155,0,1
ZC002330,42.0,Male,Spain,Tier 1,8,95,5,380.84,76.17,1,5.0,3,,7,Men,Store,0.248,0.301,0,0
ZC002331,23.0,Female,Germany,Tier 3,13,17,1,119.07,119.07,5,7.6,1,0.433,1,Women,Store,0.635,0.21,0,0
ZC002332,16.0,Female,Spain,Tier 1,37,199,6,605.76,100.96,2,2.2,4,0.355,8,Women,Mixed,0.125,0.111,0,1
ZC002333,35.0,Female,UK,Tier 2,60,186,9,1037.49,115.28,2,12.9,1,0.336,8,Women,Mixed,0.314,0.337,0,0
ZC002334,32.0,Female,USA,Tier 2,31,51,1,43.26,43.26,3,3.6,3,0.477,6,Women,Store,0.374,0.077,0,0
ZC002335,27.0,Male,Other,Tier 1,50,129,1,36.82,36.82,1,2.3,6,0.522,5,Men,Store,0.251,0.407,0,1
ZC002336,33.0,Female,USA,Tier 2,30,3,4,305.83,76.46,7,2.1,3,0.56,7,Home,Store,0.609,0.493,0,0
ZC002337,60.0,Male,France,Tier 1,30,139,6,512.08,85.35,2,4.1,0,0.273,2,Men,Mixed,0.512,0.151,0,0
ZC002338,40.0,Male,UK,Tier 1,26,67,4,470.88,117.72,0,8.9,4,0.478,2,Men,Store,0.368,0.218,0,0
ZC002339,42.0,Female,Spain,Tier 3,23,20,1,67.21,67.21,8,8.1,3,0.441,6,TRF,Online,0.5,0.205,0,0
ZC002340,40.0,Female,USA,Tier 3,10,144,4,306.05,76.51,4,18.4,4,0.118,4,Women,Online,0.287,0.189,0,1
ZC002341,47.0,Female,Mexico,Tier 1,18,4,6,481.4,80.23,7,4.8,1,0.568,5,Kids,Mixed,0.442,0.556,0,0
ZC002342,30.0,Female,Germany,Tier 2,31,109,1,57.21,57.21,3,4.5,6,0.136,1,Women,Mixed,0.469,0.77,0,1
ZC002343,16.0,Female,UK,Tier 1,23,143,3,189.58,63.19,2,5.1,2,0.349,3,Men,Store,0.347,0.435,0,0
ZC002344,30.0,Male,Other,Tier 1,4,162,2,141.2,70.6,0,3.7,3,0.288,5,TRF,Online,0.253,0.337,0,1
ZC002345,40.0,Female,Spain,Tier 1,36,3,2,94.14,47.07,9,9.3,0,0.552,2,Women,Online,0.128,0.361,1,0
ZC002346,22.0,Female,Other,Tier 2,27,9,1,151.6,151.6,5,5.6,1,0.297,4,Women,Mixed,0.528,0.334,0,0
ZC002347,30.0,Female,Spain,Tier 2,35,10,1,48.8,48.8,9,7.4,5,0.335,4,Men,Mixed,0.539,0.604,0,1
ZC002348,25.0,Female,Other,Tier 1,8,100,1,67.55,67.55,2,12.5,2,0.357,5,TRF,Mixed,0.23,0.243,0,0
ZC002349,47.0,Female,Other,Tier 3,5,193,2,167.16,83.58,2,7.6,5,0.563,6,Men,Online,0.059,0.16,0,1
ZC002350,39.0,Male,Mexico,Tier 2,15,83,1,83.46,83.46,3,3.5,2,0.248,5,Men,Mixed,0.427,0.178,0,0
ZC002351,39.0,Female,Spain,Tier 1,23,34,5,447.23,89.45,4,4.6,5,0.73,7,Men,Online,0.408,0.597,0,0
ZC002352,38.0,Female,France,Tier 1,46,177,5,253.98,50.8,2,8.9,4,0.485,2,Women,Online,0.44,0.32,0,0
ZC002353,32.0,Female,Other,Tier 2,21,184,2,104.94,52.47,1,2.0,2,0.781,4,Men,Store,0.391,0.465,0,1
ZC002354,34.0,Female,France,Tier 1,58,207,8,659.09,82.39,2,4.7,1,0.264,6,Women,Store,0.367,0.474,0,1
ZC002355,20.0,Female,USA,Tier 1,13,19,1,58.95,58.95,5,5.4,7,0.691,5,Kids,Online,0.465,0.293,0,0
ZC002356,16.0,Male,UK,Tier 1,26,13,1,70.17,70.17,11,11.5,4,0.575,7,Kids,Store,0.193,0.491,0,0
ZC002357,34.0,Female,Spain,Tier 1,4,7,2,126.77,63.38,5,5.9,3,0.286,4,Women,Mixed,0.338,0.199,0,0
ZC002358,35.0,Male,France,Tier 1,32,12,2,119.12,59.56,9,1.0,4,0.069,1,Women,Mixed,0.213,0.068,0,0
ZC002359,44.0,Male,Spain,Tier 2,44,127,4,202.17,50.54,0,2.4,6,0.155,8,Women,Online,0.501,0.151,0,1
ZC002360,48.0,Female,Germany,Tier 2,22,81,3,183.61,61.2,2,8.5,3,,5,Men,Mixed,0.38,0.326,0,0
ZC002361,48.0,Female,UK,Tier 3,7,400,1,63.38,63.38,2,6.1,1,0.581,7,Women,Online,0.347,0.03,0,1
ZC002362,22.0,Male,USA,Tier 2,18,56,2,199.34,99.67,10,2.6,1,0.452,2,Men,Store,0.03,0.331,0,0
ZC002363,28.0,Male,Spain,Tier 1,12,63,2,262.76,131.38,1,4.3,1,0.549,4,Women,Mixed,0.449,0.467,0,0
ZC002364,37.0,Female,Other,Tier 1,13,147,1,103.92,103.92,2,1.5,2,0.218,8,Men,Mixed,0.428,0.633,0,1
ZC002365,57.0,Female,France,Tier 1,18,38,1,75.15,75.15,8,1.6,3,0.303,8,Men,Mixed,0.42,0.463,0,0
ZC002366,47.0,Female,Germany,Tier 3,6,20,1,99.41,99.41,3,1.3,0,0.47,5,Women,Store,0.406,0.354,0,0
ZC002367,43.0,Male,Mexico,Tier 1,21,76,1,73.29,73.29,1,9.8,3,0.502,2,Men,Online,0.148,0.231,0,0
ZC002368,28.0,Male,Germany,Tier 1,13,52,1,78.33,78.33,9,2.0,4,0.387,5,Women,Store,0.044,0.347,0,1
ZC002369,23.0,Male,UK,Tier 2,24,74,3,261.48,87.16,0,1.2,3,0.356,7,Men,Store,0.36,0.47,0,0
ZC002370,40.0,Female,Germany,Tier 1,24,209,5,471.71,94.34,0,11.4,7,0.644,1,Women,Mixed,0.036,0.022,0,1
ZC002371,21.0,Female,USA,Tier 3,8,26,1,108.83,108.83,3,2.2,5,0.775,6,Women,Store,0.132,0.406,0,0
ZC002372,30.0,Male,France,Tier 1,14,27,4,414.29,103.57,8,5.4,3,0.228,3,Men,Online,0.487,0.061,0,0
ZC002373,31.0,Female,USA,Tier 1,14,216,1,53.05,53.05,1,3.0,3,0.406,6,Women,Mixed,0.45,0.067,0,1
ZC002374,48.0,Male,Other,Tier 3,17,37,1,86.69,86.69,9,8.2,4,0.288,5,Men,Mixed,0.369,0.077,0,0
ZC002375,28.0,Female,France,Tier 1,40,29,3,197.63,65.88,10,3.0,6,0.092,4,TRF,Online,0.508,0.31,0,0
ZC002376,16.0,Male,USA,Tier 1,11,75,2,192.16,96.08,0,4.7,3,0.412,8,Men,Mixed,0.226,0.445,1,0
ZC002377,37.0,Male,Germany,Tier 2,14,30,1,76.91,76.91,8,7.0,2,0.454,4,Women,Online,0.272,0.416,0,0
ZC002378,25.0,Female,Spain,Tier 2,24,68,3,168.08,56.03,3,2.3,5,0.565,1,Women,Mixed,0.398,0.712,0,0
ZC002379,32.0,Female,UK,Tier 1,19,28,2,83.89,41.94,6,10.2,1,0.478,6,Women,Online,0.1,0.296,0,0
ZC002380,31.0,Male,Other,Tier 1,32,133,3,331.35,110.45,1,3.2,4,0.551,6,Kids,Online,0.262,0.06,0,0
ZC002381,29.0,Female,Mexico,Tier 1,24,38,1,56.44,56.44,4,6.7,0,0.321,3,Women,Online,0.29,0.291,0,0
ZC002382,40.0,Male,Italy,Tier 1,14,124,1,97.61,97.61,1,4.2,5,0.082,8,Women,Mixed,0.725,0.192,0,1
ZC002383,17.0,Female,UK,Tier 1,20,124,1,86.7,86.7,0,9.1,5,0.312,4,TRF,Online,0.117,0.436,0,0
ZC002384,27.0,Female,UK,Tier 1,37,57,5,455.48,91.1,7,4.4,2,0.223,1,Men,Mixed,0.685,0.343,0,1
ZC002385,39.0,Female,Spain,Tier 2,7,27,1,57.98,57.98,6,2.7,3,0.257,5,Women,Mixed,0.536,0.326,0,1
ZC002386,26.0,Male,Germany,Tier 2,7,209,1,63.61,63.61,5,3.2,6,0.475,6,Women,Store,0.394,0.325,0,1
ZC002387,16.0,Male,France,Tier 1,8,48,1,49.68,49.68,6,5.2,2,0.198,8,Men,Store,0.401,0.324,0,0
ZC002388,39.0,Male,Spain,Tier 1,15,69,1,111.56,111.56,1,7.8,5,0.162,2,Women,Online,0.281,0.618,0,1
ZC002389,43.0,Male,Spain,Tier 1,16,22,8,932.03,116.5,5,8.0,5,,1,Men,Online,0.377,0.054,0,0
ZC002390,32.0,Female,Spain,Tier 1,41,75,4,341.15,85.29,1,6.5,3,0.331,6,Women,Store,0.581,0.33,0,0
ZC002391,16.0,Male,USA,Tier 3,12,57,1,112.84,112.84,9,1.2,3,0.194,6,Home,Online,0.354,0.256,0,0
ZC002392,39.0,Female,Spain,Tier 1,5,176,3,222.87,74.29,0,2.4,5,0.759,5,Women,Online,0.624,0.099,0,1
ZC002393,16.0,Female,UK,Tier 3,37,82,3,235.76,78.59,1,6.4,3,0.279,1,Men,Online,0.144,0.277,0,0
ZC002394,35.0,Female,UK,Tier 2,12,63,1,78.77,78.77,0,2.8,2,0.457,7,Women,Online,0.241,0.46,0,1
ZC002395,23.0,Female,UK,Tier 2,28,14,6,598.68,99.78,4,14.3,2,0.545,2,Home,Online,0.308,0.33,0,0
ZC002396,20.0,Male,USA,Tier 3,33,96,1,49.96,49.96,0,1.2,2,0.3,7,Women,Store,0.634,0.265,0,1
ZC002397,28.0,Female,France,Tier 2,21,211,1,78.97,78.97,3,1.4,3,,7,Women,Mixed,0.319,0.253,0,1
ZC002398,30.0,Male,Mexico,Tier 2,17,350,2,165.04,82.52,0,7.1,1,0.151,4,Women,Mixed,0.511,0.209,0,1
ZC002399,,Male,USA,Tier 1,10,34,1,63.38,63.38,5,7.1,3,0.468,1,Men,Online,0.28,0.505,0,0
ZC002400,38.0,Female,USA,Tier 2,9,126,1,64.12,64.12,3,5.5,4,0.387,8,Women,Store,0.081,0.058,0,1
ZC002401,28.0,Female,France,Tier 1,34,133,4,379.58,94.9,1,4.7,4,0.485,2,Men,Store,0.281,0.21,1,1
ZC002402,42.0,Female,USA,Tier 1,23,134,1,88.8,88.8,3,18.7,7,0.5,1,Men,Store,0.207,0.398,0,1
ZC002403,35.0,Female,USA,Tier 3,34,117,3,165.48,55.16,1,1.2,2,0.252,8,Kids,Online,0.123,0.392,0,0
ZC002404,25.0,Male,UK,Tier 2,12,86,1,82.25,82.25,0,4.6,5,0.434,3,Women,Online,0.351,0.404,0,0
ZC002405,23.0,Female,UK,Tier 1,38,108,4,288.73,72.18,3,7.5,5,0.133,8,Women,Store,0.1,0.066,0,0
ZC002406,16.0,Female,Mexico,Tier 3,48,110,4,268.35,67.09,1,2.9,1,0.633,1,Women,Online,0.105,0.453,0,0
ZC002407,35.0,Female,Other,Tier 1,6,136,2,152.07,76.04,1,7.5,3,0.537,6,Men,Online,0.243,0.276,0,1
ZC002408,28.0,Female,UK,Tier 3,7,181,2,180.53,90.26,3,7.3,5,0.096,4,Women,Mixed,0.703,0.215,0,1
ZC002409,16.0,Female,UK,Tier 2,30,146,1,48.68,48.68,2,5.4,4,0.347,1,Kids,Online,0.544,0.192,0,1
ZC002410,27.0,Female,Other,Tier 1,20,37,1,48.65,48.65,4,3.6,3,0.43,5,Kids,Mixed,0.411,0.112,0,0
ZC002411,23.0,Female,France,Tier 1,15,15,1,74.88,74.88,6,11.9,3,0.715,4,Women,Store,0.51,0.513,0,0
ZC002412,48.0,Male,Other,Tier 3,33,62,1,78.71,78.71,2,1.4,4,0.442,5,Women,Online,0.287,0.246,0,1
ZC002413,16.0,Female,Mexico,Tier 1,11,28,1,55.43,55.43,7,1.5,4,0.487,1,Women,Online,0.395,0.246,0,0
ZC002414,18.0,Female,USA,Tier 3,12,173,1,35.19,35.19,1,8.2,2,0.494,2,Women,Mixed,0.382,0.073,0,0
ZC002415,43.0,Female,USA,Tier 1,7,61,1,83.64,83.64,0,2.2,2,0.535,7,Men,Online,0.702,0.131,0,0
ZC002416,46.0,Female,USA,Tier 1,36,161,3,227.58,75.86,1,10.5,4,0.205,5,Home,Online,0.116,0.236,0,0
ZC002417,25.0,Female,Mexico,Tier 2,6,34,1,75.43,75.43,6,4.9,6,0.512,1,Men,Store,0.098,0.104,0,0
ZC002418,26.0,Male,USA,Tier 1,33,33,3,267.96,89.32,3,3.8,4,0.571,3,Men,Mixed,0.3,0.38,0,0
ZC002419,38.0,Female,Italy,Tier 1,26,116,3,249.13,83.04,1,4.1,4,0.354,4,Women,Mixed,0.395,0.518,0,1
ZC002420,16.0,Female,France,Tier 2,34,38,6,369.31,61.55,3,10.1,3,0.402,1,Home,Store,0.551,0.13,0,0
ZC002421,16.0,Female,Other,Tier 1,8,12,4,346.25,86.56,7,8.8,4,0.367,8,Men,Online,0.47,0.177,0,0
ZC002422,29.0,Female,Mexico,Tier 1,17,132,1,118.73,118.73,1,2.3,0,0.265,3,Women,Store,0.289,0.146,0,1
ZC002423,47.0,Female,Spain,Tier 2,10,67,1,90.22,90.22,2,2.2,6,0.782,3,Women,Online,0.435,0.622,0,0
ZC002424,28.0,Male,USA,Tier 1,45,55,1,96.76,96.76,6,2.9,2,0.267,4,Women,Mixed,0.469,0.148,0,0
ZC002425,33.0,Male,France,Tier 2,19,50,3,292.95,97.65,10,4.3,4,0.816,7,Women,Online,0.376,0.183,0,0
ZC002426,43.0,Female,Mexico,Tier 2,12,33,1,65.58,65.58,5,5.1,6,0.371,1,Women,Online,0.425,0.11,0,0
ZC002427,53.0,Male,Italy,Tier 2,9,74,4,448.01,112.0,2,11.2,3,0.531,4,Men,Mixed,0.646,0.513,0,1
ZC002428,26.0,Female,France,Tier 1,21,131,2,209.34,104.67,0,3.4,4,0.469,4,Men,Online,0.268,0.478,0,1
ZC002429,32.0,Female,Mexico,Tier 3,12,56,1,45.59,45.59,5,7.3,5,0.488,5,Men,Mixed,0.415,0.476,0,0
ZC002430,50.0,Male,UK,Tier 1,13,12,1,74.1,74.1,4,7.9,4,0.231,2,Men,Online,0.364,0.5,0,0
ZC002431,17.0,Female,Spain,Tier 3,16,60,1,127.21,127.21,3,5.6,3,0.251,6,Women,Mixed,0.753,0.326,0,0
ZC002432,42.0,Female,Other,Tier 2,60,87,3,265.66,88.55,4,4.1,4,0.237,3,Women,Mixed,0.165,0.608,0,0
ZC002433,22.0,Female,France,Tier 2,18,48,2,71.53,35.76,5,12.6,5,0.471,7,Women,Store,0.484,0.166,0,0
ZC002434,33.0,Male,Mexico,Tier 1,12,206,1,62.02,62.02,1,8.2,3,0.49,6,Women,Store,0.138,0.259,0,0
ZC002435,30.0,Female,UK,Tier 1,18,64,4,224.63,56.16,2,4.9,4,0.709,6,Women,Online,0.512,0.325,0,0
ZC002436,22.0,Male,Germany,Tier 1,10,139,1,121.12,121.12,3,1.5,2,0.12,8,Men,Online,0.394,0.265,0,0
ZC002437,22.0,Female,USA,Tier 2,45,33,6,477.78,79.63,3,1.0,5,0.513,5,Kids,Mixed,0.334,0.397,0,0
ZC002438,35.0,Male,UK,Tier 1,29,111,1,76.08,76.08,0,2.0,4,0.484,1,Home,Store,0.336,0.424,0,1
ZC002439,42.0,Female,Spain,Tier 1,6,27,1,54.86,54.86,4,5.0,1,0.194,2,Women,Store,0.414,0.272,0,0
ZC002440,31.0,Female,Italy,Tier 1,29,114,1,92.88,92.88,2,2.7,4,0.382,1,Men,Mixed,0.284,0.184,0,0
ZC002441,33.0,Female,USA,Tier 1,21,47,2,166.53,83.26,8,1.6,3,0.246,7,Women,Mixed,0.462,0.202,0,0
ZC002442,38.0,Female,USA,Tier 1,25,13,1,81.77,81.77,14,3.4,5,0.285,5,Women,Online,0.52,0.57,0,0
ZC002443,22.0,Female,USA,Tier 1,36,40,4,331.03,82.76,3,1.9,3,0.701,6,Women,Online,0.186,0.233,0,0
ZC002444,39.0,Female,UK,Tier 1,8,22,1,70.15,70.15,6,3.3,7,0.526,6,Women,Online,0.706,0.301,0,1
ZC002445,40.0,Female,France,Tier 1,17,43,3,147.27,49.09,6,12.8,8,0.334,3,Women,Online,0.471,0.137,0,0
ZC002446,58.0,Female,Italy,Tier 1,25,14,2,196.14,98.07,6,3.0,2,0.465,2,Women,Online,0.34,0.135,0,0
ZC002447,28.0,Male,Italy,Tier 2,34,10,4,453.13,113.28,10,8.3,5,0.249,7,Women,Store,0.566,0.649,0,0
ZC002448,27.0,Female,UK,Tier 3,28,21,4,557.67,139.42,7,6.7,3,0.549,7,Men,Store,0.14,0.171,0,0
ZC002449,40.0,Female,France,Tier 1,16,4,2,134.85,67.42,4,7.5,3,0.363,6,Men,Store,0.144,0.386,0,0
ZC002450,40.0,Female,Spain,Tier 2,35,154,2,184.65,92.32,1,1.0,2,0.811,7,Women,Online,0.294,0.504,0,1
ZC002451,27.0,Female,France,Tier 1,15,59,4,427.96,106.99,5,11.2,4,0.709,6,Women,Store,0.318,0.658,0,0
ZC002452,28.0,Female,Other,Tier 2,13,66,1,91.18,91.18,1,6.5,3,0.38,1,Women,Online,0.367,0.302,0,0
ZC002453,37.0,Male,UK,Tier 1,3,45,1,71.76,71.76,5,3.8,3,0.557,3,Women,Store,0.371,0.366,1,0
ZC002454,24.0,Female,Other,Tier 2,7,17,1,64.02,64.02,4,6.1,2,0.745,3,Women,Online,0.129,0.416,0,0
ZC002455,28.0,Female,USA,Tier 2,15,87,2,129.22,64.61,0,2.7,5,0.284,5,Beauty,Store,0.135,0.045,0,1
ZC002456,33.0,Female,Italy,Tier 2,7,78,3,174.75,58.25,1,1.0,4,0.385,4,TRF,Mixed,0.313,0.107,0,0
ZC002457,42.0,Female,Italy,Tier 1,4,18,2,82.03,41.02,5,9.0,0,0.606,6,TRF,Mixed,0.351,0.677,0,0
ZC002458,26.0,Female,Italy,Tier 2,9,116,2,170.22,85.11,1,1.2,5,0.696,4,Women,Mixed,0.423,0.364,0,1
ZC002459,16.0,Male,Germany,Tier 1,48,14,3,177.01,59.0,3,4.4,1,0.485,7,Women,Store,0.381,0.189,0,0
ZC002460,16.0,Female,Spain,Tier 1,6,64,3,93.48,31.16,4,4.3,5,0.628,4,Women,Mixed,0.401,0.18,0,0
ZC002461,19.0,Female,Italy,Tier 2,7,132,1,87.01,87.01,1,2.2,3,0.591,8,Men,Online,0.47,0.595,0,1
ZC002462,19.0,Male,France,Tier 2,32,177,1,109.26,109.26,0,7.8,5,0.392,4,Women,Mixed,0.45,0.191,0,1
ZC002463,30.0,Male,France,Tier 2,24,48,1,93.68,93.68,1,2.1,2,0.197,4,Women,Online,0.311,0.342,0,0
ZC002464,20.0,Male,Spain,Tier 2,17,25,3,156.29,52.1,5,6.2,6,0.489,1,Men,Online,0.337,0.601,0,0
ZC002465,25.0,Male,USA,Tier 2,31,8,1,71.21,71.21,11,7.0,1,0.323,4,Women,Mixed,0.381,0.291,0,0
ZC002466,24.0,Female,Other,Tier 1,19,41,1,82.27,82.27,9,2.5,4,0.209,3,Kids,Online,0.281,0.246,0,0
ZC002467,28.0,Female,USA,Tier 1,1,39,1,95.36,95.36,3,3.9,3,0.292,4,Men,Online,0.236,0.191,0,0
ZC002468,45.0,Male,UK,Tier 1,11,139,3,250.15,83.38,2,4.4,6,0.796,1,Men,Mixed,0.541,0.077,0,1
ZC002469,39.0,Male,USA,Tier 2,60,65,5,545.99,109.2,2,1.8,3,0.488,8,Men,Store,0.362,0.253,0,0
ZC002470,32.0,Male,Germany,Tier 2,19,13,3,196.34,65.45,7,5.3,3,0.594,8,Beauty,Store,0.484,0.142,0,0
ZC002471,27.0,Female,Italy,Tier 2,38,115,3,226.14,75.38,1,13.6,2,0.719,1,Women,Online,0.471,0.213,0,1
ZC002472,28.0,Male,Other,Tier 2,40,134,3,235.73,78.58,1,6.9,4,0.721,1,Women,Online,0.133,0.183,1,0
ZC002473,35.0,Female,France,Tier 1,27,72,2,112.62,56.31,3,3.2,4,0.684,3,Women,Store,0.426,0.345,0,0
ZC002474,38.0,Female,USA,Tier 1,17,118,1,33.91,33.91,0,6.9,6,0.393,5,Women,Online,0.521,0.037,0,1
ZC002475,23.0,Female,Spain,Tier 3,9,56,2,119.28,59.64,6,1.2,7,0.253,6,Women,Online,0.135,0.405,0,0
ZC002476,32.0,Female,USA,Tier 1,6,108,1,69.93,69.93,2,2.4,3,0.499,3,Women,Online,0.152,0.094,0,0
ZC002477,16.0,Female,Germany,Tier 1,39,33,2,219.99,110.0,5,3.1,1,0.425,3,Men,Online,0.38,0.079,0,0
ZC002478,34.0,Female,Other,Tier 2,23,182,3,221.44,73.81,1,12.3,4,0.469,8,Men,Mixed,0.435,0.697,0,0
ZC002479,40.0,Female,Spain,Tier 1,23,15,4,251.85,62.96,8,3.5,3,0.192,8,Kids,Online,0.404,0.399,0,0
ZC002480,29.0,Female,UK,Tier 1,27,365,1,80.65,80.65,0,4.7,2,0.31,4,Women,Mixed,0.27,0.59,0,1
ZC002481,50.0,Female,Germany,Tier 2,14,248,3,258.52,86.17,2,1.2,3,0.179,8,Men,Mixed,0.365,0.382,0,1
ZC002482,23.0,Female,France,Tier 1,34,187,3,199.9,66.63,1,10.4,1,0.628,1,Home,Mixed,0.251,0.316,0,1
ZC002483,34.0,Female,Germany,Tier 3,20,25,1,58.0,58.0,6,3.7,3,0.416,2,Women,Mixed,0.462,0.106,0,0
ZC002484,32.0,Male,UK,Tier 3,15,42,1,67.24,67.24,4,2.1,1,0.479,8,Women,Store,0.393,0.093,0,0
ZC002485,31.0,Female,USA,Tier 1,24,35,2,165.78,82.89,5,2.2,1,0.184,4,Men,Online,0.327,0.468,0,0
ZC002486,31.0,Female,France,Tier 3,35,27,3,230.21,76.74,8,5.6,2,0.407,1,TRF,Online,0.081,0.182,0,0
ZC002487,33.0,Female,UK,Tier 1,14,33,3,201.43,67.14,3,1.0,2,0.304,4,Men,Mixed,0.107,0.37,0,0
ZC002488,40.0,Female,Italy,Tier 1,60,93,5,341.99,68.4,0,6.8,7,0.239,7,Kids,Mixed,0.141,0.218,0,0
ZC002489,46.0,Female,USA,Tier 2,6,44,1,97.13,97.13,8,1.2,1,0.404,8,Women,Store,0.241,0.398,0,0
ZC002490,32.0,Male,France,Tier 2,26,18,1,68.81,68.81,6,3.7,2,0.059,5,Women,Store,0.446,0.352,0,0
ZC002491,40.0,Female,Other,Tier 1,10,6,1,81.21,81.21,10,3.2,1,0.778,2,Men,Store,0.561,0.501,1,0
ZC002492,25.0,Female,France,Tier 1,20,124,1,100.37,100.37,0,2.1,5,0.679,6,Men,Store,0.415,0.277,0,0
ZC002493,40.0,Male,USA,Tier 1,30,69,1,54.51,54.51,1,13.0,2,0.218,8,Women,Store,0.257,0.565,0,0
ZC002494,24.0,Female,Other,Tier 1,60,60,7,434.38,62.05,1,9.8,4,0.232,7,Women,Online,0.35,0.221,0,0
ZC002495,43.0,Female,USA,Tier 1,4,1,1,38.66,38.66,4,18.9,1,0.702,5,TRF,Mixed,0.372,0.249,0,0
ZC002496,54.0,Female,Mexico,Tier 3,8,19,1,78.77,78.77,6,4.7,3,0.644,7,Women,Mixed,0.145,0.424,0,0
ZC002497,31.0,Male,Spain,Tier 2,27,62,5,523.43,104.69,2,2.9,5,0.189,5,Kids,Online,0.271,0.129,0,0
ZC002498,16.0,Female,Other,Tier 1,36,88,2,162.79,81.4,1,2.1,1,,2,Home,Online,0.295,0.574,0,1
ZC002499,27.0,Female,USA,Tier 1,13,0,2,145.15,72.58,6,2.9,2,,6,Men,Store,0.104,0.074,0,0
ZC002500,44.0,Male,UK,Tier 1,7,59,1,92.41,92.41,8,4.0,1,0.274,6,Beauty,Store,0.3,0.16,0,0
ZC002501,38.0,Male,Other,Tier 1,27,75,3,173.1,57.7,0,7.5,2,0.55,2,Men,Online,0.403,0.38,0,0
ZC002502,34.0,Male,France,Tier 2,11,22,1,54.19,54.19,2,2.6,4,0.211,8,Beauty,Mixed,0.278,0.455,0,0
ZC002503,42.0,Female,USA,Tier 2,43,151,5,474.06,94.81,1,2.9,4,0.823,5,Men,Mixed,0.54,0.204,0,0
ZC002504,37.0,Male,Spain,Tier 1,25,13,6,421.7,70.28,6,2.6,2,0.439,8,Men,Store,0.117,0.516,0,0
ZC002505,44.0,Female,Spain,Tier 3,27,76,1,66.11,66.11,1,1.0,6,0.206,3,Kids,Store,0.517,0.36,0,1
ZC002506,41.0,Male,USA,Tier 2,40,37,5,436.52,87.3,9,3.8,3,0.649,1,Kids,Store,0.212,0.198,0,0
ZC002507,47.0,Male,France,Tier 1,59,96,5,404.34,80.87,2,1.0,5,0.134,6,Beauty,Online,0.281,0.314,1,0
ZC002508,36.0,Female,France,Tier 3,9,57,1,96.66,96.66,6,1.7,5,0.202,6,Women,Online,0.212,0.042,0,0
ZC002509,41.0,Female,Other,Tier 1,15,139,2,98.44,49.22,0,6.0,3,0.379,4,Women,Online,0.37,0.263,0,0
ZC002510,29.0,Female,Mexico,Tier 3,43,18,1,55.97,55.97,4,3.4,2,,3,Women,Store,0.569,0.201,0,0
ZC002511,26.0,Male,Other,Tier 2,19,36,1,90.04,90.04,9,3.1,1,0.703,5,Women,Store,0.229,0.477,0,0
ZC002512,49.0,Female,France,Tier 1,12,97,1,56.14,56.14,1,7.3,2,0.168,8,Women,Store,0.119,0.159,0,1
ZC002513,34.0,Male,UK,Tier 1,18,66,4,255.79,63.95,4,4.0,3,0.36,4,Women,Mixed,0.402,0.154,0,0
ZC002514,40.0,Female,France,Tier 2,56,99,4,415.37,103.84,2,2.9,2,0.437,8,Home,Online,0.327,0.249,0,0
ZC002515,33.0,Female,UK,Tier 2,19,114,2,129.83,64.92,1,6.2,2,0.136,1,Women,Mixed,0.323,0.237,1,1
ZC002516,26.0,Female,USA,Tier 2,29,110,2,194.36,97.18,2,2.7,1,0.9,6,Men,Store,0.091,0.52,0,0
ZC002517,32.0,Male,Other,Tier 1,15,75,1,42.75,42.75,0,1.0,4,0.538,5,Kids,Mixed,0.567,0.261,0,0
ZC002518,46.0,Female,Italy,Tier 2,5,112,1,124.57,124.57,0,2.7,3,0.138,5,Women,Store,0.373,0.333,0,1
ZC002519,38.0,Female,USA,Tier 1,35,52,1,99.48,99.48,9,3.5,5,0.207,8,Women,Store,0.462,0.056,0,0
ZC002520,16.0,Female,UK,Tier 1,15,92,1,89.38,89.38,3,6.8,1,0.182,7,Home,Store,0.352,0.235,0,1
ZC002521,30.0,Male,USA,Tier 1,38,16,2,157.01,78.5,8,4.5,2,0.337,7,Women,Store,0.335,0.518,0,0
ZC002522,50.0,Male,France,Tier 2,28,68,2,155.5,77.75,2,8.7,3,0.383,3,Kids,Online,0.438,0.127,0,0
ZC002523,30.0,Female,USA,Tier 2,24,72,1,128.88,128.88,1,1.2,7,0.334,6,Kids,Online,0.426,0.243,1,1
ZC002524,16.0,Female,Other,Tier 1,45,199,7,424.46,60.64,2,20.4,5,0.857,5,Women,Store,0.339,0.294,0,0
ZC002525,51.0,Female,France,Tier 2,15,47,1,65.25,65.25,7,9.3,2,0.136,5,Women,Store,0.129,0.551,0,1
ZC002526,39.0,Female,UK,Tier 3,34,11,1,61.46,61.46,4,4.2,6,0.682,4,Men,Online,0.065,0.681,0,0
ZC002527,31.0,Male,Italy,Tier 1,19,10,2,153.36,76.68,11,2.2,0,0.37,3,Women,Mixed,0.333,0.059,0,0
ZC002528,28.0,Female,Other,Tier 1,14,199,3,253.14,84.38,1,2.5,4,0.248,6,Home,Online,0.721,0.269,0,1
ZC002529,43.0,Female,Mexico,Tier 1,26,169,5,495.41,99.08,2,8.7,4,0.523,1,Women,Store,0.562,0.164,0,1
ZC002530,27.0,Male,France,Tier 1,13,80,1,51.1,51.1,0,3.3,4,0.037,7,Men,Online,0.446,0.316,0,0
ZC002531,43.0,Female,USA,Tier 1,15,7,1,94.28,94.28,8,2.7,7,0.577,5,Kids,Mixed,0.287,0.207,0,0
ZC002532,37.0,Female,Germany,Tier 2,21,81,3,275.76,91.92,3,5.8,3,0.447,8,TRF,Online,0.379,0.593,0,0
ZC002533,34.0,Female,Mexico,Tier 1,44,88,6,472.66,78.78,2,9.2,4,0.561,1,Men,Online,0.255,0.231,0,0
ZC002534,33.0,Female,Other,Tier 2,47,60,1,64.45,64.45,2,4.5,2,0.341,4,Home,Mixed,0.184,0.238,0,0
ZC002535,30.0,Female,UK,Tier 3,8,81,1,80.79,80.79,2,1.0,1,0.355,1,Kids,Mixed,0.158,0.176,0,0
ZC002536,42.0,Female,Germany,Tier 1,14,40,2,129.62,64.81,5,3.0,3,0.391,5,Men,Store,0.256,0.329,0,0
ZC002537,23.0,Female,USA,Tier 1,30,7,2,165.93,82.96,5,3.3,7,0.283,1,Kids,Mixed,0.3,0.069,0,1
ZC002538,16.0,Female,Spain,Tier 1,12,123,2,151.97,75.98,1,6.9,3,0.198,2,Women,Store,0.217,0.545,0,0
ZC002539,38.0,Male,USA,Tier 2,13,78,1,64.21,64.21,0,7.5,5,0.237,7,Beauty,Mixed,0.295,0.136,0,0
ZC002540,38.0,Female,Spain,Tier 1,18,169,4,310.55,77.64,1,1.8,4,0.422,3,Women,Online,0.315,0.318,0,0
ZC002541,37.0,Female,France,Tier 2,29,107,1,116.69,116.69,0,4.5,3,0.284,3,Men,Store,0.395,0.327,0,1
ZC002542,36.0,Female,UK,Tier 2,23,24,1,106.32,106.32,4,4.6,4,0.204,7,Kids,Online,0.324,0.09,0,0
ZC002543,29.0,Female,Italy,Tier 2,47,5,5,415.04,83.01,3,2.8,1,0.443,4,Women,Store,0.175,0.128,0,0
ZC002544,40.0,Female,Germany,Tier 1,21,85,1,73.32,73.32,0,1.4,2,0.419,3,Women,Mixed,0.329,0.206,0,0
ZC002545,32.0,Female,USA,Tier 3,23,60,4,414.79,103.7,2,8.7,1,0.483,3,Women,Mixed,0.143,0.094,0,0
ZC002546,27.0,Male,Italy,Tier 3,19,64,2,119.3,59.65,2,2.2,0,0.241,7,Men,Mixed,0.138,0.311,0,0
ZC002547,29.0,Female,USA,Tier 2,25,79,3,268.6,89.53,1,3.1,1,0.675,8,Women,Online,0.32,0.61,1,0
ZC002548,52.0,Male,Spain,Tier 1,14,4,2,182.63,91.32,7,1.5,2,0.236,2,Men,Store,0.26,0.105,0,0
ZC002549,16.0,Female,Other,Tier 2,26,51,2,107.19,53.6,5,6.7,5,0.353,8,Women,Mixed,0.145,0.177,0,0
ZC002550,,Female,Spain,Tier 3,12,24,1,79.81,79.81,7,3.7,4,0.777,3,Women,Online,0.354,0.554,1,0
ZC002551,16.0,Female,USA,Tier 2,41,69,7,748.66,106.95,1,1.4,2,0.107,5,Men,Store,0.149,0.718,0,0
ZC002552,31.0,Female,Germany,Tier 2,20,26,4,270.79,67.7,5,1.7,2,0.68,5,Men,Online,0.382,0.39,0,0
ZC002553,28.0,Male,UK,Tier 1,53,40,6,550.84,91.81,6,2.6,7,0.478,1,Kids,Online,0.556,0.139,1,0
ZC002554,16.0,Male,UK,Tier 1,41,38,3,153.31,51.1,11,4.7,2,0.636,3,Women,Online,0.167,0.226,0,0
ZC002555,36.0,Male,Italy,Tier 2,24,40,3,213.73,71.24,6,2.2,2,0.673,3,Home,Mixed,0.222,0.106,0,0
ZC002556,28.0,Female,Germany,Tier 3,31,117,1,113.55,113.55,3,4.1,3,0.319,7,Women,Store,0.343,0.332,0,1
ZC002557,16.0,Female,France,Tier 1,27,38,1,52.12,52.12,4,5.1,3,0.681,5,Women,Online,0.506,0.508,0,0
ZC002558,40.0,Female,Other,Tier 1,8,125,5,194.22,38.84,1,1.0,3,0.639,6,Women,Mixed,0.307,0.538,0,1
ZC002559,,Female,Spain,Tier 1,23,2,1,68.78,68.78,11,6.9,2,0.333,6,Women,Store,0.234,0.25,0,0
ZC002560,47.0,Female,UK,Tier 1,22,27,1,93.11,93.11,4,7.6,6,0.442,3,Women,Online,0.584,0.142,0,0
ZC002561,36.0,Female,USA,Tier 2,19,3,2,154.47,77.24,6,4.1,3,0.331,4,Women,Online,0.185,0.443,0,0
ZC002562,32.0,Female,Spain,Tier 1,28,103,3,199.31,66.44,1,3.4,5,0.461,7,Women,Online,0.403,0.411,0,0
ZC002563,45.0,Male,Other,Tier 2,24,54,2,206.38,103.19,4,3.4,4,0.509,2,Women,Mixed,0.302,0.421,0,0
ZC002564,49.0,Female,Italy,Tier 1,25,45,1,104.52,104.52,7,1.0,4,0.345,7,Men,Mixed,0.084,0.566,0,0
ZC002565,43.0,Female,USA,Tier 2,51,31,4,369.14,92.28,3,6.2,1,0.505,4,Kids,Online,0.222,0.277,0,0
ZC002566,23.0,Female,UK,Tier 1,21,118,4,393.23,98.31,2,2.4,4,0.466,5,Men,Mixed,0.169,0.159,0,0
ZC002567,34.0,Male,USA,Tier 2,35,72,4,291.65,72.91,1,9.9,6,0.215,1,Women,Store,0.223,0.095,0,0
ZC002568,36.0,Female,Italy,Tier 1,19,32,3,216.6,72.2,4,4.7,2,0.32,6,Women,Mixed,0.137,0.22,0,0
ZC002569,16.0,Female,USA,Tier 1,52,261,1,43.07,43.07,1,7.0,4,0.23,8,Women,Online,0.158,0.182,0,1
ZC002570,,Female,Other,Tier 2,30,40,3,126.98,42.33,5,11.1,2,0.544,7,Kids,Online,0.484,0.685,0,0
ZC002571,55.0,Female,USA,Tier 1,24,7,2,143.73,71.86,7,6.2,4,0.533,4,Home,Online,0.185,0.138,0,0
ZC002572,38.0,Female,USA,Tier 1,13,138,1,111.65,111.65,3,2.8,3,0.582,4,Kids,Store,0.279,0.428,0,1
ZC002573,47.0,Male,Other,Tier 3,52,33,8,456.5,57.06,7,2.6,2,0.471,5,Beauty,Store,0.582,0.118,0,0
ZC002574,34.0,Male,Other,Tier 2,39,20,1,134.43,134.43,5,2.4,4,0.29,7,Women,Store,0.275,0.188,0,0
ZC002575,31.0,Male,USA,Tier 1,12,98,1,84.41,84.41,3,5.0,3,0.495,6,TRF,Store,0.44,0.084,0,0
ZC002576,36.0,Female,France,Tier 2,6,79,3,171.65,57.22,3,5.5,9,0.635,4,Men,Online,0.516,0.631,0,0
ZC002577,24.0,Male,Other,Tier 1,17,30,2,149.32,74.66,6,1.7,4,0.299,5,Men,Online,0.365,0.504,0,0
ZC002578,22.0,Female,Italy,Tier 1,10,28,1,79.94,79.94,13,5.2,3,0.45,8,Women,Online,0.098,0.386,0,0
ZC002579,45.0,Female,Germany,Tier 1,18,113,4,372.71,93.18,2,8.9,3,0.354,3,Women,Online,0.152,0.502,0,0
ZC002580,46.0,Female,Germany,Tier 1,33,63,1,85.75,85.75,0,8.5,1,0.391,5,Men,Store,0.27,0.402,0,0
ZC002581,,Female,Other,Tier 1,39,113,1,49.34,49.34,0,8.0,3,0.262,4,Women,Online,0.131,0.654,0,1
ZC002582,42.0,Female,France,Tier 2,5,51,2,239.88,119.94,8,1.0,3,0.166,4,Women,Store,0.463,0.156,0,0
ZC002583,31.0,Male,USA,Tier 1,7,16,1,66.78,66.78,9,11.2,2,0.193,5,Women,Online,0.345,0.686,0,0
ZC002584,35.0,Male,UK,Tier 1,10,79,1,67.01,67.01,2,2.1,5,0.174,6,Women,Store,0.433,0.265,0,0
ZC002585,37.0,Female,Italy,Tier 1,23,89,1,75.88,75.88,0,1.4,2,0.5,6,TRF,Online,0.164,0.134,0,1
ZC002586,42.0,Female,France,Tier 1,41,44,3,308.22,102.74,11,6.2,4,0.2,7,Women,Online,0.339,0.141,0,0
ZC002587,33.0,Female,USA,Tier 2,20,51,4,345.25,86.31,5,9.1,4,0.426,4,Women,Online,0.302,0.34,0,0
ZC002588,46.0,Female,Germany,Tier 1,5,20,1,35.52,35.52,6,5.9,3,0.25,3,Men,Online,0.447,0.343,0,0
ZC002589,35.0,Female,UK,Tier 1,25,9,2,224.48,112.24,4,3.8,1,0.242,2,Men,Store,0.496,0.33,0,0
ZC002590,38.0,Female,Other,Tier 1,15,101,1,59.36,59.36,1,16.2,7,0.541,1,Women,Store,0.486,0.07,0,1
ZC002591,24.0,Female,USA,Tier 1,15,15,5,408.79,81.76,8,2.0,1,0.52,8,Women,Store,0.261,0.056,0,0
ZC002592,54.0,Male,Italy,Tier 2,23,77,1,75.66,75.66,1,8.8,2,0.468,2,Men,Store,0.314,0.602,0,0
ZC002593,37.0,Male,France,Tier 2,29,121,3,271.26,90.42,2,3.0,2,0.31,1,Men,Mixed,0.503,0.435,0,1
ZC002594,39.0,Female,Spain,Tier 2,38,90,4,260.1,65.03,0,6.1,2,0.201,6,Men,Store,0.388,0.161,0,1
ZC002595,16.0,Male,UK,Tier 1,41,107,4,412.65,103.16,3,7.7,3,0.294,5,Kids,Online,0.258,0.309,0,0
ZC002596,24.0,Female,Spain,Tier 1,35,151,2,137.11,68.56,1,8.7,3,0.913,3,Men,Online,0.527,0.431,0,1
ZC002597,44.0,Female,Mexico,Tier 2,32,5,1,120.24,120.24,6,4.1,6,0.16,8,Women,Online,0.424,0.079,0,0
ZC002598,35.0,Female,Italy,Tier 3,7,89,4,195.37,48.84,0,9.9,2,0.375,6,Kids,Store,0.227,0.353,0,0
ZC002599,16.0,Female,Spain,Tier 1,31,65,1,114.25,114.25,0,2.3,4,0.491,8,Women,Store,0.176,0.264,0,0
ZC002600,42.0,Female,France,Tier 2,18,65,1,37.05,37.05,2,3.4,2,0.485,2,Beauty,Online,0.193,0.233,0,1
ZC002601,27.0,Female,Other,Tier 1,41,90,3,363.53,121.18,0,3.8,3,0.565,5,Women,Online,0.337,0.14,0,0
ZC002602,46.0,Female,USA,Tier 3,14,11,3,179.23,59.74,5,2.6,3,0.684,5,Women,Mixed,0.544,0.148,0,0
ZC002603,31.0,Male,Other,Tier 1,17,169,6,495.19,82.53,3,3.4,3,0.425,4,Women,Store,0.088,0.276,1,1
ZC002604,34.0,Female,USA,Tier 1,13,82,1,64.15,64.15,2,2.1,6,0.181,5,Women,Store,0.138,0.207,0,0
ZC002605,44.0,Female,Spain,Tier 1,14,5,1,66.68,66.68,5,1.0,6,0.457,4,Women,Store,0.424,0.722,0,0
ZC002606,23.0,Male,France,Tier 2,46,96,6,454.53,75.76,1,2.1,5,0.536,4,Men,Store,0.266,0.036,0,1
ZC002607,22.0,Female,USA,Tier 2,13,5,4,357.18,89.3,4,2.5,5,0.784,1,Home,Online,0.211,0.195,0,0
ZC002608,30.0,Female,Other,Tier 2,22,121,1,91.24,91.24,5,5.1,2,0.199,2,Kids,Mixed,0.059,0.331,0,0
ZC002609,40.0,Male,Italy,Tier 2,14,119,1,117.13,117.13,0,16.6,4,0.511,2,Kids,Mixed,0.298,0.374,0,1
ZC002610,19.0,Female,Italy,Tier 1,21,15,4,386.93,96.73,5,5.1,4,0.849,7,Men,Online,0.13,0.282,0,0
ZC002611,16.0,Female,Italy,Tier 1,25,7,1,93.2,93.2,7,3.7,0,0.295,8,Women,Mixed,0.384,0.131,0,0
ZC002612,40.0,Female,Italy,Tier 3,30,86,4,529.69,132.42,0,2.9,2,0.567,3,Women,Mixed,0.609,0.23,0,1
ZC002613,26.0,Female,Italy,Tier 1,20,6,1,96.85,96.85,6,2.6,3,0.413,1,Women,Online,0.319,0.385,0,0
ZC002614,28.0,Male,Germany,Tier 1,49,44,4,196.51,49.13,6,1.0,5,0.128,8,Women,Online,0.269,0.158,0,0
ZC002615,16.0,Female,Other,Tier 1,6,188,1,50.59,50.59,2,3.4,5,0.23,1,Women,Mixed,0.036,0.121,0,1
ZC002616,25.0,Female,France,Tier 1,13,48,1,123.6,123.6,5,1.3,3,0.381,3,Kids,Online,0.192,0.597,0,0
ZC002617,32.0,Male,USA,Tier 1,12,116,2,176.0,88.0,2,14.4,2,0.605,2,Women,Mixed,0.188,0.148,0,0
ZC002618,41.0,Male,UK,Tier 2,10,156,1,80.13,80.13,2,3.9,2,0.4,4,Kids,Mixed,0.171,0.128,1,1
ZC002619,24.0,Female,UK,Tier 2,29,140,4,295.66,73.92,2,3.9,2,0.417,5,Men,Store,0.306,0.285,1,1
ZC002620,,Female,USA,Tier 1,12,67,1,40.14,40.14,0,3.2,2,0.314,4,Women,Mixed,0.268,0.472,0,0
ZC002621,25.0,Male,UK,Tier 1,1,24,1,118.4,118.4,8,2.6,1,0.634,2,Kids,Mixed,0.354,0.152,0,0
ZC002622,25.0,Female,UK,Tier 3,23,157,2,94.01,47.0,1,13.7,4,0.161,2,Women,Online,0.151,0.408,0,1
ZC002623,,Female,Spain,Tier 2,50,156,4,242.67,60.67,1,9.0,4,0.184,2,Home,Store,0.218,0.153,0,1
ZC002624,34.0,Female,Other,Tier 3,2,55,3,231.82,77.27,7,3.1,2,0.253,3,Women,Mixed,0.307,0.124,0,0
ZC002625,26.0,Male,Mexico,Tier 1,28,33,2,126.24,63.12,4,1.9,7,0.305,5,Women,Online,0.502,0.151,0,0
ZC002626,30.0,Female,USA,Tier 3,37,94,3,205.48,68.49,6,1.4,3,0.49,3,Kids,Store,0.263,0.139,0,0
ZC002627,46.0,Female,Other,Tier 3,14,11,1,99.99,99.99,9,4.3,4,0.613,5,Men,Mixed,0.164,0.109,0,0
ZC002628,47.0,Male,Other,Tier 1,25,44,2,236.24,118.12,6,11.6,4,0.113,8,Men,Store,0.446,0.659,0,0
ZC002629,24.0,Female,Other,Tier 2,1,218,1,67.14,67.14,1,11.4,7,0.546,2,Women,Online,0.11,0.274,0,1
ZC002630,32.0,Female,Spain,Tier 1,22,6,1,88.65,88.65,7,7.6,1,0.035,2,Women,Online,0.223,0.187,0,0
ZC002631,33.0,Female,UK,Tier 2,30,26,1,62.15,62.15,7,1.6,1,0.752,3,Kids,Online,0.349,0.221,0,0
ZC002632,22.0,Male,UK,Tier 2,15,52,2,177.3,88.65,8,3.6,6,0.112,8,Kids,Store,0.267,0.496,0,0
ZC002633,31.0,Female,Italy,Tier 1,15,12,1,66.84,66.84,9,4.0,2,0.742,8,Women,Store,0.417,0.057,0,0
ZC002634,32.0,Male,Germany,Tier 1,26,39,4,240.48,60.12,3,3.9,5,0.26,6,Men,Online,0.342,0.334,0,0
ZC002635,43.0,Female,Italy,Tier 1,20,56,1,109.57,109.57,10,4.2,2,0.692,6,Home,Online,0.2,0.109,1,0
ZC002636,44.0,Female,Mexico,Tier 2,39,75,3,124.68,41.56,3,5.9,4,0.477,7,Men,Store,0.354,0.324,0,0
ZC002637,29.0,Male,Other,Tier 2,21,73,2,186.75,93.38,4,2.4,0,0.525,6,Women,Mixed,0.395,0.265,0,0
ZC002638,30.0,Female,France,Tier 1,26,40,2,164.87,82.44,5,3.8,4,0.618,4,Men,Store,0.662,0.506,0,0
ZC002639,39.0,Female,Other,Tier 3,15,113,3,218.83,72.94,3,1.6,3,0.576,5,Women,Store,0.146,0.537,0,1
ZC002640,26.0,Male,Mexico,Tier 1,15,54,1,102.47,102.47,5,6.7,2,,2,Men,Online,0.4,0.304,0,1
ZC002641,38.0,Female,USA,Tier 1,33,7,1,105.64,105.64,6,5.1,2,0.215,4,Men,Online,0.28,0.363,0,0
ZC002642,31.0,Female,Mexico,Tier 1,35,298,4,171.9,42.98,2,1.0,4,0.416,4,Men,Store,0.206,0.264,0,1
ZC002643,22.0,Male,Spain,Tier 2,7,73,4,347.11,86.78,2,2.4,0,0.406,6,Women,Store,0.219,0.137,0,0
ZC002644,22.0,Female,USA,Tier 2,18,15,1,101.69,101.69,3,1.3,4,0.46,6,Men,Online,0.358,0.347,0,0
ZC002645,46.0,Female,Other,Tier 2,27,89,2,106.2,53.1,1,8.2,4,0.627,6,Home,Store,0.584,0.357,0,1
ZC002646,30.0,Female,UK,Tier 3,2,62,1,81.8,81.8,0,4.6,2,0.343,1,Women,Store,0.143,0.514,0,1
ZC002647,,Female,UK,Tier 1,17,23,3,331.05,110.35,6,3.4,2,0.583,2,Kids,Mixed,0.206,0.197,0,0
ZC002648,27.0,Male,Other,Tier 1,60,226,6,218.18,36.36,1,2.8,6,0.749,6,Women,Store,0.464,0.179,1,1
ZC002649,35.0,Female,USA,Tier 2,11,2,1,104.69,104.69,2,5.3,2,0.284,4,Men,Online,0.111,0.393,0,0
ZC002650,56.0,Male,USA,Tier 1,10,37,1,79.8,79.8,5,3.9,5,0.455,2,Home,Store,0.353,0.574,0,0
ZC002651,21.0,Male,Spain,Tier 1,19,66,1,69.32,69.32,0,3.2,2,0.18,2,Men,Store,0.169,0.263,0,1
ZC002652,16.0,Male,France,Tier 1,20,51,3,327.32,109.11,3,11.7,5,0.54,6,Men,Store,0.318,0.201,0,0
ZC002653,45.0,Female,USA,Tier 1,16,20,1,61.91,61.91,4,4.9,4,0.347,5,Kids,Online,0.127,0.316,0,0
ZC002654,24.0,Female,Spain,Tier 1,36,259,1,57.64,57.64,3,1.6,1,0.497,8,Men,Online,0.244,0.27,0,1
ZC002655,32.0,Male,Mexico,Tier 1,4,3,1,97.91,97.91,10,4.7,1,0.516,3,Home,Online,0.565,0.197,0,0
ZC002656,,Female,USA,Tier 3,10,104,1,80.61,80.61,0,4.5,2,0.169,3,Women,Store,0.538,0.563,0,1
ZC002657,35.0,Male,France,Tier 1,18,2,1,69.31,69.31,3,1.0,4,0.553,1,Women,Online,0.301,0.604,0,1
ZC002658,22.0,Male,Spain,Tier 3,41,34,4,175.86,43.96,6,4.3,3,0.172,4,Men,Online,0.429,0.302,0,0
ZC002659,30.0,Female,France,Tier 1,13,41,1,78.57,78.57,9,3.7,3,0.853,2,Kids,Store,0.342,0.442,0,0
ZC002660,36.0,Female,Germany,Tier 3,9,70,1,62.83,62.83,3,7.9,3,0.159,3,Women,Mixed,0.444,0.181,1,1
ZC002661,22.0,Female,UK,Tier 1,3,14,1,73.26,73.26,4,1.0,1,0.081,4,Women,Online,0.507,0.319,0,0
ZC002662,25.0,Female,USA,Tier 1,8,184,1,44.42,44.42,1,1.1,3,0.424,5,Kids,Online,0.396,0.144,0,0
ZC002663,29.0,Female,USA,Tier 1,3,30,1,60.23,60.23,6,1.3,1,0.403,4,Women,Mixed,0.429,0.506,0,1
ZC002664,18.0,Female,Spain,Tier 1,12,17,1,76.67,76.67,9,5.8,4,0.785,2,Women,Mixed,0.304,0.23,0,0
ZC002665,28.0,Male,Spain,Tier 2,28,41,1,67.81,67.81,3,4.5,3,0.22,7,Women,Store,0.472,0.254,0,0
ZC002666,33.0,Female,France,Tier 1,25,113,2,144.76,72.38,1,1.0,3,0.139,3,Men,Mixed,0.469,0.173,0,1
ZC002667,28.0,Female,Spain,Tier 1,29,60,2,121.97,60.98,0,1.5,4,0.664,1,Beauty,Store,0.176,0.316,0,0
ZC002668,29.0,Male,USA,Tier 2,7,154,1,51.88,51.88,1,1.6,1,0.25,7,Women,Online,0.562,0.534,0,1
ZC002669,32.0,Male,USA,Tier 2,5,70,1,81.88,81.88,3,5.9,5,0.359,4,Kids,Mixed,0.213,0.136,0,0
ZC002670,25.0,Male,Mexico,Tier 1,24,77,1,80.61,80.61,2,4.5,2,0.8,3,Women,Mixed,0.269,0.517,0,1
ZC002671,39.0,Female,UK,Tier 1,34,168,5,330.38,66.08,3,2.9,7,0.637,6,Women,Online,0.268,0.034,0,0
ZC002672,46.0,Male,France,Tier 2,19,81,1,88.08,88.08,0,3.4,4,0.255,1,Women,Online,0.314,0.6,0,0
ZC002673,27.0,Male,Germany,Tier 1,26,20,1,78.39,78.39,3,1.6,2,0.674,3,Men,Mixed,0.285,0.405,0,0
ZC002674,37.0,Male,UK,Tier 2,18,75,1,57.91,57.91,0,7.3,4,0.407,3,Women,Store,0.377,0.073,0,0
ZC002675,30.0,Female,USA,Tier 1,14,54,3,361.45,120.48,4,3.6,4,0.488,2,TRF,Store,0.549,0.123,0,1
ZC002676,36.0,Female,UK,Tier 3,15,30,2,102.59,51.3,3,3.9,6,0.815,4,Women,Online,0.265,0.299,0,0
ZC002677,48.0,Female,France,Tier 2,33,88,1,66.71,66.71,2,8.2,4,0.448,7,Men,Mixed,0.464,0.549,0,0
ZC002678,37.0,Female,USA,Tier 2,18,58,2,145.22,72.61,9,7.7,7,0.495,3,Men,Online,0.392,0.468,0,0
ZC002679,,Female,Spain,Tier 2,33,38,1,45.98,45.98,3,3.2,4,0.632,7,TRF,Store,0.408,0.352,0,0
ZC002680,37.0,Male,Other,Tier 3,21,7,1,39.59,39.59,6,2.7,7,0.291,1,Men,Mixed,0.336,0.05,0,0
ZC002681,44.0,Female,Italy,Tier 2,12,113,1,99.05,99.05,4,1.1,3,0.425,5,Men,Online,0.107,0.203,0,1
ZC002682,30.0,Male,Spain,Tier 2,27,177,3,288.93,96.31,1,6.0,1,0.286,4,Men,Store,0.187,0.131,0,1
ZC002683,42.0,Female,Other,Tier 3,19,53,1,53.62,53.62,3,5.0,3,0.412,8,Men,Mixed,0.376,0.486,0,0
ZC002684,25.0,Male,USA,Tier 1,38,53,3,293.81,97.94,8,3.5,3,0.352,4,Women,Mixed,0.332,0.312,0,0
ZC002685,17.0,Female,Spain,Tier 2,10,44,3,176.95,58.98,5,4.6,1,0.519,4,Home,Online,0.69,0.118,0,0
ZC002686,33.0,Female,USA,Tier 2,4,74,1,49.69,49.69,3,4.0,2,0.462,6,Women,Store,0.423,0.75,0,0
ZC002687,16.0,Female,Other,Tier 2,28,65,1,61.73,61.73,1,6.0,2,0.501,6,Men,Store,0.356,0.313,0,1
ZC002688,30.0,Male,USA,Tier 3,44,163,1,62.32,62.32,4,7.6,0,0.549,3,Men,Mixed,0.372,0.383,1,0
ZC002689,45.0,Female,Mexico,Tier 2,34,116,3,322.85,107.62,2,2.6,2,0.38,4,Women,Mixed,0.48,0.269,0,0
ZC002690,16.0,Female,Germany,Tier 2,46,36,4,106.1,26.52,6,1.4,5,0.087,2,Men,Mixed,0.193,0.277,0,0
ZC002691,19.0,Male,France,Tier 3,52,3,6,370.59,61.76,4,2.9,5,0.794,4,Kids,Store,0.446,0.249,0,0
ZC002692,22.0,Female,USA,Tier 2,17,114,1,145.11,145.11,1,12.9,3,0.149,8,Women,Store,0.549,0.653,0,1
ZC002693,31.0,Female,Spain,Tier 1,9,109,1,27.39,27.39,2,3.6,2,0.3,7,Women,Online,0.529,0.152,0,1
ZC002694,28.0,Female,Italy,Tier 1,1,4,1,73.59,73.59,11,2.7,5,0.143,4,Kids,Online,0.403,0.081,1,0
ZC002695,46.0,Female,UK,Tier 1,4,46,1,73.01,73.01,7,4.3,3,0.407,2,Kids,Online,0.137,0.191,0,0
ZC002696,42.0,Female,France,Tier 1,28,70,2,173.94,86.97,1,7.3,3,0.638,7,TRF,Online,0.261,0.22,0,0
ZC002697,37.0,Female,Spain,Tier 2,4,7,1,106.39,106.39,7,2.1,2,0.312,1,Beauty,Online,0.199,0.285,0,0
ZC002698,33.0,Female,Mexico,Tier 2,23,34,3,273.3,91.1,8,5.8,1,0.115,5,Women,Mixed,0.312,0.365,0,0
ZC002699,36.0,Female,Italy,Tier 1,29,5,4,448.61,112.15,7,5.0,6,0.11,5,Women,Online,0.639,0.022,0,0
ZC002700,23.0,Male,France,Tier 3,20,58,6,362.94,60.49,8,4.6,9,0.417,8,Men,Online,0.314,0.174,0,0
ZC002701,41.0,Male,France,Tier 2,15,26,1,115.76,115.76,8,4.7,3,0.597,7,Men,Online,0.183,0.045,0,0
ZC002702,21.0,Female,USA,Tier 3,10,103,2,143.86,71.93,3,3.0,5,0.489,2,Women,Online,0.356,0.376,0,1
ZC002703,40.0,Female,USA,Tier 1,48,117,4,363.13,90.78,0,6.5,2,0.695,5,Women,Online,0.425,0.083,0,0
ZC002704,44.0,Female,Spain,Tier 1,2,296,1,67.13,67.13,4,1.0,6,,1,Women,Online,0.656,0.545,0,1
ZC002705,34.0,Male,Italy,Tier 2,10,99,2,125.65,62.82,0,2.5,3,0.403,5,Women,Online,0.213,0.199,0,0
ZC002706,30.0,Female,Spain,Tier 2,15,159,2,101.03,50.52,1,3.1,6,0.409,5,Women,Store,0.494,0.238,0,1
ZC002707,36.0,Male,Spain,Tier 3,14,44,1,78.12,78.12,7,5.4,2,0.272,3,Women,Mixed,0.341,0.274,0,1
ZC002708,16.0,Female,Spain,Tier 3,30,40,1,54.04,54.04,8,4.0,3,0.622,1,TRF,Mixed,0.569,0.101,0,0
ZC002709,35.0,Female,USA,Tier 1,21,57,3,282.81,94.27,4,2.3,3,0.641,3,TRF,Online,0.449,0.184,0,0
ZC002710,31.0,Male,France,Tier 1,7,32,1,93.89,93.89,8,11.3,3,,1,Women,Store,0.417,0.316,0,0
ZC002711,31.0,Female,Italy,Tier 2,32,102,1,95.08,95.08,1,3.2,3,,5,Women,Online,0.59,0.234,0,1
ZC002712,39.0,Female,UK,Tier 1,10,24,1,87.71,87.71,7,11.7,4,0.378,1,Men,Online,0.779,0.492,0,0
ZC002713,31.0,Female,UK,Tier 3,23,22,1,105.02,105.02,7,1.2,3,0.792,4,TRF,Mixed,0.265,0.182,0,0
ZC002714,21.0,Female,France,Tier 2,45,20,2,199.11,99.56,5,2.6,5,0.281,8,Women,Online,0.276,0.133,0,0
ZC002715,31.0,Female,Germany,Tier 2,12,88,5,287.06,57.41,1,4.0,2,0.196,1,Women,Online,0.261,0.229,0,0
ZC002716,33.0,Male,Other,Tier 3,12,22,1,83.58,83.58,3,4.6,4,0.248,1,Men,Online,0.526,0.43,0,1
ZC002717,33.0,Female,Mexico,Tier 1,17,22,2,110.87,55.44,10,1.5,5,0.547,8,Women,Online,0.525,0.476,0,0
ZC002718,34.0,Female,Other,Tier 1,17,22,1,74.2,74.2,4,5.4,6,0.185,6,Women,Store,0.122,0.14,0,0
ZC002719,42.0,Female,Other,Tier 2,22,2,3,229.3,76.43,7,7.6,1,0.524,3,Home,Mixed,0.255,0.591,0,0
ZC002720,21.0,Female,Other,Tier 2,27,38,2,39.71,19.86,4,1.0,1,0.473,8,Women,Mixed,0.401,0.089,0,0
ZC002721,34.0,Male,France,Tier 2,9,105,2,111.41,55.7,2,3.5,5,0.49,3,Men,Online,0.06,0.149,0,0
ZC002722,45.0,Female,Germany,Tier 1,19,95,1,68.79,68.79,0,11.4,4,0.293,5,Women,Online,0.442,0.429,0,1
ZC002723,,Female,Italy,Tier 2,8,97,1,21.09,21.09,2,5.0,3,0.566,8,Kids,Mixed,0.182,0.243,0,1
ZC002724,34.0,Female,USA,Tier 1,29,116,2,184.9,92.45,0,30.0,2,0.397,1,Kids,Online,0.358,0.68,0,1
ZC002725,26.0,Male,USA,Tier 1,37,107,3,221.67,73.89,2,4.0,1,0.58,4,Kids,Mixed,0.355,0.38,0,0
ZC002726,28.0,Male,Other,Tier 3,14,44,2,165.27,82.64,8,3.4,4,0.477,8,Women,Online,0.365,0.193,0,0
ZC002727,23.0,Female,France,Tier 1,21,109,1,109.33,109.33,2,1.4,4,,6,Men,Online,0.539,0.128,0,1
ZC002728,30.0,Female,Spain,Tier 1,44,19,2,168.83,84.42,10,8.3,5,0.264,8,Men,Online,0.284,0.355,0,0
ZC002729,50.0,Male,UK,Tier 1,24,68,1,90.61,90.61,3,1.0,3,0.723,5,Women,Mixed,0.15,0.142,0,0
ZC002730,19.0,Male,USA,Tier 3,8,20,1,101.41,101.41,4,1.1,5,0.598,4,Women,Online,0.321,0.282,0,0
ZC002731,20.0,Female,USA,Tier 1,5,33,1,85.14,85.14,13,8.1,5,0.491,2,Kids,Mixed,0.46,0.058,0,0
ZC002732,19.0,Male,France,Tier 1,10,168,1,88.14,88.14,1,10.1,4,0.488,5,Men,Online,0.638,0.118,0,1
ZC002733,49.0,Female,France,Tier 1,16,45,1,87.28,87.28,0,7.8,5,0.645,5,Men,Store,0.542,0.244,0,1
ZC002734,27.0,Female,France,Tier 2,32,33,4,196.77,49.19,8,2.5,2,0.426,7,Men,Store,0.487,0.395,0,0
ZC002735,32.0,Female,Spain,Tier 1,15,129,1,29.03,29.03,3,3.0,8,0.496,3,Men,Mixed,0.473,0.341,0,1
ZC002736,28.0,Female,UK,Tier 2,8,30,5,140.01,28.0,6,9.7,2,0.423,1,Men,Online,0.323,0.332,0,0
ZC002737,23.0,Female,Spain,Tier 2,15,92,2,205.13,102.56,1,10.2,1,0.68,6,Men,Mixed,0.274,0.223,0,1
ZC002738,30.0,Female,UK,Tier 1,16,74,2,129.53,64.76,0,3.7,2,0.544,5,Women,Online,0.44,0.458,0,0
ZC002739,57.0,Male,Germany,Tier 1,11,55,1,67.8,67.8,4,3.3,2,0.607,2,Men,Mixed,0.247,0.176,0,0
ZC002740,46.0,Male,Spain,Tier 1,15,26,2,182.92,91.46,5,1.9,1,0.41,5,Women,Online,0.192,0.908,0,0
ZC002741,23.0,Female,Other,Tier 1,21,206,3,314.23,104.74,0,7.1,5,0.703,7,Women,Online,0.072,0.384,0,1
ZC002742,38.0,Female,Germany,Tier 1,4,32,1,96.47,96.47,9,1.1,0,0.182,7,Home,Store,0.442,0.368,0,0
ZC002743,24.0,Female,USA,Tier 2,16,175,1,71.48,71.48,2,1.0,7,0.524,2,Home,Mixed,0.232,0.508,0,1
ZC002744,16.0,Female,UK,Tier 1,60,98,8,680.94,85.12,2,2.1,5,0.512,6,Men,Mixed,0.153,0.162,0,0
ZC002745,42.0,Female,Spain,Tier 1,24,127,2,225.02,112.51,3,1.0,4,0.181,8,Women,Store,0.359,0.383,0,1
ZC002746,44.0,Male,Spain,Tier 1,32,73,4,258.32,64.58,0,10.9,2,0.502,8,Men,Store,0.297,0.45,0,0
ZC002747,42.0,Female,Other,Tier 1,43,211,3,353.07,117.69,2,3.8,5,0.409,8,Women,Store,0.351,0.167,0,1
ZC002748,27.0,Female,Italy,Tier 1,49,254,1,74.0,74.0,1,7.5,3,0.447,2,TRF,Store,0.227,0.266,0,1
ZC002749,30.0,Male,Mexico,Tier 1,12,50,2,171.87,85.94,6,4.9,8,0.375,8,Men,Online,0.361,0.111,0,0
ZC002750,39.0,Female,Germany,Tier 2,5,34,1,104.32,104.32,6,3.8,5,0.415,3,Home,Store,0.351,0.382,0,0
ZC002751,36.0,Female,Other,Tier 1,35,67,3,107.53,35.84,2,6.8,1,0.055,5,Men,Online,0.64,0.172,0,1
ZC002752,28.0,Male,Other,Tier 1,16,48,1,55.78,55.78,4,9.0,5,0.3,5,Men,Mixed,0.434,0.433,0,0
ZC002753,16.0,Male,Spain,Tier 3,17,155,1,84.64,84.64,1,8.2,4,0.601,3,Women,Store,0.422,0.367,0,0
ZC002754,33.0,Female,USA,Tier 2,27,102,2,193.11,96.56,1,9.2,1,0.714,4,Women,Online,0.093,0.491,0,0
ZC002755,43.0,Female,UK,Tier 2,19,17,1,77.75,77.75,8,1.0,2,0.399,7,Women,Mixed,0.342,0.401,0,0
ZC002756,20.0,Female,USA,Tier 1,22,16,1,80.7,80.7,2,14.2,7,0.161,4,Kids,Store,0.257,0.372,1,0
ZC002757,38.0,Female,France,Tier 1,23,77,3,417.92,139.31,0,2.2,6,0.185,6,Men,Online,0.629,0.413,0,0
ZC002758,35.0,Female,USA,Tier 1,36,154,1,64.9,64.9,2,3.9,0,0.744,6,Women,Online,0.578,0.421,0,1
ZC002759,40.0,Female,Mexico,Tier 2,25,28,2,166.26,83.13,2,2.9,5,0.489,7,Kids,Online,0.256,0.299,0,0
ZC002760,41.0,Female,Spain,Tier 3,8,95,1,94.13,94.13,0,3.6,2,0.24,3,Home,Online,0.532,0.365,0,1
ZC002761,25.0,Male,Mexico,Tier 1,8,117,4,375.65,93.91,2,8.9,3,0.119,8,Men,Store,0.329,0.148,0,1
ZC002762,16.0,Female,UK,Tier 1,12,100,2,136.88,68.44,2,10.4,5,0.118,5,Home,Mixed,0.255,0.666,0,1
ZC002763,27.0,Male,Spain,Tier 1,24,12,1,60.18,60.18,8,12.4,5,0.664,8,Women,Store,0.318,0.188,0,0
ZC002764,41.0,Female,Other,Tier 1,8,42,1,80.29,80.29,7,7.1,5,0.237,7,Men,Mixed,0.458,0.026,0,0
ZC002765,27.0,Male,UK,Tier 1,8,42,1,104.24,104.24,3,3.7,1,0.207,6,Women,Online,0.676,0.327,0,1
ZC002766,25.0,Female,Italy,Tier 3,23,117,2,274.38,137.19,2,1.5,4,0.441,5,Women,Mixed,0.494,0.172,0,0
ZC002767,16.0,Female,Other,Tier 1,12,38,1,41.46,41.46,6,3.9,4,0.511,1,Women,Mixed,0.424,0.336,0,0
ZC002768,50.0,Male,Spain,Tier 1,46,17,2,149.32,74.66,4,5.2,4,,3,Men,Mixed,0.259,0.315,0,0
ZC002769,40.0,Male,USA,Tier 2,13,111,4,175.82,43.96,0,4.6,5,0.209,3,Women,Online,0.106,0.309,0,1
ZC002770,40.0,Female,Spain,Tier 1,30,24,1,63.4,63.4,8,2.0,3,0.517,1,Women,Online,0.638,0.195,0,0
ZC002771,,Female,Spain,Tier 3,17,8,1,86.17,86.17,3,7.1,2,0.456,2,Women,Online,0.35,0.069,0,0
ZC002772,38.0,Female,Other,Tier 1,7,40,1,46.07,46.07,7,5.2,3,0.279,7,Men,Store,0.357,0.749,0,0
ZC002773,30.0,Female,Mexico,Tier 3,12,6,1,66.01,66.01,6,6.3,5,,7,Home,Mixed,0.233,0.033,0,0
ZC002774,30.0,Female,USA,Tier 1,18,2,1,61.94,61.94,5,7.5,3,,8,Kids,Online,0.225,0.237,0,0
ZC002775,28.0,Male,Italy,Tier 1,13,90,5,362.64,72.53,1,2.0,1,0.799,5,Men,Online,0.747,0.147,0,0
ZC002776,58.0,Female,Other,Tier 1,43,62,1,63.95,63.95,1,1.8,3,0.124,1,Men,Online,0.308,0.618,0,0
ZC002777,38.0,Female,USA,Tier 3,9,290,1,106.19,106.19,3,1.5,4,0.543,3,Men,Store,0.534,0.19,0,1
ZC002778,27.0,Female,Spain,Tier 1,14,34,5,423.31,84.66,10,7.1,1,0.177,5,Women,Store,0.253,0.173,0,0
ZC002779,37.0,Male,Other,Tier 1,25,192,4,267.68,66.92,4,10.5,6,0.417,2,Women,Mixed,0.283,0.078,0,1
ZC002780,22.0,Female,Italy,Tier 1,55,94,1,48.5,48.5,0,7.5,4,0.279,1,Women,Mixed,0.378,0.256,0,1
ZC002781,47.0,Female,USA,Tier 1,27,36,2,112.99,56.5,8,6.0,1,0.172,7,Women,Online,0.305,0.25,0,0
ZC002782,25.0,Female,France,Tier 2,24,19,2,160.92,80.46,6,2.5,2,0.202,8,Women,Mixed,0.398,0.369,0,0
ZC002783,37.0,Male,USA,Tier 3,33,76,1,98.05,98.05,2,2.8,4,0.687,8,TRF,Mixed,0.18,0.221,0,0
ZC002784,43.0,Female,Germany,Tier 2,38,23,4,426.89,106.72,14,1.5,7,0.268,6,Men,Online,0.195,0.239,0,0
ZC002785,36.0,Female,Germany,Tier 1,44,75,1,109.18,109.18,1,3.6,4,,8,Men,Online,0.232,0.281,0,0
ZC002786,33.0,Female,USA,Tier 2,27,22,1,79.55,79.55,5,9.6,4,0.246,1,Men,Store,0.353,0.321,0,0
ZC002787,32.0,Male,Mexico,Tier 2,22,15,4,441.39,110.35,9,7.3,3,0.492,6,Beauty,Online,0.174,0.206,0,0
ZC002788,31.0,Female,UK,Tier 1,10,5,2,119.91,59.96,7,1.2,3,0.041,2,Women,Store,0.578,0.599,0,0
ZC002789,26.0,Female,Italy,Tier 1,23,70,6,443.51,73.92,1,1.9,2,0.454,2,Women,Online,0.18,0.213,0,0
ZC002790,28.0,Female,Germany,Tier 2,49,57,4,274.2,68.55,4,2.5,3,0.205,7,Women,Store,0.472,0.194,0,0
ZC002791,47.0,Female,UK,Tier 2,2,14,3,184.67,61.56,5,4.9,1,0.453,6,Men,Mixed,0.571,0.218,0,0
ZC002792,31.0,Female,USA,Tier 1,41,51,2,210.89,105.44,5,10.5,1,0.591,8,Men,Store,0.476,0.308,0,0
ZC002793,24.0,Female,USA,Tier 2,22,9,4,324.3,81.08,5,10.5,1,0.233,4,Men,Store,0.283,0.271,0,0
ZC002794,27.0,Female,Italy,Tier 2,35,61,7,369.6,52.8,3,3.7,2,0.45,7,Women,Online,0.226,0.249,0,0
ZC002795,43.0,Female,Germany,Tier 3,28,53,1,64.32,64.32,7,2.4,3,0.441,2,Men,Online,0.2,0.046,0,0
ZC002796,39.0,Female,USA,Tier 3,19,107,1,108.0,108.0,0,3.3,2,0.425,7,TRF,Online,0.402,0.462,0,1
ZC002797,38.0,Female,Other,Tier 1,22,9,2,149.68,74.84,7,15.4,7,0.639,7,Women,Mixed,0.298,0.636,0,0
ZC002798,29.0,Female,Mexico,Tier 1,30,1,3,272.59,90.86,5,10.1,4,0.331,6,Women,Mixed,0.14,0.252,0,0
ZC002799,38.0,Female,Spain,Tier 2,10,179,1,67.51,67.51,4,3.6,7,0.45,8,Women,Store,0.379,0.043,0,1
ZC002800,26.0,Female,USA,Tier 2,20,83,4,104.21,26.05,2,10.0,5,0.413,8,Women,Store,0.098,0.427,0,0
ZC002801,29.0,Female,France,Tier 1,27,28,1,55.7,55.7,7,2.5,8,0.398,5,Men,Online,0.421,0.315,0,0
ZC002802,42.0,Male,Spain,Tier 2,31,168,2,112.64,56.32,2,3.8,4,0.466,3,Men,Online,0.428,0.106,0,1
ZC002803,41.0,Male,Other,Tier 3,29,285,1,57.65,57.65,4,5.3,2,0.805,6,Men,Online,0.155,0.08,0,1
ZC002804,22.0,Female,Germany,Tier 1,16,88,5,417.98,83.6,3,5.8,1,,5,Women,Online,0.161,0.141,0,0
ZC002805,23.0,Female,Spain,Tier 1,21,51,3,274.92,91.64,11,3.2,4,0.376,2,Women,Store,0.292,0.363,0,0
ZC002806,33.0,Male,UK,Tier 1,8,13,1,75.91,75.91,8,1.0,7,0.225,8,Women,Online,0.519,0.375,0,0
ZC002807,49.0,Male,USA,Tier 1,39,39,3,299.87,99.96,9,8.1,5,0.321,1,TRF,Store,0.255,0.605,0,0
ZC002808,16.0,Female,France,Tier 2,23,13,1,96.05,96.05,1,3.1,2,0.254,3,Men,Online,0.187,0.084,0,0
ZC002809,35.0,Female,USA,Tier 1,20,86,1,96.3,96.3,0,4.8,4,0.387,5,Men,Online,0.293,0.132,0,0
ZC002810,18.0,Male,Other,Tier 2,20,352,5,322.32,64.46,2,4.0,2,0.42,2,Women,Store,0.63,0.348,0,1
ZC002811,26.0,Male,Italy,Tier 1,17,95,1,88.61,88.61,1,7.2,1,0.101,3,Women,Online,0.439,0.058,0,1
ZC002812,28.0,Male,Other,Tier 2,32,168,9,728.52,80.95,0,12.9,2,0.255,8,Women,Store,0.298,0.093,0,1
ZC002813,28.0,Female,USA,Tier 1,21,50,2,145.85,72.92,3,1.3,4,0.658,6,Men,Mixed,0.351,0.178,0,0
ZC002814,27.0,Female,UK,Tier 2,9,84,3,201.67,67.22,3,3.2,1,0.265,4,Home,Online,0.425,0.346,0,0
ZC002815,32.0,Male,Mexico,Tier 1,12,43,1,63.2,63.2,5,4.4,9,0.152,7,Women,Mixed,0.614,0.646,0,1
ZC002816,,Female,UK,Tier 2,7,8,1,73.85,73.85,9,3.4,3,0.385,1,TRF,Mixed,0.278,0.219,1,0
ZC002817,17.0,Female,UK,Tier 1,48,3,3,245.89,81.96,3,4.4,6,0.193,7,Kids,Online,0.294,0.068,1,0
ZC002818,40.0,Male,Other,Tier 1,18,328,1,99.25,99.25,1,1.6,3,0.261,5,Kids,Mixed,0.26,0.197,1,1
ZC002819,40.0,Female,Mexico,Tier 1,51,32,7,483.14,69.02,8,5.9,6,0.126,2,Men,Store,0.535,0.704,0,0
ZC002820,40.0,Female,Other,Tier 1,22,51,1,50.6,50.6,5,15.5,4,0.467,7,Kids,Store,0.517,0.346,0,0
ZC002821,17.0,Female,UK,Tier 2,15,3,4,198.04,49.51,5,2.7,1,0.304,2,Women,Mixed,0.197,0.455,0,1
ZC002822,35.0,Female,Germany,Tier 1,18,43,6,340.2,56.7,10,5.5,2,0.399,1,Beauty,Store,0.357,0.231,0,0
ZC002823,39.0,Female,UK,Tier 3,22,112,1,69.85,69.85,0,9.5,2,0.521,7,Women,Mixed,0.508,0.295,0,1
ZC002824,22.0,Female,UK,Tier 1,10,103,1,44.56,44.56,0,5.5,3,0.728,4,Women,Online,0.246,0.283,0,0
ZC002825,32.0,Female,Spain,Tier 1,7,62,1,62.5,62.5,1,12.3,1,0.642,7,Women,Online,0.509,0.476,0,1
ZC002826,31.0,Female,Other,Tier 3,37,118,1,111.22,111.22,1,5.0,4,0.327,3,Men,Online,0.252,0.214,0,0
ZC002827,50.0,Female,UK,Tier 1,15,33,2,162.25,81.12,3,2.5,2,0.35,8,Women,Store,0.091,0.439,0,0
ZC002828,51.0,Male,Germany,Tier 2,52,173,7,474.45,67.78,1,2.6,1,0.318,1,Men,Online,0.086,0.336,1,1
ZC002829,16.0,Female,Other,Tier 1,28,400,1,45.47,45.47,0,5.3,2,0.198,1,Women,Online,0.416,0.193,0,1
ZC002830,57.0,Male,Mexico,Tier 2,14,151,2,149.16,74.58,2,4.7,0,0.57,2,Women,Online,0.221,0.455,0,1
ZC002831,23.0,Female,USA,Tier 2,60,52,4,161.85,40.46,3,12.4,4,0.393,8,Women,Store,0.097,0.24,0,0
ZC002832,42.0,Female,Germany,Tier 1,38,25,3,276.36,92.12,5,3.7,3,0.479,1,Women,Mixed,0.322,0.135,1,0
ZC002833,42.0,Male,France,Tier 2,6,13,1,46.7,46.7,9,2.2,2,0.275,6,Women,Online,0.348,0.191,0,0
ZC002834,22.0,Male,USA,Tier 1,11,59,2,235.24,117.62,7,6.2,2,0.117,8,Women,Store,0.403,0.306,0,0
ZC002835,37.0,Female,Spain,Tier 2,1,13,1,107.45,107.45,3,3.9,2,0.603,6,Women,Online,0.235,0.48,0,0
ZC002836,31.0,Female,Germany,Tier 1,16,75,1,66.95,66.95,3,3.7,3,0.369,1,Men,Mixed,0.319,0.038,0,0
ZC002837,38.0,Female,Mexico,Tier 1,59,53,4,185.9,46.48,3,1.0,3,0.184,3,Women,Mixed,0.099,0.248,0,0
ZC002838,34.0,Female,Other,Tier 1,4,24,1,61.46,61.46,8,6.7,2,0.552,1,Men,Online,0.667,0.265,0,0
ZC002839,44.0,Female,USA,Tier 2,24,66,1,36.18,36.18,1,2.3,5,0.609,2,Women,Store,0.203,0.244,0,0
ZC002840,33.0,Female,UK,Tier 3,60,72,7,494.71,70.67,2,4.4,3,0.252,7,Men,Store,0.416,0.362,0,0
ZC002841,30.0,Female,USA,Tier 3,17,94,1,60.85,60.85,3,4.1,4,0.21,4,Kids,Store,0.213,0.167,0,0
ZC002842,43.0,Male,Other,Tier 2,23,57,1,115.14,115.14,9,3.4,4,0.369,2,Kids,Store,0.524,0.175,0,0
ZC002843,38.0,Female,Other,Tier 2,15,87,1,32.74,32.74,4,8.6,3,0.428,3,Men,Mixed,0.191,0.138,0,0
ZC002844,39.0,Male,Other,Tier 3,11,161,1,46.79,46.79,2,1.9,3,,6,Men,Store,0.146,0.464,0,0
ZC002845,25.0,Male,France,Tier 1,31,15,1,108.47,108.47,4,8.1,2,0.407,3,Kids,Store,0.379,0.042,0,0
ZC002846,22.0,Male,USA,Tier 1,32,14,1,63.42,63.42,6,6.5,1,0.283,6,Men,Mixed,0.636,0.253,0,1
ZC002847,26.0,Female,France,Tier 2,26,114,2,200.07,100.04,0,7.8,4,0.815,3,Women,Online,0.426,0.264,0,0
ZC002848,26.0,Female,UK,Tier 1,13,32,1,89.15,89.15,12,1.9,3,0.288,2,Men,Store,0.392,0.186,0,0
ZC002849,40.0,Female,USA,Tier 2,26,166,3,244.61,81.54,2,1.6,1,0.469,2,Women,Online,0.454,0.537,0,1
ZC002850,42.0,Female,Spain,Tier 1,5,134,2,161.54,80.77,1,2.2,4,0.764,7,Women,Mixed,0.308,0.379,0,1
ZC002851,30.0,Female,Spain,Tier 1,28,170,3,286.24,95.41,1,5.5,3,0.246,4,Women,Online,0.31,0.544,0,1
ZC002852,46.0,Male,UK,Tier 2,10,7,1,83.25,83.25,7,3.3,5,,3,Women,Online,0.29,0.449,0,0
ZC002853,46.0,Female,Other,Tier 1,10,54,2,138.96,69.48,7,3.2,2,0.793,8,Men,Online,0.425,0.065,0,0
ZC002854,34.0,Female,Italy,Tier 3,49,88,3,289.92,96.64,1,6.0,2,0.105,7,Men,Store,0.497,0.255,0,0
ZC002855,24.0,Male,Mexico,Tier 3,2,18,2,127.05,63.52,10,8.1,3,0.45,3,Men,Mixed,0.274,0.334,0,0
ZC002856,48.0,Male,USA,Tier 2,17,51,1,83.91,83.91,4,3.3,6,0.674,1,TRF,Store,0.185,0.31,0,0
ZC002857,31.0,Female,Italy,Tier 2,6,79,1,74.97,74.97,1,12.5,3,0.322,2,Men,Store,0.427,0.379,0,0
ZC002858,33.0,Male,UK,Tier 1,21,27,1,104.16,104.16,9,11.4,2,0.716,7,Women,Online,0.148,0.195,0,0
ZC002859,29.0,Female,Spain,Tier 1,11,18,2,181.0,90.5,4,2.3,5,0.426,7,Women,Mixed,0.161,0.737,0,0
ZC002860,23.0,Male,UK,Tier 3,6,41,1,62.19,62.19,3,2.7,3,0.386,3,Men,Online,0.375,0.366,0,1
ZC002861,17.0,Female,Spain,Tier 1,15,177,3,148.76,49.59,1,5.9,1,0.399,6,Home,Mixed,0.315,0.306,0,1
ZC002862,38.0,Female,Other,Tier 1,9,93,1,58.13,58.13,0,1.8,2,0.57,7,Women,Online,0.329,0.507,0,1
ZC002863,24.0,Female,Other,Tier 1,9,70,2,181.31,90.66,0,1.2,4,0.794,1,Men,Store,0.425,0.08,0,0
ZC002864,63.0,Female,USA,Tier 2,29,128,2,177.28,88.64,2,9.8,3,0.329,5,Men,Store,0.415,0.293,0,1
ZC002865,21.0,Male,Germany,Tier 2,5,56,1,83.57,83.57,8,5.3,6,0.075,6,Women,Online,0.41,0.375,0,0
ZC002866,19.0,Female,USA,Tier 1,2,35,1,77.77,77.77,6,9.7,8,0.716,4,Women,Store,0.235,0.082,0,0
ZC002867,37.0,Female,USA,Tier 1,22,20,1,65.12,65.12,6,5.0,2,0.442,6,Women,Online,0.421,0.658,0,0
ZC002868,47.0,Female,Germany,Tier 2,17,47,2,210.28,105.14,8,3.6,3,0.59,3,TRF,Online,0.406,0.301,0,0
ZC002869,33.0,Female,Mexico,Tier 1,11,108,1,81.03,81.03,2,6.5,3,0.513,6,Women,Mixed,0.195,0.475,0,1
ZC002870,38.0,Male,Mexico,Tier 1,29,1,2,209.33,104.66,11,2.9,3,0.036,7,Men,Store,0.191,0.063,0,0
ZC002871,16.0,Female,Spain,Tier 1,52,35,3,226.65,75.55,6,5.8,1,0.781,1,Women,Online,0.458,0.226,0,0
ZC002872,25.0,Male,France,Tier 2,18,50,1,79.15,79.15,8,13.0,4,0.466,3,Men,Mixed,0.179,0.225,0,0
ZC002873,21.0,Male,Spain,Tier 1,19,35,1,59.11,59.11,18,12.1,3,0.852,1,Kids,Online,0.489,0.329,0,0
ZC002874,16.0,Female,Spain,Tier 1,7,131,1,68.24,68.24,0,6.4,8,0.383,8,Women,Online,0.131,0.511,0,0
ZC002875,33.0,Male,Spain,Tier 1,5,89,6,467.12,77.85,1,6.5,4,0.393,5,Men,Store,0.583,0.486,0,1
ZC002876,16.0,Female,Spain,Tier 1,17,37,1,106.99,106.99,10,1.8,4,0.03,5,Men,Mixed,0.536,0.076,0,0
ZC002877,19.0,Female,USA,Tier 3,4,123,6,397.04,66.17,3,5.9,1,0.154,8,TRF,Online,0.25,0.046,0,1
ZC002878,27.0,Female,USA,Tier 3,3,10,1,69.86,69.86,1,10.0,3,0.467,8,Women,Store,0.334,0.187,0,0
ZC002879,24.0,Female,Italy,Tier 2,25,91,2,96.43,48.22,0,5.6,2,0.423,2,Men,Online,0.329,0.357,0,1
ZC002880,36.0,Female,USA,Tier 1,6,23,1,123.73,123.73,5,4.8,2,0.6,5,Women,Mixed,0.139,0.531,1,0
ZC002881,35.0,Female,Spain,Tier 1,25,98,3,172.92,57.64,0,1.0,0,0.351,8,Women,Mixed,0.243,0.247,0,0
ZC002882,41.0,Male,Other,Tier 2,40,73,3,137.35,45.78,1,2.9,5,,5,Women,Store,0.037,0.117,0,0
ZC002883,40.0,Female,Other,Tier 1,23,75,1,87.01,87.01,0,4.6,3,0.598,8,Home,Online,0.512,0.107,0,0
ZC002884,,Male,Spain,Tier 2,5,78,1,86.11,86.11,2,2.4,4,0.714,5,Men,Mixed,0.457,0.194,0,0
ZC002885,32.0,Female,USA,Tier 1,60,50,2,200.37,100.18,4,1.0,4,0.354,5,Men,Online,0.523,0.215,0,0
ZC002886,35.0,Female,USA,Tier 2,20,74,2,165.03,82.52,2,11.4,9,0.554,5,Women,Store,0.376,0.099,1,0
ZC002887,37.0,Female,Other,Tier 1,18,14,2,75.43,37.72,5,2.1,5,0.504,8,Women,Mixed,0.227,0.685,0,0
ZC002888,33.0,Female,USA,Tier 1,16,51,1,54.47,54.47,9,6.0,1,0.112,4,Kids,Mixed,0.216,0.224,0,0
ZC002889,28.0,Female,Spain,Tier 1,10,13,1,112.14,112.14,4,2.2,5,0.49,6,Men,Store,0.477,0.267,1,0
ZC002890,29.0,Male,Italy,Tier 1,8,214,1,87.03,87.03,1,1.7,4,0.125,3,TRF,Online,0.405,0.546,0,1
ZC002891,24.0,Male,Italy,Tier 1,2,23,2,163.19,81.6,7,1.1,1,0.665,5,Home,Mixed,0.117,0.369,0,0
ZC002892,36.0,Female,USA,Tier 1,6,186,1,96.81,96.81,3,3.0,3,0.518,7,Women,Online,0.628,0.505,0,1
ZC002893,31.0,Female,USA,Tier 3,15,139,2,149.49,74.74,1,12.3,1,0.45,2,Women,Store,0.294,0.258,0,1
ZC002894,25.0,Female,UK,Tier 1,24,41,4,473.86,118.46,9,7.2,1,0.712,7,Women,Mixed,0.102,0.153,0,0
ZC002895,25.0,Female,USA,Tier 1,9,29,1,62.89,62.89,3,3.3,3,0.08,5,Women,Store,0.084,0.277,0,0
ZC002896,20.0,Female,USA,Tier 1,22,46,2,233.91,116.96,5,4.9,3,0.424,6,Home,Store,0.56,0.313,0,1
ZC002897,,Female,Mexico,Tier 1,14,268,3,225.75,75.25,0,4.8,2,0.729,7,Men,Store,0.382,0.536,0,1
ZC002898,33.0,Male,Mexico,Tier 3,17,38,1,54.09,54.09,8,10.4,7,0.516,4,Kids,Store,0.078,0.246,0,0
ZC002899,23.0,Female,Italy,Tier 1,33,161,1,45.08,45.08,2,3.3,1,0.217,3,Women,Online,0.225,0.109,0,1
ZC002900,40.0,Female,Italy,Tier 3,22,184,1,122.04,122.04,2,4.6,0,0.72,1,Women,Store,0.686,0.049,0,1
ZC002901,26.0,Female,France,Tier 2,26,31,1,106.43,106.43,5,2.0,7,0.362,1,Men,Online,0.448,0.497,0,1
ZC002902,18.0,Male,USA,Tier 1,60,50,6,391.34,65.22,6,5.7,5,0.844,1,Women,Online,0.252,0.109,0,0
ZC002903,42.0,Female,Italy,Tier 1,9,7,1,56.31,56.31,5,8.0,3,0.412,4,Men,Online,0.607,0.23,0,1
ZC002904,27.0,Female,Spain,Tier 1,31,71,1,28.32,28.32,2,9.7,0,0.401,4,Women,Store,0.215,0.229,0,0
ZC002905,28.0,Female,Spain,Tier 1,25,71,1,57.34,57.34,0,10.2,4,0.381,7,Women,Online,0.41,0.256,0,1
ZC002906,32.0,Male,Spain,Tier 1,25,55,1,76.64,76.64,5,2.6,3,0.258,2,Women,Store,0.255,0.319,0,0
ZC002907,43.0,Male,Italy,Tier 2,21,47,4,304.83,76.21,6,7.6,2,0.447,7,Men,Mixed,0.077,0.234,0,0
ZC002908,32.0,Female,Germany,Tier 2,24,113,1,35.8,35.8,2,4.5,1,0.068,2,Women,Online,0.162,0.221,1,1
ZC002909,20.0,Female,UK,Tier 1,15,141,1,44.3,44.3,2,7.7,3,0.597,8,Women,Mixed,0.55,0.235,0,0
ZC002910,37.0,Male,UK,Tier 2,19,124,1,131.44,131.44,3,3.2,5,0.466,1,Kids,Mixed,0.349,0.135,0,1
ZC002911,27.0,Female,Other,Tier 3,36,55,1,108.25,108.25,10,10.1,7,0.152,8,Women,Store,0.147,0.322,0,0
ZC002912,51.0,Female,Spain,Tier 1,11,102,4,307.41,76.85,1,12.5,4,0.292,1,Women,Mixed,0.222,0.326,0,0
ZC002913,32.0,Male,UK,Tier 1,13,59,1,69.85,69.85,8,1.2,2,0.441,8,Men,Online,0.072,0.31,0,0
ZC002914,16.0,Female,Mexico,Tier 1,24,44,1,84.09,84.09,8,3.3,3,0.729,7,Men,Online,0.181,0.248,0,0
ZC002915,36.0,Female,Germany,Tier 1,23,64,1,74.8,74.8,1,1.0,3,0.42,8,Men,Online,0.403,0.706,0,0
ZC002916,51.0,Female,UK,Tier 1,14,37,1,85.45,85.45,5,5.7,3,0.222,7,Women,Online,0.34,0.247,0,0
ZC002917,48.0,Male,USA,Tier 1,25,168,1,42.71,42.71,3,3.1,3,0.559,8,Women,Store,0.271,0.552,0,0
ZC002918,50.0,Male,Other,Tier 2,25,114,7,445.9,63.7,1,9.1,4,0.458,5,Men,Store,0.539,0.177,0,0
ZC002919,22.0,Female,UK,Tier 1,60,23,7,238.75,34.11,9,6.7,9,0.371,6,Men,Mixed,0.331,0.33,0,0
ZC002920,41.0,Female,Other,Tier 2,60,26,4,305.21,76.3,7,8.0,5,0.268,8,Women,Online,0.632,0.527,0,0
ZC002921,25.0,Male,Mexico,Tier 1,60,74,5,430.42,86.08,3,2.1,0,0.223,6,Women,Online,0.439,0.463,0,0
ZC002922,34.0,Male,Other,Tier 1,24,59,1,58.91,58.91,2,7.5,2,0.218,6,Men,Mixed,0.119,0.34,1,1
ZC002923,19.0,Female,Spain,Tier 1,34,34,5,368.1,73.62,9,5.1,5,0.271,1,Men,Mixed,0.372,0.379,0,0
ZC002924,26.0,Female,UK,Tier 1,24,41,1,70.57,70.57,7,2.6,2,0.558,4,Women,Online,0.316,0.344,0,0
ZC002925,25.0,Male,USA,Tier 1,17,29,1,92.77,92.77,4,6.7,6,0.424,5,Kids,Online,0.21,0.634,0,1
ZC002926,41.0,Female,USA,Tier 1,26,78,1,85.57,85.57,1,4.4,5,0.626,8,Men,Store,0.204,0.389,0,0
ZC002927,40.0,Female,USA,Tier 2,17,133,3,178.5,59.5,1,8.0,2,0.322,2,Kids,Online,0.255,0.309,0,0
ZC002928,35.0,Female,UK,Tier 1,19,63,1,45.4,45.4,2,1.3,3,0.524,2,Home,Store,0.18,0.105,0,0
ZC002929,18.0,Male,UK,Tier 1,18,48,1,51.59,51.59,7,3.7,4,0.252,6,Women,Store,0.396,0.244,0,0
ZC002930,29.0,Female,Germany,Tier 1,18,19,1,64.67,64.67,8,2.4,2,0.782,8,Women,Online,0.502,0.412,0,0
ZC002931,25.0,Female,USA,Tier 1,12,10,1,96.53,96.53,10,1.9,3,,1,Men,Online,0.159,0.102,0,0
ZC002932,41.0,Female,USA,Tier 1,32,14,5,532.25,106.45,4,12.1,2,0.542,4,Men,Online,0.047,0.628,0,0
ZC002933,44.0,Female,USA,Tier 1,25,79,2,125.0,62.5,1,2.7,6,0.683,1,Men,Store,0.432,0.175,0,0
ZC002934,43.0,Female,Italy,Tier 1,11,81,1,75.61,75.61,4,1.1,6,0.677,8,TRF,Store,0.208,0.34,1,0
ZC002935,24.0,Female,Spain,Tier 1,18,6,1,54.88,54.88,9,5.2,5,0.46,8,Women,Online,0.196,0.124,0,0
ZC002936,16.0,Female,Italy,Tier 3,8,13,1,56.9,56.9,2,5.3,2,0.303,6,Women,Online,0.229,0.383,0,0
ZC002937,16.0,Male,USA,Tier 2,22,36,1,76.22,76.22,4,2.8,3,0.82,3,Women,Store,0.173,0.272,0,0
ZC002938,46.0,Female,France,Tier 1,36,39,1,70.19,70.19,7,1.0,5,0.565,6,Women,Online,0.454,0.708,0,0
ZC002939,28.0,Male,Mexico,Tier 1,15,311,5,311.23,62.25,0,6.9,3,0.429,7,Women,Online,0.295,0.152,0,1
ZC002940,24.0,Female,France,Tier 3,31,3,1,87.17,87.17,4,1.0,4,0.307,5,Women,Store,0.1,0.27,0,0
ZC002941,48.0,Female,Germany,Tier 1,18,45,2,182.8,91.4,6,2.6,2,0.278,2,Women,Store,0.243,0.392,0,0
ZC002942,45.0,Female,Other,Tier 1,15,11,1,83.46,83.46,3,4.3,3,0.267,1,Beauty,Online,0.119,0.023,0,0
ZC002943,32.0,Female,Spain,Tier 2,11,75,1,115.98,115.98,3,13.0,1,0.194,1,Men,Store,0.366,0.243,0,0
ZC002944,29.0,Female,USA,Tier 1,17,32,1,64.15,64.15,3,1.0,8,0.343,4,Women,Mixed,0.331,0.54,0,0
ZC002945,31.0,Female,Other,Tier 1,32,39,3,161.66,53.89,3,6.2,4,0.179,6,Men,Mixed,0.26,0.245,0,0
ZC002946,34.0,Male,Other,Tier 1,24,1,1,51.63,51.63,10,1.0,6,0.281,6,Kids,Online,0.355,0.104,0,0
ZC002947,48.0,Female,Germany,Tier 1,9,107,1,89.45,89.45,2,2.1,1,0.501,5,Women,Online,0.286,0.637,0,1
ZC002948,36.0,Male,USA,Tier 1,26,278,1,67.74,67.74,2,8.3,8,0.272,3,Women,Store,0.399,0.17,0,1
ZC002949,39.0,Female,USA,Tier 1,21,54,6,411.7,68.62,9,1.0,3,0.845,3,Women,Mixed,0.361,0.097,0,0
ZC002950,44.0,Female,Other,Tier 2,8,62,1,102.65,102.65,0,8.1,3,0.514,7,Men,Store,0.066,0.145,0,0
ZC002951,20.0,Female,Italy,Tier 1,7,118,1,56.03,56.03,2,3.4,5,0.267,4,Women,Store,0.288,0.291,0,0
ZC002952,40.0,Female,USA,Tier 1,6,58,1,74.62,74.62,6,3.1,5,0.078,1,Women,Online,0.338,0.353,0,1
ZC002953,29.0,Female,Spain,Tier 1,33,57,5,432.35,86.47,7,4.9,5,0.403,5,Kids,Online,0.407,0.512,0,0
ZC002954,16.0,Female,Mexico,Tier 3,8,106,1,83.85,83.85,2,4.1,4,0.238,3,Men,Store,0.403,0.37,0,1
ZC002955,16.0,Female,France,Tier 1,16,4,1,85.33,85.33,8,1.9,5,0.571,5,Men,Store,0.744,0.551,0,0
ZC002956,22.0,Male,Other,Tier 1,25,74,2,167.32,83.66,2,5.9,2,0.54,6,Women,Store,0.283,0.291,0,0
ZC002957,37.0,Female,UK,Tier 2,24,31,4,344.38,86.1,5,5.8,7,0.561,3,Home,Online,0.665,0.169,0,0
ZC002958,33.0,Male,USA,Tier 1,24,164,1,103.06,103.06,0,1.8,4,0.459,8,Men,Mixed,0.222,0.107,0,0
ZC002959,34.0,Female,USA,Tier 1,8,73,1,46.55,46.55,0,1.8,4,0.303,1,Kids,Mixed,0.397,0.12,0,1
ZC002960,52.0,Female,France,Tier 1,25,31,1,51.21,51.21,4,11.4,5,0.415,6,Men,Online,0.058,0.157,0,0
ZC002961,19.0,Female,USA,Tier 3,15,93,1,77.79,77.79,2,3.8,5,0.609,1,Women,Mixed,0.206,0.269,0,1
ZC002962,32.0,Female,Spain,Tier 2,20,119,5,507.33,101.47,0,12.5,7,,4,Women,Online,0.207,0.274,0,0
ZC002963,35.0,Male,USA,Tier 1,19,59,1,79.11,79.11,6,13.1,9,0.474,1,Women,Store,0.598,0.292,0,1
ZC002964,25.0,Male,USA,Tier 3,17,185,2,143.83,71.92,2,11.7,2,0.327,6,Women,Store,0.151,0.52,0,0
ZC002965,32.0,Female,Mexico,Tier 2,36,155,1,92.12,92.12,0,12.0,5,0.38,4,Women,Online,0.351,0.615,0,1
ZC002966,16.0,Female,USA,Tier 1,32,71,3,318.24,106.08,2,7.7,6,0.426,1,Women,Mixed,0.654,0.527,0,0
ZC002967,46.0,Male,UK,Tier 1,60,35,4,242.72,60.68,6,5.4,4,,6,Home,Store,0.142,0.373,0,0
ZC002968,25.0,Female,Italy,Tier 1,45,5,4,433.89,108.47,4,3.0,4,0.783,6,Women,Mixed,0.175,0.64,0,0
ZC002969,52.0,Female,Spain,Tier 1,5,44,1,61.77,61.77,9,2.4,3,0.426,6,Women,Mixed,0.356,0.298,0,0
ZC002970,32.0,Female,France,Tier 2,18,32,1,69.26,69.26,9,5.7,3,0.183,2,Women,Store,0.442,0.402,0,0
ZC002971,42.0,Female,Other,Tier 1,43,70,3,134.48,44.83,1,1.0,5,0.34,6,Women,Mixed,0.484,0.096,0,0
ZC002972,31.0,Female,Germany,Tier 1,17,53,1,87.86,87.86,2,8.7,2,0.822,7,Women,Online,0.418,0.304,0,0
ZC002973,32.0,Female,France,Tier 1,14,60,1,118.29,118.29,2,3.5,1,0.175,4,Men,Online,0.275,0.398,0,1
ZC002974,26.0,Male,Other,Tier 1,7,70,1,136.07,136.07,1,2.5,5,,5,Men,Online,0.528,0.438,0,1
ZC002975,33.0,Female,Other,Tier 3,7,142,1,72.49,72.49,1,3.2,7,0.66,2,Women,Store,0.072,0.302,0,0
ZC002976,35.0,Male,Other,Tier 1,31,37,2,123.19,61.6,6,2.9,3,0.457,4,Women,Mixed,0.374,0.112,0,0
ZC002977,24.0,Male,UK,Tier 1,20,40,1,81.97,81.97,2,1.0,4,0.421,2,Women,Online,0.343,0.13,0,0
ZC002978,31.0,Female,Germany,Tier 2,2,104,1,117.11,117.11,1,3.1,5,0.447,4,Women,Store,0.305,0.289,0,1
ZC002979,26.0,Female,France,Tier 2,37,192,2,142.05,71.03,2,3.4,1,0.37,4,Home,Online,0.263,0.113,0,1
ZC002980,55.0,Female,USA,Tier 1,40,84,3,307.74,102.58,0,4.9,2,0.735,3,Men,Mixed,0.471,0.316,0,1
ZC002981,31.0,Male,UK,Tier 1,16,309,4,323.69,80.92,1,13.2,1,0.637,3,Women,Mixed,0.268,0.15,0,1
ZC002982,47.0,Female,Other,Tier 2,19,56,6,618.84,103.14,8,4.6,4,0.313,3,Men,Mixed,0.523,0.252,0,0
ZC002983,30.0,Male,USA,Tier 1,46,89,7,577.24,82.46,2,4.1,6,0.182,6,Women,Store,0.289,0.034,0,0
ZC002984,35.0,Female,Other,Tier 2,15,38,1,57.39,57.39,3,7.7,4,0.565,3,Men,Mixed,0.391,0.514,0,0
ZC002985,19.0,Female,Other,Tier 2,4,122,1,84.01,84.01,2,1.9,2,0.144,2,Women,Mixed,0.325,0.596,0,1
ZC002986,28.0,Female,USA,Tier 2,31,79,4,263.59,65.9,2,2.5,5,0.528,1,Men,Store,0.281,0.317,0,0
ZC002987,34.0,Female,Spain,Tier 3,39,386,4,363.61,90.9,2,2.3,1,0.572,2,Women,Mixed,0.309,0.364,0,1
ZC002988,,Female,Other,Tier 3,21,34,1,81.63,81.63,5,7.5,1,0.301,1,Kids,Mixed,0.379,0.279,0,0
ZC002989,34.0,Female,USA,Tier 1,8,3,1,100.89,100.89,6,3.1,1,0.444,6,Women,Store,0.421,0.757,0,0
ZC002990,,Female,Mexico,Tier 2,43,23,4,351.98,88.0,6,2.2,3,0.553,6,Men,Mixed,0.281,0.126,0,0
ZC002991,38.0,Female,Spain,Tier 2,14,31,1,48.78,48.78,9,10.5,1,0.858,5,Women,Mixed,0.293,0.286,0,0
ZC002992,48.0,Female,USA,Tier 1,10,84,1,93.24,93.24,0,5.0,1,0.304,6,TRF,Mixed,0.379,0.217,0,0
ZC002993,31.0,Female,USA,Tier 3,21,116,1,44.25,44.25,1,3.5,5,0.105,1,Men,Store,0.248,0.579,0,1
ZC002994,56.0,Female,USA,Tier 3,16,11,6,347.17,57.86,5,3.7,3,0.392,3,Home,Mixed,0.102,0.167,0,0
ZC002995,27.0,Female,Other,Tier 2,29,93,1,96.69,96.69,1,1.9,5,0.847,7,TRF,Online,0.097,0.174,0,0
ZC002996,24.0,Male,USA,Tier 1,60,4,6,438.78,73.13,5,2.4,6,,7,Men,Online,0.358,0.174,0,0
ZC002997,20.0,Female,USA,Tier 1,9,18,1,48.08,48.08,6,3.8,4,0.635,1,Men,Online,0.476,0.28,0,0
ZC002998,55.0,Female,Italy,Tier 3,32,132,3,219.76,73.25,2,4.3,1,0.538,6,Men,Store,0.232,0.063,0,0
ZC002999,40.0,Male,Other,Tier 3,15,193,2,188.33,94.16,3,3.6,5,0.058,2,Home,Mixed,0.492,0.378,0,1
ZC003000,29.0,Female,UK,Tier 1,29,135,4,298.79,74.7,3,4.1,5,0.473,8,Women,Online,0.269,0.187,0,0
ZC003001,44.0,Male,Mexico,Tier 1,21,43,2,179.5,89.75,3,11.8,3,0.342,5,Kids,Online,0.456,0.458,0,0
ZC003002,39.0,Female,Spain,Tier 2,13,27,2,174.41,87.2,9,4.1,5,0.448,6,Women,Store,0.139,0.426,0,0
ZC003003,52.0,Female,Other,Tier 1,33,150,3,268.53,89.51,3,6.2,0,0.679,4,Women,Online,0.437,0.287,0,1
ZC003004,17.0,Female,Italy,Tier 2,14,23,1,103.03,103.03,4,3.2,1,0.367,5,Women,Store,0.362,0.13,0,0
ZC003005,29.0,Female,Other,Tier 3,10,94,1,45.18,45.18,5,5.6,1,0.223,7,Men,Store,0.293,0.716,0,0
ZC003006,27.0,Female,Germany,Tier 1,31,35,2,163.66,81.83,4,11.5,2,0.458,8,Kids,Store,0.225,0.474,0,0
ZC003007,16.0,Female,Other,Tier 2,10,87,2,189.12,94.56,2,4.1,6,0.441,1,Women,Mixed,0.249,0.224,0,0
ZC003008,43.0,Female,UK,Tier 1,31,10,4,231.05,57.76,5,2.5,3,0.651,3,Women,Online,0.245,0.442,0,0
ZC003009,29.0,Male,Italy,Tier 1,19,204,2,192.01,96.0,1,4.6,5,,6,Kids,Store,0.149,0.333,0,1
ZC003010,39.0,Female,Italy,Tier 1,20,12,2,201.77,100.88,7,1.0,5,0.279,6,Women,Store,0.221,0.332,0,1
ZC003011,56.0,Female,USA,Tier 2,9,21,1,51.78,51.78,7,7.3,3,0.554,5,Women,Store,0.423,0.248,0,0
ZC003012,28.0,Male,Other,Tier 2,21,70,1,42.55,42.55,1,2.5,2,0.121,2,Men,Mixed,0.459,0.433,0,1
ZC003013,28.0,Male,Mexico,Tier 1,14,180,3,214.08,71.36,1,7.9,2,0.195,6,Women,Store,0.194,0.34,0,1
ZC003014,33.0,Female,Other,Tier 3,48,17,5,590.75,118.15,8,8.4,4,0.354,7,Men,Mixed,0.349,0.507,0,0
ZC003015,42.0,Male,USA,Tier 1,7,44,4,282.1,70.53,5,10.5,2,0.618,6,Women,Mixed,0.364,0.462,0,0
ZC003016,26.0,Female,Other,Tier 3,38,58,3,157.38,52.46,2,8.3,2,0.37,7,Women,Store,0.537,0.558,0,0
ZC003017,26.0,Male,USA,Tier 2,40,137,2,172.54,86.27,0,14.8,3,0.334,1,Men,Online,0.105,0.264,0,1
ZC003018,43.0,Female,Other,Tier 1,26,14,1,92.4,92.4,8,11.0,2,0.576,7,Home,Online,0.411,0.092,0,0
ZC003019,36.0,Female,Spain,Tier 1,46,104,8,655.06,81.88,1,3.0,5,0.203,7,Home,Online,0.405,0.192,0,0
ZC003020,16.0,Female,Germany,Tier 1,16,163,2,266.91,133.46,1,4.6,1,0.256,8,TRF,Online,0.134,0.239,0,0
ZC003021,20.0,Male,Spain,Tier 1,17,76,3,176.16,58.72,2,4.6,7,0.376,7,Men,Mixed,0.509,0.369,0,1
ZC003022,47.0,Female,Italy,Tier 3,27,7,6,645.66,107.61,6,5.5,3,0.576,8,Women,Store,0.282,0.297,0,0
ZC003023,36.0,Female,USA,Tier 2,16,111,2,168.59,84.3,1,7.9,3,0.343,3,Women,Online,0.136,0.167,0,0
ZC003024,24.0,Male,Other,Tier 1,3,173,1,85.35,85.35,2,4.5,3,0.417,2,TRF,Online,0.23,0.387,0,1
ZC003025,30.0,Female,Other,Tier 1,7,43,2,109.42,54.71,8,3.8,0,0.064,8,Women,Online,0.254,0.417,0,0
ZC003026,32.0,Male,USA,Tier 1,7,10,1,49.6,49.6,9,2.8,2,0.495,3,Women,Mixed,0.095,0.201,0,0
ZC003027,39.0,Female,Mexico,Tier 3,32,78,1,97.4,97.4,1,2.3,4,0.337,6,Kids,Online,0.401,0.539,0,0
ZC003028,18.0,Female,Italy,Tier 2,19,56,5,636.75,127.35,6,5.4,4,0.421,7,TRF,Store,0.301,0.36,0,0
ZC003029,24.0,Female,UK,Tier 1,30,108,1,113.73,113.73,2,1.0,6,0.525,4,Kids,Store,0.187,0.176,0,0
ZC003030,35.0,Female,USA,Tier 1,33,80,1,68.76,68.76,1,3.6,4,,5,Men,Store,0.478,0.307,0,0
ZC003031,31.0,Female,USA,Tier 1,16,54,3,211.03,70.34,13,4.8,6,0.143,7,Men,Online,0.096,0.239,0,0
ZC003032,,Female,Spain,Tier 1,23,48,1,108.13,108.13,4,2.5,0,0.453,6,Women,Store,0.472,0.054,0,0
ZC003033,20.0,Female,France,Tier 1,6,79,1,63.8,63.8,1,1.8,6,0.344,2,Women,Store,0.287,0.065,0,1
ZC003034,36.0,Female,France,Tier 1,12,18,1,70.29,70.29,7,2.0,2,0.704,5,Women,Store,0.175,0.092,0,0
ZC003035,43.0,Female,UK,Tier 2,15,136,3,286.09,95.36,2,2.4,2,0.486,1,Women,Mixed,0.551,0.318,0,1
ZC003036,37.0,Male,Other,Tier 1,19,164,3,155.79,51.93,0,2.3,3,0.262,2,Men,Mixed,0.202,0.322,0,1
ZC003037,33.0,Female,Spain,Tier 3,6,49,2,66.9,33.45,6,3.5,3,0.354,1,Women,Store,0.43,0.174,0,0
ZC003038,31.0,Female,Other,Tier 2,16,40,3,410.34,136.78,13,5.0,3,0.579,1,Women,Store,0.334,0.639,0,0
ZC003039,24.0,Male,Mexico,Tier 1,10,24,4,312.33,78.08,9,5.2,1,0.25,7,TRF,Mixed,0.326,0.333,1,0
ZC003040,31.0,Female,Mexico,Tier 1,60,12,4,426.94,106.74,8,5.7,0,0.362,1,Men,Mixed,0.296,0.292,0,0
ZC003041,45.0,Female,France,Tier 1,20,36,1,74.8,74.8,5,3.5,3,0.446,8,Men,Mixed,0.118,0.365,0,0
ZC003042,31.0,Male,USA,Tier 2,30,64,1,76.7,76.7,1,3.8,3,0.17,3,Women,Online,0.127,0.349,0,0
ZC003043,23.0,Female,Other,Tier 1,30,112,4,360.86,90.22,0,8.5,3,,3,Men,Store,0.256,0.295,0,1
ZC003044,27.0,Male,Italy,Tier 3,21,14,1,45.78,45.78,5,12.7,5,0.053,8,Women,Store,0.377,0.269,0,0
ZC003045,34.0,Female,Other,Tier 2,25,51,1,56.75,56.75,6,12.3,9,0.307,5,Men,Online,0.182,0.283,0,0
ZC003046,28.0,Female,USA,Tier 1,23,55,4,427.27,106.82,6,2.7,2,0.659,6,TRF,Online,0.123,0.061,0,0
ZC003047,37.0,Female,France,Tier 1,23,91,3,288.21,96.07,0,7.1,5,0.477,4,Women,Store,0.214,0.217,0,0
ZC003048,37.0,Female,UK,Tier 1,43,31,7,502.62,71.8,4,1.6,4,,5,Home,Store,0.396,0.613,0,0
ZC003049,41.0,Male,Germany,Tier 1,19,184,2,56.81,28.4,2,2.4,2,0.439,2,TRF,Mixed,0.173,0.38,0,1
ZC003050,46.0,Female,Mexico,Tier 1,10,132,2,162.42,81.21,2,4.6,4,0.267,7,TRF,Online,0.275,0.276,0,0
ZC003051,42.0,Male,USA,Tier 2,31,69,2,138.1,69.05,1,1.2,1,0.245,6,Women,Online,0.288,0.333,0,0
ZC003052,23.0,Female,USA,Tier 1,8,169,1,55.23,55.23,0,1.0,2,0.228,5,Kids,Store,0.459,0.449,0,1
ZC003053,23.0,Male,Spain,Tier 1,17,96,1,68.21,68.21,1,3.6,4,0.235,4,Women,Store,0.185,0.307,0,0
ZC003054,31.0,Male,USA,Tier 2,13,152,1,71.85,71.85,3,3.6,3,0.308,1,Women,Store,0.611,0.159,0,1
ZC003055,27.0,Female,USA,Tier 2,16,122,1,85.62,85.62,3,7.8,4,0.207,7,Women,Mixed,0.147,0.172,0,1
ZC003056,21.0,Male,Spain,Tier 1,26,85,2,148.99,74.5,2,6.0,6,0.589,2,Home,Mixed,0.282,0.286,0,0
ZC003057,28.0,Male,USA,Tier 1,25,88,4,493.34,123.34,3,6.6,4,0.452,1,Men,Mixed,0.219,0.13,0,0
ZC003058,27.0,Female,Italy,Tier 2,16,71,1,68.59,68.59,1,8.0,2,0.435,5,Beauty,Mixed,0.175,0.447,0,0
ZC003059,25.0,Female,Mexico,Tier 1,12,321,2,80.6,40.3,3,1.9,2,0.367,1,Women,Online,0.6,0.061,0,1
ZC003060,29.0,Female,USA,Tier 1,34,138,2,145.22,72.61,1,6.7,5,0.496,2,Women,Online,0.406,0.382,0,1
ZC003061,44.0,Female,Spain,Tier 2,27,66,2,142.03,71.02,2,5.0,2,0.554,8,Men,Store,0.475,0.153,0,0
ZC003062,34.0,Female,Mexico,Tier 2,5,178,1,84.69,84.69,2,4.8,5,0.287,7,Beauty,Online,0.078,0.363,0,1
ZC003063,57.0,Female,UK,Tier 1,6,31,1,51.24,51.24,3,5.5,6,0.163,6,Men,Store,0.407,0.271,0,0
ZC003064,34.0,Female,USA,Tier 1,13,75,2,113.26,56.63,2,1.7,2,0.442,1,Men,Online,0.296,0.356,0,1
ZC003065,29.0,Female,UK,Tier 2,4,32,4,391.24,97.81,12,2.6,5,0.255,2,Women,Mixed,0.247,0.281,1,0
ZC003066,32.0,Female,Other,Tier 1,7,61,1,84.72,84.72,3,1.0,2,0.532,3,Women,Store,0.233,0.158,0,0
ZC003067,35.0,Female,UK,Tier 3,21,42,1,80.36,80.36,11,1.9,7,0.187,6,Women,Store,0.145,0.379,0,0
ZC003068,36.0,Male,Other,Tier 1,25,65,4,252.73,63.18,2,5.0,2,0.333,6,Men,Mixed,0.302,0.396,0,1
ZC003069,53.0,Male,USA,Tier 2,17,31,1,104.71,104.71,5,8.7,6,0.333,3,Men,Online,0.259,0.169,0,0
ZC003070,24.0,Male,Spain,Tier 3,17,77,2,168.64,84.32,2,7.8,6,0.289,4,TRF,Online,0.378,0.217,0,0
ZC003071,41.0,Female,USA,Tier 1,13,13,1,83.58,83.58,4,14.5,2,0.433,3,Kids,Online,0.336,0.112,0,0
ZC003072,34.0,Female,Mexico,Tier 2,11,47,2,126.97,63.48,6,5.0,4,0.203,5,Women,Store,0.409,0.414,0,1
ZC003073,16.0,Male,France,Tier 1,29,35,4,271.33,67.83,6,8.9,4,0.037,2,Women,Online,0.231,0.174,0,0
ZC003074,40.0,Female,Germany,Tier 2,31,145,5,422.38,84.48,2,6.0,4,0.591,3,Men,Online,0.592,0.684,0,1
ZC003075,45.0,Female,Other,Tier 3,16,226,1,44.7,44.7,1,13.6,1,0.751,4,Men,Mixed,0.351,0.235,0,0
ZC003076,,Female,France,Tier 3,7,91,2,151.77,75.89,1,4.9,3,0.323,8,Beauty,Store,0.448,0.368,0,0
ZC003077,32.0,Female,Spain,Tier 1,11,59,1,89.01,89.01,5,2.1,3,0.321,2,Men,Store,0.25,0.352,0,0
ZC003078,16.0,Male,Italy,Tier 2,18,35,1,68.14,68.14,6,8.8,2,0.191,1,TRF,Mixed,0.295,0.332,0,0
ZC003079,19.0,Female,USA,Tier 2,16,74,1,125.08,125.08,2,2.2,6,0.115,4,Men,Store,0.109,0.077,0,0
ZC003080,42.0,Male,Germany,Tier 1,28,111,1,57.17,57.17,1,1.0,6,0.442,1,Men,Online,0.517,0.232,0,1
ZC003081,27.0,Female,Other,Tier 2,11,140,2,129.21,64.6,2,1.6,5,,4,Women,Online,0.642,0.152,0,1
ZC003082,21.0,Female,UK,Tier 1,25,112,1,59.47,59.47,0,11.5,2,0.2,6,Men,Mixed,0.203,0.33,1,1
ZC003083,34.0,Female,USA,Tier 3,18,30,2,154.76,77.38,6,2.9,5,0.566,8,Women,Mixed,0.277,0.334,0,0
ZC003084,27.0,Female,France,Tier 3,60,39,5,362.04,72.41,4,2.0,3,0.543,2,Women,Mixed,0.43,0.279,0,0
ZC003085,27.0,Male,Spain,Tier 1,17,18,3,171.36,57.12,11,8.0,2,0.271,8,Women,Mixed,0.155,0.17,0,0
ZC003086,39.0,Female,USA,Tier 1,12,26,1,76.8,76.8,8,2.5,1,0.271,6,Women,Online,0.303,0.541,0,0
ZC003087,20.0,Female,France,Tier 3,42,109,1,84.77,84.77,3,8.2,3,0.576,1,Women,Mixed,0.17,0.058,0,1
ZC003088,23.0,Female,USA,Tier 1,16,58,3,163.15,54.38,8,3.0,1,0.33,8,TRF,Online,0.492,0.543,0,0
ZC003089,34.0,Male,Spain,Tier 1,25,113,1,112.05,112.05,0,1.0,2,0.282,8,Women,Mixed,0.34,0.276,0,1
ZC003090,42.0,Male,Germany,Tier 1,4,129,3,297.17,99.06,0,5.5,3,0.254,4,Women,Online,0.453,0.023,0,1
ZC003091,44.0,Female,UK,Tier 1,36,68,3,235.02,78.34,1,23.0,3,0.368,8,Women,Online,0.099,0.229,0,0
ZC003092,25.0,Female,UK,Tier 1,11,118,1,73.3,73.3,1,6.1,3,0.12,1,Men,Mixed,0.201,0.51,0,1
ZC003093,41.0,Male,Other,Tier 1,8,48,2,96.95,48.48,7,2.1,2,0.636,7,Women,Store,0.113,0.616,0,0
ZC003094,24.0,Female,Spain,Tier 3,32,70,4,420.31,105.08,0,5.5,3,0.363,1,Women,Online,0.275,0.335,0,1
ZC003095,50.0,Female,USA,Tier 2,10,12,1,56.74,56.74,2,3.7,5,,5,Women,Mixed,0.279,0.351,1,0
ZC003096,21.0,Female,Other,Tier 2,9,45,1,80.75,80.75,3,2.5,2,0.461,8,Home,Store,0.176,0.098,0,0
ZC003097,45.0,Female,Spain,Tier 1,7,27,1,88.37,88.37,3,2.4,5,0.299,7,Beauty,Online,0.265,0.57,0,0
ZC003098,25.0,Female,Other,Tier 2,13,9,1,41.15,41.15,0,3.8,5,0.254,5,Men,Store,0.226,0.481,0,0
ZC003099,52.0,Female,Italy,Tier 1,10,81,3,234.09,78.03,3,2.8,3,0.382,4,Women,Mixed,0.452,0.319,0,0
ZC003100,38.0,Female,France,Tier 2,29,52,1,49.57,49.57,5,5.9,3,0.318,1,Men,Store,0.578,0.331,0,1
ZC003101,22.0,Female,USA,Tier 3,11,40,1,91.6,91.6,6,1.0,4,,3,Women,Store,0.441,0.144,0,0
ZC003102,27.0,Female,USA,Tier 1,12,43,1,56.52,56.52,6,2.7,4,,6,Beauty,Mixed,0.133,0.203,0,0
ZC003103,40.0,Female,Other,Tier 3,12,14,2,131.51,65.76,9,6.5,1,0.462,6,Men,Online,0.506,0.109,1,0
ZC003104,43.0,Male,Spain,Tier 3,26,100,2,102.09,51.04,1,2.2,4,0.315,7,Women,Online,0.231,0.42,0,0
ZC003105,31.0,Male,Mexico,Tier 1,31,100,4,286.71,71.68,2,1.9,4,0.521,4,TRF,Online,0.33,0.183,0,0
ZC003106,32.0,Female,Other,Tier 3,18,30,2,83.89,41.94,4,6.4,3,0.418,1,Home,Store,0.089,0.504,0,0
ZC003107,40.0,Female,Italy,Tier 3,17,17,1,97.93,97.93,10,2.4,5,0.137,5,Women,Mixed,0.197,0.453,0,0
ZC003108,33.0,Female,Spain,Tier 1,19,82,1,67.2,67.2,0,5.4,0,0.546,4,Women,Store,0.447,0.332,0,1
ZC003109,19.0,Female,Italy,Tier 1,21,191,1,86.86,86.86,4,1.0,0,0.331,6,Men,Online,0.262,0.142,0,1
ZC003110,24.0,Female,Italy,Tier 2,28,62,4,314.84,78.71,5,8.5,3,0.321,4,Beauty,Mixed,0.512,0.448,0,0
ZC003111,,Female,Spain,Tier 2,27,111,3,219.48,73.16,0,9.9,6,0.534,2,Men,Mixed,0.343,0.468,0,1
ZC003112,44.0,Male,Other,Tier 1,1,38,1,48.83,48.83,5,15.0,5,0.562,8,TRF,Mixed,0.363,0.256,0,0
ZC003113,48.0,Male,Spain,Tier 1,9,72,1,91.94,91.94,2,7.7,1,0.477,8,Women,Mixed,0.195,0.188,0,0
ZC003114,40.0,Male,Other,Tier 1,3,3,2,111.69,55.84,5,2.5,4,0.188,3,Women,Online,0.156,0.822,0,0
ZC003115,35.0,Female,Spain,Tier 1,22,35,2,187.45,93.72,4,2.4,3,0.304,3,Home,Online,0.57,0.196,0,0
ZC003116,39.0,Male,USA,Tier 1,7,17,1,75.08,75.08,5,7.3,9,0.421,3,Women,Online,0.242,0.132,0,0
ZC003117,25.0,Male,Italy,Tier 1,24,260,1,95.17,95.17,1,6.5,3,0.744,5,Women,Mixed,0.396,0.526,0,1
ZC003118,30.0,Male,Spain,Tier 2,20,58,3,138.75,46.25,6,2.6,3,0.521,4,Women,Mixed,0.231,0.285,0,0
ZC003119,24.0,Male,USA,Tier 1,17,362,4,327.38,81.84,1,2.1,2,0.545,8,Women,Mixed,0.477,0.356,0,1
ZC003120,20.0,Male,Spain,Tier 2,15,57,1,41.77,41.77,5,3.1,5,0.132,4,Men,Store,0.488,0.382,0,0
ZC003121,35.0,Male,Other,Tier 2,31,81,3,131.32,43.77,1,2.8,2,0.793,6,Women,Mixed,0.205,0.101,0,0
ZC003122,34.0,Female,Spain,Tier 3,25,52,1,88.86,88.86,8,4.7,3,0.439,7,Women,Online,0.431,0.205,0,0
ZC003123,39.0,Female,Germany,Tier 3,8,40,1,92.29,92.29,5,1.5,0,0.218,5,Women,Mixed,0.319,0.195,0,0
ZC003124,37.0,Female,Germany,Tier 3,21,79,3,177.15,59.05,3,8.7,5,0.339,6,Men,Store,0.16,0.325,0,0
ZC003125,34.0,Female,France,Tier 1,19,107,2,153.33,76.67,2,2.1,2,0.5,5,Women,Mixed,0.28,0.154,0,0
ZC003126,38.0,Female,UK,Tier 1,37,23,1,68.39,68.39,3,2.1,2,0.593,8,Women,Online,0.388,0.354,0,0
ZC003127,32.0,Female,USA,Tier 1,40,39,2,164.5,82.25,7,12.9,3,0.187,6,Women,Mixed,0.32,0.37,0,0
ZC003128,36.0,Female,Other,Tier 1,18,11,3,309.35,103.12,3,6.3,4,0.126,5,Home,Mixed,0.286,0.574,0,1
ZC003129,25.0,Female,Mexico,Tier 1,59,6,5,316.42,63.28,6,2.0,8,0.243,6,Women,Store,0.191,0.163,0,0
ZC003130,36.0,Male,Other,Tier 1,10,107,1,45.26,45.26,2,3.4,2,0.461,5,Women,Online,0.201,0.385,0,0
ZC003131,39.0,Female,Italy,Tier 1,5,97,2,151.78,75.89,3,3.5,4,0.331,6,Women,Store,0.178,0.445,0,1
ZC003132,25.0,Female,Other,Tier 1,43,48,5,321.82,64.36,3,9.1,3,0.13,7,Women,Store,0.414,0.106,0,0
ZC003133,33.0,Female,Other,Tier 2,9,98,1,113.29,113.29,1,4.7,3,0.505,5,Beauty,Store,0.331,0.26,0,0
ZC003134,26.0,Female,UK,Tier 3,5,111,2,126.97,63.48,2,2.5,4,0.585,8,Women,Mixed,0.185,0.205,0,0
ZC003135,27.0,Male,Other,Tier 1,10,144,1,88.19,88.19,2,6.4,8,0.393,1,Women,Online,0.168,0.139,0,0
ZC003136,21.0,Female,Spain,Tier 1,12,4,1,68.67,68.67,9,14.5,4,0.323,4,Women,Store,0.462,0.175,0,0
ZC003137,45.0,Female,Spain,Tier 1,3,60,1,64.29,64.29,2,7.5,5,0.742,3,Kids,Mixed,0.107,0.155,0,0
ZC003138,43.0,Female,France,Tier 1,14,17,1,104.21,104.21,7,13.2,1,0.43,4,TRF,Online,0.616,0.139,0,0
ZC003139,37.0,Female,UK,Tier 3,11,26,1,66.0,66.0,7,3.5,6,0.216,1,Women,Mixed,0.424,0.149,0,0
ZC003140,52.0,Male,UK,Tier 1,19,24,1,68.71,68.71,8,1.6,6,0.198,4,Men,Online,0.398,0.092,0,0
ZC003141,30.0,Male,France,Tier 1,2,76,1,60.64,60.64,3,1.3,3,0.503,6,Women,Store,0.743,0.093,0,1
ZC003142,62.0,Male,France,Tier 2,15,33,1,61.19,61.19,2,4.2,1,0.555,3,Women,Online,0.406,0.31,0,1
ZC003143,30.0,Female,Other,Tier 1,60,4,6,521.44,86.91,5,7.8,1,0.455,8,Women,Mixed,0.239,0.43,0,0
ZC003144,35.0,Male,USA,Tier 2,33,88,5,347.81,69.56,3,8.1,2,0.418,5,Women,Online,0.495,0.295,0,0
ZC003145,28.0,Male,USA,Tier 1,6,16,1,55.37,55.37,4,8.2,5,0.193,7,Women,Online,0.286,0.152,0,0
ZC003146,36.0,Male,Italy,Tier 1,10,17,1,62.7,62.7,6,6.8,7,0.58,6,Men,Mixed,0.256,0.241,0,0
ZC003147,40.0,Female,Germany,Tier 1,13,399,2,143.08,71.54,4,1.5,7,0.352,3,Kids,Store,0.399,0.192,0,1
ZC003148,31.0,Female,Other,Tier 2,42,173,4,259.54,64.89,0,6.0,4,0.274,5,Home,Online,0.155,0.525,0,1
ZC003149,50.0,Female,USA,Tier 1,15,33,2,148.72,74.36,6,9.1,3,0.159,2,Women,Online,0.508,0.309,0,0
ZC003150,34.0,Female,Spain,Tier 1,13,21,2,162.52,81.26,3,7.8,4,0.691,2,Kids,Mixed,0.281,0.169,0,0
ZC003151,35.0,Female,Other,Tier 2,7,103,1,61.03,61.03,2,2.4,5,0.218,6,Home,Online,0.548,0.562,0,1
ZC003152,23.0,Female,Spain,Tier 2,13,400,4,222.4,55.6,0,1.8,3,0.702,1,Women,Mixed,0.181,0.098,0,1
ZC003153,36.0,Female,Italy,Tier 1,14,207,4,313.17,78.29,0,2.4,4,0.039,7,Women,Store,0.393,0.238,0,1
ZC003154,31.0,Male,USA,Tier 3,20,111,5,349.42,69.88,1,5.8,3,0.411,6,Women,Store,0.32,0.338,0,1
ZC003155,,Female,UK,Tier 2,9,206,5,447.14,89.43,4,1.1,2,0.345,4,Kids,Online,0.356,0.35,0,0
ZC003156,24.0,Male,Other,Tier 3,7,92,1,109.69,109.69,0,2.2,5,0.484,8,Women,Store,0.327,0.341,0,1
ZC003157,59.0,Male,UK,Tier 1,7,195,3,203.62,67.87,1,2.7,2,0.786,6,Men,Mixed,0.166,0.719,0,1
ZC003158,29.0,Male,Spain,Tier 2,34,28,3,176.4,58.8,2,4.4,4,0.187,4,Women,Online,0.107,0.605,0,0
ZC003159,17.0,Male,Mexico,Tier 1,37,141,1,61.44,61.44,1,8.9,4,0.48,2,Women,Online,0.573,0.58,1,1
ZC003160,25.0,Female,Spain,Tier 1,34,55,4,249.07,62.27,8,17.0,3,0.603,7,Kids,Store,0.488,0.216,0,0
ZC003161,31.0,Female,USA,Tier 1,13,108,1,53.67,53.67,1,1.0,4,0.356,3,Beauty,Online,0.336,0.356,0,1
ZC003162,,Male,France,Tier 1,33,213,3,175.82,58.61,0,5.4,5,0.587,1,Home,Store,0.391,0.19,0,0
ZC003163,38.0,Female,UK,Tier 3,30,44,1,57.07,57.07,8,19.2,5,0.743,3,Women,Store,0.501,0.411,0,0
ZC003164,39.0,Female,Germany,Tier 2,24,26,5,230.68,46.14,11,5.3,6,0.463,7,Men,Online,0.094,0.12,0,0
ZC003165,26.0,Female,UK,Tier 1,14,152,1,85.71,85.71,2,9.2,2,0.297,8,Women,Mixed,0.248,0.329,0,1
ZC003166,35.0,Female,UK,Tier 1,24,75,1,76.83,76.83,0,3.4,1,0.573,6,Kids,Store,0.157,0.286,0,0
ZC003167,23.0,Female,USA,Tier 1,6,81,3,247.04,82.35,1,7.3,4,0.596,2,Men,Store,0.158,0.398,0,0
ZC003168,26.0,Female,Other,Tier 2,31,25,3,265.5,88.5,7,6.8,2,,2,Women,Store,0.426,0.233,0,0
ZC003169,23.0,Female,Spain,Tier 1,2,102,4,156.22,39.06,0,4.1,6,0.344,4,Kids,Mixed,0.202,0.352,0,1
ZC003170,20.0,Male,Other,Tier 2,14,129,3,193.32,64.44,1,1.3,3,0.412,3,Men,Online,0.067,0.177,0,0
ZC003171,43.0,Female,USA,Tier 1,16,33,3,296.27,98.76,6,6.1,4,0.492,6,Men,Store,0.126,0.378,0,0
ZC003172,39.0,Female,USA,Tier 2,13,54,1,115.4,115.4,6,11.3,4,0.312,2,Men,Online,0.34,0.297,0,0
ZC003173,42.0,Female,Italy,Tier 3,31,34,3,181.72,60.57,5,1.1,4,0.09,7,Men,Store,0.642,0.781,0,1
ZC003174,32.0,Female,UK,Tier 1,6,95,4,214.26,53.56,1,7.0,5,0.558,8,Beauty,Store,0.543,0.235,0,0
ZC003175,40.0,Female,Germany,Tier 3,8,172,1,28.46,28.46,1,4.7,3,0.419,7,Women,Online,0.058,0.322,0,0
ZC003176,16.0,Female,Other,Tier 3,19,0,2,141.04,70.52,5,8.4,0,0.572,8,Men,Mixed,0.5,0.174,0,0
ZC003177,41.0,Male,Other,Tier 1,5,37,1,100.73,100.73,9,5.0,8,0.358,1,Women,Store,0.149,0.39,0,0
ZC003178,34.0,Female,France,Tier 1,13,255,2,167.52,83.76,2,19.0,1,0.739,5,TRF,Mixed,0.378,0.204,1,1
ZC003179,38.0,Male,Italy,Tier 2,44,50,5,215.7,43.14,5,2.7,4,0.256,1,Women,Online,0.511,0.544,0,0
ZC003180,36.0,Female,UK,Tier 1,31,75,3,240.33,80.11,0,4.4,1,0.543,1,Men,Store,0.454,0.128,0,0
ZC003181,22.0,Female,Mexico,Tier 3,49,371,8,471.57,58.95,0,16.2,3,0.21,1,Women,Mixed,0.341,0.045,0,1
ZC003182,17.0,Female,USA,Tier 1,17,233,1,49.98,49.98,2,3.3,1,,8,Home,Mixed,0.51,0.439,0,1
ZC003183,25.0,Male,Spain,Tier 2,32,99,1,64.0,64.0,2,1.2,1,0.204,8,Men,Store,0.624,0.245,0,1
ZC003184,38.0,Female,France,Tier 2,33,52,2,160.76,80.38,10,4.1,3,0.52,1,Men,Store,0.48,0.64,0,0
ZC003185,39.0,Female,USA,Tier 1,5,126,3,222.83,74.28,2,1.7,5,0.756,5,Home,Store,0.794,0.155,0,1
ZC003186,18.0,Female,Italy,Tier 1,11,33,1,76.13,76.13,8,6.4,4,0.411,1,Kids,Mixed,0.296,0.451,0,0
ZC003187,22.0,Female,Spain,Tier 3,13,36,1,115.43,115.43,3,8.1,3,0.565,8,Women,Store,0.39,0.107,0,0
ZC003188,25.0,Male,Spain,Tier 1,60,16,1,63.34,63.34,5,13.3,5,0.335,2,Women,Online,0.536,0.237,0,0
ZC003189,28.0,Male,Italy,Tier 1,38,29,2,152.94,76.47,8,12.0,5,0.555,7,Women,Mixed,0.209,0.36,0,0
ZC003190,18.0,Female,France,Tier 3,7,51,1,82.76,82.76,6,5.2,3,0.28,4,Women,Mixed,0.257,0.124,0,0
ZC003191,18.0,Female,Other,Tier 1,47,92,3,146.28,48.76,1,1.0,3,0.818,1,Men,Store,0.418,0.616,0,1
ZC003192,24.0,Female,USA,Tier 3,12,100,1,86.41,86.41,1,1.0,0,0.368,8,Kids,Mixed,0.132,0.117,0,1
ZC003193,33.0,Male,Spain,Tier 1,26,45,3,255.66,85.22,9,2.4,4,0.519,8,Women,Online,0.276,0.372,0,0
ZC003194,20.0,Female,Spain,Tier 2,14,77,1,86.3,86.3,0,6.0,4,0.348,3,TRF,Store,0.331,0.597,0,0
ZC003195,31.0,Female,UK,Tier 2,3,183,1,65.54,65.54,5,4.7,6,0.477,7,Men,Mixed,0.325,0.232,0,0
ZC003196,43.0,Male,Spain,Tier 1,48,121,4,367.99,92.0,1,1.1,5,,7,Home,Mixed,0.084,0.368,0,0
ZC003197,19.0,Male,Mexico,Tier 1,34,26,3,323.62,107.87,6,4.2,5,0.441,6,Kids,Mixed,0.243,0.397,0,0
ZC003198,30.0,Female,Spain,Tier 1,15,61,1,82.69,82.69,3,3.2,3,0.404,2,Beauty,Online,0.415,0.097,1,0
ZC003199,42.0,Female,Other,Tier 2,23,164,3,206.15,68.72,2,6.2,7,0.633,7,Kids,Mixed,0.503,0.779,0,0
ZC003200,28.0,Male,France,Tier 1,11,30,1,98.83,98.83,3,1.5,6,0.27,6,Women,Mixed,0.267,0.142,0,1
ZC003201,26.0,Male,Italy,Tier 1,10,24,2,155.66,77.83,3,2.2,0,0.714,4,Men,Online,0.128,0.273,0,0
ZC003202,44.0,Female,Spain,Tier 2,34,33,2,234.09,117.04,6,1.9,1,0.267,8,Women,Mixed,0.253,0.299,0,0
ZC003203,29.0,Female,Spain,Tier 3,31,52,1,56.84,56.84,7,12.4,2,0.426,3,Women,Store,0.646,0.304,0,0
ZC003204,43.0,Female,USA,Tier 1,57,25,10,643.6,64.36,2,4.8,2,0.544,8,Men,Mixed,0.207,0.385,0,0
ZC003205,36.0,Female,France,Tier 2,32,35,3,252.85,84.28,3,7.8,2,0.423,1,Women,Store,0.315,0.149,0,0
ZC003206,29.0,Female,France,Tier 3,23,188,4,91.94,22.98,1,9.8,1,0.448,4,Women,Online,0.438,0.079,0,1
ZC003207,37.0,Male,USA,Tier 1,33,168,2,264.66,132.33,2,5.5,5,0.503,5,Women,Online,0.415,0.651,0,1
ZC003208,35.0,Female,USA,Tier 3,25,3,5,546.92,109.38,3,7.4,3,0.532,7,Men,Online,0.156,0.266,0,0
ZC003209,42.0,Female,Other,Tier 2,27,8,4,228.7,57.18,4,9.8,2,0.571,1,Women,Mixed,0.186,0.232,0,0
ZC003210,27.0,Male,USA,Tier 2,30,120,2,224.96,112.48,3,6.1,1,0.114,6,TRF,Mixed,0.307,0.099,0,0
ZC003211,,Female,Spain,Tier 2,34,32,5,392.38,78.48,2,1.0,4,0.507,3,Kids,Mixed,0.421,0.103,0,0
ZC003212,31.0,Female,USA,Tier 1,17,22,4,307.79,76.95,5,8.0,4,,7,Men,Store,0.193,0.154,0,0
ZC003213,39.0,Male,USA,Tier 2,2,86,1,52.88,52.88,2,2.3,4,0.42,2,Home,Online,0.243,0.098,0,1
ZC003214,22.0,Female,UK,Tier 2,18,108,1,100.5,100.5,0,3.0,2,0.342,5,Women,Store,0.119,0.227,0,1
ZC003215,42.0,Male,Germany,Tier 1,8,119,5,400.95,80.19,1,5.7,5,0.351,3,Beauty,Mixed,0.206,0.206,0,0
ZC003216,37.0,Female,Germany,Tier 1,40,112,4,336.0,84.0,0,1.4,6,0.21,5,Men,Store,0.135,0.254,0,0
ZC003217,19.0,Female,Italy,Tier 2,45,91,6,266.38,44.4,2,4.6,6,0.254,3,Women,Store,0.604,0.561,0,1
ZC003218,44.0,Female,USA,Tier 1,9,48,2,162.81,81.4,5,5.4,2,0.782,2,Women,Mixed,0.097,0.185,0,0
ZC003219,54.0,Female,Spain,Tier 1,14,136,3,326.96,108.99,1,1.9,2,0.494,4,Home,Online,0.115,0.432,0,1
ZC003220,42.0,Female,Mexico,Tier 1,16,129,3,379.14,126.38,3,5.1,2,0.137,5,Women,Mixed,0.207,0.149,0,1
ZC003221,46.0,Female,USA,Tier 1,9,151,1,71.94,71.94,1,1.7,0,0.388,7,Women,Online,0.455,0.213,0,1
ZC003222,33.0,Female,USA,Tier 1,25,24,1,63.86,63.86,13,2.9,5,0.444,1,Women,Store,0.463,0.474,0,0
ZC003223,16.0,Female,UK,Tier 1,6,22,1,48.59,48.59,3,8.5,4,0.554,3,Women,Store,0.216,0.228,0,0
ZC003224,16.0,Male,Italy,Tier 1,22,380,2,174.41,87.2,0,1.9,4,0.579,1,Beauty,Mixed,0.159,0.368,0,1
ZC003225,35.0,Female,USA,Tier 1,31,152,1,86.94,86.94,2,3.6,2,0.308,8,Women,Mixed,0.499,0.129,0,1
ZC003226,26.0,Female,Other,Tier 3,27,33,2,209.72,104.86,8,1.0,1,0.364,8,Men,Store,0.441,0.479,0,0
ZC003227,23.0,Female,USA,Tier 3,26,48,1,92.41,92.41,4,1.8,1,,3,Men,Online,0.257,0.317,0,0
ZC003228,31.0,Female,Other,Tier 1,10,109,1,119.66,119.66,1,4.9,1,0.423,4,Women,Store,0.377,0.338,0,1
ZC003229,38.0,Female,USA,Tier 1,44,122,9,810.63,90.07,4,13.9,6,0.659,8,Women,Online,0.287,0.202,0,0
ZC003230,17.0,Female,Italy,Tier 1,37,6,2,209.81,104.9,5,3.3,3,,4,Women,Store,0.296,0.261,0,0
ZC003231,28.0,Male,UK,Tier 1,14,84,4,236.12,59.03,2,3.6,1,0.567,3,TRF,Store,0.239,0.624,0,0
ZC003232,47.0,Female,Other,Tier 2,29,129,4,378.69,94.67,1,5.4,2,0.382,5,Men,Store,0.276,0.572,0,0
ZC003233,21.0,Female,UK,Tier 2,12,35,1,48.48,48.48,4,11.4,2,0.398,2,Women,Mixed,0.454,0.247,0,0
ZC003234,41.0,Male,Other,Tier 1,29,6,5,550.96,110.19,7,5.9,4,0.555,6,Men,Mixed,0.214,0.091,0,0
ZC003235,27.0,Female,Mexico,Tier 3,7,115,1,130.26,130.26,5,4.7,6,0.379,1,Men,Mixed,0.413,0.029,0,1
ZC003236,37.0,Female,Germany,Tier 2,35,13,3,234.13,78.04,6,4.3,4,0.278,8,Home,Mixed,0.424,0.061,0,0
ZC003237,43.0,Female,USA,Tier 1,13,175,2,146.72,73.36,1,2.2,1,0.687,3,Home,Store,0.457,0.487,0,0
ZC003238,39.0,Male,USA,Tier 2,9,20,1,154.02,154.02,10,18.2,5,0.399,7,Men,Store,0.222,0.212,0,0
ZC003239,41.0,Female,Other,Tier 1,8,76,1,87.77,87.77,0,2.2,4,,8,Men,Online,0.221,0.041,0,0
ZC003240,20.0,Female,Other,Tier 2,22,7,1,104.05,104.05,5,14.4,3,0.212,2,Men,Online,0.147,0.225,1,0
ZC003241,43.0,Female,Spain,Tier 1,4,74,2,190.91,95.46,1,3.7,1,0.127,2,Home,Store,0.147,0.497,0,1
ZC003242,23.0,Female,USA,Tier 1,27,61,4,208.76,52.19,1,6.1,6,0.365,4,Women,Store,0.543,0.209,0,1
ZC003243,35.0,Female,Spain,Tier 1,16,47,1,69.66,69.66,5,5.0,2,0.394,6,Women,Store,0.385,0.033,0,0
ZC003244,35.0,Female,USA,Tier 1,31,35,4,314.4,78.6,4,1.0,4,0.21,3,Women,Online,0.499,0.23,0,0
ZC003245,37.0,Male,USA,Tier 1,3,49,1,77.14,77.14,1,1.1,3,0.087,8,Women,Store,0.537,0.544,0,0
ZC003246,35.0,Male,Other,Tier 2,19,36,4,189.77,47.44,3,2.3,2,0.305,3,Home,Mixed,0.273,0.29,0,0
ZC003247,24.0,Female,Spain,Tier 1,16,108,3,256.46,85.49,1,2.3,4,0.26,4,Kids,Mixed,0.291,0.081,0,1
ZC003248,19.0,Female,Other,Tier 3,9,78,1,47.59,47.59,1,4.8,5,0.304,7,Women,Online,0.702,0.412,0,1
ZC003249,41.0,Female,Other,Tier 1,8,70,5,228.85,45.77,3,4.5,4,0.529,1,Kids,Online,0.243,0.679,0,0
ZC003250,34.0,Female,USA,Tier 3,28,74,1,59.03,59.03,3,7.7,3,0.67,7,Women,Store,0.653,0.218,0,0
ZC003251,43.0,Female,UK,Tier 1,7,41,1,64.22,64.22,8,8.0,2,0.642,3,Women,Store,0.356,0.2,0,0
ZC003252,32.0,Male,France,Tier 1,18,88,1,79.56,79.56,1,3.0,1,0.302,2,Kids,Store,0.364,0.3,0,0
ZC003253,18.0,Female,USA,Tier 1,5,130,1,75.16,75.16,2,2.8,4,0.374,1,Women,Online,0.39,0.348,0,1
ZC003254,42.0,Female,Italy,Tier 1,4,98,1,121.88,121.88,2,2.7,3,0.461,4,Women,Store,0.464,0.205,0,1
ZC003255,28.0,Female,France,Tier 1,18,127,1,72.19,72.19,3,11.1,4,0.1,4,Women,Store,0.205,0.209,0,0
ZC003256,35.0,Male,Spain,Tier 2,21,106,4,162.07,40.52,2,3.0,3,0.588,5,Kids,Store,0.477,0.505,0,0
ZC003257,26.0,Female,Other,Tier 1,10,85,1,68.98,68.98,3,2.4,2,0.578,6,Women,Online,0.337,0.137,0,0
ZC003258,48.0,Male,USA,Tier 1,26,16,2,163.69,81.84,4,3.8,3,0.11,8,Men,Online,0.563,0.397,0,0
ZC003259,23.0,Male,USA,Tier 1,37,29,3,91.5,30.5,9,8.1,4,0.188,6,Women,Store,0.576,0.413,0,0
ZC003260,29.0,Female,Other,Tier 2,29,7,1,77.62,77.62,7,7.2,3,,1,Kids,Online,0.507,0.357,0,0
ZC003261,33.0,Female,Spain,Tier 1,18,130,2,141.35,70.68,1,1.2,1,0.35,2,Women,Store,0.389,0.068,0,0
ZC003262,21.0,Female,Spain,Tier 1,35,17,2,128.76,64.38,7,4.3,3,0.509,1,Women,Store,0.246,0.121,0,0
ZC003263,35.0,Female,USA,Tier 1,20,26,3,266.85,88.95,5,2.3,4,0.739,3,Men,Mixed,0.509,0.395,0,0
ZC003264,48.0,Female,USA,Tier 2,9,43,1,63.77,63.77,9,4.1,1,0.471,6,Men,Online,0.154,0.383,0,0
ZC003265,27.0,Female,UK,Tier 2,27,44,1,69.78,69.78,3,1.0,6,0.343,4,Kids,Store,0.583,0.732,0,0
ZC003266,36.0,Male,Italy,Tier 1,33,52,3,187.1,62.37,3,8.4,4,0.391,3,Women,Mixed,0.169,0.454,0,0
ZC003267,16.0,Male,USA,Tier 1,6,133,3,228.37,76.12,0,7.6,5,0.472,2,Women,Online,0.476,0.577,0,1
ZC003268,32.0,Female,France,Tier 1,15,84,4,260.96,65.24,3,8.8,3,0.352,5,Beauty,Store,0.134,0.371,0,0
ZC003269,29.0,Female,Spain,Tier 1,9,101,2,177.85,88.92,2,14.7,4,0.303,4,Women,Mixed,0.447,0.366,0,0
ZC003270,24.0,Female,UK,Tier 2,20,23,3,167.39,55.8,6,9.6,2,0.454,6,Women,Online,0.354,0.522,0,0
ZC003271,43.0,Female,Other,Tier 2,16,103,1,60.94,60.94,3,12.6,7,0.035,7,Home,Mixed,0.297,0.155,0,0
ZC003272,29.0,Female,Mexico,Tier 1,8,21,1,77.68,77.68,4,1.0,4,0.506,1,Home,Store,0.558,0.276,0,1
ZC003273,30.0,Female,Italy,Tier 2,18,50,2,110.75,55.38,4,1.9,8,0.296,1,Men,Store,0.51,0.527,0,0
ZC003274,28.0,Male,USA,Tier 1,22,33,2,110.71,55.36,3,6.2,1,0.63,6,Women,Store,0.502,0.235,0,0
ZC003275,16.0,Female,France,Tier 2,26,36,3,273.42,91.14,7,3.9,4,0.573,6,Home,Online,0.44,0.547,0,0
ZC003276,21.0,Male,Other,Tier 2,52,312,7,408.3,58.33,2,2.9,1,0.144,8,Kids,Online,0.463,0.108,0,1
ZC003277,42.0,Female,Other,Tier 2,15,38,1,105.39,105.39,5,8.5,3,0.615,5,Men,Mixed,0.396,0.382,0,0
ZC003278,16.0,Female,Italy,Tier 1,19,5,1,84.4,84.4,5,7.4,1,0.356,1,Men,Mixed,0.316,0.334,0,0
ZC003279,24.0,Male,UK,Tier 1,18,126,1,74.61,74.61,3,13.4,4,0.79,6,Men,Online,0.632,0.154,0,1
ZC003280,28.0,Female,Spain,Tier 1,60,54,5,410.59,82.12,6,1.0,1,0.293,8,Beauty,Mixed,0.413,0.577,0,0
ZC003281,49.0,Female,Spain,Tier 1,13,98,1,83.7,83.7,2,13.0,3,0.392,3,Women,Mixed,0.19,0.086,0,1
ZC003282,40.0,Male,Spain,Tier 1,16,26,1,70.95,70.95,2,7.3,3,,1,Women,Mixed,0.698,0.508,0,0
ZC003283,26.0,Female,USA,Tier 2,17,52,1,61.29,61.29,4,2.7,5,0.663,6,Men,Mixed,0.311,0.345,0,0
ZC003284,45.0,Female,Spain,Tier 2,7,60,1,68.27,68.27,1,6.3,3,0.677,1,Home,Online,0.627,0.469,0,1
ZC003285,25.0,Female,UK,Tier 2,25,59,3,138.16,46.05,6,16.0,0,0.519,6,Women,Store,0.289,0.297,0,0
ZC003286,42.0,Female,Germany,Tier 2,21,54,5,507.96,101.59,9,4.9,4,0.419,6,Home,Mixed,0.427,0.285,0,0
ZC003287,18.0,Female,Germany,Tier 1,12,119,3,165.35,55.12,1,4.8,3,0.385,1,Men,Online,0.215,0.271,0,0
ZC003288,43.0,Male,France,Tier 1,26,134,1,83.3,83.3,1,2.7,5,0.427,2,Women,Online,0.199,0.144,0,1
ZC003289,28.0,Female,USA,Tier 1,23,25,1,58.72,58.72,6,8.8,1,0.493,4,Women,Store,0.58,0.297,0,0
ZC003290,,Female,France,Tier 2,8,128,1,107.83,107.83,2,3.1,2,0.448,1,Women,Store,0.406,0.495,0,1
ZC003291,30.0,Female,Other,Tier 1,25,28,4,261.68,65.42,4,4.3,2,0.305,8,Men,Mixed,0.216,0.474,0,0
ZC003292,35.0,Female,UK,Tier 1,4,93,1,102.11,102.11,4,6.6,5,0.673,3,Kids,Online,0.104,0.52,0,0
ZC003293,27.0,Male,Other,Tier 1,19,4,5,358.49,71.7,6,2.4,3,0.237,7,Women,Store,0.534,0.338,0,0
ZC003294,38.0,Female,UK,Tier 2,10,120,2,151.48,75.74,1,1.0,1,0.067,3,Women,Mixed,0.377,0.436,0,1
ZC003295,26.0,Female,Germany,Tier 3,45,85,3,196.68,65.56,1,6.3,1,0.574,1,Men,Online,0.465,0.282,1,0
ZC003296,38.0,Female,France,Tier 3,35,30,1,61.95,61.95,12,18.7,2,0.514,4,Men,Store,0.207,0.258,0,0
ZC003297,36.0,Male,Italy,Tier 1,45,64,4,277.26,69.32,3,1.3,4,0.187,1,Women,Online,0.503,0.229,0,0
ZC003298,31.0,Female,Other,Tier 1,11,54,5,429.26,85.85,3,4.7,4,0.318,7,Men,Store,0.158,0.312,0,0
ZC003299,28.0,Female,UK,Tier 1,8,71,2,158.91,79.46,0,8.8,2,0.129,5,Women,Mixed,0.125,0.387,0,0
ZC003300,34.0,Male,Mexico,Tier 2,17,72,1,76.9,76.9,1,5.1,5,0.343,3,Women,Online,0.37,0.251,0,0
ZC003301,38.0,Female,Other,Tier 1,11,55,3,276.86,92.29,5,10.4,2,0.093,3,Women,Mixed,0.16,0.146,1,1
ZC003302,53.0,Female,Mexico,Tier 1,10,194,2,249.77,124.88,2,2.9,5,0.444,1,Women,Store,0.332,0.348,0,1
ZC003303,41.0,Male,Spain,Tier 1,37,39,5,283.24,56.65,4,6.4,1,0.433,8,Beauty,Online,0.627,0.391,0,0
ZC003304,42.0,Male,Spain,Tier 1,37,91,1,70.06,70.06,1,7.3,0,0.622,8,Men,Store,0.438,0.163,0,0
ZC003305,63.0,Female,Other,Tier 3,30,80,3,61.31,20.44,3,1.3,3,0.792,3,Women,Store,0.561,0.079,0,0
ZC003306,37.0,Male,Italy,Tier 1,4,43,1,82.73,82.73,5,4.3,6,0.465,4,Women,Store,0.424,0.631,0,0
ZC003307,37.0,Female,Other,Tier 3,24,176,1,62.66,62.66,1,6.5,1,0.229,5,Women,Mixed,0.237,0.17,0,1
ZC003308,39.0,Male,USA,Tier 1,15,23,3,238.04,79.35,2,1.7,4,0.36,1,TRF,Online,0.224,0.138,0,1
ZC003309,22.0,Female,Mexico,Tier 1,29,106,5,260.35,52.07,1,2.9,2,0.077,2,Home,Online,0.282,0.265,0,1
ZC003310,28.0,Female,Mexico,Tier 2,28,90,2,154.61,77.31,0,4.2,7,0.42,6,Women,Mixed,0.499,0.061,0,0
ZC003311,27.0,Female,Other,Tier 1,22,83,2,162.3,81.15,0,4.4,2,0.473,2,Men,Mixed,0.638,0.535,0,0
ZC003312,38.0,Male,Italy,Tier 3,38,64,4,245.19,61.3,1,11.7,7,0.533,6,Women,Online,0.369,0.224,0,0
ZC003313,30.0,Male,Spain,Tier 1,21,127,4,315.94,78.98,1,6.2,3,0.419,2,Women,Mixed,0.358,0.275,0,0
ZC003314,33.0,Female,Italy,Tier 1,3,15,2,153.6,76.8,8,1.5,6,0.351,7,Men,Store,0.632,0.154,0,0
ZC003315,43.0,Female,Germany,Tier 1,14,29,2,116.17,58.08,9,11.0,3,,1,Men,Mixed,0.269,0.26,1,0
ZC003316,41.0,Female,USA,Tier 3,11,86,2,203.18,101.59,0,3.8,2,0.549,6,Men,Store,0.145,0.565,0,0
ZC003317,30.0,Female,USA,Tier 2,8,31,2,141.41,70.7,8,4.7,4,0.578,4,Women,Mixed,0.234,0.117,0,0
ZC003318,25.0,Male,Other,Tier 2,9,25,1,34.45,34.45,4,13.5,2,0.348,5,Women,Mixed,0.359,0.268,0,0
ZC003319,43.0,Female,Spain,Tier 2,13,160,2,139.75,69.88,3,3.3,4,0.67,2,TRF,Mixed,0.29,0.254,0,0
ZC003320,40.0,Male,UK,Tier 1,11,167,1,49.07,49.07,4,7.4,3,0.437,6,Women,Online,0.388,0.122,0,1
ZC003321,16.0,Male,Germany,Tier 3,25,91,4,469.3,117.32,2,2.7,4,0.477,1,Women,Store,0.65,0.05,0,1
ZC003322,29.0,Female,Other,Tier 1,10,32,2,122.52,61.26,7,10.6,2,0.68,4,Kids,Online,0.387,0.494,0,0
ZC003323,34.0,Female,Italy,Tier 2,25,40,2,130.6,65.3,7,4.5,2,0.389,1,Women,Store,0.297,0.143,0,0
ZC003324,40.0,Male,USA,Tier 2,32,74,2,161.09,80.54,1,4.2,3,0.705,3,Home,Mixed,0.137,0.2,0,0
ZC003325,41.0,Male,Spain,Tier 1,25,51,4,358.14,89.54,6,1.0,3,0.572,6,Home,Online,0.358,0.345,0,0
ZC003326,35.0,Male,USA,Tier 2,19,109,2,126.14,63.07,1,7.9,5,0.66,8,TRF,Mixed,0.284,0.485,0,1
ZC003327,38.0,Female,USA,Tier 2,27,19,3,270.7,90.23,8,2.6,6,0.454,7,Women,Mixed,0.21,0.52,0,0
ZC003328,33.0,Female,Mexico,Tier 1,8,20,1,83.79,83.79,4,8.5,0,0.436,4,TRF,Online,0.25,0.313,0,0
ZC003329,25.0,Male,UK,Tier 2,4,55,1,40.79,40.79,7,5.9,1,0.767,6,Women,Store,0.203,0.488,0,0
ZC003330,29.0,Female,Spain,Tier 1,27,167,4,304.91,76.23,1,6.3,4,0.672,5,Women,Mixed,0.107,0.24,0,0
ZC003331,32.0,Female,Other,Tier 2,21,89,1,65.65,65.65,0,4.0,1,0.207,4,Women,Online,0.195,0.425,0,1
ZC003332,32.0,Male,Spain,Tier 2,47,69,4,209.64,52.41,0,4.3,5,0.583,6,Women,Store,0.476,0.425,0,0
ZC003333,16.0,Female,Spain,Tier 1,33,68,1,110.31,110.31,2,2.1,4,0.238,2,Beauty,Mixed,0.24,0.207,0,0
ZC003334,28.0,Female,UK,Tier 1,14,162,2,117.67,58.84,2,1.4,4,0.455,6,Women,Online,0.223,0.614,0,1
ZC003335,33.0,Female,Spain,Tier 1,15,228,1,100.89,100.89,0,13.4,3,0.296,6,Home,Online,0.198,0.128,0,1
ZC003336,29.0,Male,USA,Tier 2,20,18,2,185.58,92.79,6,11.9,2,0.322,2,Women,Mixed,0.319,0.378,0,0
ZC003337,30.0,Female,Other,Tier 3,16,75,1,44.95,44.95,4,1.4,3,0.201,1,Women,Store,0.377,0.119,0,0
ZC003338,37.0,Female,Other,Tier 2,20,82,1,62.47,62.47,0,1.9,1,0.646,6,Women,Online,0.272,0.452,0,0
ZC003339,21.0,Male,Mexico,Tier 2,12,40,1,45.95,45.95,7,4.5,3,0.158,1,Men,Mixed,0.576,0.241,0,1
ZC003340,16.0,Male,Italy,Tier 2,30,27,3,296.03,98.68,1,3.3,2,0.285,1,Kids,Online,0.08,0.155,0,0
ZC003341,29.0,Female,Spain,Tier 1,24,5,3,253.4,84.47,5,5.2,5,0.374,4,Men,Store,0.483,0.387,0,0
ZC003342,40.0,Male,Other,Tier 3,17,64,1,109.1,109.1,3,2.6,5,,6,Men,Store,0.566,0.396,0,0
ZC003343,49.0,Female,UK,Tier 1,8,219,1,61.6,61.6,1,4.6,8,0.35,8,Women,Store,0.438,0.443,0,1
ZC003344,40.0,Male,Spain,Tier 1,17,127,2,222.82,111.41,0,3.8,1,0.724,4,Women,Mixed,0.366,0.11,0,0
ZC003345,17.0,Male,USA,Tier 1,22,65,1,104.11,104.11,1,7.2,2,0.341,4,Home,Store,0.364,0.166,0,0
ZC003346,30.0,Female,France,Tier 1,16,87,2,214.33,107.16,2,6.2,2,0.477,3,TRF,Store,0.273,0.275,0,0
ZC003347,35.0,Female,Spain,Tier 2,14,63,1,85.56,85.56,1,6.6,1,0.266,1,Men,Mixed,0.434,0.352,0,0
ZC003348,34.0,Female,USA,Tier 1,3,62,1,63.73,63.73,5,3.4,2,0.438,6,Beauty,Mixed,0.291,0.331,0,0
ZC003349,37.0,Female,USA,Tier 1,60,128,7,357.31,51.04,2,1.4,8,0.858,3,Women,Store,0.207,0.496,0,0
ZC003350,23.0,Female,UK,Tier 1,9,67,1,112.81,112.81,0,14.4,3,0.62,1,Women,Mixed,0.685,0.277,0,0
ZC003351,33.0,Female,Spain,Tier 1,23,18,1,76.75,76.75,7,10.4,2,0.428,5,Men,Online,0.261,0.358,0,0
ZC003352,36.0,Male,France,Tier 1,8,23,1,83.8,83.8,6,4.5,3,0.37,2,Women,Store,0.174,0.253,0,0
ZC003353,40.0,Female,USA,Tier 3,21,42,2,194.67,97.34,4,2.2,7,0.464,6,Women,Store,0.164,0.448,0,0
ZC003354,24.0,Male,Germany,Tier 1,23,84,2,186.72,93.36,1,8.6,2,0.277,6,Home,Online,0.426,0.541,0,0
ZC003355,29.0,Female,USA,Tier 2,14,25,1,75.8,75.8,7,1.0,4,0.346,4,Women,Store,0.168,0.086,0,0
ZC003356,16.0,Female,UK,Tier 1,16,6,1,71.67,71.67,6,16.8,5,0.339,5,Women,Online,0.353,0.342,0,0
ZC003357,26.0,Female,Germany,Tier 1,11,45,1,70.69,70.69,8,6.2,6,0.375,4,Women,Online,0.21,0.351,0,0
ZC003358,27.0,Female,Germany,Tier 2,60,96,8,684.37,85.55,1,1.7,4,0.545,5,Men,Mixed,0.247,0.306,0,0
ZC003359,22.0,Female,Spain,Tier 1,31,136,4,407.77,101.94,0,2.3,2,0.448,5,Kids,Mixed,0.518,0.473,0,1
ZC003360,34.0,Female,France,Tier 1,19,28,2,200.74,100.37,5,3.3,4,0.295,1,Women,Online,0.186,0.437,0,0
ZC003361,31.0,Male,Mexico,Tier 1,12,54,1,61.88,61.88,6,19.2,4,0.482,7,Women,Online,0.252,0.273,0,0
ZC003362,16.0,Female,USA,Tier 2,29,20,1,95.35,95.35,5,3.9,6,0.326,5,Home,Mixed,0.213,0.183,0,0
ZC003363,34.0,Female,France,Tier 3,29,38,2,110.21,55.1,4,7.3,1,0.127,5,Kids,Mixed,0.365,0.376,0,0
ZC003364,23.0,Male,UK,Tier 1,8,8,1,84.8,84.8,8,1.0,3,0.319,7,TRF,Mixed,0.354,0.316,0,0
ZC003365,37.0,Female,Other,Tier 2,5,14,3,236.99,79.0,3,7.1,5,0.746,6,Men,Mixed,0.276,0.312,0,0
ZC003366,19.0,Female,UK,Tier 1,12,13,1,78.26,78.26,5,9.9,4,0.426,4,Men,Store,0.029,0.274,0,0
ZC003367,32.0,Female,Other,Tier 2,11,142,1,79.56,79.56,0,3.6,3,0.388,5,Men,Store,0.345,0.156,0,0
ZC003368,29.0,Female,Germany,Tier 3,6,25,6,537.87,89.64,6,2.5,3,,1,Men,Mixed,0.554,0.232,0,0
ZC003369,35.0,Female,France,Tier 1,9,111,1,87.74,87.74,1,3.3,4,0.146,5,Men,Mixed,0.163,0.245,0,0
ZC003370,33.0,Female,USA,Tier 1,8,14,1,123.4,123.4,3,5.3,6,,7,Women,Online,0.697,0.095,0,0
ZC003371,29.0,Female,Germany,Tier 2,38,58,5,311.08,62.22,10,4.9,5,0.132,7,Women,Online,0.323,0.338,0,0
ZC003372,17.0,Female,Spain,Tier 1,22,76,1,64.2,64.2,2,5.1,3,,7,Women,Store,0.672,0.16,0,1
ZC003373,17.0,Female,UK,Tier 3,24,90,1,49.51,49.51,3,2.6,6,0.514,6,Women,Online,0.294,0.42,1,0
ZC003374,26.0,Male,USA,Tier 2,30,5,4,181.56,45.39,6,3.6,6,0.491,2,Men,Store,0.303,0.372,0,0
ZC003375,32.0,Female,Italy,Tier 3,8,92,5,285.2,57.04,0,7.3,2,0.548,1,Women,Online,0.172,0.482,0,0
ZC003376,26.0,Female,Mexico,Tier 1,24,104,4,259.67,64.92,1,2.3,4,0.295,1,Women,Online,0.027,0.493,0,1
ZC003377,38.0,Male,Other,Tier 2,13,21,2,123.78,61.89,4,2.4,4,0.464,8,Women,Store,0.626,0.47,0,1
ZC003378,29.0,Female,USA,Tier 1,38,97,6,468.02,78.0,0,1.0,3,0.275,8,Women,Mixed,0.428,0.146,0,0
ZC003379,22.0,Female,Other,Tier 2,34,210,2,135.01,67.5,0,4.4,3,0.098,3,TRF,Mixed,0.573,0.507,0,1
ZC003380,29.0,Male,Other,Tier 3,43,96,1,126.03,126.03,2,16.8,2,0.299,3,Home,Online,0.134,0.247,0,0
ZC003381,34.0,Male,Other,Tier 2,9,2,1,67.46,67.46,3,9.8,1,0.446,2,TRF,Mixed,0.47,0.222,0,0
ZC003382,35.0,Female,Italy,Tier 2,16,91,4,338.93,84.73,0,2.5,4,0.837,4,Kids,Store,0.351,0.287,0,0
ZC003383,51.0,Female,USA,Tier 1,11,14,1,54.15,54.15,7,4.3,4,0.514,5,Home,Mixed,0.418,0.231,0,0
ZC003384,25.0,Male,Other,Tier 1,11,77,1,72.73,72.73,1,2.1,2,0.576,8,Kids,Online,0.338,0.169,0,0
ZC003385,31.0,Female,Germany,Tier 2,12,98,1,80.28,80.28,1,1.4,1,0.56,5,Men,Store,0.18,0.206,0,1
ZC003386,36.0,Male,Italy,Tier 1,28,76,3,256.16,85.39,1,14.0,5,0.55,6,Women,Mixed,0.136,0.047,0,0
ZC003387,32.0,Female,USA,Tier 1,11,120,2,165.23,82.62,2,5.5,1,0.44,5,Kids,Store,0.575,0.017,1,1
ZC003388,27.0,Female,USA,Tier 2,9,27,2,95.98,47.99,8,1.0,2,0.563,7,Men,Store,0.463,0.522,0,0
ZC003389,17.0,Male,USA,Tier 2,11,101,7,883.47,126.21,3,4.1,3,0.395,6,Women,Online,0.487,0.345,0,0
ZC003390,27.0,Male,France,Tier 1,6,42,2,215.17,107.58,5,7.1,4,0.332,7,Kids,Mixed,0.311,0.294,0,0
ZC003391,21.0,Female,UK,Tier 1,11,99,4,285.72,71.43,1,6.0,3,0.658,6,Men,Online,0.335,0.369,0,1
ZC003392,16.0,Female,Other,Tier 1,35,17,3,254.94,84.98,9,23.0,6,0.109,4,Kids,Online,0.334,0.472,0,0
ZC003393,24.0,Male,Spain,Tier 2,57,30,9,766.29,85.14,7,11.1,3,,8,Women,Store,0.167,0.596,0,0
ZC003394,22.0,Female,Spain,Tier 3,14,112,1,54.88,54.88,0,4.3,5,0.6,6,TRF,Mixed,0.219,0.088,0,1
ZC003395,38.0,Male,USA,Tier 1,37,55,5,208.37,41.67,4,12.5,2,0.164,6,Men,Mixed,0.577,0.659,0,0
ZC003396,38.0,Female,USA,Tier 1,48,26,4,202.6,50.65,5,2.4,1,0.392,5,Home,Mixed,0.3,0.29,0,0
ZC003397,23.0,Female,UK,Tier 2,34,116,5,232.62,46.52,0,2.9,2,0.23,3,Women,Online,0.381,0.298,0,0
ZC003398,29.0,Male,Italy,Tier 1,4,30,1,111.02,111.02,12,11.3,2,0.536,5,Women,Store,0.438,0.246,0,0
ZC003399,16.0,Male,Other,Tier 2,13,86,4,289.0,72.25,1,1.1,3,0.28,3,Men,Store,0.393,0.153,0,0
ZC003400,,Female,USA,Tier 1,41,32,4,463.51,115.88,6,13.4,0,0.599,6,Men,Mixed,0.673,0.212,0,0
ZC003401,36.0,Male,USA,Tier 3,28,209,2,149.36,74.68,2,6.3,4,0.241,4,Women,Online,0.287,0.105,0,0
ZC003402,40.0,Female,Mexico,Tier 2,32,67,5,362.75,72.55,1,1.4,3,0.291,2,Women,Online,0.087,0.478,0,0
ZC003403,25.0,Female,USA,Tier 1,18,58,1,72.29,72.29,4,4.5,4,0.366,1,Kids,Online,0.175,0.292,0,0
ZC003404,43.0,Female,Italy,Tier 1,22,135,1,71.95,71.95,2,7.6,5,0.41,3,Women,Store,0.412,0.246,0,1
ZC003405,17.0,Male,Germany,Tier 1,15,28,1,128.36,128.36,5,3.2,0,0.145,1,Men,Online,0.29,0.317,0,1
ZC003406,20.0,Female,Other,Tier 1,36,109,7,622.84,88.98,2,20.0,3,0.203,3,Women,Store,0.295,0.367,0,0
ZC003407,39.0,Female,Spain,Tier 1,15,24,2,244.95,122.48,10,3.7,4,0.285,6,Women,Mixed,0.376,0.184,0,0
ZC003408,49.0,Male,Other,Tier 1,20,54,3,277.02,92.34,5,1.9,7,0.156,6,Men,Online,0.291,0.226,0,0
ZC003409,37.0,Female,Other,Tier 2,12,35,1,105.12,105.12,8,1.9,2,0.383,7,TRF,Mixed,0.174,0.199,0,0
ZC003410,32.0,Female,Spain,Tier 1,10,15,1,81.73,81.73,3,1.4,6,0.762,5,Women,Store,0.053,0.465,0,0
ZC003411,16.0,Female,France,Tier 1,38,15,2,141.88,70.94,6,3.0,2,0.698,1,TRF,Store,0.347,0.098,0,0
ZC003412,16.0,Male,UK,Tier 3,36,35,3,137.87,45.96,3,4.4,0,0.295,5,Women,Online,0.191,0.317,0,0
ZC003413,33.0,Female,USA,Tier 1,11,103,1,95.53,95.53,0,11.7,4,,8,Men,Store,0.109,0.311,0,1
ZC003414,28.0,Male,Other,Tier 1,23,380,1,122.69,122.69,0,1.0,3,0.634,6,Kids,Store,0.064,0.163,0,1
ZC003415,21.0,Female,USA,Tier 2,36,16,1,109.45,109.45,4,2.8,5,0.203,2,Men,Store,0.428,0.323,0,0
ZC003416,33.0,Female,USA,Tier 2,60,53,3,201.08,67.03,3,5.4,0,0.459,7,Men,Mixed,0.827,0.258,0,0
ZC003417,33.0,Male,Spain,Tier 1,24,43,5,477.41,95.48,4,1.4,5,,7,Men,Online,0.607,0.576,0,0
ZC003418,41.0,Female,Germany,Tier 3,34,107,8,441.85,55.23,1,2.2,4,0.336,8,Home,Store,0.481,0.298,0,0
ZC003419,33.0,Female,Other,Tier 1,34,166,5,293.42,58.68,1,3.9,4,0.7,5,Women,Store,0.397,0.325,1,1
ZC003420,44.0,Female,Germany,Tier 1,31,71,1,62.94,62.94,0,3.7,1,0.311,5,Men,Store,0.331,0.589,0,0
ZC003421,32.0,Female,Germany,Tier 1,4,17,4,272.9,68.22,5,3.7,8,0.775,2,Women,Mixed,0.155,0.336,0,0
ZC003422,31.0,Female,Spain,Tier 1,22,43,1,86.5,86.5,5,5.8,5,0.125,8,Men,Mixed,0.383,0.405,0,0
ZC003423,43.0,Male,Italy,Tier 1,15,90,1,99.41,99.41,0,1.0,1,0.255,6,Men,Mixed,0.144,0.445,0,0
ZC003424,22.0,Female,UK,Tier 1,9,45,5,390.39,78.08,8,1.4,2,0.524,7,Women,Store,0.324,0.177,0,0
ZC003425,60.0,Female,UK,Tier 2,8,21,1,108.67,108.67,3,5.9,6,0.576,4,Home,Store,0.177,0.676,0,0
ZC003426,36.0,Female,Germany,Tier 1,12,59,1,59.4,59.4,4,3.8,5,,1,Kids,Online,0.253,0.602,0,0
ZC003427,36.0,Female,Other,Tier 2,41,47,2,222.49,111.24,7,2.2,5,0.66,5,Women,Online,0.175,0.203,0,0
ZC003428,37.0,Female,Italy,Tier 1,8,75,1,75.04,75.04,2,3.9,5,0.437,6,Men,Store,0.101,0.486,0,0
ZC003429,51.0,Male,Italy,Tier 2,31,111,4,314.26,78.56,1,5.2,7,0.079,2,Women,Store,0.144,0.318,1,1
ZC003430,40.0,Female,UK,Tier 1,46,159,4,288.91,72.23,1,3.8,3,0.523,3,TRF,Store,0.162,0.286,0,1
ZC003431,16.0,Male,Spain,Tier 1,12,235,1,92.04,92.04,2,4.0,3,0.372,4,Women,Online,0.48,0.152,0,1
ZC003432,46.0,Female,France,Tier 2,44,310,1,80.76,80.76,2,2.1,3,,8,Beauty,Online,0.412,0.249,0,1
ZC003433,29.0,Female,Germany,Tier 1,36,11,1,44.01,44.01,6,4.0,8,0.594,8,Men,Online,0.513,0.15,0,0
ZC003434,33.0,Male,Italy,Tier 2,15,82,2,180.14,90.07,0,17.0,4,0.69,4,Men,Store,0.413,0.125,0,0
ZC003435,19.0,Female,Germany,Tier 2,21,6,1,71.33,71.33,5,6.1,7,0.384,1,Men,Store,0.518,0.249,0,0
ZC003436,,Male,USA,Tier 2,10,72,1,105.75,105.75,0,4.9,4,0.191,6,Men,Store,0.492,0.521,0,1
ZC003437,25.0,Male,USA,Tier 2,17,101,1,47.69,47.69,3,1.4,2,0.338,1,Women,Online,0.902,0.297,0,1
ZC003438,33.0,Male,Spain,Tier 3,60,13,7,477.13,68.16,5,1.7,1,0.219,6,Women,Online,0.48,0.234,0,0
ZC003439,29.0,Female,Italy,Tier 1,20,244,2,84.87,42.44,2,1.2,5,0.541,8,Home,Mixed,0.333,0.688,1,1
ZC003440,51.0,Female,Other,Tier 3,13,14,3,215.35,71.78,5,1.0,2,0.316,5,Beauty,Mixed,0.131,0.25,0,0
ZC003441,52.0,Female,France,Tier 1,5,19,1,79.77,79.77,7,9.8,3,0.597,8,Women,Mixed,0.512,0.258,0,0
ZC003442,32.0,Male,Italy,Tier 1,24,103,5,555.23,111.05,1,1.7,3,0.194,4,Women,Mixed,0.407,0.564,1,0
ZC003443,33.0,Female,Italy,Tier 3,9,83,1,76.04,76.04,1,5.7,5,0.775,7,Men,Online,0.066,0.127,0,0
ZC003444,28.0,Female,USA,Tier 1,7,84,1,64.77,64.77,2,8.9,3,0.273,2,Women,Mixed,0.383,0.281,0,0
ZC003445,43.0,Female,USA,Tier 2,24,1,5,439.57,87.91,8,8.3,4,0.704,8,Men,Online,0.5,0.104,0,0
ZC003446,29.0,Female,USA,Tier 2,10,89,1,93.35,93.35,2,8.0,1,0.428,7,Beauty,Online,0.322,0.098,0,0
ZC003447,28.0,Female,Other,Tier 3,32,78,1,43.92,43.92,2,17.8,1,,1,Women,Store,0.337,0.407,0,0
ZC003448,42.0,Female,Spain,Tier 1,4,34,1,78.27,78.27,5,1.0,2,0.852,1,Women,Online,0.683,0.461,0,0
ZC003449,27.0,Female,France,Tier 2,27,8,1,65.6,65.6,5,1.5,2,0.212,4,Men,Store,0.303,0.044,0,0
ZC003450,32.0,Male,UK,Tier 1,51,58,4,277.19,69.3,3,2.9,3,0.264,8,Men,Online,0.197,0.503,0,0
ZC003451,16.0,Female,Germany,Tier 1,25,113,3,252.34,84.11,0,5.5,5,0.283,6,Home,Mixed,0.222,0.213,0,0
ZC003452,39.0,Female,USA,Tier 2,33,146,4,179.67,44.92,0,7.2,1,0.617,7,Kids,Online,0.138,0.454,0,0
ZC003453,51.0,Female,Other,Tier 2,11,44,1,40.62,40.62,6,1.4,4,0.722,7,Men,Store,0.333,0.068,0,0
ZC003454,39.0,Female,USA,Tier 2,34,164,5,508.71,101.74,0,4.2,4,0.367,7,TRF,Mixed,0.423,0.258,0,0
ZC003455,47.0,Female,Other,Tier 2,25,7,4,306.99,76.75,1,3.2,6,0.567,1,Men,Store,0.415,0.354,0,0
ZC003456,24.0,Female,Germany,Tier 2,21,115,1,82.48,82.48,1,5.0,4,0.594,7,Men,Mixed,0.45,0.409,0,0
ZC003457,34.0,Female,UK,Tier 1,41,56,1,80.12,80.12,11,2.0,3,0.327,6,Women,Mixed,0.46,0.363,0,0
ZC003458,23.0,Male,Italy,Tier 1,28,7,1,46.06,46.06,2,5.1,7,0.37,7,Men,Online,0.238,0.212,0,0
ZC003459,30.0,Female,France,Tier 2,10,142,1,54.05,54.05,1,2.3,4,0.582,3,Women,Store,0.279,0.341,0,1
ZC003460,40.0,Female,Spain,Tier 2,14,57,1,62.88,62.88,6,7.3,1,0.119,5,Women,Mixed,0.546,0.386,0,0
ZC003461,33.0,Female,Italy,Tier 1,47,122,3,74.23,24.74,3,1.7,4,0.15,7,Men,Mixed,0.431,0.334,0,1
ZC003462,18.0,Female,France,Tier 1,9,51,4,304.98,76.24,5,1.8,2,0.399,5,Men,Online,0.358,0.662,0,0
ZC003463,19.0,Female,France,Tier 1,9,50,3,244.52,81.51,6,2.1,3,0.134,3,Kids,Mixed,0.26,0.38,0,0
ZC003464,18.0,Female,Italy,Tier 2,32,33,2,176.08,88.04,4,8.8,6,0.364,2,Home,Online,0.494,0.337,0,0
ZC003465,37.0,Female,Germany,Tier 1,14,59,3,267.77,89.26,8,5.0,4,0.51,7,Women,Online,0.452,0.49,0,0
ZC003466,53.0,Female,USA,Tier 2,52,86,4,148.82,37.2,1,1.0,3,0.38,4,Men,Store,0.204,0.15,0,0
ZC003467,46.0,Male,USA,Tier 2,29,54,3,117.9,39.3,5,9.1,2,0.557,7,Women,Online,0.467,0.52,1,0
ZC003468,16.0,Female,USA,Tier 3,15,14,1,62.97,62.97,5,2.9,4,0.4,2,Men,Mixed,0.339,0.426,0,0
ZC003469,46.0,Female,France,Tier 1,25,81,1,84.23,84.23,3,5.5,3,0.235,4,Women,Store,0.464,0.135,0,1
ZC003470,41.0,Female,USA,Tier 3,11,81,1,67.96,67.96,2,1.5,3,0.214,1,TRF,Online,0.311,0.363,1,0
ZC003471,17.0,Female,Spain,Tier 2,57,13,4,238.62,59.66,6,8.2,2,0.551,7,Men,Online,0.154,0.241,0,0
ZC003472,29.0,Male,Mexico,Tier 1,22,30,4,367.72,91.93,8,2.5,3,0.274,1,Women,Store,0.412,0.268,0,0
ZC003473,43.0,Female,USA,Tier 1,16,12,2,182.23,91.12,8,5.8,0,0.241,3,Women,Online,0.107,0.622,0,0
ZC003474,38.0,Female,USA,Tier 1,13,61,2,183.59,91.8,0,4.8,5,,8,Men,Store,0.391,0.349,0,0
ZC003475,19.0,Male,Other,Tier 1,9,101,1,89.87,89.87,3,2.6,3,0.243,6,Kids,Mixed,0.543,0.28,0,1
ZC003476,38.0,Female,Italy,Tier 1,10,91,1,48.49,48.49,0,2.0,4,0.382,2,Women,Online,0.551,0.127,0,1
ZC003477,,Female,Mexico,Tier 1,12,8,3,324.18,108.06,6,7.8,3,0.571,2,TRF,Online,0.378,0.347,0,0
ZC003478,30.0,Female,USA,Tier 2,6,58,4,603.13,150.78,6,5.0,3,0.57,4,Kids,Online,0.379,0.106,0,0
ZC003479,,Male,Germany,Tier 1,15,18,1,98.13,98.13,4,3.4,6,0.386,8,Home,Mixed,0.309,0.158,0,0
ZC003480,32.0,Female,Other,Tier 1,17,11,1,72.14,72.14,5,2.6,1,0.337,4,Women,Store,0.709,0.037,0,0
ZC003481,27.0,Female,USA,Tier 2,25,58,2,90.04,45.02,7,2.4,5,0.413,3,Home,Mixed,0.554,0.317,0,1
ZC003482,41.0,Female,Spain,Tier 3,11,34,4,246.92,61.73,4,1.4,4,0.229,3,Women,Store,0.253,0.56,0,0
ZC003483,42.0,Female,USA,Tier 3,10,215,2,200.44,100.22,0,2.7,9,,3,Kids,Store,0.268,0.239,0,1
ZC003484,45.0,Female,Other,Tier 3,18,233,1,90.45,90.45,1,2.9,1,0.33,1,TRF,Online,0.442,0.515,0,1
ZC003485,41.0,Female,USA,Tier 3,16,101,1,55.1,55.1,1,3.9,3,0.173,8,Home,Online,0.41,0.208,0,1
ZC003486,43.0,Female,France,Tier 1,24,32,3,285.88,95.29,1,3.8,2,0.614,8,Women,Online,0.259,0.578,0,0
ZC003487,39.0,Female,France,Tier 1,4,5,1,55.44,55.44,2,1.9,4,0.233,7,Men,Store,0.598,0.12,0,1
ZC003488,35.0,Female,Other,Tier 1,25,31,3,313.89,104.63,4,4.5,6,0.551,5,Women,Mixed,0.535,0.035,0,0
ZC003489,33.0,Male,USA,Tier 3,18,115,1,96.38,96.38,5,5.3,1,0.383,1,Kids,Online,0.238,0.718,0,0
ZC003490,30.0,Male,France,Tier 1,3,38,1,102.38,102.38,10,3.6,0,0.144,3,Men,Online,0.202,0.279,0,0
ZC003491,20.0,Male,Other,Tier 2,15,8,2,129.35,64.68,3,3.3,2,0.671,7,Kids,Online,0.35,0.237,0,0
ZC003492,22.0,Male,USA,Tier 1,31,187,1,101.03,101.03,1,4.7,5,0.159,4,Men,Store,0.371,0.096,0,1
ZC003493,29.0,Female,Germany,Tier 3,20,21,5,422.47,84.49,4,4.5,6,0.542,2,Women,Store,0.162,0.248,0,0
ZC003494,34.0,Male,Spain,Tier 1,16,25,5,473.55,94.71,3,9.1,7,0.481,3,Kids,Store,0.577,0.665,0,0
ZC003495,46.0,Female,USA,Tier 3,11,156,1,76.8,76.8,2,1.9,4,0.317,6,Men,Store,0.356,0.568,0,1
ZC003496,32.0,Male,Spain,Tier 3,4,70,1,54.84,54.84,2,10.2,5,0.327,5,Men,Online,0.313,0.7,0,0
ZC003497,42.0,Female,USA,Tier 1,19,73,1,73.12,73.12,4,3.2,6,0.734,7,Men,Online,0.21,0.048,0,0
ZC003498,43.0,Female,USA,Tier 2,36,75,1,89.09,89.09,1,1.0,5,0.654,8,Women,Online,0.662,0.167,0,0
ZC003499,,Female,Mexico,Tier 1,47,18,5,289.42,57.88,5,3.6,4,0.174,3,Men,Online,0.254,0.719,0,0
ZC003500,38.0,Male,UK,Tier 1,8,96,4,378.21,94.55,2,4.8,3,0.22,5,Men,Online,0.405,0.392,0,0
ZC003501,30.0,Male,UK,Tier 1,20,131,2,188.88,94.44,1,7.9,4,0.32,4,Men,Online,0.191,0.538,0,0
ZC003502,,Male,Italy,Tier 2,21,62,5,297.94,59.59,5,2.3,2,0.361,8,Men,Store,0.61,0.045,0,0
ZC003503,38.0,Female,Other,Tier 1,13,48,1,95.57,95.57,7,7.7,4,0.241,7,TRF,Store,0.278,0.257,0,0
ZC003504,20.0,Female,USA,Tier 2,36,166,1,55.2,55.2,2,11.2,5,0.287,6,Home,Mixed,0.216,0.116,0,0
ZC003505,34.0,Male,Spain,Tier 2,21,119,1,79.81,79.81,2,6.0,6,0.535,8,Women,Store,0.243,0.323,0,0
ZC003506,48.0,Female,Spain,Tier 1,7,23,1,63.05,63.05,5,10.3,5,0.081,4,Women,Mixed,0.22,0.155,0,0
ZC003507,30.0,Female,Other,Tier 1,17,108,2,199.24,99.62,0,8.5,3,0.335,5,Men,Mixed,0.514,0.1,0,1
ZC003508,36.0,Female,Other,Tier 1,32,50,5,477.3,95.46,7,6.6,1,0.745,7,TRF,Online,0.511,0.107,0,0
ZC003509,37.0,Female,UK,Tier 1,7,73,1,91.76,91.76,1,1.3,4,0.283,8,Men,Online,0.183,0.442,0,0
ZC003510,22.0,Male,Spain,Tier 3,18,223,1,103.18,103.18,4,3.0,4,0.76,8,Women,Online,0.323,0.446,0,1
ZC003511,37.0,Female,France,Tier 1,19,8,3,336.15,112.05,6,7.1,2,0.536,3,Women,Store,0.254,0.045,0,0
ZC003512,18.0,Male,Germany,Tier 2,21,3,1,96.96,96.96,4,8.9,6,0.538,2,Women,Mixed,0.42,0.206,0,0
ZC003513,26.0,Male,USA,Tier 3,29,30,4,410.24,102.56,6,2.2,5,0.143,5,TRF,Mixed,0.481,0.114,0,0
ZC003514,43.0,Female,Spain,Tier 1,12,48,1,81.72,81.72,6,2.7,1,0.655,1,Women,Online,0.196,0.039,0,0
ZC003515,36.0,Female,USA,Tier 2,52,25,3,211.16,70.39,3,3.4,3,0.48,5,Men,Store,0.394,0.231,0,0
ZC003516,,Female,Italy,Tier 3,23,98,4,419.74,104.94,0,8.2,7,0.172,8,Home,Store,0.299,0.273,0,1
ZC003517,36.0,Female,Other,Tier 2,60,86,6,512.47,85.41,4,7.6,1,0.643,1,Women,Mixed,0.312,0.316,0,0
ZC003518,31.0,Female,USA,Tier 1,14,59,4,369.3,92.32,12,7.0,4,0.454,7,Men,Online,0.126,0.574,0,0
ZC003519,32.0,Male,Other,Tier 2,26,78,2,114.7,57.35,2,4.7,5,0.424,7,Men,Store,0.295,0.526,1,0
ZC003520,39.0,Female,UK,Tier 3,1,75,3,205.31,68.44,3,4.7,6,0.19,3,Women,Mixed,0.578,0.504,0,1
ZC003521,25.0,Female,Germany,Tier 2,55,177,5,209.13,41.83,2,4.1,4,0.317,7,Men,Mixed,0.341,0.222,0,0
ZC003522,32.0,Male,Other,Tier 2,24,20,3,182.45,60.82,4,8.2,2,0.86,8,TRF,Mixed,0.363,0.228,0,0
ZC003523,29.0,Male,France,Tier 2,14,70,1,78.98,78.98,2,3.1,5,0.314,4,Home,Store,0.113,0.709,0,0
ZC003524,16.0,Female,Spain,Tier 2,5,153,2,84.52,42.26,1,4.9,2,0.844,2,Men,Store,0.49,0.197,0,1
ZC003525,23.0,Female,USA,Tier 1,24,45,1,54.98,54.98,5,2.7,3,0.294,7,Women,Online,0.089,0.292,0,0
ZC003526,48.0,Female,Mexico,Tier 3,12,58,5,259.22,51.84,4,1.0,6,0.382,1,Women,Online,0.184,0.245,0,0
ZC003527,36.0,Female,France,Tier 1,35,116,3,217.06,72.35,2,8.7,5,0.362,7,Kids,Mixed,0.188,0.141,0,0
ZC003528,19.0,Female,USA,Tier 2,51,4,4,344.9,86.22,6,3.6,1,0.206,1,Home,Store,0.515,0.457,0,0
ZC003529,17.0,Female,Germany,Tier 1,22,132,4,464.16,116.04,3,8.5,5,0.349,1,Women,Store,0.273,0.37,0,1
ZC003530,31.0,Female,USA,Tier 2,32,81,3,271.42,90.47,1,2.0,4,0.039,6,Men,Online,0.166,0.357,0,0
ZC003531,48.0,Female,USA,Tier 2,15,106,1,68.57,68.57,3,1.0,1,0.844,1,Women,Mixed,0.214,0.138,0,0
ZC003532,30.0,Female,Other,Tier 2,2,100,1,78.6,78.6,1,1.1,3,0.363,1,Women,Mixed,0.13,0.301,0,1
ZC003533,45.0,Female,UK,Tier 1,25,10,1,65.59,65.59,6,5.3,3,0.652,5,Women,Online,0.13,0.026,0,0
ZC003534,36.0,Female,USA,Tier 2,30,11,1,95.86,95.86,4,12.4,6,0.484,4,Men,Mixed,0.125,0.224,0,0
ZC003535,37.0,Female,UK,Tier 1,15,2,1,100.27,100.27,7,3.2,3,0.401,2,Women,Mixed,0.193,0.346,0,0
ZC003536,19.0,Female,Other,Tier 1,5,10,2,113.04,56.52,5,1.0,4,0.065,5,Women,Mixed,0.256,0.309,0,0
ZC003537,41.0,Male,USA,Tier 1,12,18,1,87.81,87.81,8,7.6,1,0.507,8,Men,Online,0.398,0.398,0,0
ZC003538,,Female,USA,Tier 3,25,61,7,613.88,87.7,1,2.4,3,0.333,4,Men,Online,0.354,0.169,0,0
ZC003539,,Female,USA,Tier 3,15,160,1,73.87,73.87,2,11.0,2,0.542,7,Women,Store,0.41,0.348,0,0
ZC003540,24.0,Female,Spain,Tier 2,17,42,2,161.35,80.68,5,2.1,3,0.692,8,Men,Mixed,0.146,0.264,0,0
ZC003541,34.0,Male,Spain,Tier 2,46,55,5,447.47,89.49,2,10.5,7,0.47,2,Men,Mixed,0.455,0.503,1,0
ZC003542,36.0,Female,Spain,Tier 1,24,51,1,106.81,106.81,5,6.1,2,0.476,7,Women,Mixed,0.147,0.125,0,0
ZC003543,30.0,Female,Spain,Tier 1,60,88,4,411.12,102.78,1,10.0,4,0.173,5,Women,Store,0.268,0.269,0,1
ZC003544,36.0,Male,Germany,Tier 2,6,29,4,253.84,63.46,10,5.1,6,0.742,6,Men,Store,0.365,0.238,0,0
ZC003545,29.0,Female,USA,Tier 2,5,54,3,270.5,90.17,8,10.1,2,0.449,7,Women,Store,0.376,0.253,0,0
ZC003546,26.0,Female,UK,Tier 2,28,123,4,465.43,116.36,2,4.7,2,0.519,3,Women,Mixed,0.131,0.465,0,0
ZC003547,48.0,Female,Italy,Tier 1,38,164,1,74.55,74.55,1,6.8,5,0.295,8,Women,Store,0.418,0.079,1,1
ZC003548,42.0,Male,Spain,Tier 1,28,155,3,344.56,114.85,2,1.4,4,0.493,7,Men,Store,0.498,0.381,0,1
ZC003549,24.0,Male,USA,Tier 1,60,138,6,767.81,127.97,2,11.2,5,0.236,8,Men,Mixed,0.438,0.28,0,0
ZC003550,38.0,Female,Other,Tier 2,48,148,6,302.79,50.46,1,7.7,5,0.656,1,Women,Online,0.241,0.18,0,1
ZC003551,25.0,Male,Germany,Tier 1,40,59,1,71.44,71.44,5,1.0,2,0.164,6,Men,Online,0.315,0.354,0,0
ZC003552,20.0,Male,Germany,Tier 1,11,28,2,181.9,90.95,9,1.8,4,0.197,2,Women,Online,0.25,0.339,0,0
ZC003553,42.0,Female,France,Tier 2,10,78,1,56.36,56.36,3,2.8,4,0.369,3,Men,Mixed,0.074,0.261,0,0
ZC003554,16.0,Female,Other,Tier 1,41,87,6,596.52,99.42,1,1.0,3,0.432,1,Men,Online,0.329,0.108,1,0
ZC003555,41.0,Female,Spain,Tier 1,16,44,1,79.16,79.16,11,10.5,2,0.336,8,Beauty,Online,0.077,0.324,0,0
ZC003556,29.0,Female,Spain,Tier 2,34,30,1,46.21,46.21,11,5.5,2,0.271,5,TRF,Online,0.214,0.421,0,0
ZC003557,30.0,Female,Mexico,Tier 1,16,151,1,92.13,92.13,3,2.3,2,0.321,7,Women,Mixed,0.252,0.462,0,1
ZC003558,36.0,Male,Spain,Tier 2,4,57,1,65.53,65.53,6,3.7,4,0.353,7,Women,Store,0.477,0.03,0,0
ZC003559,38.0,Female,France,Tier 3,43,41,6,471.99,78.67,5,16.9,2,0.57,1,Men,Mixed,0.593,0.502,0,0
ZC003560,24.0,Female,Spain,Tier 1,29,46,2,46.02,23.01,7,3.9,3,0.079,4,Beauty,Online,0.773,0.25,0,0
ZC003561,39.0,Female,USA,Tier 1,13,69,2,129.79,64.9,1,1.0,4,0.397,1,TRF,Online,0.224,0.172,0,0
ZC003562,33.0,Female,Germany,Tier 2,3,29,1,108.68,108.68,9,15.9,2,0.182,3,TRF,Store,0.244,0.147,0,0
ZC003563,19.0,Female,France,Tier 2,58,85,1,76.51,76.51,2,1.0,3,0.804,6,Women,Mixed,0.477,0.238,0,0
ZC003564,30.0,Female,France,Tier 3,34,0,4,149.22,37.3,7,10.8,5,0.521,8,Men,Online,0.1,0.515,0,0
ZC003565,46.0,Female,USA,Tier 1,30,13,3,208.73,69.58,6,4.2,6,0.331,2,Women,Mixed,0.655,0.372,0,0
ZC003566,49.0,Female,USA,Tier 3,35,40,4,290.93,72.73,3,4.6,0,0.187,3,Men,Online,0.339,0.075,1,0
ZC003567,39.0,Female,Italy,Tier 1,7,91,1,128.73,128.73,3,3.4,3,0.48,2,Men,Mixed,0.128,0.494,0,0
ZC003568,20.0,Male,Spain,Tier 1,48,40,7,605.84,86.55,5,2.0,2,0.456,7,TRF,Mixed,0.322,0.11,0,0
ZC003569,37.0,Female,Germany,Tier 1,1,129,1,80.82,80.82,1,1.0,1,0.253,7,Men,Mixed,0.319,0.609,0,0
ZC003570,41.0,Female,France,Tier 1,10,162,1,52.71,52.71,1,1.8,6,0.564,3,Women,Online,0.158,0.275,0,1
ZC003571,39.0,Female,USA,Tier 1,12,51,2,154.08,77.04,3,2.5,4,0.559,6,Men,Online,0.524,0.261,0,0
ZC003572,40.0,Female,USA,Tier 1,12,22,1,128.41,128.41,8,2.5,6,0.531,1,Women,Online,0.283,0.141,0,0
ZC003573,36.0,Female,Mexico,Tier 1,18,53,5,490.36,98.07,7,3.3,1,0.42,2,Women,Online,0.409,0.156,0,0
ZC003574,31.0,Female,UK,Tier 2,32,126,4,398.63,99.66,2,14.4,3,0.812,1,Men,Store,0.09,0.572,0,0
ZC003575,26.0,Female,Spain,Tier 1,7,20,4,106.98,26.74,4,3.6,3,0.222,1,Women,Mixed,0.427,0.503,0,0
ZC003576,16.0,Male,Other,Tier 1,5,99,1,95.11,95.11,0,5.9,2,0.634,6,Women,Mixed,0.19,0.245,0,1
ZC003577,35.0,Female,Spain,Tier 1,37,50,5,350.35,70.07,3,5.2,3,0.769,7,Women,Mixed,0.197,0.37,0,0
ZC003578,34.0,Male,Mexico,Tier 2,15,105,1,69.7,69.7,1,2.8,9,0.428,3,Men,Online,0.35,0.587,0,1
ZC003579,38.0,Male,Spain,Tier 3,11,84,1,74.44,74.44,2,1.1,4,0.466,7,Men,Online,0.532,0.328,0,1
ZC003580,19.0,Female,USA,Tier 1,52,32,1,88.88,88.88,6,12.0,6,0.139,2,TRF,Mixed,0.267,0.216,1,0
ZC003581,38.0,Female,France,Tier 3,34,51,3,203.32,67.77,5,6.7,4,0.245,5,Home,Online,0.149,0.176,1,0
ZC003582,53.0,Male,Spain,Tier 2,10,88,1,61.44,61.44,1,11.0,0,0.218,4,Women,Store,0.301,0.301,0,0
ZC003583,33.0,Female,Italy,Tier 3,2,121,2,105.34,52.67,4,5.1,5,0.303,7,Women,Store,0.679,0.206,0,1
ZC003584,31.0,Male,USA,Tier 1,22,50,2,155.99,78.0,5,9.3,3,0.331,4,Women,Online,0.309,0.298,0,0
ZC003585,35.0,Female,France,Tier 1,11,125,1,88.46,88.46,1,3.4,1,0.248,2,Women,Mixed,0.182,0.341,0,0
ZC003586,52.0,Male,Mexico,Tier 2,34,242,2,137.19,68.6,4,3.4,6,0.863,6,Women,Store,0.036,0.451,0,0
ZC003587,22.0,Male,Germany,Tier 2,35,132,3,276.49,92.16,4,6.8,3,0.747,8,Home,Online,0.805,0.307,0,1
ZC003588,34.0,Male,UK,Tier 3,17,58,1,50.83,50.83,5,1.0,1,0.257,8,Women,Mixed,0.19,0.183,0,0
ZC003589,24.0,Female,USA,Tier 3,13,56,3,140.84,46.95,6,6.6,4,0.271,5,Kids,Mixed,0.53,0.078,0,0
ZC003590,27.0,Male,Spain,Tier 1,18,11,1,70.43,70.43,4,2.4,0,0.665,1,Men,Online,0.17,0.096,0,0
ZC003591,32.0,Female,Other,Tier 2,16,48,3,327.8,109.27,6,3.8,2,0.731,4,Men,Online,0.272,0.288,0,0
ZC003592,45.0,Male,Germany,Tier 1,26,100,1,46.48,46.48,0,4.6,1,0.609,7,Men,Mixed,0.379,0.203,0,0
ZC003593,50.0,Female,Germany,Tier 2,19,121,3,386.86,128.95,1,2.6,5,0.686,7,Men,Mixed,0.162,0.301,0,0
ZC003594,,Female,UK,Tier 2,27,18,2,224.24,112.12,7,2.8,6,0.312,6,Home,Online,0.496,0.373,0,0
ZC003595,28.0,Female,UK,Tier 2,17,83,4,350.65,87.66,4,5.1,1,0.604,3,Men,Store,0.437,0.749,0,0
ZC003596,57.0,Female,Spain,Tier 1,11,144,5,364.31,72.86,3,6.9,2,0.385,2,TRF,Mixed,0.529,0.303,0,0
ZC003597,28.0,Female,USA,Tier 3,21,18,2,129.28,64.64,3,22.7,6,0.348,5,Women,Online,0.27,0.424,0,0
ZC003598,26.0,Female,UK,Tier 1,12,74,5,285.36,57.07,1,7.9,5,0.693,3,Men,Store,0.232,0.437,0,0
ZC003599,16.0,Female,USA,Tier 1,44,33,3,208.36,69.45,5,6.5,5,0.088,4,Women,Mixed,0.547,0.065,0,0
ZC003600,46.0,Male,Spain,Tier 1,25,14,2,125.37,62.68,5,1.0,2,0.644,5,Women,Store,0.103,0.304,0,0
ZC003601,42.0,Male,France,Tier 1,11,51,1,39.84,39.84,3,15.7,7,0.907,4,Men,Online,0.462,0.485,0,0
ZC003602,56.0,Male,UK,Tier 1,26,9,1,82.38,82.38,7,12.0,7,0.366,1,Women,Online,0.429,0.337,0,0
ZC003603,18.0,Male,UK,Tier 1,26,32,5,247.42,49.48,7,1.3,4,0.298,2,Women,Store,0.326,0.216,0,0
ZC003604,47.0,Female,Mexico,Tier 1,23,61,2,134.66,67.33,1,7.2,3,0.516,6,Women,Online,0.538,0.445,0,0
ZC003605,33.0,Female,Germany,Tier 1,12,122,1,62.56,62.56,2,5.6,8,0.515,6,Women,Mixed,0.552,0.055,0,1
ZC003606,40.0,Female,Spain,Tier 1,34,19,1,96.0,96.0,11,7.5,1,0.507,7,Women,Store,0.619,0.393,0,0
ZC003607,16.0,Female,Mexico,Tier 3,34,45,7,713.7,101.96,6,4.8,3,0.453,8,Kids,Mixed,0.404,0.456,0,0
ZC003608,47.0,Female,France,Tier 1,10,124,1,60.81,60.81,1,4.7,3,0.667,3,Women,Store,0.542,0.138,1,0
ZC003609,40.0,Male,France,Tier 1,7,27,1,96.79,96.79,11,11.5,3,0.46,4,Women,Mixed,0.431,0.283,0,0
ZC003610,32.0,Female,Other,Tier 2,14,15,3,154.66,51.55,10,12.6,4,0.636,8,Men,Online,0.338,0.753,0,0
ZC003611,38.0,Male,Spain,Tier 2,28,160,5,296.93,59.39,2,1.8,8,0.09,3,Men,Store,0.366,0.362,0,1
ZC003612,24.0,Female,Germany,Tier 1,13,55,1,93.38,93.38,3,1.0,6,0.435,3,Women,Online,0.319,0.264,0,0
ZC003613,26.0,Male,USA,Tier 1,26,128,3,125.04,41.68,2,1.0,1,0.126,4,Home,Online,0.493,0.137,0,0
ZC003614,27.0,Female,Spain,Tier 2,34,31,4,225.26,56.32,2,1.5,3,0.365,3,Women,Online,0.349,0.313,0,1
ZC003615,16.0,Male,UK,Tier 1,6,102,1,59.48,59.48,1,2.5,2,0.264,4,Men,Online,0.219,0.218,0,1
ZC003616,41.0,Female,USA,Tier 1,33,126,2,120.17,60.08,4,2.1,6,0.347,6,Men,Mixed,0.441,0.575,1,0
ZC003617,44.0,Female,Spain,Tier 3,18,35,1,58.25,58.25,5,12.9,4,0.563,3,Women,Store,0.42,0.281,0,0
ZC003618,25.0,Female,France,Tier 1,60,97,7,283.99,40.57,3,5.3,8,0.841,6,Women,Online,0.517,0.172,0,0
ZC003619,35.0,Female,USA,Tier 1,17,29,2,207.21,103.6,11,3.1,2,0.41,4,Women,Store,0.194,0.354,0,0
ZC003620,29.0,Female,UK,Tier 1,12,157,1,93.36,93.36,0,7.5,2,0.184,8,Women,Mixed,0.499,0.446,0,1
ZC003621,35.0,Female,Spain,Tier 2,25,29,1,91.24,91.24,9,4.8,2,0.47,1,Kids,Online,0.338,0.318,0,0
ZC003622,26.0,Female,UK,Tier 1,26,165,4,316.74,79.18,1,4.0,6,0.164,7,TRF,Mixed,0.164,0.03,0,1
ZC003623,23.0,Male,UK,Tier 1,60,82,5,328.88,65.78,1,1.7,2,0.247,2,Women,Online,0.412,0.332,0,0
ZC003624,43.0,Female,UK,Tier 1,15,46,1,83.63,83.63,7,2.4,0,0.422,5,Men,Mixed,0.536,0.274,0,0
ZC003625,31.0,Female,Italy,Tier 1,17,181,1,75.33,75.33,1,2.7,2,0.074,6,Men,Mixed,0.195,0.316,0,0
ZC003626,52.0,Male,Other,Tier 1,13,33,3,281.62,93.87,6,1.3,3,0.673,3,Men,Store,0.067,0.419,0,0
ZC003627,32.0,Female,Spain,Tier 1,22,240,1,107.14,107.14,1,5.9,2,0.404,2,Kids,Store,0.451,0.312,0,1
ZC003628,23.0,Male,UK,Tier 1,17,98,1,87.07,87.07,1,4.9,3,0.565,4,Women,Store,0.356,0.567,0,1
ZC003629,44.0,Female,Other,Tier 1,17,16,3,243.33,81.11,7,2.4,9,0.433,4,Men,Store,0.509,0.591,0,0
ZC003630,38.0,Female,Germany,Tier 3,50,40,4,298.91,74.73,10,4.5,0,0.323,3,Women,Online,0.078,0.252,0,0
ZC003631,39.0,Female,Other,Tier 2,13,48,3,209.81,69.94,5,10.6,2,,6,Men,Store,0.129,0.234,0,0
ZC003632,44.0,Female,Italy,Tier 1,25,245,1,61.16,61.16,3,7.5,8,0.288,5,TRF,Online,0.174,0.546,0,1
ZC003633,25.0,Female,Italy,Tier 1,48,150,1,85.92,85.92,2,5.6,4,0.137,1,Women,Online,0.358,0.45,0,1
ZC003634,31.0,Male,Spain,Tier 2,15,122,3,222.03,74.01,2,1.7,5,0.666,2,Kids,Store,0.321,0.22,0,0
ZC003635,30.0,Female,USA,Tier 2,17,34,2,134.89,67.44,6,13.4,4,0.574,5,TRF,Online,0.138,0.522,0,0
ZC003636,19.0,Male,Germany,Tier 1,18,53,1,94.56,94.56,8,3.3,5,0.661,3,Men,Store,0.253,0.25,0,0
ZC003637,29.0,Female,France,Tier 1,8,100,1,93.43,93.43,1,8.8,1,0.103,6,Women,Mixed,0.656,0.061,0,1
ZC003638,45.0,Female,Mexico,Tier 1,16,104,2,159.54,79.77,1,6.3,2,0.606,6,Men,Mixed,0.253,0.278,0,1
ZC003639,34.0,Male,Other,Tier 1,7,56,1,77.94,77.94,6,3.3,4,0.303,6,Men,Mixed,0.577,0.164,0,1
ZC003640,19.0,Male,USA,Tier 1,60,50,3,245.06,81.69,9,1.5,4,0.277,2,Men,Store,0.645,0.192,0,1
ZC003641,16.0,Female,UK,Tier 1,14,101,1,31.47,31.47,1,7.7,5,0.104,5,Kids,Online,0.128,0.28,0,1
ZC003642,49.0,Female,Other,Tier 2,34,182,6,441.51,73.58,1,5.2,3,0.434,4,Men,Mixed,0.402,0.397,0,1
ZC003643,31.0,Female,Other,Tier 1,22,9,2,270.29,135.15,8,1.0,3,0.393,6,Kids,Store,0.098,0.024,1,0
ZC003644,26.0,Female,Mexico,Tier 1,10,102,4,298.25,74.56,4,4.3,1,0.409,7,Women,Online,0.414,0.191,1,0
ZC003645,29.0,Male,Germany,Tier 1,16,38,1,57.05,57.05,6,2.5,7,0.386,2,Women,Mixed,0.142,0.291,0,0
ZC003646,17.0,Female,Other,Tier 2,12,24,1,85.43,85.43,7,4.0,5,0.137,7,Women,Online,0.272,0.185,1,0
ZC003647,46.0,Male,USA,Tier 1,11,12,1,64.16,64.16,5,5.7,3,0.465,8,TRF,Mixed,0.169,0.355,0,0
ZC003648,28.0,Female,Spain,Tier 2,13,27,5,466.81,93.36,7,1.7,5,,4,Men,Online,0.26,0.427,0,0
ZC003649,46.0,Female,Spain,Tier 2,24,64,7,648.09,92.58,1,6.8,1,0.359,4,Kids,Mixed,0.183,0.058,0,0
ZC003650,33.0,Female,UK,Tier 1,26,51,5,435.53,87.11,6,1.2,0,0.268,1,Kids,Online,0.146,0.201,0,0
ZC003651,46.0,Female,Mexico,Tier 1,25,56,1,83.16,83.16,9,7.7,2,0.731,2,Kids,Store,0.26,0.494,0,0
ZC003652,35.0,Female,UK,Tier 3,24,54,1,57.14,57.14,5,7.6,10,0.784,4,Women,Mixed,0.493,0.369,0,0
ZC003653,41.0,Male,Germany,Tier 3,25,93,2,174.27,87.14,4,7.0,3,,3,Kids,Store,0.176,0.2,0,0
ZC003654,39.0,Male,USA,Tier 1,13,100,1,87.64,87.64,2,1.0,5,0.15,5,Women,Store,0.423,0.295,0,1
ZC003655,38.0,Male,Italy,Tier 2,29,19,3,221.41,73.8,6,1.0,2,,5,Home,Mixed,0.226,0.056,0,0
ZC003656,35.0,Female,USA,Tier 1,10,43,2,207.8,103.9,8,1.0,3,0.795,8,Women,Mixed,0.388,0.121,0,0
ZC003657,30.0,Male,France,Tier 1,13,231,1,71.98,71.98,2,1.0,4,0.221,6,Women,Mixed,0.497,0.277,0,1
ZC003658,51.0,Male,USA,Tier 1,4,20,1,58.5,58.5,7,4.5,3,0.255,2,Men,Store,0.384,0.184,0,0
ZC003659,23.0,Male,UK,Tier 2,10,74,1,39.91,39.91,1,6.2,0,0.486,4,Men,Store,0.235,0.157,1,1
ZC003660,32.0,Female,UK,Tier 3,25,110,3,194.47,64.82,1,3.2,3,0.286,4,Men,Store,0.243,0.156,0,0
ZC003661,32.0,Female,Germany,Tier 2,27,144,1,72.19,72.19,2,4.9,6,0.42,3,Women,Mixed,0.296,0.161,1,1
ZC003662,36.0,Male,France,Tier 2,39,91,3,406.3,135.43,2,4.6,3,0.221,7,Men,Online,0.418,0.103,0,0
ZC003663,28.0,Female,Other,Tier 1,10,46,1,67.17,67.17,3,4.1,2,0.372,8,Women,Online,0.332,0.341,0,0
ZC003664,35.0,Female,Other,Tier 3,11,33,1,71.79,71.79,5,4.5,3,0.278,7,Women,Online,0.498,0.762,0,1
ZC003665,30.0,Female,USA,Tier 1,8,89,2,157.91,78.96,4,5.5,2,0.555,1,Women,Online,0.283,0.39,1,1
ZC003666,16.0,Female,Spain,Tier 3,26,118,4,293.05,73.26,1,7.1,5,0.247,4,Men,Online,0.117,0.09,0,0
ZC003667,32.0,Female,Spain,Tier 1,9,175,1,94.39,94.39,1,11.1,2,0.646,7,Women,Mixed,0.418,0.2,0,0
ZC003668,21.0,Male,USA,Tier 1,38,155,8,1017.09,127.14,0,1.0,2,0.516,5,Men,Store,0.177,0.348,0,0
ZC003669,16.0,Female,USA,Tier 2,13,126,1,93.34,93.34,2,7.2,6,0.326,3,Women,Store,0.443,0.374,0,1
ZC003670,33.0,Female,Other,Tier 1,18,13,1,34.82,34.82,5,3.8,3,0.418,4,Kids,Online,0.356,0.148,0,0
ZC003671,37.0,Female,Other,Tier 1,21,19,1,77.75,77.75,5,10.8,4,0.399,4,Women,Online,0.413,0.131,0,0
ZC003672,37.0,Male,USA,Tier 2,38,325,5,318.83,63.77,2,9.1,3,0.391,8,Men,Online,0.321,0.259,0,1
ZC003673,38.0,Female,Mexico,Tier 2,50,56,5,647.55,129.51,8,1.0,3,0.5,2,Men,Store,0.347,0.342,0,0
ZC003674,16.0,Female,Other,Tier 1,23,81,1,100.17,100.17,2,1.8,5,0.539,3,Women,Mixed,0.078,0.133,0,0
ZC003675,18.0,Female,UK,Tier 1,29,3,2,136.75,68.38,5,4.6,4,0.45,1,Women,Online,0.485,0.548,0,0
ZC003676,52.0,Female,Other,Tier 2,10,131,1,103.28,103.28,0,4.6,6,0.423,4,Women,Online,0.252,0.09,0,0
ZC003677,22.0,Male,Other,Tier 1,47,67,7,548.21,78.32,3,1.7,2,0.661,5,Men,Store,0.255,0.214,0,0
ZC003678,38.0,Female,Other,Tier 1,30,65,1,81.4,81.4,4,10.9,3,0.311,1,Women,Store,0.24,0.301,0,0
ZC003679,25.0,Male,Italy,Tier 2,60,305,5,378.33,75.67,3,2.8,4,0.302,1,TRF,Online,0.712,0.443,0,1
ZC003680,33.0,Female,UK,Tier 3,19,91,1,101.01,101.01,1,2.8,2,0.315,7,Women,Online,0.353,0.254,0,1
ZC003681,26.0,Male,USA,Tier 1,11,51,1,64.28,64.28,11,1.0,6,0.334,8,Home,Online,0.389,0.186,0,0
ZC003682,38.0,Female,Other,Tier 2,15,65,5,462.58,92.52,1,4.0,3,0.446,1,Men,Store,0.471,0.129,0,0
ZC003683,33.0,Female,USA,Tier 1,38,35,1,79.04,79.04,6,2.8,7,0.64,5,Men,Online,0.27,0.348,0,0
ZC003684,28.0,Female,UK,Tier 2,47,22,6,407.18,67.86,4,7.9,3,0.369,7,Women,Store,0.358,0.069,0,0
ZC003685,21.0,Female,USA,Tier 2,60,55,4,435.74,108.94,3,2.5,4,0.269,5,TRF,Mixed,0.282,0.313,0,0
ZC003686,35.0,Male,France,Tier 1,11,10,1,110.01,110.01,3,1.3,5,0.251,6,Men,Online,0.418,0.525,0,0
ZC003687,20.0,Male,Spain,Tier 1,7,43,2,107.63,53.82,7,3.7,4,0.305,3,Home,Store,0.419,0.259,0,0
ZC003688,36.0,Female,Mexico,Tier 3,18,128,1,80.58,80.58,3,2.5,7,0.633,3,Women,Online,0.62,0.498,0,1
ZC003689,58.0,Female,France,Tier 2,10,253,1,70.32,70.32,1,3.3,2,0.756,2,Women,Mixed,0.164,0.18,0,1
ZC003690,46.0,Male,UK,Tier 2,34,54,1,77.61,77.61,8,4.2,0,0.558,8,Women,Online,0.573,0.544,0,0
ZC003691,39.0,Female,USA,Tier 1,17,24,5,373.1,74.62,6,4.2,3,0.333,4,Women,Online,0.248,0.398,1,0
ZC003692,31.0,Female,France,Tier 1,16,74,3,181.98,60.66,2,2.1,6,0.787,6,Women,Online,0.332,0.162,0,0
ZC003693,16.0,Female,Mexico,Tier 1,16,143,3,244.05,81.35,0,4.8,0,0.669,4,Women,Online,0.309,0.266,0,0
ZC003694,19.0,Female,Other,Tier 1,15,30,3,268.66,89.55,5,7.4,3,0.366,3,Home,Mixed,0.382,0.44,0,1
ZC003695,45.0,Male,Other,Tier 1,6,102,2,135.57,67.78,1,3.5,4,0.278,1,Women,Store,0.56,0.398,0,1
ZC003696,24.0,Female,UK,Tier 1,10,12,1,99.05,99.05,1,6.0,3,0.22,3,Beauty,Online,0.514,0.451,0,0
ZC003697,25.0,Male,Other,Tier 2,30,72,1,109.83,109.83,1,4.2,5,0.211,5,Men,Mixed,0.308,0.317,0,0
ZC003698,30.0,Female,France,Tier 1,9,109,1,70.45,70.45,1,3.9,1,0.227,4,Women,Store,0.18,0.092,0,1
ZC003699,21.0,Female,Germany,Tier 2,29,9,3,329.45,109.82,3,2.3,2,0.578,6,TRF,Store,0.238,0.228,0,0
ZC003700,20.0,Female,Italy,Tier 1,21,111,1,87.68,87.68,0,2.9,2,0.29,7,TRF,Mixed,0.528,0.605,0,1
ZC003701,31.0,Male,UK,Tier 1,38,50,1,101.12,101.12,7,15.4,4,0.478,7,Women,Store,0.414,0.351,0,0
ZC003702,23.0,Female,France,Tier 1,19,195,1,118.88,118.88,2,14.1,1,0.177,7,Men,Mixed,0.523,0.232,0,1
ZC003703,25.0,Male,Italy,Tier 2,11,71,1,71.03,71.03,1,11.8,3,0.589,6,Men,Mixed,0.142,0.163,0,0
ZC003704,24.0,Female,USA,Tier 2,10,116,1,105.81,105.81,1,4.3,2,0.629,8,Kids,Mixed,0.316,0.237,0,0
ZC003705,37.0,Male,Italy,Tier 1,5,232,1,74.08,74.08,1,4.5,2,0.522,5,Men,Store,0.268,0.31,0,1
ZC003706,30.0,Male,USA,Tier 3,11,50,1,79.69,79.69,2,13.1,2,0.413,6,Women,Online,0.175,0.306,0,0
ZC003707,30.0,Male,Germany,Tier 1,16,5,4,343.39,85.85,7,2.2,4,0.134,3,Home,Online,0.243,0.5,0,0
ZC003708,38.0,Female,Other,Tier 1,41,24,5,593.37,118.67,8,3.1,3,0.83,2,Men,Mixed,0.686,0.505,1,0
ZC003709,31.0,Male,Spain,Tier 2,30,63,2,115.85,57.92,0,6.3,2,0.32,3,Beauty,Online,0.637,0.475,0,1
ZC003710,29.0,Female,USA,Tier 1,15,341,2,189.33,94.66,1,6.6,6,0.38,5,Women,Mixed,0.101,0.184,0,0
ZC003711,37.0,Female,France,Tier 2,9,191,1,56.99,56.99,3,4.0,6,,6,TRF,Store,0.253,0.271,0,1
ZC003712,39.0,Male,Spain,Tier 3,26,31,1,51.54,51.54,5,1.0,3,0.459,5,Women,Mixed,0.454,0.711,0,0
ZC003713,31.0,Male,USA,Tier 2,12,48,1,59.87,59.87,5,3.6,4,0.419,6,Women,Online,0.424,0.044,0,0
ZC003714,33.0,Female,Italy,Tier 1,9,106,2,157.81,78.9,3,1.8,6,,8,Men,Mixed,0.638,0.208,0,1
ZC003715,24.0,Male,Spain,Tier 1,26,164,4,353.83,88.46,2,4.5,3,0.527,8,Women,Online,0.631,0.094,0,1
ZC003716,23.0,Female,Germany,Tier 3,10,9,5,618.01,123.6,4,3.0,5,0.646,2,Men,Mixed,0.596,0.345,0,0
ZC003717,40.0,Male,Spain,Tier 1,33,107,5,548.93,109.79,1,1.0,3,0.588,2,Men,Mixed,0.258,0.344,0,0
ZC003718,36.0,Male,Spain,Tier 1,5,63,1,80.25,80.25,4,2.1,8,0.083,6,Women,Online,0.127,0.484,0,0
ZC003719,37.0,Male,UK,Tier 3,10,7,1,163.42,163.42,4,8.9,6,0.609,5,Women,Online,0.152,0.299,0,0
ZC003720,35.0,Male,Other,Tier 2,10,41,3,243.66,81.22,4,14.7,3,0.43,1,Kids,Store,0.413,0.443,0,0
ZC003721,32.0,Male,France,Tier 1,31,33,2,108.16,54.08,2,7.6,7,,1,Women,Store,0.601,0.265,0,1
ZC003722,39.0,Female,USA,Tier 2,19,32,1,45.7,45.7,5,9.5,2,0.342,8,Men,Online,0.151,0.084,0,0
ZC003723,41.0,Female,UK,Tier 1,31,163,6,610.21,101.7,1,3.9,6,0.786,1,Kids,Mixed,0.265,0.163,0,1
ZC003724,,Female,France,Tier 3,8,85,1,37.99,37.99,0,2.6,3,0.23,5,Kids,Mixed,0.263,0.173,0,0
ZC003725,31.0,Male,Germany,Tier 2,30,42,2,139.6,69.8,4,1.0,5,0.477,1,Men,Online,0.599,0.412,0,0
ZC003726,46.0,Female,USA,Tier 1,28,33,1,70.58,70.58,4,6.3,2,0.68,4,Women,Mixed,0.229,0.066,0,0
ZC003727,34.0,Male,USA,Tier 1,10,75,1,130.4,130.4,2,5.6,3,0.534,7,Women,Online,0.525,0.114,0,0
ZC003728,38.0,Female,France,Tier 1,11,39,1,45.21,45.21,6,8.9,4,0.583,2,Men,Online,0.225,0.261,0,0
ZC003729,35.0,Male,Germany,Tier 1,11,111,1,108.68,108.68,2,3.8,3,0.195,4,Women,Online,0.453,0.377,0,1
ZC003730,34.0,Female,Mexico,Tier 2,53,52,1,79.48,79.48,7,1.8,5,0.414,2,Men,Online,0.281,0.116,0,0
ZC003731,25.0,Male,Germany,Tier 1,18,4,2,117.82,58.91,4,3.2,1,0.319,7,Women,Online,0.197,0.479,0,0
ZC003732,39.0,Male,Italy,Tier 3,7,10,1,97.48,97.48,9,2.8,5,0.193,5,Home,Online,0.52,0.087,0,1
ZC003733,60.0,Female,France,Tier 1,11,28,3,219.15,73.05,3,5.4,3,0.299,6,Men,Online,0.144,0.367,0,0
ZC003734,28.0,Male,France,Tier 1,60,51,3,156.71,52.24,6,4.0,6,0.298,4,Women,Store,0.348,0.211,0,0
ZC003735,33.0,Female,Germany,Tier 2,21,85,1,60.75,60.75,0,6.2,2,0.295,8,Women,Online,0.252,0.164,1,1
ZC003736,28.0,Male,USA,Tier 2,16,80,1,56.27,56.27,4,5.7,4,,3,Kids,Mixed,0.252,0.345,0,0
ZC003737,27.0,Male,Other,Tier 1,5,208,1,45.75,45.75,1,17.4,1,0.727,2,Men,Online,0.58,0.227,0,1
ZC003738,47.0,Female,USA,Tier 1,9,1,1,56.98,56.98,7,1.9,7,0.146,1,Women,Online,0.103,0.153,0,0
ZC003739,25.0,Female,Germany,Tier 1,39,0,5,214.89,42.98,4,5.2,2,0.309,7,Kids,Online,0.16,0.299,0,0
ZC003740,27.0,Female,France,Tier 2,21,8,1,53.2,53.2,2,2.7,5,0.207,5,Home,Mixed,0.678,0.177,0,0
ZC003741,16.0,Female,Other,Tier 3,10,21,1,50.15,50.15,2,2.8,2,0.15,2,Kids,Store,0.506,0.844,0,0
ZC003742,24.0,Male,Spain,Tier 2,60,115,1,72.76,72.76,3,7.4,6,0.355,2,Women,Online,0.216,0.379,0,1
ZC003743,16.0,Female,Other,Tier 2,21,74,1,48.16,48.16,3,5.8,3,0.274,3,Men,Store,0.364,0.198,0,0
ZC003744,38.0,Male,Spain,Tier 2,60,8,8,659.13,82.39,10,7.8,3,0.583,5,Beauty,Online,0.464,0.306,0,0
ZC003745,,Male,Spain,Tier 2,8,21,2,63.53,31.76,3,7.1,8,0.695,7,Women,Online,0.445,0.191,0,0
ZC003746,28.0,Male,Other,Tier 2,6,23,1,58.36,58.36,5,8.4,4,0.323,7,Women,Store,0.384,0.206,0,0
ZC003747,16.0,Female,USA,Tier 1,18,17,1,75.54,75.54,6,4.2,1,0.88,4,Women,Online,0.205,0.415,1,0
ZC003748,41.0,Female,Germany,Tier 1,5,39,1,61.04,61.04,3,4.2,4,0.22,4,Men,Store,0.665,0.382,0,0
ZC003749,25.0,Male,UK,Tier 3,14,30,2,178.06,89.03,11,6.9,1,0.501,8,Home,Mixed,0.394,0.234,0,0
ZC003750,45.0,Male,Other,Tier 3,27,33,1,53.69,53.69,7,2.7,4,0.27,3,Women,Mixed,0.198,0.39,0,0
ZC003751,29.0,Male,Mexico,Tier 2,25,9,2,229.98,114.99,8,1.0,3,0.499,3,Women,Mixed,0.039,0.048,0,0
ZC003752,26.0,Female,USA,Tier 1,21,85,1,111.52,111.52,1,2.7,1,0.62,2,Women,Mixed,0.529,0.305,0,1
ZC003753,30.0,Female,Mexico,Tier 2,10,53,2,41.06,20.53,6,4.4,3,0.631,6,Men,Online,0.576,0.147,1,1
ZC003754,40.0,Male,USA,Tier 1,34,27,1,89.32,89.32,9,5.5,3,0.699,7,Kids,Online,0.244,0.386,0,0
ZC003755,30.0,Male,Germany,Tier 1,16,13,3,205.05,68.35,7,2.2,3,0.522,1,TRF,Mixed,0.221,0.114,0,0
ZC003756,27.0,Female,Mexico,Tier 1,2,36,1,75.23,75.23,12,2.3,3,0.187,2,Women,Store,0.287,0.227,0,0
ZC003757,30.0,Male,Italy,Tier 2,9,5,2,156.97,78.48,3,1.1,1,0.227,5,Kids,Mixed,0.427,0.429,0,1
ZC003758,19.0,Female,Germany,Tier 1,9,75,1,59.54,59.54,1,1.8,2,0.521,4,Women,Online,0.392,0.197,0,0
ZC003759,36.0,Female,Other,Tier 2,37,81,6,418.22,69.7,3,6.4,2,0.209,4,Kids,Mixed,0.068,0.343,0,0
ZC003760,16.0,Female,France,Tier 2,9,51,1,114.95,114.95,5,9.9,0,0.432,8,Women,Store,0.285,0.236,0,0
ZC003761,28.0,Female,Other,Tier 1,24,200,5,557.69,111.54,0,1.9,4,0.463,2,Women,Store,0.388,0.284,0,1
ZC003762,40.0,Female,Spain,Tier 1,4,83,1,66.14,66.14,1,6.8,3,0.566,8,Women,Online,0.281,0.242,0,1
ZC003763,,Female,USA,Tier 2,27,106,2,81.87,40.94,4,9.7,9,0.364,8,Women,Mixed,0.753,0.333,0,1
ZC003764,38.0,Female,Mexico,Tier 3,5,78,1,74.25,74.25,1,1.3,2,0.582,5,Women,Online,0.341,0.425,0,1
ZC003765,31.0,Female,USA,Tier 3,36,79,3,197.75,65.92,1,12.6,5,0.444,4,Women,Store,0.317,0.337,0,0
ZC003766,44.0,Female,UK,Tier 1,16,62,1,125.38,125.38,1,6.2,2,0.183,5,Men,Mixed,0.287,0.533,0,0
ZC003767,41.0,Female,Mexico,Tier 2,31,102,6,344.04,57.34,2,3.4,4,0.582,8,Kids,Store,0.497,0.245,0,0
ZC003768,36.0,Male,France,Tier 2,16,57,1,33.69,33.69,7,4.5,2,0.384,6,Home,Mixed,0.304,0.175,0,0
ZC003769,,Male,USA,Tier 1,11,15,1,69.83,69.83,5,3.4,5,0.18,2,Kids,Online,0.409,0.294,0,0
ZC003770,40.0,Female,USA,Tier 2,5,114,1,84.57,84.57,1,3.4,2,0.416,6,Women,Store,0.196,0.681,0,1
ZC003771,28.0,Female,USA,Tier 1,3,77,1,62.68,62.68,1,3.0,3,0.326,5,Home,Store,0.369,0.195,0,1
ZC003772,19.0,Male,USA,Tier 2,11,17,1,65.88,65.88,4,2.0,2,0.117,1,Beauty,Mixed,0.424,0.465,0,0
ZC003773,36.0,Male,Spain,Tier 1,18,47,4,358.9,89.72,5,7.6,4,0.207,7,Men,Online,0.381,0.038,0,0
ZC003774,37.0,Male,Other,Tier 1,7,7,2,95.1,47.55,9,1.7,3,,6,TRF,Mixed,0.458,0.06,0,1
ZC003775,43.0,Male,USA,Tier 1,58,159,3,227.51,75.84,0,3.8,2,0.647,7,TRF,Online,0.463,0.242,0,0
ZC003776,23.0,Female,Mexico,Tier 1,42,72,3,223.38,74.46,0,2.3,7,0.205,7,Men,Mixed,0.332,0.24,0,1
ZC003777,23.0,Male,Other,Tier 1,16,11,4,412.16,103.04,5,1.1,5,0.525,2,Men,Online,0.308,0.304,0,1
ZC003778,37.0,Female,USA,Tier 1,46,42,3,204.79,68.26,7,1.3,2,0.649,4,Men,Online,0.293,0.258,0,0
ZC003779,31.0,Male,Other,Tier 1,17,15,2,227.6,113.8,8,7.8,4,0.185,8,Women,Store,0.225,0.376,0,0
ZC003780,16.0,Male,USA,Tier 1,7,30,1,73.57,73.57,6,4.8,5,0.642,5,Women,Mixed,0.189,0.298,0,0
ZC003781,36.0,Male,Germany,Tier 1,15,80,1,92.24,92.24,3,8.0,5,0.361,4,Women,Online,0.248,0.538,0,0
ZC003782,16.0,Female,Other,Tier 1,28,111,1,95.94,95.94,1,1.0,7,0.421,5,Women,Store,0.129,0.199,0,1
ZC003783,23.0,Female,Mexico,Tier 3,10,12,1,24.38,24.38,4,2.7,5,0.579,4,Men,Online,0.318,0.464,0,0
ZC003784,46.0,Female,USA,Tier 1,50,159,9,874.94,97.22,0,3.5,2,0.235,3,Men,Online,0.25,0.244,0,0
ZC003785,50.0,Female,USA,Tier 2,12,134,1,54.53,54.53,1,3.7,3,0.223,4,Kids,Store,0.112,0.02,0,1
ZC003786,20.0,Male,USA,Tier 1,31,34,1,65.82,65.82,11,3.6,7,0.375,5,Women,Mixed,0.528,0.024,0,0
ZC003787,29.0,Male,Other,Tier 1,15,24,3,283.86,94.62,5,11.8,5,0.568,2,Women,Mixed,0.306,0.487,0,0
ZC003788,32.0,Female,USA,Tier 3,9,99,5,296.91,59.38,1,4.3,5,0.303,5,Men,Mixed,0.373,0.587,0,0
ZC003789,50.0,Male,France,Tier 2,6,303,1,83.95,83.95,0,3.0,4,0.41,3,Women,Mixed,0.149,0.125,0,1
ZC003790,27.0,Female,USA,Tier 2,33,53,1,104.52,104.52,7,4.9,2,0.617,3,Kids,Mixed,0.278,0.496,0,0
ZC003791,27.0,Female,USA,Tier 1,23,31,3,243.32,81.11,3,4.4,3,0.46,8,Women,Store,0.384,0.318,0,0
ZC003792,47.0,Female,UK,Tier 1,10,27,2,121.75,60.88,7,3.8,4,0.087,4,TRF,Store,0.445,0.427,0,0
ZC003793,,Female,USA,Tier 1,34,20,1,102.62,102.62,8,8.0,3,0.572,1,Kids,Store,0.614,0.159,0,1
ZC003794,39.0,Male,Germany,Tier 1,11,116,1,97.13,97.13,0,6.3,1,0.456,1,Women,Online,0.564,0.437,0,1
ZC003795,,Male,UK,Tier 3,22,147,1,38.63,38.63,0,2.7,4,0.275,5,TRF,Store,0.347,0.713,0,1
ZC003796,30.0,Male,UK,Tier 1,24,33,1,85.27,85.27,5,8.3,2,0.672,7,Men,Store,0.615,0.082,0,0
ZC003797,16.0,Female,France,Tier 1,60,47,4,383.43,95.86,8,1.0,3,0.421,6,Women,Store,0.471,0.271,0,0
ZC003798,21.0,Male,USA,Tier 1,60,21,7,543.44,77.63,8,6.9,5,0.222,7,Beauty,Online,0.3,0.16,0,0
ZC003799,40.0,Female,Mexico,Tier 1,11,22,3,110.03,36.68,7,6.8,5,0.306,1,Men,Mixed,0.196,0.517,0,1
ZC003800,32.0,Female,France,Tier 1,9,49,1,44.83,44.83,6,7.2,6,0.569,4,Women,Online,0.234,0.113,0,0
ZC003801,29.0,Female,France,Tier 1,20,68,5,339.75,67.95,2,4.7,2,0.107,1,Women,Mixed,0.362,0.124,0,0
ZC003802,25.0,Male,USA,Tier 3,36,209,5,428.93,85.79,1,15.4,6,0.407,6,Home,Online,0.321,0.204,0,1
ZC003803,30.0,Male,Spain,Tier 2,3,7,1,112.58,112.58,6,1.0,4,0.193,8,Home,Online,0.256,0.159,0,0
ZC003804,35.0,Female,Mexico,Tier 1,52,43,6,281.43,46.9,4,2.6,5,0.382,3,Home,Mixed,0.301,0.281,0,0
ZC003805,42.0,Male,Other,Tier 1,13,65,3,175.45,58.48,1,1.9,1,0.284,7,Men,Store,0.131,0.426,0,0
ZC003806,16.0,Female,USA,Tier 2,35,38,7,201.4,28.77,9,4.6,2,0.487,1,Men,Online,0.299,0.11,0,0
ZC003807,24.0,Female,USA,Tier 1,13,85,2,171.64,85.82,1,9.4,4,0.278,8,Women,Store,0.242,0.109,0,0
ZC003808,34.0,Male,USA,Tier 3,49,124,7,746.34,106.62,2,1.4,3,0.424,2,Women,Online,0.448,0.326,0,0
ZC003809,31.0,Male,Italy,Tier 2,13,39,1,98.78,98.78,4,2.9,2,0.312,5,Women,Store,0.167,0.316,0,0
ZC003810,36.0,Male,USA,Tier 1,29,46,1,78.06,78.06,7,9.6,2,0.444,4,Men,Online,0.275,0.279,0,0
ZC003811,35.0,Male,Other,Tier 2,18,29,1,77.51,77.51,9,1.0,3,0.217,6,Women,Mixed,0.079,0.529,0,0
ZC003812,29.0,Female,Spain,Tier 1,7,89,1,65.99,65.99,1,3.5,5,0.265,3,TRF,Mixed,0.584,0.212,1,1
ZC003813,27.0,Male,Other,Tier 1,12,18,1,63.13,63.13,3,10.0,2,0.283,1,Men,Online,0.196,0.362,0,0
ZC003814,30.0,Male,Spain,Tier 2,3,116,1,68.8,68.8,0,3.2,7,0.385,4,Men,Store,0.416,0.219,0,1
ZC003815,43.0,Female,USA,Tier 1,11,25,3,232.48,77.49,7,4.1,2,0.298,1,Women,Online,0.193,0.059,0,0
ZC003816,25.0,Female,USA,Tier 1,24,72,7,548.42,78.35,2,3.2,3,0.398,6,Women,Store,0.337,0.235,0,0
ZC003817,31.0,Female,USA,Tier 3,48,71,3,151.95,50.65,2,5.4,6,0.325,7,Women,Mixed,0.274,0.616,0,0
ZC003818,34.0,Male,Other,Tier 2,18,166,4,338.87,84.72,3,8.9,3,0.872,7,Women,Store,0.371,0.206,0,1
ZC003819,48.0,Male,UK,Tier 1,60,126,6,580.98,96.83,2,3.5,2,0.484,7,Women,Online,0.475,0.245,0,0
ZC003820,29.0,Male,Spain,Tier 3,39,19,4,490.91,122.73,5,18.9,3,0.267,6,Men,Online,0.332,0.308,0,0
ZC003821,42.0,Female,Other,Tier 1,9,123,2,185.33,92.66,1,4.1,2,0.46,4,Women,Online,0.584,0.069,0,1
ZC003822,44.0,Female,USA,Tier 2,19,16,1,72.54,72.54,4,4.2,2,0.318,5,Women,Online,0.423,0.347,0,0
ZC003823,31.0,Female,Spain,Tier 1,27,55,4,433.75,108.44,1,6.4,3,0.332,4,Women,Mixed,0.284,0.378,0,0
ZC003824,30.0,Female,Spain,Tier 1,13,32,1,109.84,109.84,6,6.4,6,0.341,1,Women,Store,0.292,0.147,0,0
ZC003825,29.0,Female,UK,Tier 2,24,114,2,130.37,65.18,1,2.3,1,0.373,3,TRF,Online,0.419,0.317,0,1
ZC003826,29.0,Female,Other,Tier 1,12,14,1,115.93,115.93,8,4.1,5,0.495,1,Women,Store,0.065,0.487,0,0
ZC003827,,Female,Spain,Tier 3,18,8,6,545.77,90.96,7,1.4,5,0.234,7,Men,Mixed,0.525,0.084,0,0
ZC003828,34.0,Female,Italy,Tier 1,44,65,1,44.6,44.6,0,4.1,5,0.466,3,Women,Online,0.388,0.421,0,1
ZC003829,34.0,Male,USA,Tier 3,12,17,2,114.43,57.22,4,1.0,3,0.097,5,Women,Mixed,0.517,0.58,0,1
ZC003830,21.0,Female,USA,Tier 1,5,80,3,194.08,64.69,1,3.4,3,0.35,2,Kids,Online,0.128,0.24,0,0
ZC003831,22.0,Female,Italy,Tier 1,60,72,4,422.89,105.72,2,6.2,5,0.714,1,Men,Mixed,0.041,0.392,0,0
ZC003832,53.0,Female,Italy,Tier 1,34,52,3,275.17,91.72,7,1.0,3,0.491,5,Home,Store,0.264,0.317,0,0
ZC003833,30.0,Male,France,Tier 1,26,54,1,83.21,83.21,8,2.3,6,0.555,1,Kids,Store,0.261,0.54,0,0
ZC003834,24.0,Male,USA,Tier 2,51,79,3,225.68,75.23,1,10.8,3,0.19,8,Men,Store,0.616,0.123,0,1
ZC003835,46.0,Female,Spain,Tier 2,35,47,6,804.53,134.09,3,1.1,2,,3,Women,Mixed,0.208,0.094,0,0
ZC003836,35.0,Male,Italy,Tier 2,13,27,1,83.12,83.12,7,5.5,1,0.493,3,Women,Online,0.258,0.102,0,0
ZC003837,38.0,Male,Germany,Tier 1,60,44,5,337.93,67.59,3,1.7,4,0.326,5,Women,Online,0.219,0.207,0,0
ZC003838,31.0,Male,UK,Tier 1,24,44,1,108.43,108.43,8,2.2,3,0.441,1,Men,Mixed,0.44,0.098,0,0
ZC003839,29.0,Female,USA,Tier 1,32,57,4,311.13,77.78,12,8.9,2,0.33,7,Women,Store,0.081,0.209,0,0
ZC003840,30.0,Female,Mexico,Tier 2,3,254,1,108.35,108.35,1,6.9,7,0.356,6,Women,Online,0.194,0.183,0,1
ZC003841,18.0,Female,Spain,Tier 3,8,43,1,69.74,69.74,8,2.1,4,0.669,5,Women,Store,0.208,0.459,0,0
ZC003842,31.0,Female,Germany,Tier 1,6,162,1,76.38,76.38,0,2.2,6,0.267,2,Men,Mixed,0.254,0.199,0,1
ZC003843,35.0,Female,Italy,Tier 1,6,126,1,128.33,128.33,0,2.2,3,0.677,2,Women,Online,0.469,0.46,0,0
ZC003844,51.0,Female,USA,Tier 1,28,19,4,241.49,60.37,4,3.6,2,0.274,1,Women,Online,0.406,0.05,0,0
ZC003845,33.0,Female,France,Tier 1,9,14,3,328.44,109.48,4,1.9,3,0.7,3,Women,Store,0.488,0.066,0,0
ZC003846,16.0,Female,France,Tier 2,23,64,1,39.04,39.04,1,9.7,5,0.09,4,Home,Store,0.21,0.339,0,0
ZC003847,31.0,Female,Germany,Tier 1,35,123,4,415.34,103.84,0,1.7,7,0.681,8,Women,Mixed,0.644,0.357,0,0
ZC003848,59.0,Female,Other,Tier 2,11,48,1,70.79,70.79,5,1.5,1,0.456,6,Home,Online,0.32,0.433,0,0
ZC003849,41.0,Female,France,Tier 1,9,65,1,92.23,92.23,2,4.8,4,0.381,6,Kids,Store,0.042,0.057,0,0
ZC003850,24.0,Female,Spain,Tier 1,4,62,4,233.69,58.42,1,8.3,5,0.362,1,Kids,Online,0.288,0.221,0,0
ZC003851,38.0,Male,USA,Tier 1,42,194,3,275.55,91.85,1,3.4,1,0.551,7,Kids,Store,0.119,0.037,0,0
ZC003852,25.0,Female,Germany,Tier 1,11,115,4,300.66,75.17,2,4.9,4,0.503,6,Men,Online,0.598,0.296,0,1
ZC003853,18.0,Female,USA,Tier 2,53,33,8,713.2,89.15,9,5.1,4,0.206,4,Women,Mixed,0.443,0.403,0,0
ZC003854,29.0,Female,Mexico,Tier 3,26,8,1,92.23,92.23,5,7.9,5,0.434,3,Home,Online,0.356,0.219,0,1
ZC003855,33.0,Female,USA,Tier 1,46,52,4,291.94,72.98,2,5.4,6,0.483,4,Women,Store,0.301,0.031,0,0
ZC003856,16.0,Female,Spain,Tier 1,5,49,1,56.99,56.99,5,1.5,4,0.315,5,Women,Store,0.501,0.329,0,0
ZC003857,21.0,Female,USA,Tier 2,31,348,3,191.47,63.82,2,1.1,2,0.177,5,Women,Online,0.072,0.425,0,1
ZC003858,32.0,Female,Other,Tier 2,31,56,4,353.04,88.26,5,2.2,4,0.279,5,Men,Online,0.435,0.087,0,0
ZC003859,28.0,Male,Italy,Tier 2,40,58,3,172.09,57.36,9,3.5,4,0.026,1,Women,Online,0.238,0.068,0,0
ZC003860,36.0,Female,France,Tier 1,9,39,2,169.03,84.52,3,2.4,4,0.454,6,Kids,Online,0.267,0.554,0,0
ZC003861,20.0,Female,USA,Tier 2,12,37,1,61.26,61.26,2,5.8,10,0.555,3,Men,Store,0.206,0.296,0,0
ZC003862,39.0,Female,Other,Tier 1,41,114,2,128.54,64.27,2,4.4,8,0.62,5,Women,Online,0.288,0.612,0,0
ZC003863,20.0,Male,Other,Tier 1,4,105,1,30.98,30.98,3,4.7,4,0.378,5,Women,Mixed,0.422,0.349,1,1
ZC003864,48.0,Female,UK,Tier 3,8,44,1,116.41,116.41,7,1.0,2,0.662,7,TRF,Mixed,0.571,0.222,0,0
ZC003865,16.0,Male,Mexico,Tier 1,30,91,5,526.36,105.27,1,6.2,3,,7,Men,Store,0.646,0.615,0,0
ZC003866,21.0,Female,Other,Tier 1,13,61,1,70.86,70.86,2,1.4,3,0.328,3,Women,Online,0.266,0.17,0,0
ZC003867,36.0,Female,USA,Tier 1,15,66,2,170.42,85.21,5,4.6,5,0.252,7,Women,Store,0.548,0.371,0,0
ZC003868,49.0,Female,USA,Tier 1,1,21,1,89.91,89.91,7,2.4,3,0.246,3,Men,Online,0.329,0.458,0,0
ZC003869,35.0,Male,France,Tier 3,51,98,6,404.0,67.33,2,6.7,4,0.168,5,Women,Store,0.482,0.107,0,1
ZC003870,38.0,Male,UK,Tier 1,14,44,1,113.45,113.45,7,3.6,2,0.534,6,Home,Store,0.549,0.354,0,0
ZC003871,32.0,Male,Mexico,Tier 1,29,148,2,115.67,57.84,2,3.9,3,0.406,6,Women,Mixed,0.339,0.274,0,0
ZC003872,22.0,Female,France,Tier 2,42,11,4,278.49,69.62,4,11.7,4,0.389,7,Women,Online,0.684,0.318,0,0
ZC003873,27.0,Male,USA,Tier 1,15,40,1,45.29,45.29,7,12.3,1,0.373,5,Men,Mixed,0.425,0.052,0,0
ZC003874,20.0,Female,USA,Tier 1,2,12,1,122.95,122.95,5,1.7,3,0.349,5,Women,Mixed,0.244,0.274,0,0
ZC003875,19.0,Female,Italy,Tier 1,29,120,3,186.64,62.21,0,5.5,4,0.225,5,Kids,Online,0.56,0.316,0,1
ZC003876,36.0,Male,Spain,Tier 1,51,74,6,475.54,79.26,4,10.0,7,0.323,5,Home,Mixed,0.278,0.657,0,0
ZC003877,21.0,Male,USA,Tier 1,33,11,1,51.7,51.7,8,3.6,9,0.317,3,Kids,Online,0.304,0.28,0,0
ZC003878,35.0,Female,Spain,Tier 2,25,62,3,218.99,73.0,1,1.0,3,0.298,1,Men,Online,0.447,0.481,0,0
ZC003879,19.0,Female,Other,Tier 1,33,45,3,188.94,62.98,10,6.3,1,0.549,6,Kids,Mixed,0.506,0.178,0,0
ZC003880,35.0,Female,Spain,Tier 2,36,39,2,132.57,66.28,6,1.5,3,0.48,1,Men,Online,0.577,0.429,0,0
ZC003881,27.0,Female,Spain,Tier 3,18,55,1,43.32,43.32,5,8.4,9,0.594,5,Women,Store,0.491,0.035,0,0
ZC003882,46.0,Female,Mexico,Tier 1,52,227,6,366.76,61.13,2,1.7,6,0.1,2,Women,Store,0.436,0.216,0,1
ZC003883,35.0,Male,Spain,Tier 1,22,230,6,323.16,53.86,1,3.4,2,,5,Women,Online,0.653,0.331,0,1
ZC003884,44.0,Female,Italy,Tier 1,38,63,6,711.81,118.64,2,4.0,3,0.23,7,Kids,Store,0.443,0.576,0,1
ZC003885,24.0,Male,UK,Tier 1,8,47,2,114.35,57.18,8,4.1,2,0.611,7,Women,Store,0.381,0.308,0,0
ZC003886,33.0,Female,Other,Tier 1,18,9,4,246.72,61.68,6,3.5,3,0.188,8,Home,Online,0.245,0.612,0,0
ZC003887,22.0,Female,USA,Tier 1,10,65,2,195.74,97.87,4,18.4,5,,1,Women,Online,0.532,0.414,0,0
ZC003888,28.0,Female,Spain,Tier 1,27,235,1,60.97,60.97,1,3.3,2,0.569,2,TRF,Online,0.181,0.587,0,1
ZC003889,29.0,Female,USA,Tier 1,7,80,1,64.13,64.13,2,7.4,0,0.559,4,Women,Mixed,0.222,0.551,0,0
ZC003890,25.0,Female,Other,Tier 1,33,41,1,89.35,89.35,2,11.2,2,,4,Women,Online,0.717,0.122,0,0
ZC003891,20.0,Female,Other,Tier 2,28,19,1,91.43,91.43,6,5.3,7,0.178,4,Women,Mixed,0.278,0.189,0,0
ZC003892,18.0,Male,USA,Tier 1,16,57,3,260.07,86.69,5,1.6,1,0.389,5,Home,Store,0.102,0.357,0,0
ZC003893,16.0,Female,USA,Tier 2,35,214,2,155.89,77.94,1,2.4,1,0.42,6,Women,Online,0.444,0.407,0,1
ZC003894,21.0,Female,USA,Tier 2,8,44,1,111.47,111.47,6,5.1,2,0.864,1,Men,Mixed,0.36,0.028,0,0
ZC003895,38.0,Male,USA,Tier 1,33,142,1,99.57,99.57,0,14.3,4,0.227,2,Men,Online,0.708,0.364,0,1
ZC003896,16.0,Female,USA,Tier 2,9,49,1,73.9,73.9,4,3.3,2,0.376,1,Women,Mixed,0.469,0.276,0,0
ZC003897,18.0,Male,Other,Tier 1,11,4,2,156.03,78.02,2,8.2,6,0.367,2,Men,Mixed,0.319,0.392,0,0
ZC003898,50.0,Male,Spain,Tier 2,42,7,3,187.0,62.33,7,1.1,0,0.172,6,Men,Online,0.421,0.191,1,0
ZC003899,26.0,Male,Other,Tier 1,42,99,3,290.4,96.8,0,7.3,3,0.552,1,Women,Online,0.225,0.101,0,0
ZC003900,35.0,Female,Spain,Tier 1,26,61,3,275.68,91.89,1,1.6,0,0.071,1,Women,Mixed,0.111,0.418,0,0
ZC003901,38.0,Male,Other,Tier 1,60,130,5,364.75,72.95,0,1.8,4,0.57,4,Men,Online,0.303,0.261,0,1
ZC003902,39.0,Female,UK,Tier 2,56,52,2,111.49,55.74,8,5.0,5,0.575,2,Women,Mixed,0.148,0.272,0,0
ZC003903,17.0,Female,Spain,Tier 2,16,139,1,131.85,131.85,4,7.5,5,0.222,5,Women,Online,0.188,0.392,0,1
ZC003904,30.0,Male,Mexico,Tier 1,9,93,1,58.47,58.47,1,3.1,4,0.446,5,Women,Mixed,0.315,0.467,0,1
ZC003905,16.0,Female,USA,Tier 1,33,12,4,329.35,82.34,2,4.3,7,0.661,1,Men,Online,0.623,0.446,0,1
ZC003906,56.0,Male,Other,Tier 1,22,43,1,45.84,45.84,5,6.2,5,0.522,6,Men,Store,0.299,0.141,0,0
ZC003907,16.0,Female,Mexico,Tier 1,29,30,1,90.06,90.06,4,2.5,2,0.72,1,Beauty,Mixed,0.345,0.325,0,0
ZC003908,22.0,Female,Other,Tier 1,31,18,3,208.01,69.34,11,7.1,5,0.323,1,TRF,Store,0.511,0.335,1,0
ZC003909,22.0,Female,Other,Tier 2,10,49,1,70.11,70.11,8,4.4,2,0.444,5,Women,Mixed,0.443,0.443,0,0
ZC003910,17.0,Male,USA,Tier 2,8,137,1,76.96,76.96,1,8.5,4,0.341,7,Women,Store,0.514,0.245,0,0
ZC003911,46.0,Female,UK,Tier 2,29,33,3,421.68,140.56,7,6.6,4,0.221,2,Men,Mixed,0.335,0.267,0,0
ZC003912,56.0,Male,Italy,Tier 1,29,16,1,123.7,123.7,7,2.7,3,0.349,2,Home,Store,0.378,0.386,0,0
ZC003913,27.0,Female,USA,Tier 2,6,118,4,371.38,92.84,2,7.9,1,0.551,1,Men,Online,0.299,0.4,0,0
ZC003914,19.0,Male,France,Tier 3,11,62,1,57.94,57.94,2,2.7,5,0.656,7,Women,Store,0.251,0.459,0,0
ZC003915,16.0,Female,USA,Tier 1,8,5,4,329.49,82.37,8,5.6,4,0.531,6,Men,Mixed,0.267,0.168,0,0
ZC003916,30.0,Male,Germany,Tier 2,20,85,1,73.18,73.18,2,1.5,1,0.443,2,Men,Online,0.345,0.736,0,0
ZC003917,29.0,Female,USA,Tier 1,18,87,1,107.22,107.22,0,4.4,3,0.39,1,Men,Online,0.279,0.581,0,0
ZC003918,25.0,Female,Spain,Tier 1,3,52,1,146.8,146.8,7,2.5,3,0.566,7,Women,Online,0.346,0.234,0,0
ZC003919,34.0,Male,Other,Tier 3,20,11,4,328.37,82.09,4,10.2,2,0.414,8,Kids,Online,0.656,0.421,0,0
ZC003920,36.0,Female,Other,Tier 1,24,28,2,171.03,85.52,5,6.2,1,0.231,6,Women,Online,0.62,0.127,0,0
ZC003921,35.0,Female,USA,Tier 3,25,38,2,273.62,136.81,3,5.2,4,0.313,8,Women,Online,0.44,0.163,0,0
ZC003922,29.0,Male,Spain,Tier 2,8,53,1,85.12,85.12,4,10.0,2,0.466,6,Men,Store,0.412,0.243,0,0
ZC003923,21.0,Male,Italy,Tier 3,19,15,1,66.41,66.41,10,10.4,2,,3,Women,Store,0.277,0.272,0,0
ZC003924,39.0,Male,USA,Tier 2,46,105,8,587.38,73.42,1,1.6,3,0.221,2,Women,Store,0.499,0.215,0,1
ZC003925,32.0,Male,Germany,Tier 2,11,240,1,76.41,76.41,1,6.2,3,0.401,4,Home,Mixed,0.571,0.14,0,1
ZC003926,41.0,Male,Mexico,Tier 1,44,20,6,410.6,68.43,6,9.6,4,0.637,4,Kids,Online,0.381,0.399,0,0
ZC003927,40.0,Female,USA,Tier 1,13,28,1,85.87,85.87,9,3.0,5,0.778,7,Women,Mixed,0.701,0.393,1,0
ZC003928,18.0,Female,USA,Tier 3,38,26,2,79.2,39.6,4,4.9,2,0.715,8,Women,Store,0.235,0.445,0,0
ZC003929,18.0,Male,Spain,Tier 1,29,381,1,31.91,31.91,0,4.8,5,0.376,4,Women,Online,0.537,0.475,0,1
ZC003930,24.0,Male,USA,Tier 1,20,71,3,221.19,73.73,4,3.0,4,0.342,1,Women,Mixed,0.183,0.103,0,0
ZC003931,21.0,Female,Germany,Tier 3,25,142,4,306.67,76.67,0,9.5,2,0.374,2,Kids,Mixed,0.212,0.11,0,1
ZC003932,40.0,Female,USA,Tier 1,2,79,1,119.78,119.78,1,3.0,3,0.54,2,Women,Online,0.434,0.449,0,1
ZC003933,36.0,Female,Other,Tier 2,36,12,4,273.21,68.3,6,4.5,4,0.79,2,Women,Store,0.119,0.522,0,0
ZC003934,43.0,Male,Italy,Tier 1,7,19,1,88.78,88.78,2,5.5,5,0.405,7,Kids,Online,0.41,0.516,0,0
ZC003935,36.0,Female,USA,Tier 1,48,25,5,304.38,60.88,6,2.1,2,0.472,3,Men,Store,0.297,0.169,0,0
ZC003936,34.0,Male,France,Tier 2,26,29,4,154.29,38.57,4,5.3,3,0.276,1,Beauty,Online,0.299,0.28,0,0
ZC003937,44.0,Male,UK,Tier 1,8,107,1,74.93,74.93,1,21.5,1,0.064,7,Women,Store,0.135,0.03,0,0
ZC003938,37.0,Female,UK,Tier 2,36,318,1,94.54,94.54,1,3.1,5,0.537,1,Women,Online,0.751,0.558,0,1
ZC003939,33.0,Female,France,Tier 1,21,45,1,68.73,68.73,7,8.4,3,0.43,6,Women,Online,0.125,0.158,0,0
ZC003940,47.0,Female,Spain,Tier 1,30,63,2,137.0,68.5,0,2.2,5,0.24,4,Women,Online,0.38,0.275,0,0
ZC003941,33.0,Female,USA,Tier 3,18,54,2,224.19,112.1,4,4.1,2,,6,Women,Store,0.168,0.248,0,0
ZC003942,29.0,Female,Spain,Tier 1,33,9,3,186.59,62.2,5,2.3,5,0.404,4,Women,Online,0.115,0.431,0,0
ZC003943,24.0,Female,USA,Tier 1,12,172,1,107.88,107.88,0,2.0,2,0.521,5,Men,Online,0.483,0.269,0,1
ZC003944,39.0,Male,Germany,Tier 1,15,95,1,88.69,88.69,2,6.8,1,0.573,7,Kids,Online,0.054,0.165,0,1
ZC003945,44.0,Female,Other,Tier 3,28,48,3,313.2,104.4,8,2.9,3,0.52,6,Women,Store,0.212,0.411,1,0
ZC003946,31.0,Female,Germany,Tier 3,49,264,2,250.69,125.34,1,4.5,1,0.473,1,Men,Store,0.224,0.12,0,1
ZC003947,45.0,Female,Other,Tier 1,20,6,1,56.32,56.32,4,1.7,6,0.321,4,Kids,Online,0.34,0.421,0,0
ZC003948,16.0,Male,France,Tier 1,34,112,1,112.0,112.0,2,1.8,6,0.608,2,Men,Mixed,0.305,0.233,0,1
ZC003949,31.0,Female,USA,Tier 3,32,52,5,512.6,102.52,7,3.8,4,0.614,6,Men,Online,0.271,0.124,0,0
ZC003950,32.0,Female,Other,Tier 3,47,36,1,110.07,110.07,3,3.2,2,0.513,1,Women,Online,0.373,0.151,0,0
ZC003951,25.0,Male,Spain,Tier 1,9,33,3,219.12,73.04,6,1.0,4,0.32,6,Women,Mixed,0.289,0.48,0,0
ZC003952,56.0,Female,Spain,Tier 2,25,46,1,17.25,17.25,7,4.2,1,0.607,4,Women,Mixed,0.281,0.38,0,0
ZC003953,31.0,Female,Other,Tier 1,23,41,4,551.01,137.75,5,3.6,4,0.316,2,Men,Store,0.327,0.119,0,0
ZC003954,28.0,Female,Germany,Tier 1,25,84,1,44.32,44.32,1,1.6,5,0.303,4,Men,Mixed,0.192,0.378,0,1
ZC003955,32.0,Male,Other,Tier 2,13,69,1,113.77,113.77,4,3.5,3,0.754,8,Beauty,Online,0.296,0.373,0,0
ZC003956,16.0,Male,Spain,Tier 2,20,162,1,54.92,54.92,1,4.0,3,0.384,3,Women,Online,0.405,0.15,0,0
ZC003957,24.0,Female,Mexico,Tier 1,38,41,3,162.45,54.15,11,1.8,6,0.127,7,Men,Mixed,0.346,0.312,0,0
ZC003958,42.0,Male,USA,Tier 2,10,209,2,144.9,72.45,0,2.4,3,0.403,7,Men,Store,0.532,0.23,0,1
ZC003959,26.0,Male,USA,Tier 1,28,193,1,82.09,82.09,1,2.9,4,0.292,1,Women,Online,0.391,0.323,0,1
ZC003960,24.0,Male,Other,Tier 3,17,33,2,281.91,140.96,1,3.0,1,0.272,5,Kids,Online,0.286,0.659,0,0
ZC003961,45.0,Male,UK,Tier 1,24,23,2,142.45,71.22,7,3.4,3,,3,Men,Online,0.252,0.528,0,0
ZC003962,45.0,Male,Italy,Tier 3,16,113,1,85.67,85.67,1,4.7,1,0.207,2,Women,Store,0.288,0.343,0,0
ZC003963,37.0,Female,Other,Tier 1,38,80,3,304.81,101.6,0,2.8,4,0.421,6,Men,Online,0.463,0.513,0,0
ZC003964,27.0,Female,Other,Tier 1,8,30,1,54.32,54.32,4,1.1,5,0.336,4,Men,Online,0.37,0.377,0,0
ZC003965,30.0,Male,Spain,Tier 2,24,80,3,290.35,96.78,1,3.7,10,0.159,7,Men,Online,0.13,0.295,1,0
ZC003966,24.0,Female,USA,Tier 1,40,30,4,298.86,74.72,6,5.8,5,0.571,2,Men,Mixed,0.413,0.153,0,0
ZC003967,22.0,Female,Other,Tier 1,25,70,2,231.83,115.92,2,1.0,3,0.705,3,Men,Store,0.598,0.238,0,0
ZC003968,22.0,Male,France,Tier 2,11,61,5,349.55,69.91,1,3.2,3,0.337,7,Kids,Mixed,0.375,0.654,0,0
ZC003969,26.0,Male,France,Tier 1,11,35,1,125.41,125.41,5,1.0,4,0.202,7,Women,Store,0.273,0.261,0,0
ZC003970,22.0,Male,Spain,Tier 2,24,216,1,86.98,86.98,2,3.1,3,,5,Women,Online,0.136,0.176,0,1
ZC003971,16.0,Male,Spain,Tier 1,5,228,3,156.22,52.07,1,5.1,3,0.501,5,Women,Store,0.252,0.273,0,1
ZC003972,34.0,Female,Other,Tier 1,29,43,1,40.02,40.02,9,3.0,3,0.4,3,Kids,Mixed,0.31,0.556,0,0
ZC003973,34.0,Male,UK,Tier 1,6,178,2,225.11,112.56,1,3.9,10,0.314,8,Kids,Mixed,0.271,0.21,0,1
ZC003974,49.0,Male,Mexico,Tier 1,8,27,1,85.56,85.56,8,4.5,1,0.361,8,Women,Online,0.381,0.119,0,0
ZC003975,25.0,Female,USA,Tier 1,54,49,2,137.7,68.85,7,9.2,2,0.48,3,Men,Online,0.277,0.331,0,0
ZC003976,35.0,Female,USA,Tier 1,48,46,6,515.71,85.95,7,1.0,3,0.318,6,Women,Online,0.744,0.22,0,0
ZC003977,35.0,Male,France,Tier 1,15,14,4,311.84,77.96,3,9.4,4,0.188,2,Women,Store,0.604,0.395,0,0
ZC003978,29.0,Female,Other,Tier 1,42,28,3,240.58,80.19,8,2.3,6,0.686,2,Women,Online,0.203,0.192,1,0
ZC003979,39.0,Female,USA,Tier 2,11,185,1,43.4,43.4,0,2.0,3,0.234,2,Men,Mixed,0.344,0.492,0,1
ZC003980,40.0,Female,USA,Tier 1,29,65,5,478.53,95.71,0,10.2,2,0.325,1,Men,Store,0.198,0.195,0,0
ZC003981,35.0,Female,France,Tier 1,44,193,1,79.89,79.89,0,2.0,2,0.419,4,Women,Online,0.425,0.64,0,0
ZC003982,29.0,Female,Spain,Tier 1,12,84,2,209.27,104.64,3,2.4,4,0.223,2,Women,Store,0.355,0.132,0,0
ZC003983,28.0,Male,UK,Tier 3,6,108,1,68.08,68.08,2,2.8,3,0.284,1,TRF,Store,0.518,0.039,0,0
ZC003984,18.0,Female,France,Tier 1,22,87,3,249.1,83.03,3,1.6,5,0.448,4,Women,Store,0.26,0.597,0,0
ZC003985,24.0,Male,Spain,Tier 3,12,76,1,43.88,43.88,1,7.3,4,0.202,6,Kids,Store,0.158,0.387,0,0
ZC003986,26.0,Female,Germany,Tier 1,13,43,1,111.78,111.78,4,4.1,4,0.291,5,TRF,Online,0.456,0.349,0,0
ZC003987,21.0,Female,Spain,Tier 3,8,96,4,341.41,85.35,0,1.0,7,0.193,1,Women,Mixed,0.541,0.411,0,1
ZC003988,36.0,Female,Italy,Tier 1,1,101,1,23.39,23.39,0,2.0,3,0.254,5,TRF,Mixed,0.262,0.362,0,0
ZC003989,,Male,Mexico,Tier 1,14,126,3,191.67,63.89,5,1.0,4,0.617,4,Women,Online,0.568,0.408,0,0
ZC003990,23.0,Male,Other,Tier 1,15,148,1,77.65,77.65,3,1.8,3,0.51,1,Men,Online,0.236,0.355,0,1
ZC003991,35.0,Female,Italy,Tier 3,11,202,1,113.26,113.26,2,6.0,0,0.295,2,Kids,Online,0.214,0.164,0,1
ZC003992,22.0,Male,France,Tier 1,8,79,2,84.45,42.22,1,4.0,1,0.652,1,Men,Mixed,0.315,0.283,0,0
ZC003993,29.0,Female,USA,Tier 2,36,89,4,409.42,102.36,3,3.9,5,0.443,1,Beauty,Store,0.123,0.127,0,1
ZC003994,25.0,Female,UK,Tier 1,25,73,3,310.95,103.65,0,6.6,3,0.74,1,TRF,Mixed,0.295,0.494,0,0
ZC003995,38.0,Male,Spain,Tier 2,6,196,1,60.1,60.1,0,1.4,3,0.502,3,Women,Online,0.433,0.045,0,1
ZC003996,25.0,Female,Italy,Tier 2,23,82,3,278.81,92.94,2,1.7,6,0.354,8,Men,Online,0.701,0.027,0,0
ZC003997,42.0,Male,Spain,Tier 1,10,81,2,181.96,90.98,1,2.9,7,0.495,1,Women,Store,0.387,0.336,0,0
ZC003998,30.0,Female,UK,Tier 2,34,93,4,233.4,58.35,4,2.7,3,0.38,3,Women,Store,0.279,0.43,0,0
ZC003999,26.0,Male,France,Tier 2,11,93,2,175.53,87.76,1,1.0,2,0.649,5,Kids,Mixed,0.389,0.509,0,1
ZC004000,19.0,Female,Germany,Tier 1,38,74,3,334.06,111.35,4,10.5,1,0.724,8,Women,Online,0.649,0.34,0,0
ZC004001,35.0,Female,USA,Tier 1,37,35,1,43.82,43.82,7,4.9,3,0.482,2,Women,Online,0.522,0.174,0,0
ZC004002,41.0,Female,UK,Tier 1,27,34,1,80.58,80.58,8,6.5,6,0.452,2,Home,Online,0.479,0.218,0,0
ZC004003,35.0,Male,Germany,Tier 2,11,14,1,79.35,79.35,5,2.7,3,0.378,8,Men,Online,0.228,0.322,0,1
ZC004004,54.0,Female,Other,Tier 1,16,50,1,96.38,96.38,4,1.7,3,0.356,6,Women,Online,0.21,0.157,0,0
ZC004005,46.0,Female,Italy,Tier 2,18,13,1,80.09,80.09,5,1.3,1,0.298,3,Home,Mixed,0.584,0.067,0,1
ZC004006,29.0,Female,USA,Tier 1,21,4,5,526.95,105.39,4,5.5,3,0.657,7,Women,Mixed,0.091,0.266,1,0
ZC004007,29.0,Female,Other,Tier 3,40,139,4,125.05,31.26,4,8.0,6,0.269,3,Women,Online,0.198,0.466,0,0
ZC004008,37.0,Female,Spain,Tier 2,15,35,1,74.17,74.17,7,18.6,3,0.479,2,Kids,Online,0.373,0.165,0,0
ZC004009,24.0,Male,USA,Tier 1,34,152,3,196.76,65.59,2,5.5,3,0.375,7,Men,Mixed,0.135,0.217,0,0
ZC004010,44.0,Female,Spain,Tier 2,7,21,1,66.91,66.91,5,22.1,3,0.4,1,Men,Store,0.326,0.219,0,1
ZC004011,36.0,Female,UK,Tier 2,12,49,5,182.59,36.52,4,5.9,10,0.393,7,TRF,Mixed,0.28,0.227,0,0
ZC004012,35.0,Female,Germany,Tier 1,10,136,2,226.41,113.2,0,1.9,5,0.535,3,Men,Store,0.592,0.457,0,1
ZC004013,39.0,Female,France,Tier 1,34,99,2,107.74,53.87,2,3.5,3,0.115,3,Women,Store,0.246,0.188,0,1
ZC004014,49.0,Female,Mexico,Tier 1,45,10,2,176.59,88.3,9,5.0,3,0.348,4,Men,Online,0.057,0.16,0,0
ZC004015,34.0,Female,France,Tier 1,13,15,1,64.69,64.69,3,8.6,6,0.276,3,TRF,Mixed,0.147,0.173,0,0
ZC004016,31.0,Female,USA,Tier 1,11,61,5,319.25,63.85,0,1.0,2,0.583,5,Kids,Online,0.43,0.393,0,1
ZC004017,47.0,Male,France,Tier 1,17,18,1,101.45,101.45,5,9.2,8,0.382,6,Men,Mixed,0.301,0.41,0,0
ZC004018,42.0,Female,Italy,Tier 1,10,83,1,95.13,95.13,0,2.7,4,0.861,1,Women,Mixed,0.379,0.156,0,0
ZC004019,29.0,Male,France,Tier 1,14,67,3,124.73,41.58,0,12.6,2,0.877,7,Women,Online,0.129,0.243,0,0
ZC004020,32.0,Female,UK,Tier 1,17,222,2,126.18,63.09,1,3.7,5,0.104,2,Women,Mixed,0.266,0.203,0,1
ZC004021,34.0,Male,France,Tier 1,17,66,1,90.84,90.84,3,1.4,2,0.218,2,Women,Mixed,0.335,0.176,0,0
ZC004022,36.0,Male,France,Tier 1,5,32,1,82.5,82.5,7,1.0,1,0.332,3,Men,Mixed,0.271,0.294,0,0
ZC004023,18.0,Female,USA,Tier 1,13,24,3,251.98,83.99,2,1.7,7,0.848,4,Women,Online,0.477,0.307,0,0
ZC004024,17.0,Female,Other,Tier 1,52,31,1,96.4,96.4,3,1.8,1,0.647,4,Kids,Online,0.361,0.315,0,0
ZC004025,23.0,Female,USA,Tier 2,6,155,2,139.88,69.94,1,3.9,4,0.312,4,Women,Online,0.228,0.086,0,1
ZC004026,22.0,Male,Spain,Tier 2,21,63,1,63.16,63.16,1,4.9,3,0.476,6,Women,Online,0.327,0.205,0,1
ZC004027,26.0,Female,Italy,Tier 3,20,48,1,90.23,90.23,2,5.1,1,0.082,3,Men,Store,0.377,0.332,0,0
ZC004028,38.0,Female,Other,Tier 3,60,77,4,195.94,48.98,2,6.6,1,0.339,8,Women,Online,0.449,0.085,0,0
ZC004029,30.0,Female,Germany,Tier 2,21,12,4,325.82,81.46,9,7.2,2,0.625,5,Kids,Online,0.271,0.1,0,0
ZC004030,34.0,Female,UK,Tier 2,50,80,6,394.52,65.75,2,4.4,0,0.54,4,Women,Store,0.117,0.334,0,0
ZC004031,20.0,Male,Other,Tier 1,20,50,1,82.51,82.51,3,4.5,7,0.461,5,Women,Online,0.584,0.299,0,1
ZC004032,27.0,Female,UK,Tier 2,13,45,1,99.87,99.87,8,3.0,2,0.302,6,TRF,Mixed,0.534,0.242,1,0
ZC004033,38.0,Male,UK,Tier 1,21,195,1,59.85,59.85,4,6.1,2,0.687,3,Home,Store,0.233,0.061,0,0
ZC004034,38.0,Male,Germany,Tier 2,7,46,1,155.46,155.46,7,5.8,3,0.438,8,Home,Mixed,0.304,0.427,0,0
ZC004035,25.0,Female,UK,Tier 1,22,54,1,63.03,63.03,9,1.6,4,0.571,4,TRF,Mixed,0.253,0.116,1,0
ZC004036,34.0,Female,France,Tier 3,14,29,1,56.8,56.8,5,7.7,5,0.361,4,Women,Online,0.612,0.833,0,0
ZC004037,54.0,Male,Other,Tier 1,13,108,3,430.59,143.53,2,12.2,3,0.376,7,Women,Online,0.682,0.301,0,1
ZC004038,32.0,Male,USA,Tier 2,36,17,4,329.37,82.34,3,2.3,6,0.381,3,Kids,Store,0.389,0.031,0,0
ZC004039,25.0,Male,Spain,Tier 3,16,55,1,49.66,49.66,8,8.7,3,0.166,4,Beauty,Mixed,0.149,0.736,0,0
ZC004040,30.0,Male,UK,Tier 3,4,26,1,71.56,71.56,6,1.0,0,0.565,4,Men,Online,0.199,0.288,0,0
ZC004041,33.0,Female,France,Tier 1,26,142,1,129.22,129.22,0,5.2,1,0.473,5,Men,Mixed,0.234,0.176,0,0
ZC004042,30.0,Male,Italy,Tier 1,30,145,1,84.61,84.61,2,7.3,3,0.685,3,TRF,Mixed,0.271,0.416,0,0
ZC004043,32.0,Male,Other,Tier 2,60,36,4,206.52,51.63,6,3.0,3,0.27,2,Women,Online,0.291,0.405,0,0
ZC004044,18.0,Female,Italy,Tier 1,22,77,1,94.74,94.74,0,6.3,2,0.381,2,TRF,Mixed,0.13,0.637,0,0
ZC004045,22.0,Female,Other,Tier 1,15,58,1,103.74,103.74,5,3.2,3,0.501,1,Men,Online,0.339,0.201,0,0
ZC004046,31.0,Female,USA,Tier 2,26,40,1,83.09,83.09,10,4.2,3,,4,Women,Online,0.371,0.351,0,0
ZC004047,30.0,Female,USA,Tier 3,8,120,1,40.88,40.88,0,3.2,5,0.312,4,Home,Online,0.215,0.629,0,1
ZC004048,26.0,Female,USA,Tier 1,13,34,3,153.41,51.14,3,6.2,1,0.57,8,Men,Online,0.501,0.44,0,0
ZC004049,30.0,Male,Mexico,Tier 1,28,85,2,96.17,48.08,1,2.8,5,0.442,3,Men,Online,0.424,0.192,0,0
ZC004050,33.0,Male,USA,Tier 2,16,21,1,76.41,76.41,4,3.6,4,0.703,1,TRF,Store,0.664,0.38,0,0
ZC004051,41.0,Female,USA,Tier 2,4,296,1,111.53,111.53,2,2.6,3,0.107,1,Men,Mixed,0.371,0.182,0,1
ZC004052,31.0,Female,UK,Tier 3,15,59,1,31.94,31.94,6,1.2,5,0.26,1,Women,Mixed,0.468,0.267,0,0
ZC004053,36.0,Female,USA,Tier 2,21,36,2,108.97,54.48,4,1.0,4,0.41,2,Kids,Mixed,0.492,0.239,0,0
ZC004054,27.0,Female,Germany,Tier 1,16,39,2,81.5,40.75,4,3.3,4,0.445,3,Women,Store,0.486,0.516,0,0
ZC004055,38.0,Female,Other,Tier 2,5,53,2,191.46,95.73,7,7.5,2,0.11,6,Women,Online,0.174,0.423,0,0
ZC004056,36.0,Female,Spain,Tier 3,2,52,1,113.72,113.72,7,8.4,2,0.489,6,Beauty,Online,0.102,0.189,0,0
ZC004057,41.0,Male,France,Tier 1,32,11,1,75.66,75.66,7,4.1,5,,7,Men,Store,0.332,0.12,0,0
ZC004058,39.0,Female,Spain,Tier 1,29,146,1,75.55,75.55,2,3.3,1,0.368,2,Men,Mixed,0.203,0.232,0,1
ZC004059,38.0,Female,USA,Tier 2,12,36,3,233.05,77.68,5,2.2,1,0.598,5,Men,Store,0.185,0.077,0,0
ZC004060,31.0,Male,USA,Tier 1,11,247,1,63.52,63.52,1,4.5,5,0.155,2,TRF,Mixed,0.171,0.456,0,1
ZC004061,34.0,Female,France,Tier 3,15,80,1,98.48,98.48,1,5.4,2,0.151,5,Women,Online,0.31,0.307,0,0
ZC004062,43.0,Male,France,Tier 1,33,33,4,204.51,51.13,5,1.8,5,0.611,1,TRF,Store,0.153,0.253,0,0
ZC004063,25.0,Female,Germany,Tier 1,21,103,5,511.89,102.38,2,4.6,0,0.129,4,Kids,Mixed,0.338,0.54,0,0
ZC004064,26.0,Female,Mexico,Tier 3,43,60,3,199.25,66.42,0,6.1,7,0.426,7,Women,Online,0.193,0.457,0,0
ZC004065,34.0,Female,USA,Tier 1,20,252,1,67.45,67.45,1,5.2,2,0.685,7,Men,Online,0.33,0.429,0,1
ZC004066,36.0,Female,Italy,Tier 1,10,79,5,339.92,67.98,4,1.7,5,0.575,1,TRF,Mixed,0.077,0.133,0,0
ZC004067,24.0,Male,Germany,Tier 1,12,143,5,166.75,33.35,3,9.3,3,0.418,7,Beauty,Online,0.135,0.345,0,0
ZC004068,31.0,Female,Spain,Tier 3,27,103,2,166.0,83.0,1,2.4,0,0.457,1,Women,Store,0.481,0.557,0,1
ZC004069,31.0,Female,USA,Tier 3,50,23,4,277.54,69.39,4,6.5,6,0.618,5,Women,Mixed,0.343,0.276,0,0
ZC004070,16.0,Female,Spain,Tier 1,22,241,4,285.5,71.38,1,15.0,3,0.216,3,Women,Mixed,0.465,0.248,1,1
ZC004071,30.0,Male,Spain,Tier 2,36,13,4,496.75,124.19,5,1.6,3,0.27,2,Women,Store,0.201,0.556,0,0
ZC004072,30.0,Female,USA,Tier 2,25,54,2,152.34,76.17,5,7.2,3,0.627,5,Women,Online,0.156,0.261,0,0
ZC004073,30.0,Female,USA,Tier 1,23,83,3,166.16,55.39,0,1.0,2,0.151,6,TRF,Mixed,0.17,0.243,0,0
ZC004074,46.0,Male,Other,Tier 1,53,3,3,149.83,49.94,4,1.0,4,0.36,1,Men,Mixed,0.465,0.056,0,0
ZC004075,20.0,Female,Other,Tier 3,8,32,3,201.66,67.22,9,7.7,3,0.516,8,Women,Store,0.247,0.612,0,0
ZC004076,,Female,France,Tier 1,15,74,3,225.03,75.01,1,4.6,2,0.304,5,Men,Store,0.131,0.273,0,0
ZC004077,16.0,Female,Italy,Tier 1,13,77,2,94.98,47.49,2,1.1,4,0.764,6,Men,Online,0.371,0.691,0,0
ZC004078,27.0,Female,Other,Tier 1,19,276,1,94.03,94.03,0,5.8,3,0.158,1,Men,Mixed,0.394,0.463,0,1
ZC004079,28.0,Male,UK,Tier 2,6,159,1,64.36,64.36,2,1.9,3,0.462,4,Men,Online,0.095,0.03,1,1
ZC004080,27.0,Female,France,Tier 1,18,38,1,74.53,74.53,3,3.9,3,0.302,6,Women,Store,0.535,0.535,0,1
ZC004081,43.0,Male,Germany,Tier 1,11,3,1,66.95,66.95,7,1.5,2,0.33,2,Women,Store,0.826,0.091,0,0
ZC004082,41.0,Female,Other,Tier 1,12,9,1,45.32,45.32,4,7.6,6,0.565,6,Men,Online,0.469,0.23,0,0
ZC004083,33.0,Female,Mexico,Tier 3,39,59,6,424.16,70.69,3,4.0,2,0.386,1,Men,Store,0.251,0.484,0,0
ZC004084,28.0,Male,Spain,Tier 1,10,113,1,90.8,90.8,1,4.4,2,0.443,6,Men,Store,0.436,0.197,0,0
ZC004085,42.0,Female,Italy,Tier 1,60,29,2,166.7,83.35,7,5.9,4,0.455,1,Home,Store,0.329,0.287,0,0
ZC004086,32.0,Female,USA,Tier 1,21,269,1,57.46,57.46,1,2.3,4,0.779,6,Women,Mixed,0.189,0.784,0,1
ZC004087,24.0,Female,USA,Tier 1,3,62,1,69.25,69.25,0,1.0,7,0.276,7,Beauty,Store,0.313,0.432,0,0
ZC004088,16.0,Male,France,Tier 2,36,49,2,192.27,96.14,7,1.0,6,0.386,1,Home,Store,0.408,0.39,0,1
ZC004089,28.0,Male,Italy,Tier 1,2,297,1,105.34,105.34,0,10.4,4,0.593,5,Women,Online,0.391,0.26,0,1
ZC004090,40.0,Female,USA,Tier 2,7,254,1,67.53,67.53,2,2.9,1,0.163,2,Women,Store,0.317,0.146,0,1
ZC004091,55.0,Female,USA,Tier 1,24,148,1,49.51,49.51,1,4.6,5,0.735,3,Women,Store,0.381,0.167,0,1
ZC004092,33.0,Female,Italy,Tier 3,16,43,1,113.0,113.0,6,2.5,4,0.26,8,Home,Store,0.311,0.282,0,0
ZC004093,24.0,Female,USA,Tier 2,29,275,1,90.29,90.29,3,3.2,4,0.727,8,Women,Store,0.438,0.486,0,1
ZC004094,20.0,Female,Other,Tier 1,12,165,2,168.23,84.12,1,12.3,2,0.575,6,Women,Store,0.368,0.3,0,1
ZC004095,38.0,Male,UK,Tier 2,12,60,4,263.35,65.84,1,2.4,5,0.377,2,Women,Store,0.434,0.117,0,1
ZC004096,16.0,Female,Germany,Tier 2,14,220,1,108.54,108.54,3,4.0,2,0.283,7,Women,Mixed,0.201,0.677,0,0
ZC004097,38.0,Female,Spain,Tier 3,25,40,2,124.66,62.33,4,2.9,6,,1,Men,Online,0.266,0.072,0,0
ZC004098,,Female,Other,Tier 3,30,13,1,78.16,78.16,8,6.3,5,0.485,8,Men,Mixed,0.613,0.393,0,0
ZC004099,36.0,Female,Other,Tier 2,7,45,1,98.61,98.61,7,1.5,3,0.099,2,Home,Online,0.226,0.017,0,0
ZC004100,30.0,Female,USA,Tier 1,40,11,5,381.98,76.4,5,6.2,4,,6,Women,Store,0.379,0.141,0,0
ZC004101,38.0,Female,Germany,Tier 1,60,64,5,295.85,59.17,2,4.4,5,0.214,5,Women,Store,0.443,0.393,0,0
ZC004102,34.0,Female,Mexico,Tier 3,18,60,3,233.43,77.81,2,5.1,5,0.611,1,Women,Store,0.633,0.135,0,1
ZC004103,24.0,Female,Spain,Tier 3,22,33,2,166.08,83.04,5,6.7,6,0.378,6,Women,Mixed,0.392,0.227,0,0
ZC004104,51.0,Male,France,Tier 1,11,163,1,47.83,47.83,2,3.0,4,0.617,1,Home,Online,0.097,0.138,0,0
ZC004105,28.0,Female,Other,Tier 2,35,81,5,403.81,80.76,1,6.7,6,0.533,7,TRF,Online,0.404,0.091,0,0
ZC004106,40.0,Female,France,Tier 1,2,38,1,100.14,100.14,9,2.9,6,0.299,4,Men,Mixed,0.202,0.084,0,0
ZC004107,16.0,Female,Other,Tier 1,47,49,2,222.74,111.37,4,3.1,3,0.648,2,Women,Store,0.394,0.317,0,0
ZC004108,,Female,Spain,Tier 1,44,122,3,202.06,67.35,1,7.5,7,0.415,4,Women,Mixed,0.284,0.204,0,0
ZC004109,47.0,Female,Other,Tier 1,7,157,1,86.84,86.84,3,6.4,5,0.263,1,Women,Store,0.228,0.088,0,1
ZC004110,32.0,Female,Other,Tier 2,10,74,1,68.01,68.01,1,8.4,4,0.078,2,Kids,Store,0.332,0.102,0,1
ZC004111,38.0,Female,USA,Tier 1,16,26,2,65.48,32.74,4,2.4,1,0.359,7,Men,Mixed,0.28,0.336,0,0
ZC004112,38.0,Female,UK,Tier 2,33,53,5,459.43,91.89,7,6.2,6,0.69,8,Beauty,Mixed,0.414,0.263,0,0
ZC004113,26.0,Female,Germany,Tier 2,5,110,1,70.91,70.91,4,1.1,2,0.63,2,Women,Online,0.473,0.35,0,1
ZC004114,37.0,Male,Other,Tier 2,12,188,4,382.4,95.6,1,7.5,6,0.351,5,Men,Online,0.433,0.49,0,0
ZC004115,24.0,Male,USA,Tier 1,27,44,2,191.16,95.58,10,3.5,5,0.105,3,Women,Online,0.076,0.397,0,0
ZC004116,26.0,Male,USA,Tier 1,6,22,1,91.77,91.77,6,7.3,4,0.802,6,Men,Online,0.52,0.481,0,0
ZC004117,43.0,Female,Mexico,Tier 2,17,129,1,81.36,81.36,2,7.0,4,0.389,8,Women,Online,0.443,0.228,0,0
ZC004118,42.0,Male,UK,Tier 2,20,182,2,97.02,48.51,0,4.0,6,0.685,6,Women,Mixed,0.309,0.238,0,1
ZC004119,25.0,Female,Germany,Tier 1,8,70,3,217.38,72.46,1,5.4,3,0.295,1,Women,Store,0.41,0.108,0,0
ZC004120,25.0,Female,France,Tier 1,19,29,1,44.02,44.02,7,4.0,7,0.472,6,TRF,Online,0.398,0.447,0,0
ZC004121,,Male,Other,Tier 3,20,45,1,62.81,62.81,7,2.6,3,0.428,8,TRF,Store,0.487,0.263,0,0
ZC004122,39.0,Male,Spain,Tier 1,11,73,2,201.54,100.77,3,2.9,3,0.334,6,Men,Online,0.308,0.075,0,0
ZC004123,22.0,Female,Other,Tier 1,5,36,1,90.87,90.87,3,2.8,4,0.483,3,Women,Online,0.407,0.116,0,0
ZC004124,36.0,Male,France,Tier 3,4,16,1,77.69,77.69,4,3.9,4,0.321,5,Women,Mixed,0.261,0.232,0,1
ZC004125,39.0,Female,Other,Tier 2,26,35,3,200.12,66.71,7,2.6,1,0.328,4,Women,Online,0.231,0.176,0,0
ZC004126,31.0,Female,Spain,Tier 1,26,44,1,83.31,83.31,7,2.9,4,0.325,5,Women,Online,0.182,0.196,0,0
ZC004127,42.0,Female,Germany,Tier 3,14,44,3,213.23,71.08,6,3.6,6,,4,Women,Store,0.177,0.276,0,1
ZC004128,29.0,Female,Other,Tier 1,16,2,1,88.2,88.2,5,1.8,3,0.348,1,Men,Online,0.283,0.216,0,0
ZC004129,30.0,Male,Mexico,Tier 2,13,400,3,257.14,85.71,2,11.3,3,0.376,4,Kids,Store,0.209,0.643,0,1
ZC004130,22.0,Female,Spain,Tier 2,41,36,4,562.37,140.59,8,1.0,4,0.629,6,TRF,Store,0.069,0.411,0,0
ZC004131,42.0,Female,UK,Tier 1,13,20,1,107.72,107.72,6,1.6,1,0.523,6,Women,Mixed,0.107,0.228,0,0
ZC004132,24.0,Male,Spain,Tier 3,54,49,2,141.21,70.6,6,5.8,2,0.583,4,Men,Online,0.55,0.105,0,0
ZC004133,35.0,Male,USA,Tier 2,10,169,1,60.64,60.64,1,8.6,6,0.477,4,Kids,Mixed,0.11,0.105,0,1
ZC004134,31.0,Male,Italy,Tier 1,36,163,3,171.4,57.13,0,7.6,2,0.804,3,TRF,Mixed,0.527,0.372,0,1
ZC004135,21.0,Male,Other,Tier 2,6,141,1,70.1,70.1,2,7.5,2,0.304,3,Women,Mixed,0.296,0.04,0,1
ZC004136,26.0,Male,Germany,Tier 2,23,229,1,37.26,37.26,1,1.7,1,0.394,4,Kids,Mixed,0.369,0.09,0,1
ZC004137,46.0,Female,Spain,Tier 1,6,26,1,82.0,82.0,12,4.6,3,0.216,6,Men,Store,0.573,0.192,0,1
ZC004138,34.0,Female,USA,Tier 1,11,17,4,298.46,74.61,6,1.6,3,0.631,5,Women,Store,0.557,0.248,0,0
ZC004139,22.0,Male,UK,Tier 1,35,110,3,203.81,67.94,1,6.6,2,0.181,3,Women,Mixed,0.205,0.257,0,0
ZC004140,35.0,Female,Spain,Tier 3,6,42,1,59.69,59.69,3,6.7,2,0.329,7,Women,Store,0.38,0.352,0,0
ZC004141,31.0,Female,Other,Tier 1,46,136,4,303.75,75.94,1,1.0,6,0.478,7,Men,Mixed,0.314,0.311,0,0
ZC004142,,Female,USA,Tier 1,31,157,4,251.44,62.86,0,2.2,5,0.533,8,TRF,Mixed,0.336,0.806,0,0
ZC004143,35.0,Female,Spain,Tier 2,31,83,1,72.21,72.21,1,8.5,5,0.267,8,Women,Mixed,0.094,0.174,0,0
ZC004144,28.0,Female,Italy,Tier 1,31,57,2,232.94,116.47,6,1.3,0,0.264,4,Women,Store,0.211,0.382,0,0
ZC004145,46.0,Male,Spain,Tier 1,48,205,4,222.17,55.54,2,2.1,3,0.298,5,TRF,Store,0.33,0.088,0,0
ZC004146,16.0,Female,UK,Tier 1,23,77,1,136.7,136.7,1,7.8,3,0.169,8,Women,Mixed,0.401,0.645,0,0
ZC004147,33.0,Female,France,Tier 1,11,38,1,48.6,48.6,5,4.5,2,0.059,8,Women,Store,0.194,0.5,0,0
ZC004148,52.0,Female,Spain,Tier 3,27,58,3,171.53,57.18,6,1.3,4,0.202,4,Kids,Mixed,0.382,0.491,0,0
ZC004149,31.0,Male,France,Tier 1,17,71,1,55.92,55.92,2,4.3,6,0.428,4,Women,Store,0.076,0.133,0,0
ZC004150,16.0,Female,France,Tier 1,42,5,2,135.28,67.64,4,6.6,5,0.117,4,Kids,Online,0.513,0.21,1,0
ZC004151,28.0,Female,Germany,Tier 1,18,245,1,20.39,20.39,2,4.5,3,0.452,3,Men,Online,0.427,0.259,0,1
ZC004152,47.0,Female,USA,Tier 3,32,29,1,110.34,110.34,8,3.6,3,0.453,8,Women,Mixed,0.176,0.491,0,0
ZC004153,,Female,USA,Tier 1,8,9,4,268.54,67.14,11,1.5,5,0.343,8,Men,Mixed,0.441,0.082,0,0
ZC004154,24.0,Female,Germany,Tier 1,17,75,1,88.67,88.67,2,1.9,2,0.331,6,Men,Store,0.382,0.216,0,0
ZC004155,25.0,Female,Spain,Tier 2,17,86,3,336.07,112.02,2,10.4,5,0.253,4,Men,Mixed,0.58,0.455,0,1
ZC004156,26.0,Female,Spain,Tier 1,42,31,4,302.07,75.52,8,3.1,1,0.253,3,Men,Store,0.331,0.321,0,0
ZC004157,,Male,USA,Tier 2,31,44,3,290.71,96.9,11,6.7,4,0.159,7,Women,Store,0.194,0.274,0,0
ZC004158,45.0,Female,Spain,Tier 1,8,75,1,55.1,55.1,1,11.3,7,0.794,6,Women,Online,0.253,0.198,0,0
ZC004159,43.0,Female,Spain,Tier 3,19,72,3,293.08,97.69,1,11.3,3,0.195,8,Men,Mixed,0.757,0.328,0,0
ZC004160,37.0,Male,Other,Tier 2,14,132,1,80.14,80.14,0,2.9,5,0.12,2,Men,Store,0.251,0.186,0,1
ZC004161,19.0,Male,UK,Tier 2,31,76,2,96.45,48.22,1,3.8,4,,3,Kids,Mixed,0.268,0.154,0,0
ZC004162,19.0,Female,France,Tier 3,34,7,2,223.71,111.86,9,5.7,1,0.444,8,Home,Store,0.302,0.225,0,1
ZC004163,37.0,Female,USA,Tier 2,40,56,1,74.16,74.16,3,1.0,10,0.314,5,Men,Mixed,0.719,0.145,1,1
ZC004164,19.0,Female,Spain,Tier 1,33,104,3,206.84,68.95,0,8.8,4,0.692,8,TRF,Mixed,0.298,0.312,0,0
ZC004165,30.0,Female,Mexico,Tier 2,10,35,3,281.89,93.96,6,2.3,5,0.215,7,Women,Store,0.079,0.117,0,0
ZC004166,35.0,Male,Italy,Tier 2,17,54,1,93.6,93.6,3,1.9,5,0.276,7,Men,Mixed,0.276,0.18,0,0
ZC004167,21.0,Female,Other,Tier 1,35,122,1,58.37,58.37,2,4.4,2,0.059,2,Beauty,Store,0.37,0.206,0,1
ZC004168,22.0,Female,Spain,Tier 1,44,73,7,746.62,106.66,1,7.6,5,0.477,4,Kids,Mixed,0.272,0.07,0,0
ZC004169,31.0,Male,Spain,Tier 1,6,103,1,78.56,78.56,1,3.6,5,0.438,5,Men,Online,0.37,0.075,0,0
ZC004170,37.0,Male,Italy,Tier 3,27,83,4,281.8,70.45,3,6.6,7,0.51,4,Women,Mixed,0.4,0.586,1,0
ZC004171,43.0,Male,USA,Tier 2,18,51,1,67.02,67.02,2,1.0,2,0.296,5,TRF,Mixed,0.078,0.445,0,0
ZC004172,38.0,Male,Spain,Tier 2,22,304,4,321.03,80.26,4,8.2,0,0.474,5,Men,Store,0.334,0.394,0,1
ZC004173,33.0,Female,USA,Tier 2,31,23,2,107.64,53.82,5,4.0,6,0.097,5,Women,Store,0.45,0.267,0,0
ZC004174,25.0,Female,Spain,Tier 2,19,10,1,65.51,65.51,4,5.7,4,0.052,7,Women,Mixed,0.231,0.366,0,0
ZC004175,21.0,Female,Other,Tier 3,21,65,2,82.25,41.12,2,2.2,4,0.499,5,Women,Store,0.283,0.232,0,0
ZC004176,27.0,Male,Other,Tier 1,8,52,1,96.12,96.12,7,2.1,3,0.491,1,Beauty,Online,0.326,0.323,0,0
ZC004177,36.0,Female,Germany,Tier 1,17,66,1,82.04,82.04,1,7.5,3,0.36,2,Men,Store,0.42,0.293,0,0
ZC004178,,Female,UK,Tier 2,17,145,1,83.47,83.47,2,3.3,5,0.386,6,Men,Store,0.215,0.406,0,1
ZC004179,16.0,Female,Mexico,Tier 2,16,27,2,119.27,59.64,5,7.1,2,0.623,4,Home,Online,0.159,0.132,0,0
ZC004180,24.0,Male,Germany,Tier 2,16,2,7,501.11,71.59,5,1.5,7,0.335,8,Men,Online,0.39,0.531,0,0
ZC004181,44.0,Female,Mexico,Tier 3,52,400,2,136.7,68.35,1,4.2,6,0.497,4,Women,Online,0.514,0.06,0,1
ZC004182,33.0,Female,France,Tier 2,30,53,3,249.43,83.14,8,2.7,3,0.393,5,Women,Online,0.401,0.659,0,0
ZC004183,18.0,Male,Other,Tier 1,7,100,1,41.55,41.55,2,1.4,3,0.686,1,Women,Mixed,0.21,0.266,0,1
ZC004184,56.0,Male,USA,Tier 1,4,56,1,90.02,90.02,8,2.1,0,0.379,6,Women,Mixed,0.319,0.115,0,0
ZC004185,32.0,Female,Germany,Tier 1,17,44,3,235.97,78.66,6,7.3,3,0.097,5,Women,Store,0.386,0.312,0,0
ZC004186,36.0,Female,Mexico,Tier 2,38,56,2,196.89,98.44,6,6.4,6,0.49,8,Kids,Store,0.385,0.07,0,0
ZC004187,36.0,Male,Other,Tier 1,9,105,1,122.93,122.93,3,6.3,7,0.407,1,Beauty,Mixed,0.147,0.344,0,0
ZC004188,28.0,Female,Other,Tier 1,34,139,5,448.74,89.75,0,1.2,2,0.694,1,Men,Store,0.346,0.45,0,1
ZC004189,25.0,Female,UK,Tier 1,10,201,1,107.42,107.42,1,1.0,7,0.512,4,Women,Mixed,0.249,0.436,0,1
ZC004190,53.0,Male,Italy,Tier 2,14,116,3,279.97,93.32,0,2.7,7,0.51,4,Women,Mixed,0.739,0.277,1,1
ZC004191,42.0,Female,USA,Tier 1,16,54,2,110.82,55.41,3,4.3,4,0.226,3,Kids,Online,0.657,0.145,1,0
ZC004192,40.0,Female,Germany,Tier 2,19,296,2,213.74,106.87,0,6.1,3,0.565,5,Men,Online,0.654,0.615,0,1
ZC004193,38.0,Female,USA,Tier 1,5,104,2,65.97,32.98,2,4.8,5,0.505,3,Men,Store,0.646,0.406,0,1
ZC004194,22.0,Female,UK,Tier 2,7,119,2,110.96,55.48,2,3.3,2,0.441,3,Women,Store,0.454,0.324,0,0
ZC004195,45.0,Female,Other,Tier 2,14,203,1,92.12,92.12,0,4.7,4,0.632,1,Women,Online,0.387,0.332,0,1
ZC004196,24.0,Male,Mexico,Tier 1,4,64,1,47.46,47.46,2,10.7,1,0.221,3,Women,Mixed,0.639,0.538,0,1
ZC004197,35.0,Female,France,Tier 2,13,190,3,291.2,97.07,4,2.3,1,0.267,7,Women,Store,0.556,0.274,0,1
ZC004198,16.0,Male,Spain,Tier 2,22,10,7,714.74,102.11,3,5.6,4,0.577,3,Women,Online,0.23,0.094,0,0
ZC004199,16.0,Male,UK,Tier 1,8,58,1,97.1,97.1,4,4.1,4,0.578,4,Kids,Store,0.479,0.49,0,1
ZC004200,35.0,Male,Spain,Tier 3,12,222,1,73.65,73.65,4,2.8,4,0.327,3,Women,Store,0.317,0.163,0,0
ZC004201,24.0,Female,Spain,Tier 2,20,160,1,82.1,82.1,1,4.8,7,0.508,1,Men,Online,0.578,0.276,1,1
ZC004202,16.0,Male,Other,Tier 1,6,90,1,81.67,81.67,0,1.0,3,0.759,4,Women,Mixed,0.247,0.405,0,1
ZC004203,37.0,Female,France,Tier 1,22,18,1,110.55,110.55,8,2.6,1,0.109,5,Women,Store,0.302,0.355,0,0
ZC004204,53.0,Male,Spain,Tier 1,17,6,3,345.73,115.24,3,2.7,4,0.491,1,Kids,Mixed,0.427,0.412,0,0
ZC004205,46.0,Female,Italy,Tier 1,10,61,1,80.95,80.95,0,3.4,3,0.709,8,Men,Mixed,0.396,0.283,0,0
ZC004206,29.0,Male,Spain,Tier 1,40,56,2,108.66,54.33,7,8.8,2,0.248,7,Men,Mixed,0.611,0.467,0,1
ZC004207,32.0,Female,UK,Tier 2,8,137,1,64.45,64.45,1,5.4,5,0.498,5,Men,Store,0.175,0.208,0,1
ZC004208,41.0,Female,USA,Tier 3,23,75,4,373.77,93.44,1,3.5,2,0.612,1,Beauty,Online,0.208,0.62,0,0
ZC004209,43.0,Female,USA,Tier 1,24,154,2,211.98,105.99,1,6.0,2,0.663,1,Men,Online,0.52,0.292,0,1
ZC004210,29.0,Female,France,Tier 2,8,86,1,89.27,89.27,3,5.4,4,0.407,5,Beauty,Mixed,0.476,0.151,0,0
ZC004211,32.0,Female,Italy,Tier 2,10,23,1,111.16,111.16,5,3.6,1,0.44,8,Kids,Mixed,0.529,0.226,0,0
ZC004212,,Female,France,Tier 2,26,98,1,67.84,67.84,1,3.9,4,0.433,4,TRF,Mixed,0.457,0.147,0,0
ZC004213,38.0,Male,Other,Tier 2,32,69,1,72.73,72.73,2,4.8,5,0.189,2,Women,Store,0.646,0.312,0,0
ZC004214,31.0,Male,Other,Tier 1,23,62,4,390.73,97.68,3,5.4,2,0.656,6,Kids,Mixed,0.325,0.524,0,0
ZC004215,31.0,Female,Mexico,Tier 2,26,72,1,57.45,57.45,0,2.9,3,0.361,2,TRF,Online,0.74,0.075,0,1
ZC004216,46.0,Male,Other,Tier 1,13,89,2,105.29,52.64,1,5.4,0,0.377,3,Men,Online,0.075,0.1,0,0
ZC004217,44.0,Male,Other,Tier 1,37,65,2,144.38,72.19,1,1.8,7,0.143,8,Women,Store,0.256,0.277,0,0
ZC004218,37.0,Male,Other,Tier 1,5,11,1,88.47,88.47,5,2.5,3,0.642,8,Women,Mixed,0.69,0.708,0,0
ZC004219,49.0,Female,USA,Tier 1,21,15,4,349.73,87.43,6,2.4,2,0.288,8,Men,Mixed,0.427,0.263,0,0
ZC004220,28.0,Female,USA,Tier 1,36,44,3,52.93,17.64,5,1.7,4,0.515,4,Men,Online,0.473,0.386,0,1
ZC004221,48.0,Male,Italy,Tier 1,33,178,2,159.3,79.65,2,3.9,5,0.498,1,Women,Store,0.152,0.604,0,1
ZC004222,37.0,Female,Other,Tier 1,1,78,1,70.08,70.08,0,7.7,4,0.472,2,Men,Online,0.308,0.67,0,1
ZC004223,65.0,Female,Other,Tier 1,31,63,4,385.23,96.31,1,8.3,5,0.63,5,Men,Online,0.34,0.229,0,0
ZC004224,20.0,Female,Germany,Tier 1,13,289,2,82.32,41.16,2,1.4,3,0.563,7,Men,Online,0.256,0.383,0,0
ZC004225,25.0,Female,Other,Tier 1,12,86,2,202.96,101.48,0,9.3,2,0.633,7,Women,Online,0.48,0.254,0,0
ZC004226,36.0,Female,Italy,Tier 2,22,65,2,178.49,89.24,3,11.9,3,0.351,8,Women,Store,0.235,0.432,0,0
ZC004227,36.0,Female,Germany,Tier 2,8,48,3,270.29,90.1,6,4.3,1,0.546,8,Men,Store,0.555,0.336,0,0
ZC004228,,Female,Spain,Tier 3,24,41,1,87.62,87.62,8,5.3,3,0.491,8,Kids,Online,0.191,0.52,0,0
ZC004229,,Female,UK,Tier 3,35,8,4,294.14,73.54,7,17.9,5,0.144,5,Home,Online,0.369,0.158,0,0
ZC004230,41.0,Female,Spain,Tier 3,44,64,7,618.71,88.39,0,4.9,6,0.281,7,Women,Mixed,0.399,0.191,0,0
ZC004231,44.0,Male,Spain,Tier 2,57,17,5,599.03,119.81,6,5.9,4,0.246,7,Home,Online,0.364,0.142,0,1
ZC004232,39.0,Female,France,Tier 1,22,28,1,91.77,91.77,3,4.1,5,0.545,7,Kids,Store,0.282,0.27,0,0
ZC004233,22.0,Female,Spain,Tier 1,11,16,1,84.75,84.75,8,4.8,6,0.226,5,Men,Online,0.688,0.26,0,0
ZC004234,46.0,Female,Other,Tier 3,9,272,1,94.72,94.72,3,2.6,3,0.524,1,Women,Mixed,0.114,0.257,1,1
ZC004235,44.0,Female,UK,Tier 3,60,83,5,653.07,130.61,3,3.5,5,0.738,3,Women,Mixed,0.135,0.182,0,0
ZC004236,38.0,Male,Italy,Tier 1,15,187,5,390.28,78.06,2,7.7,0,0.675,3,Women,Store,0.222,0.263,0,0
ZC004237,34.0,Female,Spain,Tier 1,2,130,1,77.42,77.42,2,2.4,2,0.228,5,Kids,Mixed,0.369,0.245,0,1
ZC004238,34.0,Female,Other,Tier 1,10,52,1,100.17,100.17,6,4.8,5,0.715,8,Kids,Mixed,0.284,0.1,0,0
ZC004239,31.0,Female,UK,Tier 1,12,34,1,70.17,70.17,2,9.1,2,0.394,5,Women,Online,0.427,0.479,0,0
ZC004240,38.0,Female,France,Tier 1,31,51,1,82.63,82.63,5,1.0,4,0.078,1,Men,Store,0.799,0.095,0,0
ZC004241,32.0,Female,Germany,Tier 1,46,24,3,316.03,105.34,10,9.6,4,0.194,3,Men,Mixed,0.405,0.274,0,0
ZC004242,24.0,Male,France,Tier 1,34,3,1,61.0,61.0,9,2.4,3,0.226,4,Kids,Mixed,0.291,0.344,0,0
ZC004243,22.0,Female,France,Tier 2,27,9,5,412.63,82.53,4,6.9,4,0.404,3,Women,Mixed,0.352,0.496,0,0
ZC004244,24.0,Male,Italy,Tier 2,47,111,2,146.17,73.08,2,10.2,3,0.654,4,TRF,Mixed,0.437,0.5,0,0
ZC004245,34.0,Female,Mexico,Tier 3,33,11,1,55.91,55.91,7,9.9,2,0.106,5,Home,Mixed,0.483,0.243,0,0
ZC004246,32.0,Female,USA,Tier 1,40,28,1,54.39,54.39,5,3.1,2,0.627,8,Women,Online,0.247,0.291,0,0
ZC004247,34.0,Male,Other,Tier 1,12,49,1,63.6,63.6,7,3.1,2,,3,Home,Online,0.378,0.208,0,0
ZC004248,37.0,Male,USA,Tier 2,7,17,1,85.64,85.64,5,10.3,2,0.264,7,Women,Mixed,0.177,0.498,0,0
ZC004249,,Male,USA,Tier 2,9,102,1,99.57,99.57,0,9.1,4,0.173,1,Men,Store,0.117,0.025,1,1
ZC004250,47.0,Female,USA,Tier 3,17,150,2,154.53,77.26,1,1.1,3,0.704,2,Women,Mixed,0.309,0.125,0,0
ZC004251,29.0,Female,USA,Tier 1,58,12,2,153.23,76.61,6,2.6,3,0.65,6,Women,Store,0.46,0.098,0,0
ZC004252,28.0,Male,USA,Tier 1,13,10,3,251.3,83.77,5,1.9,1,0.187,6,Women,Online,0.231,0.377,0,0
ZC004253,37.0,Female,Other,Tier 1,9,35,1,68.82,68.82,5,1.0,10,0.434,6,Kids,Online,0.254,0.316,0,0
ZC004254,16.0,Male,France,Tier 1,60,118,4,158.41,39.6,0,8.2,3,0.527,1,Kids,Online,0.119,0.097,0,0
ZC004255,24.0,Female,Other,Tier 1,23,116,4,329.0,82.25,2,10.1,2,0.208,4,Home,Store,0.52,0.138,0,1
ZC004256,42.0,Female,Spain,Tier 1,14,9,3,259.33,86.44,9,1.0,3,0.241,3,Women,Store,0.308,0.202,0,0
ZC004257,16.0,Male,Germany,Tier 1,6,90,1,74.9,74.9,4,1.0,3,0.534,7,Women,Mixed,0.341,0.139,0,0
ZC004258,43.0,Male,Spain,Tier 1,6,51,1,40.76,40.76,4,6.2,4,0.403,5,Women,Online,0.446,0.067,0,0
ZC004259,47.0,Male,UK,Tier 2,36,167,2,102.48,51.24,2,10.1,2,0.272,6,Home,Store,0.303,0.401,0,0
ZC004260,28.0,Male,UK,Tier 1,3,22,3,141.01,47.0,5,16.3,0,0.31,7,Beauty,Mixed,0.116,0.285,0,0
ZC004261,35.0,Female,Italy,Tier 3,18,16,1,54.75,54.75,10,3.4,6,0.898,1,Women,Store,0.287,0.612,0,0
ZC004262,43.0,Female,Italy,Tier 2,45,122,6,499.24,83.21,1,2.7,2,0.346,1,Kids,Online,0.236,0.177,0,0
ZC004263,27.0,Male,USA,Tier 1,12,9,1,89.26,89.26,10,3.4,2,0.297,5,Women,Online,0.354,0.206,0,0
ZC004264,41.0,Female,USA,Tier 1,23,70,2,175.95,87.98,3,3.2,3,0.426,7,Men,Online,0.277,0.152,0,1
ZC004265,25.0,Female,UK,Tier 1,11,56,1,106.88,106.88,7,7.7,2,0.246,2,Women,Store,0.258,0.275,0,1
ZC004266,27.0,Male,USA,Tier 1,59,37,6,112.63,18.77,7,2.9,6,0.51,4,Men,Online,0.401,0.631,1,0
ZC004267,24.0,Female,Italy,Tier 2,25,45,2,159.44,79.72,2,8.0,3,0.272,6,Women,Store,0.247,0.444,0,0
ZC004268,35.0,Male,France,Tier 3,44,70,2,193.16,96.58,4,5.5,3,0.649,7,Beauty,Mixed,0.16,0.287,0,0
ZC004269,44.0,Female,Other,Tier 1,20,3,1,63.01,63.01,6,6.8,4,0.418,5,Men,Online,0.763,0.437,0,0
ZC004270,30.0,Male,Other,Tier 1,23,23,1,52.8,52.8,4,4.8,3,0.177,7,Women,Mixed,0.596,0.356,0,0
ZC004271,19.0,Female,UK,Tier 3,27,5,3,182.15,60.72,7,2.9,4,0.023,6,Men,Online,0.265,0.075,0,0
ZC004272,21.0,Male,Other,Tier 1,16,8,1,90.38,90.38,7,4.2,4,0.164,8,Women,Mixed,0.295,0.59,0,0
ZC004273,36.0,Male,Mexico,Tier 1,33,54,3,164.3,54.77,5,1.2,1,0.282,1,Men,Store,0.126,0.346,0,0
ZC004274,50.0,Female,Spain,Tier 1,18,103,2,110.33,55.16,1,2.9,2,0.237,7,Men,Store,0.278,0.084,0,0
ZC004275,36.0,Female,Other,Tier 1,29,149,4,183.91,45.98,1,3.2,1,0.439,3,Home,Online,0.196,0.039,0,1
ZC004276,28.0,Male,France,Tier 1,46,140,5,496.67,99.33,1,8.4,2,0.304,6,Men,Online,0.468,0.092,0,1
ZC004277,40.0,Male,Italy,Tier 3,21,72,2,143.24,71.62,0,3.7,4,0.208,3,Women,Store,0.525,0.045,0,1
ZC004278,30.0,Male,Italy,Tier 2,12,8,1,66.39,66.39,7,7.1,1,0.647,4,Men,Mixed,0.129,0.501,0,0
ZC004279,28.0,Female,Other,Tier 1,43,100,2,193.12,96.56,2,9.3,4,0.646,7,Men,Online,0.502,0.222,0,1
ZC004280,22.0,Female,Mexico,Tier 3,27,19,1,67.87,67.87,6,5.5,2,0.541,7,Women,Online,0.4,0.686,0,0
ZC004281,46.0,Female,Other,Tier 1,14,144,1,45.51,45.51,0,5.1,3,0.209,2,Home,Store,0.246,0.158,0,0
ZC004282,16.0,Female,USA,Tier 1,10,27,3,246.49,82.16,6,2.8,3,0.446,3,Women,Online,0.116,0.205,0,1
ZC004283,40.0,Female,Other,Tier 3,1,93,1,104.36,104.36,1,4.6,3,0.468,8,Women,Store,0.051,0.446,0,1
ZC004284,27.0,Female,Germany,Tier 2,20,91,1,103.88,103.88,0,10.3,1,0.212,1,Beauty,Online,0.334,0.299,0,0
ZC004285,28.0,Female,Mexico,Tier 2,19,176,4,388.93,97.23,0,2.3,2,0.388,1,Men,Online,0.319,0.614,0,1
ZC004286,49.0,Female,Other,Tier 1,9,58,1,84.6,84.6,6,6.5,2,0.453,5,Home,Online,0.618,0.227,0,0
ZC004287,25.0,Female,Spain,Tier 1,10,58,4,371.19,92.8,4,2.3,2,0.205,8,Kids,Online,0.148,0.177,0,0
ZC004288,25.0,Female,USA,Tier 3,10,65,2,140.99,70.5,1,8.2,4,0.653,3,TRF,Online,0.221,0.501,0,0
ZC004289,31.0,Female,Other,Tier 1,18,140,1,76.22,76.22,3,3.0,4,0.684,4,Men,Online,0.368,0.22,0,1
ZC004290,36.0,Male,Other,Tier 3,36,21,2,142.78,71.39,6,6.2,2,0.5,3,Kids,Online,0.197,0.294,0,0
ZC004291,28.0,Male,Mexico,Tier 2,16,46,5,471.28,94.26,2,4.1,2,0.716,3,Beauty,Mixed,0.293,0.43,0,0
ZC004292,16.0,Female,France,Tier 1,14,60,1,79.88,79.88,5,2.0,5,0.491,7,Men,Mixed,0.412,0.063,0,0
ZC004293,23.0,Male,USA,Tier 3,7,9,2,144.74,72.37,4,5.5,3,0.184,3,Women,Online,0.494,0.354,0,0
ZC004294,45.0,Male,France,Tier 3,3,41,4,199.12,49.78,4,6.6,5,,4,Beauty,Store,0.188,0.436,0,0
ZC004295,33.0,Female,UK,Tier 3,8,90,1,48.45,48.45,0,4.5,5,0.304,4,Kids,Online,0.087,0.052,0,0
ZC004296,37.0,Female,Other,Tier 1,13,13,1,71.24,71.24,4,2.2,3,,5,Women,Store,0.173,0.196,0,0
ZC004297,29.0,Female,France,Tier 2,11,117,5,342.64,68.53,0,2.6,4,0.234,8,Kids,Online,0.358,0.358,0,1
ZC004298,25.0,Female,UK,Tier 1,22,65,1,61.19,61.19,6,1.9,5,0.259,2,Men,Online,0.277,0.276,0,0
ZC004299,49.0,Female,France,Tier 1,20,160,2,116.38,58.19,2,2.0,8,0.392,5,Women,Online,0.499,0.231,0,0
ZC004300,30.0,Female,Other,Tier 3,8,158,1,123.34,123.34,2,2.0,2,0.755,4,Women,Online,0.565,0.266,0,1
ZC004301,28.0,Male,Germany,Tier 3,22,214,1,62.85,62.85,1,7.2,3,0.314,3,Women,Online,0.432,0.096,0,1
ZC004302,43.0,Female,USA,Tier 1,10,65,1,49.28,49.28,2,8.6,5,0.551,2,Kids,Store,0.61,0.591,0,0
ZC004303,25.0,Female,France,Tier 2,17,105,1,76.42,76.42,0,5.6,7,0.726,7,Men,Store,0.314,0.06,0,0
ZC004304,26.0,Male,UK,Tier 3,7,72,1,69.04,69.04,2,1.6,1,0.506,1,TRF,Online,0.174,0.587,0,0
ZC004305,32.0,Male,USA,Tier 2,22,46,1,125.86,125.86,5,2.2,4,0.699,8,Women,Store,0.398,0.495,0,0
ZC004306,32.0,Male,Italy,Tier 1,11,54,1,94.57,94.57,6,1.0,3,0.616,2,Women,Online,0.414,0.266,0,0
ZC004307,35.0,Male,USA,Tier 1,43,33,5,501.05,100.21,5,2.5,1,0.47,3,Women,Online,0.226,0.576,0,0
ZC004308,53.0,Male,France,Tier 1,11,16,2,168.51,84.26,4,2.5,1,0.385,6,Men,Store,0.155,0.643,0,0
ZC004309,35.0,Female,UK,Tier 3,7,60,1,94.16,94.16,2,5.1,8,0.292,7,Kids,Online,0.209,0.141,0,0
ZC004310,16.0,Male,UK,Tier 1,11,77,1,64.3,64.3,1,6.6,3,0.449,5,TRF,Online,0.236,0.206,1,1
ZC004311,35.0,Female,France,Tier 1,9,36,2,162.91,81.46,4,8.9,1,0.503,4,Women,Mixed,0.553,0.539,0,1
ZC004312,32.0,Female,Italy,Tier 2,2,38,1,59.6,59.6,2,2.2,5,0.497,2,Women,Mixed,0.187,0.681,0,0
ZC004313,32.0,Female,Spain,Tier 2,46,218,5,296.38,59.28,3,3.2,5,0.722,7,Women,Online,0.183,0.592,0,1
ZC004314,34.0,Female,USA,Tier 3,25,44,4,307.98,77.0,11,3.5,6,0.57,1,Kids,Store,0.255,0.296,0,0
ZC004315,32.0,Female,Mexico,Tier 2,20,11,2,171.02,85.51,6,1.2,2,0.357,2,Women,Mixed,0.321,0.255,0,0
ZC004316,31.0,Female,Other,Tier 2,15,59,1,80.31,80.31,8,5.4,3,0.282,2,Women,Online,0.06,0.744,0,0
ZC004317,38.0,Female,Spain,Tier 3,7,56,1,56.03,56.03,6,1.3,5,0.468,1,Women,Online,0.161,0.347,0,0
ZC004318,27.0,Female,Spain,Tier 2,4,56,1,138.95,138.95,3,5.2,4,0.347,6,Men,Online,0.347,0.422,0,0
ZC004319,23.0,Female,Other,Tier 2,17,64,4,276.51,69.13,2,15.0,2,0.162,1,Men,Online,0.302,0.616,0,0
ZC004320,62.0,Male,Spain,Tier 1,18,40,4,313.23,78.31,9,8.3,2,,7,Kids,Online,0.35,0.218,0,0
ZC004321,25.0,Female,Other,Tier 1,14,26,4,426.32,106.58,9,7.6,6,0.559,3,Home,Online,0.218,0.554,0,0
ZC004322,33.0,Male,Other,Tier 1,60,4,5,246.73,49.35,5,5.2,1,0.331,4,Women,Mixed,0.352,0.215,0,0
ZC004323,17.0,Female,Spain,Tier 3,2,15,1,64.69,64.69,8,4.5,2,0.313,4,Men,Store,0.172,0.005,0,0
ZC004324,33.0,Male,Spain,Tier 1,16,93,2,252.11,126.06,2,4.7,2,0.269,7,Women,Mixed,0.409,0.473,0,0
ZC004325,23.0,Female,Other,Tier 1,3,213,1,85.0,85.0,2,2.9,3,0.505,3,Women,Online,0.095,0.237,0,1
ZC004326,28.0,Female,USA,Tier 3,13,26,4,393.17,98.29,6,2.9,2,0.811,2,Women,Store,0.365,0.09,0,0
ZC004327,,Female,France,Tier 2,12,39,1,69.36,69.36,7,5.2,6,,6,Women,Online,0.445,0.286,0,0
ZC004328,37.0,Male,USA,Tier 2,5,58,1,71.35,71.35,10,1.0,2,0.108,1,Women,Mixed,0.365,0.239,0,0
ZC004329,38.0,Male,Germany,Tier 2,8,271,1,58.02,58.02,2,7.9,4,0.296,5,Women,Store,0.286,0.48,0,1
ZC004330,,Male,Other,Tier 1,14,57,1,104.48,104.48,3,5.1,1,0.417,2,Men,Store,0.454,0.045,0,0
ZC004331,50.0,Male,Germany,Tier 1,15,4,1,73.51,73.51,9,1.0,4,0.351,2,Men,Online,0.368,0.229,0,0
ZC004332,20.0,Female,Spain,Tier 2,10,5,1,53.68,53.68,9,3.4,3,0.287,8,Women,Online,0.361,0.334,0,0
ZC004333,47.0,Female,Germany,Tier 3,39,191,1,111.33,111.33,1,5.9,3,0.411,4,Beauty,Mixed,0.202,0.32,0,0
ZC004334,42.0,Female,Germany,Tier 1,32,17,1,61.05,61.05,8,16.4,1,0.387,3,Women,Store,0.153,0.516,0,0
ZC004335,38.0,Female,USA,Tier 1,6,47,1,84.3,84.3,9,5.7,3,0.489,4,Home,Online,0.388,0.447,0,0
ZC004336,23.0,Male,Mexico,Tier 1,6,44,2,209.14,104.57,4,3.1,1,0.289,7,Women,Store,0.363,0.246,0,0
ZC004337,34.0,Male,Germany,Tier 1,9,7,2,194.21,97.1,5,1.1,4,0.403,1,Kids,Store,0.454,0.601,1,0
ZC004338,27.0,Female,Spain,Tier 1,21,49,6,294.64,49.11,7,2.5,3,0.354,8,Women,Store,0.393,0.355,0,0
ZC004339,32.0,Female,Other,Tier 1,13,135,1,96.39,96.39,0,4.7,2,0.362,7,Men,Online,0.254,0.455,0,1
ZC004340,30.0,Female,UK,Tier 1,19,10,3,146.37,48.79,4,13.5,8,0.433,8,Men,Store,0.323,0.151,0,0
ZC004341,16.0,Female,USA,Tier 2,33,6,3,213.54,71.18,9,6.3,5,0.785,4,Men,Store,0.331,0.394,0,0
ZC004342,43.0,Female,Spain,Tier 2,8,98,1,82.9,82.9,0,5.6,2,0.402,8,TRF,Mixed,0.191,0.397,0,0
ZC004343,31.0,Female,UK,Tier 1,3,223,1,46.02,46.02,3,4.7,6,0.513,5,TRF,Online,0.335,0.51,0,1
ZC004344,27.0,Female,USA,Tier 1,23,285,3,215.15,71.72,0,11.7,3,0.518,6,Kids,Store,0.701,0.422,0,1
ZC004345,26.0,Female,USA,Tier 1,8,88,2,126.64,63.32,3,3.6,4,0.539,7,Women,Online,0.233,0.114,0,0
ZC004346,36.0,Female,Mexico,Tier 2,22,10,1,84.31,84.31,3,12.3,1,0.752,8,Kids,Store,0.133,0.284,0,0
ZC004347,23.0,Male,Germany,Tier 1,20,88,3,172.27,57.42,1,9.9,5,0.49,3,Men,Store,0.238,0.334,0,0
ZC004348,16.0,Female,Spain,Tier 3,35,17,2,199.8,99.9,6,1.4,5,0.519,8,Men,Mixed,0.423,0.166,0,0
ZC004349,36.0,Female,Italy,Tier 1,21,77,3,191.97,63.99,1,1.0,3,0.438,4,TRF,Online,0.217,0.256,0,0
ZC004350,37.0,Female,Italy,Tier 2,17,115,2,136.28,68.14,2,6.9,3,0.639,7,Men,Online,0.295,0.615,0,1
ZC004351,30.0,Male,France,Tier 1,17,27,1,75.43,75.43,4,9.6,4,0.157,4,Men,Mixed,0.284,0.125,0,0
ZC004352,21.0,Female,Other,Tier 2,51,177,4,70.73,17.68,2,3.7,6,0.136,4,Women,Mixed,0.758,0.666,0,1
ZC004353,33.0,Male,USA,Tier 2,19,50,3,146.98,48.99,6,6.1,2,0.378,6,Kids,Mixed,0.194,0.293,0,0
ZC004354,17.0,Female,Spain,Tier 1,14,46,1,120.44,120.44,6,8.1,7,0.424,1,Women,Mixed,0.576,0.2,0,1
ZC004355,22.0,Female,Spain,Tier 1,11,26,1,50.87,50.87,10,2.0,2,0.187,5,TRF,Online,0.519,0.385,0,0
ZC004356,24.0,Female,USA,Tier 1,23,94,1,49.4,49.4,3,4.4,2,0.028,3,Women,Mixed,0.208,0.097,0,1
ZC004357,40.0,Male,France,Tier 1,46,109,3,236.51,78.84,2,2.9,6,0.117,6,Women,Mixed,0.145,0.665,0,1
ZC004358,28.0,Male,Spain,Tier 3,26,187,4,376.14,94.04,1,2.2,4,0.23,7,Women,Store,0.334,0.288,0,1
ZC004359,28.0,Male,France,Tier 2,41,43,2,107.25,53.62,6,8.5,0,0.656,1,TRF,Online,0.333,0.443,0,0
ZC004360,52.0,Male,Other,Tier 2,28,74,1,64.45,64.45,2,6.7,2,0.174,7,Men,Store,0.205,0.261,0,0
ZC004361,36.0,Female,Mexico,Tier 1,5,46,1,89.85,89.85,9,3.7,3,0.293,8,Kids,Online,0.48,0.045,0,0
ZC004362,35.0,Female,Italy,Tier 1,60,84,3,282.9,94.3,1,5.3,3,0.396,8,Women,Online,0.4,0.203,0,0
ZC004363,28.0,Female,Germany,Tier 2,20,120,1,52.85,52.85,5,4.9,3,,3,Men,Store,0.071,0.166,0,1
ZC004364,26.0,Female,Italy,Tier 1,52,59,1,102.04,102.04,9,5.9,5,0.45,5,Women,Store,0.434,0.161,0,0
ZC004365,16.0,Female,France,Tier 1,41,44,1,67.87,67.87,7,4.0,7,0.301,6,Women,Store,0.629,0.503,0,1
ZC004366,42.0,Male,UK,Tier 1,4,55,1,99.94,99.94,3,3.3,8,0.395,4,Women,Mixed,0.308,0.595,0,0
ZC004367,36.0,Male,USA,Tier 1,17,85,1,52.67,52.67,2,5.0,1,0.324,7,Women,Store,0.487,0.07,0,0
ZC004368,30.0,Male,Spain,Tier 3,10,60,4,380.59,95.15,0,2.6,3,0.061,7,Women,Online,0.381,0.529,0,0
ZC004369,31.0,Female,France,Tier 1,9,83,1,71.77,71.77,3,7.2,4,0.352,1,Women,Mixed,0.495,0.149,0,0
ZC004370,39.0,Male,UK,Tier 1,22,71,3,285.06,95.02,3,5.3,2,0.295,6,Women,Online,0.578,0.601,0,1
ZC004371,16.0,Male,Spain,Tier 1,31,59,4,132.78,33.2,7,2.2,3,0.506,7,Men,Online,0.448,0.164,0,0
ZC004372,26.0,Male,USA,Tier 1,6,56,2,190.07,95.04,9,14.0,4,0.152,5,Men,Store,0.528,0.145,0,0
ZC004373,21.0,Female,Mexico,Tier 1,5,56,1,115.53,115.53,5,7.5,1,0.435,1,Women,Online,0.195,0.309,0,0
ZC004374,50.0,Female,USA,Tier 1,18,43,4,195.55,48.89,5,1.0,1,0.407,2,Women,Store,0.476,0.392,0,1
ZC004375,41.0,Male,UK,Tier 1,28,29,2,214.56,107.28,4,1.0,4,0.479,7,Men,Store,0.142,0.196,0,0
ZC004376,16.0,Male,USA,Tier 1,34,46,2,106.43,53.22,6,3.1,4,,3,Home,Store,0.441,0.38,0,0
ZC004377,17.0,Female,USA,Tier 2,50,58,6,290.03,48.34,3,1.0,1,0.428,4,Home,Store,0.653,0.356,0,1
ZC004378,31.0,Female,Mexico,Tier 1,46,107,3,232.13,77.38,2,3.6,3,0.531,7,Kids,Mixed,0.314,0.08,0,0
ZC004379,27.0,Female,Spain,Tier 2,24,114,1,75.54,75.54,1,2.4,2,0.836,4,Kids,Mixed,0.268,0.374,0,0
ZC004380,19.0,Female,USA,Tier 1,27,203,3,312.02,104.01,2,13.3,5,0.728,5,Women,Mixed,0.642,0.13,0,1
ZC004381,,Male,Other,Tier 1,33,80,5,396.97,79.39,1,3.0,5,0.301,4,Home,Online,0.262,0.276,0,0
ZC004382,35.0,Female,UK,Tier 3,6,2,1,56.81,56.81,4,4.7,3,0.861,7,Home,Online,0.49,0.581,0,0
ZC004383,37.0,Female,Germany,Tier 1,16,52,1,108.5,108.5,5,10.8,6,0.447,3,Men,Mixed,0.325,0.126,0,0
ZC004384,25.0,Male,Germany,Tier 1,41,54,4,295.13,73.78,5,7.3,4,0.65,8,Women,Store,0.209,0.108,0,0
ZC004385,39.0,Female,USA,Tier 1,9,41,2,167.66,83.83,6,1.0,2,0.416,2,Men,Store,0.075,0.131,0,0
ZC004386,28.0,Female,USA,Tier 1,4,3,1,99.23,99.23,3,1.8,5,0.42,1,Men,Mixed,0.483,0.356,0,0
ZC004387,29.0,Female,UK,Tier 2,9,109,1,56.91,56.91,4,2.0,5,0.401,3,TRF,Online,0.483,0.051,0,0
ZC004388,38.0,Female,USA,Tier 2,11,71,1,79.27,79.27,0,13.9,1,0.793,2,Men,Mixed,0.584,0.13,0,1
ZC004389,16.0,Male,USA,Tier 1,18,39,4,409.3,102.32,10,1.9,3,0.376,2,Women,Mixed,0.356,0.183,0,0
ZC004390,48.0,Male,Germany,Tier 1,27,17,1,87.06,87.06,7,2.1,2,0.489,5,Kids,Mixed,0.462,0.459,0,0
ZC004391,34.0,Male,Spain,Tier 1,34,57,1,65.87,65.87,3,8.0,1,0.566,3,Men,Mixed,0.122,0.573,0,0
ZC004392,45.0,Female,Spain,Tier 1,25,327,2,146.12,73.06,2,1.4,3,0.144,5,Home,Store,0.549,0.557,0,1
ZC004393,21.0,Male,France,Tier 2,43,71,3,135.94,45.31,2,6.7,3,0.357,7,Women,Online,0.543,0.403,0,0
ZC004394,23.0,Female,UK,Tier 2,11,62,1,63.31,63.31,0,4.6,1,0.76,7,Women,Online,0.637,0.227,0,0
ZC004395,20.0,Male,Germany,Tier 1,10,18,3,321.78,107.26,9,2.2,7,0.131,6,Women,Online,0.564,0.162,0,0
ZC004396,35.0,Female,Spain,Tier 1,7,91,1,41.99,41.99,0,9.9,4,0.639,3,Men,Mixed,0.358,0.398,0,1
ZC004397,33.0,Female,Italy,Tier 2,17,34,2,244.91,122.46,6,7.8,1,0.542,7,TRF,Online,0.417,0.222,0,0
ZC004398,27.0,Female,Other,Tier 1,10,94,2,272.57,136.28,1,4.7,2,0.49,2,Women,Store,0.219,0.309,0,1
ZC004399,22.0,Male,France,Tier 3,36,5,2,100.35,50.18,5,2.8,2,0.652,3,Women,Mixed,0.604,0.235,0,0
ZC004400,,Male,Other,Tier 2,6,21,2,117.98,58.99,5,5.7,0,0.291,8,Kids,Store,0.277,0.149,0,0
ZC004401,32.0,Female,UK,Tier 1,42,33,5,349.54,69.91,8,5.6,3,0.641,1,TRF,Online,0.597,0.031,0,0
ZC004402,27.0,Female,Spain,Tier 2,9,45,1,65.88,65.88,8,1.1,3,0.332,7,Men,Online,0.067,0.377,0,0
ZC004403,25.0,Male,UK,Tier 1,38,193,2,207.11,103.56,0,4.1,3,0.513,5,Men,Store,0.337,0.221,0,1
ZC004404,47.0,Female,UK,Tier 1,11,153,4,386.53,96.63,0,12.2,1,0.437,8,Kids,Mixed,0.385,0.339,0,0
ZC004405,31.0,Female,Other,Tier 3,30,81,4,304.27,76.07,2,3.7,5,0.303,7,Women,Online,0.412,0.054,0,1
ZC004406,45.0,Male,USA,Tier 2,19,18,3,165.33,55.11,5,7.3,2,0.715,1,Women,Mixed,0.545,0.189,0,0
ZC004407,27.0,Female,USA,Tier 1,29,18,2,146.1,73.05,8,5.6,1,0.192,8,Beauty,Mixed,0.19,0.099,0,0
ZC004408,34.0,Male,Other,Tier 2,3,141,1,150.35,150.35,0,8.9,2,0.411,4,Women,Online,0.383,0.321,0,1
ZC004409,31.0,Female,USA,Tier 1,14,42,1,70.84,70.84,10,3.9,4,0.56,6,TRF,Store,0.718,0.133,0,0
ZC004410,16.0,Male,Germany,Tier 2,40,28,4,486.57,121.64,8,1.6,1,0.471,3,Kids,Online,0.282,0.326,0,0
ZC004411,46.0,Female,USA,Tier 3,17,37,1,77.19,77.19,5,5.5,2,0.483,7,Women,Online,0.265,0.55,0,0
ZC004412,31.0,Male,Other,Tier 2,10,52,1,119.76,119.76,5,2.4,6,0.394,3,Men,Mixed,0.187,0.217,0,0
ZC004413,39.0,Female,USA,Tier 1,5,75,5,403.22,80.64,1,2.9,3,0.358,3,TRF,Online,0.195,0.089,0,0
ZC004414,24.0,Male,Italy,Tier 1,9,49,3,353.97,117.99,5,2.1,5,0.367,2,Men,Online,0.362,0.143,0,0
ZC004415,30.0,Male,France,Tier 3,44,3,4,375.82,93.96,5,1.0,1,0.471,5,Men,Mixed,0.31,0.487,0,0
ZC004416,23.0,Female,Other,Tier 1,26,64,2,148.42,74.21,3,2.6,10,0.256,4,Men,Mixed,0.683,0.283,0,1
ZC004417,44.0,Female,Other,Tier 3,31,79,4,358.84,89.71,1,8.5,4,0.29,3,Kids,Online,0.127,0.284,0,0
ZC004418,35.0,Female,Mexico,Tier 1,14,77,3,132.27,44.09,1,11.3,7,0.456,3,Women,Store,0.662,0.503,0,0
ZC004419,36.0,Female,Spain,Tier 1,13,50,1,75.09,75.09,3,5.6,0,0.181,6,Women,Store,0.39,0.379,0,0
ZC004420,46.0,Female,UK,Tier 1,31,16,2,231.28,115.64,6,3.3,5,0.533,3,Kids,Mixed,0.38,0.139,0,0
ZC004421,44.0,Female,Other,Tier 1,36,9,3,305.74,101.91,6,2.3,4,0.356,3,Home,Store,0.23,0.078,0,0
ZC004422,40.0,Female,Germany,Tier 1,12,37,1,83.13,83.13,9,4.4,3,0.669,4,Home,Online,0.368,0.253,1,0
ZC004423,18.0,Male,Other,Tier 1,26,109,1,51.2,51.2,2,3.4,5,0.231,6,Men,Store,0.237,0.261,0,1
ZC004424,25.0,Female,Mexico,Tier 3,23,29,1,100.42,100.42,8,10.5,4,0.389,5,Men,Store,0.182,0.159,0,0
ZC004425,22.0,Female,USA,Tier 1,5,400,4,307.28,76.82,2,3.5,4,0.044,3,Women,Store,0.305,0.187,0,1
ZC004426,39.0,Female,USA,Tier 2,22,127,1,92.72,92.72,1,1.7,4,0.469,8,Women,Mixed,0.668,0.636,0,1
ZC004427,34.0,Female,USA,Tier 1,18,40,1,67.82,67.82,3,6.6,2,0.58,7,Kids,Mixed,0.444,0.37,0,0
ZC004428,18.0,Female,Italy,Tier 2,6,36,1,103.93,103.93,5,2.3,4,0.615,1,Women,Online,0.448,0.226,0,0
ZC004429,30.0,Male,France,Tier 1,29,45,4,374.08,93.52,7,3.5,5,0.197,8,Women,Store,0.473,0.357,0,0
ZC004430,17.0,Female,Spain,Tier 3,7,58,1,79.11,79.11,7,2.1,3,0.303,5,Women,Store,0.458,0.437,0,0
ZC004431,31.0,Female,Italy,Tier 1,11,32,2,101.12,50.56,12,8.7,3,0.568,7,Women,Store,0.391,0.272,0,0
ZC004432,16.0,Female,Spain,Tier 1,60,191,5,317.42,63.48,2,6.9,2,0.301,5,Women,Online,0.63,0.684,0,1
ZC004433,37.0,Female,UK,Tier 1,10,89,3,140.07,46.69,2,1.0,6,0.527,2,Men,Online,0.299,0.316,0,0
ZC004434,36.0,Male,UK,Tier 1,14,44,1,94.61,94.61,14,15.1,5,0.323,6,Men,Store,0.142,0.635,0,0
ZC004435,51.0,Female,France,Tier 1,5,79,1,87.94,87.94,3,3.9,3,0.325,7,Men,Store,0.589,0.284,0,1
ZC004436,40.0,Female,Spain,Tier 2,60,47,7,390.01,55.72,3,1.0,3,0.693,2,Women,Online,0.213,0.177,0,0
ZC004437,28.0,Female,Italy,Tier 1,46,119,6,562.14,93.69,3,3.0,8,0.345,7,Men,Online,0.463,0.226,0,0
ZC004438,40.0,Female,Other,Tier 2,2,245,2,176.0,88.0,0,9.4,2,0.134,6,Kids,Online,0.54,0.242,0,1
ZC004439,18.0,Female,Italy,Tier 1,60,57,6,199.57,33.26,5,2.5,6,0.825,2,Women,Store,0.312,0.172,0,0
ZC004440,22.0,Female,Other,Tier 2,55,14,4,214.02,53.5,2,12.7,2,0.417,3,Men,Mixed,0.511,0.109,0,0
ZC004441,35.0,Male,USA,Tier 1,20,18,3,250.1,83.37,4,1.7,3,0.451,1,Women,Online,0.416,0.263,0,0
ZC004442,16.0,Female,USA,Tier 2,9,139,1,59.49,59.49,3,8.1,4,0.348,6,Women,Store,0.627,0.381,0,0
ZC004443,32.0,Female,Spain,Tier 3,43,238,3,189.8,63.27,1,1.8,2,0.799,3,Women,Store,0.414,0.196,0,1
ZC004444,22.0,Male,Italy,Tier 1,31,29,5,347.65,69.53,5,3.4,1,0.433,2,Women,Online,0.123,0.314,0,0
ZC004445,33.0,Female,USA,Tier 1,60,28,7,308.08,44.01,9,1.2,6,0.68,2,Kids,Online,0.203,0.335,1,0
ZC004446,,Female,Other,Tier 2,60,91,2,58.09,29.04,0,2.2,3,0.686,3,Home,Online,0.319,0.095,0,1
ZC004447,36.0,Male,Germany,Tier 1,18,13,2,113.22,56.61,7,3.2,0,0.345,8,Women,Store,0.352,0.335,1,0
ZC004448,32.0,Male,Mexico,Tier 1,21,91,1,108.84,108.84,1,6.0,4,0.316,6,Kids,Mixed,0.313,0.212,0,0
ZC004449,46.0,Male,UK,Tier 1,8,102,1,43.36,43.36,1,5.0,6,0.786,2,Men,Online,0.374,0.262,0,0
ZC004450,32.0,Male,Italy,Tier 1,9,25,4,277.71,69.43,6,6.3,4,0.642,6,Home,Mixed,0.139,0.517,0,0
ZC004451,24.0,Female,UK,Tier 3,16,5,1,79.43,79.43,9,2.1,0,0.515,3,Kids,Store,0.284,0.031,0,0
ZC004452,30.0,Male,France,Tier 1,29,25,1,128.0,128.0,5,8.3,1,0.34,7,Women,Mixed,0.209,0.218,0,0
ZC004453,19.0,Female,Mexico,Tier 1,60,111,5,152.46,30.49,2,8.8,4,0.427,1,TRF,Online,0.479,0.182,0,0
ZC004454,36.0,Female,USA,Tier 1,9,84,2,105.55,52.78,1,2.3,3,0.719,3,Men,Mixed,0.381,0.444,0,0
ZC004455,38.0,Male,Other,Tier 1,17,51,1,86.63,86.63,7,2.2,9,0.216,4,Home,Store,0.44,0.201,0,0
ZC004456,57.0,Male,Italy,Tier 2,33,146,5,375.96,75.19,3,5.9,4,0.305,7,Women,Mixed,0.592,0.348,0,0
ZC004457,26.0,Male,Italy,Tier 2,20,78,1,67.61,67.61,3,2.8,2,0.568,8,Women,Online,0.403,0.005,0,0
ZC004458,29.0,Female,USA,Tier 3,27,70,3,276.18,92.06,1,1.4,0,0.407,1,Men,Online,0.279,0.161,0,0
ZC004459,26.0,Male,Spain,Tier 1,19,10,2,59.8,29.9,7,1.4,6,0.355,4,Women,Online,0.363,0.451,0,0
ZC004460,34.0,Female,Spain,Tier 1,6,82,1,79.92,79.92,0,1.0,3,0.371,3,Women,Store,0.143,0.363,0,0
ZC004461,36.0,Male,Germany,Tier 1,42,110,5,362.37,72.47,3,3.3,4,0.388,7,Men,Mixed,0.336,0.667,0,0
ZC004462,31.0,Male,USA,Tier 2,28,232,1,98.45,98.45,3,3.6,3,0.132,1,Kids,Online,0.449,0.423,0,1
ZC004463,43.0,Female,Other,Tier 2,12,31,4,115.95,28.99,1,16.9,9,0.264,4,Men,Mixed,0.348,0.597,0,0
ZC004464,26.0,Male,Other,Tier 2,15,51,3,198.31,66.1,8,3.7,3,0.347,1,Men,Online,0.426,0.572,0,0
ZC004465,42.0,Female,Spain,Tier 3,11,168,3,222.78,74.26,1,2.8,6,0.553,6,TRF,Online,0.434,0.292,0,0
ZC004466,37.0,Female,Italy,Tier 1,30,101,7,505.92,72.27,2,3.5,1,0.44,8,Beauty,Online,0.451,0.079,0,0
ZC004467,32.0,Male,USA,Tier 3,4,94,1,64.12,64.12,3,2.6,2,0.469,2,Men,Online,0.154,0.276,0,1
ZC004468,29.0,Female,USA,Tier 3,10,19,1,83.8,83.8,9,2.7,0,0.248,8,Kids,Online,0.497,0.453,1,0
ZC004469,56.0,Female,USA,Tier 1,14,51,2,189.92,94.96,4,5.1,6,0.124,8,Men,Store,0.239,0.682,0,0
ZC004470,24.0,Female,Other,Tier 1,14,106,1,82.87,82.87,1,5.7,5,0.367,8,Women,Mixed,0.328,0.218,0,1
ZC004471,35.0,Female,Other,Tier 2,8,25,1,63.5,63.5,4,1.2,5,0.475,3,Men,Store,0.696,0.354,0,1
ZC004472,24.0,Female,Spain,Tier 1,19,64,1,57.95,57.95,2,5.1,1,0.679,7,Home,Store,0.392,0.508,0,0
ZC004473,50.0,Female,USA,Tier 1,4,48,3,154.62,51.54,9,10.4,5,0.255,4,Women,Store,0.55,0.337,0,1
ZC004474,41.0,Female,UK,Tier 1,30,98,1,108.13,108.13,1,1.4,5,0.654,5,Women,Online,0.617,0.619,0,1
ZC004475,25.0,Female,France,Tier 2,52,78,3,175.67,58.56,2,2.7,2,0.479,1,Men,Store,0.287,0.186,0,0
ZC004476,37.0,Male,Spain,Tier 3,23,3,1,50.65,50.65,9,2.2,4,,1,Kids,Mixed,0.451,0.304,0,0
ZC004477,35.0,Female,Other,Tier 2,8,49,1,87.76,87.76,2,8.6,7,,6,Women,Mixed,0.102,0.319,0,0
ZC004478,27.0,Female,Other,Tier 3,28,210,1,75.62,75.62,1,1.9,5,0.571,5,TRF,Store,0.38,0.736,0,1
ZC004479,40.0,Male,UK,Tier 1,14,131,1,74.43,74.43,2,3.3,4,0.116,2,TRF,Mixed,0.152,0.244,0,1
ZC004480,36.0,Female,Other,Tier 2,23,47,3,233.72,77.91,7,2.4,4,0.531,5,Women,Online,0.101,0.213,0,0
ZC004481,34.0,Female,Italy,Tier 1,20,117,1,69.72,69.72,0,5.6,4,0.456,5,Women,Mixed,0.372,0.11,0,1
ZC004482,32.0,Female,Germany,Tier 1,33,39,2,163.95,81.98,3,4.0,6,0.301,7,Women,Store,0.457,0.509,0,0
ZC004483,36.0,Female,Mexico,Tier 3,23,98,2,154.97,77.48,2,7.0,2,0.641,8,Women,Store,0.47,0.267,0,1
ZC004484,34.0,Male,UK,Tier 2,13,29,2,131.51,65.76,6,4.9,3,0.511,2,TRF,Mixed,0.212,0.25,0,0
ZC004485,33.0,Female,France,Tier 2,10,255,6,563.58,93.93,0,8.5,3,0.651,4,Women,Store,0.601,0.227,0,1
ZC004486,26.0,Female,USA,Tier 1,15,49,4,195.32,48.83,3,7.5,6,0.093,2,Women,Mixed,0.347,0.438,0,1
ZC004487,49.0,Male,Italy,Tier 1,36,63,6,322.65,53.78,0,4.8,0,0.36,2,Home,Online,0.203,0.307,0,0
ZC004488,21.0,Female,USA,Tier 2,15,146,1,83.51,83.51,1,6.1,4,0.681,2,Women,Store,0.31,0.314,0,1
ZC004489,36.0,Male,USA,Tier 1,27,61,3,262.81,87.6,5,3.3,3,,6,Kids,Online,0.058,0.09,0,0
ZC004490,29.0,Female,UK,Tier 1,28,71,3,288.24,96.08,3,4.5,4,0.603,1,Men,Online,0.418,0.153,0,0
ZC004491,50.0,Female,UK,Tier 2,16,70,1,105.0,105.0,0,6.6,7,0.307,4,Women,Mixed,0.2,0.197,0,0
ZC004492,23.0,Male,USA,Tier 1,15,83,1,35.28,35.28,4,6.8,5,0.171,5,Women,Mixed,0.526,0.653,0,1
ZC004493,25.0,Female,USA,Tier 1,18,19,3,175.87,58.62,3,7.6,0,,3,Women,Online,0.034,0.157,0,0
ZC004494,22.0,Female,Other,Tier 1,5,89,2,145.54,72.77,2,2.5,8,0.46,6,Home,Store,0.257,0.2,0,1
ZC004495,35.0,Male,Germany,Tier 1,25,37,5,582.38,116.48,7,1.0,0,0.488,7,Men,Mixed,0.331,0.5,0,0
ZC004496,18.0,Female,UK,Tier 1,12,32,1,60.63,60.63,6,4.0,5,0.575,1,Women,Mixed,0.427,0.357,0,0
ZC004497,27.0,Male,Other,Tier 1,21,45,1,38.4,38.4,6,1.9,2,0.397,7,Men,Mixed,0.625,0.417,0,0
ZC004498,16.0,Female,Other,Tier 1,11,13,2,111.29,55.64,5,3.5,4,0.618,2,Women,Store,0.09,0.292,0,0
ZC004499,34.0,Female,Spain,Tier 1,45,45,4,309.6,77.4,6,10.9,3,0.209,3,Women,Mixed,0.213,0.237,0,0
ZC004500,27.0,Male,France,Tier 1,46,17,5,472.62,94.52,5,12.6,2,0.156,4,Women,Store,0.436,0.176,0,0
ZC004501,,Male,USA,Tier 3,28,3,1,136.15,136.15,5,1.8,5,,2,Men,Mixed,0.193,0.276,0,0
ZC004502,43.0,Female,France,Tier 1,2,115,1,55.24,55.24,1,11.8,4,0.627,5,Women,Mixed,0.262,0.166,0,0
ZC004503,19.0,Male,Italy,Tier 2,17,45,2,162.97,81.48,5,1.2,2,0.38,6,Women,Online,0.34,0.454,0,0
ZC004504,40.0,Female,Spain,Tier 2,33,75,3,290.53,96.84,2,5.3,1,0.114,2,Women,Store,0.094,0.323,0,0
ZC004505,25.0,Female,France,Tier 1,60,100,5,349.72,69.94,2,3.6,4,0.619,2,Men,Store,0.39,0.345,0,1
ZC004506,48.0,Male,USA,Tier 1,6,171,1,96.23,96.23,0,2.0,3,0.606,7,Men,Store,0.584,0.614,0,1
ZC004507,39.0,Female,France,Tier 3,2,46,1,68.39,68.39,6,4.2,1,0.694,6,Women,Online,0.519,0.53,0,0
ZC004508,22.0,Female,Spain,Tier 1,12,60,3,175.94,58.65,3,1.7,0,0.493,6,Men,Online,0.482,0.484,0,0
ZC004509,23.0,Male,Mexico,Tier 2,11,94,1,112.04,112.04,2,1.7,3,0.139,6,Women,Mixed,0.288,0.325,0,1
ZC004510,38.0,Female,France,Tier 2,28,8,1,64.82,64.82,5,2.9,5,0.19,7,Men,Online,0.332,0.167,0,0
ZC004511,29.0,Male,USA,Tier 2,8,40,1,52.06,52.06,6,11.6,5,0.311,1,TRF,Mixed,0.208,0.041,0,0
ZC004512,30.0,Male,Mexico,Tier 1,12,58,1,62.36,62.36,9,7.9,2,0.244,1,Women,Online,0.402,0.338,0,0
ZC004513,45.0,Female,Spain,Tier 1,13,33,1,56.66,56.66,8,8.7,5,0.327,6,Men,Online,0.454,0.114,0,0
ZC004514,25.0,Female,Germany,Tier 1,22,33,1,61.19,61.19,3,1.3,6,0.482,6,Women,Store,0.461,0.222,0,0
ZC004515,33.0,Male,France,Tier 2,27,25,2,138.01,69.0,4,2.4,1,0.158,1,Men,Store,0.458,0.244,0,0
ZC004516,42.0,Male,Spain,Tier 1,10,400,1,62.62,62.62,1,5.2,6,0.161,8,Women,Mixed,0.618,0.319,0,1
ZC004517,40.0,Female,USA,Tier 3,22,57,1,121.5,121.5,6,3.4,4,0.541,6,Beauty,Store,0.167,0.259,0,0
ZC004518,30.0,Female,Spain,Tier 2,2,24,1,64.67,64.67,7,10.0,5,0.598,8,Women,Store,0.28,0.32,0,0
ZC004519,29.0,Female,Italy,Tier 1,48,47,5,395.57,79.11,6,1.6,1,0.518,2,TRF,Online,0.262,0.192,0,0
ZC004520,16.0,Male,Italy,Tier 1,9,22,1,119.92,119.92,2,6.4,4,0.712,4,Women,Online,0.223,0.326,0,0
ZC004521,21.0,Male,Spain,Tier 3,38,62,4,362.7,90.68,1,1.0,3,0.353,6,Women,Mixed,0.211,0.51,0,0
ZC004522,35.0,Male,Spain,Tier 1,11,75,4,405.57,101.39,1,1.0,1,0.286,4,Men,Online,0.265,0.415,0,0
ZC004523,31.0,Female,Other,Tier 1,27,174,1,75.78,75.78,3,5.5,3,0.469,7,Kids,Online,0.427,0.246,0,0
ZC004524,33.0,Male,USA,Tier 1,14,11,2,204.46,102.23,4,9.3,2,0.506,1,Women,Online,0.108,0.335,1,1
ZC004525,42.0,Female,USA,Tier 1,32,62,7,451.8,64.54,0,2.8,2,0.214,5,Women,Online,0.487,0.154,0,0
ZC004526,20.0,Female,Italy,Tier 1,36,23,3,160.78,53.59,7,2.5,5,0.435,2,Men,Online,0.34,0.254,0,0
ZC004527,30.0,Female,Spain,Tier 2,45,129,2,119.16,59.58,1,5.4,2,0.421,8,Men,Online,0.294,0.177,0,0
ZC004528,34.0,Female,Other,Tier 2,24,7,3,320.46,106.82,5,5.8,5,0.17,8,Men,Online,0.379,0.049,0,0
ZC004529,25.0,Female,Spain,Tier 1,3,219,1,74.32,74.32,1,2.0,5,0.547,7,Men,Online,0.34,0.142,0,1
ZC004530,46.0,Female,Other,Tier 1,8,13,1,68.7,68.7,4,1.6,4,0.133,1,Women,Store,0.407,0.27,0,1
ZC004531,41.0,Female,USA,Tier 1,46,63,3,163.3,54.43,2,4.0,2,0.556,6,Men,Mixed,0.282,0.36,0,0
ZC004532,35.0,Male,USA,Tier 2,16,123,1,84.78,84.78,0,1.4,4,0.539,8,Women,Online,0.24,0.251,0,0
ZC004533,50.0,Female,UK,Tier 1,15,55,1,60.6,60.6,4,8.7,3,0.426,7,Men,Mixed,0.208,0.24,0,1
ZC004534,17.0,Female,Other,Tier 3,28,18,4,242.82,60.7,9,6.5,3,0.694,8,Kids,Mixed,0.204,0.399,0,0
ZC004535,32.0,Female,France,Tier 2,26,55,1,69.5,69.5,11,7.4,2,0.487,7,Men,Online,0.422,0.1,0,0
ZC004536,36.0,Female,Spain,Tier 2,60,32,8,324.51,40.56,10,7.3,7,0.165,6,Women,Online,0.099,0.305,0,0
ZC004537,23.0,Female,Other,Tier 1,17,15,2,107.69,53.84,6,14.6,3,0.433,4,Women,Mixed,0.604,0.286,0,0
ZC004538,35.0,Male,Spain,Tier 2,16,16,4,213.81,53.45,5,1.2,5,0.411,5,Men,Online,0.38,0.092,0,0
ZC004539,21.0,Female,Spain,Tier 1,36,234,6,447.85,74.64,1,5.9,6,0.311,5,Men,Mixed,0.196,0.322,0,1
ZC004540,39.0,Female,Spain,Tier 2,29,53,5,280.59,56.12,2,1.7,4,0.218,4,Home,Mixed,0.235,0.447,0,0
ZC004541,43.0,Male,Other,Tier 3,6,32,1,74.15,74.15,8,4.8,4,0.538,2,Women,Store,0.414,0.163,0,0
ZC004542,35.0,Female,USA,Tier 3,16,85,1,82.56,82.56,0,2.3,5,0.423,5,Kids,Online,0.184,0.088,0,0
ZC004543,16.0,Male,USA,Tier 2,60,145,5,339.44,67.89,3,7.0,4,0.277,5,Women,Store,0.561,0.234,0,0
ZC004544,22.0,Female,Other,Tier 2,9,29,3,269.21,89.74,10,1.9,5,0.454,3,Men,Store,0.311,0.38,0,0
ZC004545,38.0,Male,Germany,Tier 1,15,31,5,212.28,42.46,7,1.0,3,0.34,4,Men,Online,0.698,0.328,0,0
ZC004546,32.0,Female,USA,Tier 1,55,46,2,167.76,83.88,6,1.0,2,0.188,6,Women,Online,0.211,0.464,0,0
ZC004547,16.0,Female,Germany,Tier 2,54,52,6,309.93,51.66,4,6.4,4,0.229,7,TRF,Mixed,0.517,0.209,0,0
ZC004548,44.0,Female,USA,Tier 3,42,16,3,190.09,63.36,5,4.0,4,0.523,3,Men,Store,0.148,0.274,0,0
ZC004549,33.0,Female,France,Tier 3,14,66,1,67.41,67.41,2,6.4,4,0.244,8,Women,Online,0.418,0.091,0,0
ZC004550,24.0,Male,USA,Tier 3,11,26,2,127.73,63.86,2,3.4,3,0.738,6,Women,Online,0.248,0.218,1,0
ZC004551,42.0,Female,Germany,Tier 1,35,2,1,84.4,84.4,4,1.0,3,0.756,3,Women,Mixed,0.293,0.458,0,0
ZC004552,25.0,Female,Mexico,Tier 2,48,102,4,322.97,80.74,1,2.3,7,0.399,2,Men,Store,0.295,0.162,0,1
ZC004553,25.0,Male,USA,Tier 2,17,7,1,72.16,72.16,7,8.1,2,0.371,1,Women,Online,0.247,0.63,0,0
ZC004554,36.0,Male,Spain,Tier 1,24,83,3,66.35,22.12,1,1.0,2,0.386,4,Men,Store,0.2,0.334,0,0
ZC004555,50.0,Female,USA,Tier 1,10,106,1,58.29,58.29,0,2.2,4,0.164,1,Women,Store,0.176,0.771,0,1
ZC004556,48.0,Female,Mexico,Tier 2,5,39,4,379.83,94.96,2,15.6,1,0.706,7,Beauty,Mixed,0.535,0.151,0,0
ZC004557,36.0,Male,Mexico,Tier 1,5,102,3,226.46,75.49,2,3.5,2,0.633,8,Women,Store,0.242,0.038,0,1
ZC004558,37.0,Male,Mexico,Tier 2,17,95,1,89.91,89.91,3,9.6,3,0.113,1,Beauty,Online,0.343,0.304,0,1
ZC004559,40.0,Male,Other,Tier 3,9,72,1,73.67,73.67,1,10.1,5,0.402,5,Home,Online,0.373,0.329,0,0
ZC004560,19.0,Male,Other,Tier 2,23,41,5,414.78,82.96,8,2.2,4,0.526,6,Women,Mixed,0.535,0.026,0,0
ZC004561,38.0,Female,Other,Tier 1,11,42,2,131.09,65.54,6,2.5,5,0.403,7,Women,Mixed,0.582,0.257,0,0
ZC004562,25.0,Female,Germany,Tier 1,41,9,5,361.17,72.23,8,2.0,6,0.302,2,Home,Mixed,0.233,0.385,0,0
ZC004563,35.0,Female,USA,Tier 2,13,33,4,285.6,71.4,7,1.8,4,0.4,3,Women,Store,0.09,0.125,0,0
ZC004564,30.0,Female,Germany,Tier 2,15,23,4,343.51,85.88,7,1.0,2,0.274,2,Men,Store,0.335,0.253,0,0
ZC004565,37.0,Male,USA,Tier 1,46,129,4,90.49,22.62,0,4.8,2,0.727,7,TRF,Mixed,0.255,0.349,0,0
ZC004566,33.0,Female,Spain,Tier 1,21,52,4,304.32,76.08,5,3.5,1,0.417,3,Men,Mixed,0.174,0.527,0,0
ZC004567,16.0,Female,USA,Tier 3,23,29,4,292.51,73.13,5,7.9,6,0.333,7,Home,Mixed,0.337,0.319,0,0
ZC004568,34.0,Male,USA,Tier 1,15,74,5,412.41,82.48,2,2.3,4,0.518,6,Beauty,Online,0.416,0.363,0,0
ZC004569,38.0,Female,Italy,Tier 2,20,23,2,142.8,71.4,2,6.6,4,0.435,3,Men,Store,0.29,0.339,0,0
ZC004570,36.0,Female,USA,Tier 3,7,18,3,345.08,115.03,8,3.8,1,0.377,2,Men,Online,0.454,0.237,0,0
ZC004571,31.0,Female,Spain,Tier 2,36,179,2,166.15,83.08,1,2.1,3,0.76,2,Men,Online,0.32,0.296,0,0
ZC004572,48.0,Male,Other,Tier 3,11,21,2,161.4,80.7,4,7.0,2,0.168,1,Men,Store,0.362,0.368,0,0
ZC004573,35.0,Female,Germany,Tier 2,6,126,2,165.04,82.52,0,3.9,2,0.635,1,Men,Online,0.175,0.329,0,0
ZC004574,36.0,Female,USA,Tier 1,35,10,4,140.62,35.16,6,7.9,2,0.462,3,Women,Mixed,0.335,0.456,0,0
ZC004575,42.0,Female,USA,Tier 1,26,37,3,195.44,65.15,13,5.9,5,0.874,4,TRF,Store,0.257,0.725,0,0
ZC004576,36.0,Female,Spain,Tier 1,28,10,2,218.1,109.05,8,6.8,4,0.385,5,Women,Store,0.464,0.123,0,0
ZC004577,23.0,Male,Other,Tier 1,18,76,3,264.75,88.25,2,5.2,4,0.294,7,Women,Online,0.161,0.564,0,0
ZC004578,16.0,Female,USA,Tier 2,49,18,5,190.95,38.19,5,11.5,4,0.813,7,Men,Mixed,0.612,0.419,0,0
ZC004579,27.0,Male,Other,Tier 1,11,64,1,125.85,125.85,0,1.4,2,0.21,1,Men,Mixed,0.571,0.442,0,1
ZC004580,40.0,Female,USA,Tier 1,17,111,3,183.91,61.3,1,6.6,5,0.462,2,Women,Online,0.278,0.524,0,1
ZC004581,28.0,Female,Mexico,Tier 2,3,6,1,56.81,56.81,12,4.4,5,0.636,7,Women,Online,0.63,0.5,0,0
ZC004582,40.0,Female,Spain,Tier 1,1,52,1,38.49,38.49,10,1.3,1,0.273,5,Women,Mixed,0.595,0.281,0,0
ZC004583,33.0,Male,France,Tier 1,22,133,1,120.57,120.57,3,2.3,0,0.189,3,Home,Mixed,0.363,0.172,0,0
ZC004584,45.0,Male,USA,Tier 2,26,20,1,52.65,52.65,2,10.7,1,0.399,3,Men,Online,0.489,0.205,0,0
ZC004585,29.0,Female,USA,Tier 1,20,118,2,128.7,64.35,1,7.6,4,0.45,4,Men,Mixed,0.111,0.183,0,1
ZC004586,37.0,Female,Other,Tier 1,26,62,2,173.51,86.76,1,8.4,4,0.555,3,Beauty,Online,0.415,0.102,0,0
ZC004587,37.0,Female,Italy,Tier 1,35,26,1,34.92,34.92,5,5.7,4,0.434,8,Men,Mixed,0.294,0.186,0,1
ZC004588,47.0,Female,USA,Tier 2,17,49,1,79.67,79.67,5,5.6,7,0.149,5,Men,Mixed,0.198,0.201,0,0
ZC004589,16.0,Female,Mexico,Tier 2,14,22,1,58.55,58.55,6,2.8,7,0.534,4,TRF,Mixed,0.402,0.225,0,0
ZC004590,27.0,Male,Spain,Tier 2,8,11,1,95.97,95.97,6,8.7,2,0.492,2,Women,Mixed,0.298,0.531,0,0
ZC004591,40.0,Female,Other,Tier 1,23,99,1,73.68,73.68,3,9.1,3,0.565,5,Home,Online,0.522,0.645,0,1
ZC004592,47.0,Male,UK,Tier 2,38,23,2,175.1,87.55,5,9.8,4,0.344,8,Kids,Mixed,0.245,0.077,0,0
ZC004593,34.0,Male,USA,Tier 1,30,170,4,348.29,87.07,0,1.9,0,0.486,1,Women,Online,0.284,0.148,0,1
ZC004594,29.0,Female,USA,Tier 2,60,97,3,325.64,108.55,0,3.5,5,0.671,1,Beauty,Store,0.295,0.466,0,0
ZC004595,40.0,Female,USA,Tier 1,19,44,1,89.27,89.27,5,1.0,2,0.9,6,Home,Online,0.091,0.703,0,0
ZC004596,41.0,Male,Other,Tier 1,13,67,4,324.27,81.07,1,2.3,5,0.386,1,Kids,Online,0.111,0.621,0,0
ZC004597,28.0,Female,USA,Tier 1,16,97,3,241.52,80.51,3,1.8,6,0.607,6,Kids,Store,0.293,0.058,0,0
ZC004598,35.0,Female,Spain,Tier 1,32,275,3,51.43,17.14,0,2.5,5,0.73,5,Men,Online,0.267,0.116,0,1
ZC004599,44.0,Male,Mexico,Tier 1,26,104,2,141.58,70.79,1,4.9,3,0.523,6,Men,Mixed,0.397,0.026,0,1
ZC004600,51.0,Female,USA,Tier 1,11,19,5,560.89,112.18,8,1.2,3,0.423,4,Men,Online,0.269,0.24,0,0
ZC004601,39.0,Male,Spain,Tier 3,22,9,2,92.71,46.36,9,5.9,4,0.523,5,Home,Online,0.06,0.449,0,0
ZC004602,32.0,Female,Germany,Tier 2,10,11,1,57.06,57.06,1,1.0,3,0.658,3,Women,Online,0.354,0.437,0,0
ZC004603,31.0,Female,Spain,Tier 2,26,19,2,79.17,39.58,11,1.7,3,0.672,1,TRF,Online,0.225,0.565,0,0
ZC004604,38.0,Female,Other,Tier 1,3,15,1,35.31,35.31,8,4.2,5,0.657,5,Men,Online,0.23,0.33,0,0
ZC004605,31.0,Female,France,Tier 1,5,28,1,74.46,74.46,7,7.7,6,0.505,1,Men,Online,0.241,0.298,0,0
ZC004606,34.0,Female,USA,Tier 3,6,33,3,221.71,73.9,7,1.0,3,0.254,3,Beauty,Store,0.096,0.371,0,0
ZC004607,21.0,Female,UK,Tier 1,8,6,3,236.64,78.88,6,3.7,2,0.413,5,Men,Mixed,0.22,0.224,0,0
ZC004608,45.0,Female,USA,Tier 2,24,58,4,211.47,52.87,6,2.9,3,0.557,5,Women,Mixed,0.474,0.254,0,0
ZC004609,21.0,Female,France,Tier 2,31,84,2,106.79,53.4,0,1.8,3,0.47,6,Home,Mixed,0.164,0.093,0,0
ZC004610,28.0,Female,France,Tier 1,18,16,2,119.08,59.54,8,1.4,6,0.167,1,Men,Mixed,0.509,0.415,0,0
ZC004611,33.0,Female,Mexico,Tier 2,6,63,1,67.41,67.41,2,3.1,2,0.593,1,Men,Mixed,0.241,0.284,0,0
ZC004612,52.0,Female,UK,Tier 2,36,22,1,56.71,56.71,7,3.3,1,0.677,6,Kids,Mixed,0.313,0.635,0,0
ZC004613,28.0,Female,Mexico,Tier 3,17,80,3,268.27,89.42,0,2.2,6,0.209,6,TRF,Mixed,0.477,0.225,0,1
ZC004614,25.0,Female,Spain,Tier 1,41,165,5,273.64,54.73,1,4.9,6,0.62,7,Kids,Online,0.15,0.271,0,0
ZC004615,26.0,Female,Other,Tier 1,19,197,1,66.2,66.2,1,5.3,4,0.513,7,Home,Store,0.086,0.31,0,1
ZC004616,49.0,Female,USA,Tier 2,4,4,1,84.75,84.75,6,2.5,5,0.309,1,Women,Online,0.101,0.408,0,0
ZC004617,16.0,Female,Other,Tier 1,10,58,1,33.87,33.87,7,10.2,2,0.249,7,Women,Store,0.355,0.109,1,0
ZC004618,22.0,Male,France,Tier 1,4,154,1,101.54,101.54,0,4.0,5,0.702,4,Beauty,Store,0.066,0.291,0,0
ZC004619,59.0,Male,Spain,Tier 2,2,127,1,82.35,82.35,1,2.1,1,0.767,5,Kids,Store,0.183,0.29,1,1
ZC004620,38.0,Female,USA,Tier 1,13,27,1,98.62,98.62,10,1.1,4,0.585,8,Women,Online,0.528,0.343,0,0
ZC004621,21.0,Male,Other,Tier 3,20,36,1,52.99,52.99,6,2.3,6,0.665,5,Home,Mixed,0.508,0.549,0,0
ZC004622,32.0,Female,Other,Tier 3,25,55,1,51.93,51.93,6,2.8,4,0.454,8,Women,Store,0.223,0.373,0,0
ZC004623,33.0,Female,Italy,Tier 1,32,170,4,262.54,65.64,2,4.4,1,,4,Women,Online,0.392,0.156,1,1
ZC004624,40.0,Female,UK,Tier 1,12,127,1,60.34,60.34,4,4.6,4,0.625,5,Men,Store,0.337,0.199,0,1
ZC004625,50.0,Female,Germany,Tier 1,6,186,3,309.68,103.23,2,8.3,5,0.763,5,Women,Mixed,0.351,0.032,0,1
ZC004626,36.0,Female,USA,Tier 1,19,146,1,30.92,30.92,1,3.1,3,0.294,6,Women,Mixed,0.299,0.389,0,1
ZC004627,27.0,Female,Germany,Tier 1,12,58,2,214.86,107.43,6,3.3,3,0.465,2,Men,Online,0.122,0.44,0,0
ZC004628,40.0,Male,USA,Tier 3,30,263,7,549.76,78.54,2,8.8,7,0.575,6,Men,Store,0.398,0.21,0,1
ZC004629,25.0,Female,Other,Tier 1,12,12,1,87.27,87.27,6,5.5,2,0.222,6,Men,Store,0.21,0.184,0,0
ZC004630,22.0,Female,Italy,Tier 1,25,49,1,90.3,90.3,7,2.6,4,0.274,8,Women,Store,0.269,0.321,0,0
ZC004631,16.0,Female,UK,Tier 1,54,51,3,303.69,101.23,6,4.0,2,0.124,1,Women,Mixed,0.495,0.626,1,0
ZC004632,16.0,Female,Germany,Tier 1,29,141,1,86.55,86.55,2,3.0,4,0.408,6,Men,Mixed,0.11,0.611,0,0
ZC004633,23.0,Female,USA,Tier 2,44,37,6,411.57,68.6,5,6.4,2,0.42,7,Kids,Mixed,0.444,0.278,0,0
ZC004634,20.0,Female,USA,Tier 2,4,226,1,57.47,57.47,6,2.9,4,0.522,2,Home,Online,0.303,0.181,0,0
ZC004635,35.0,Female,USA,Tier 1,5,97,2,116.5,58.25,3,1.3,5,0.446,1,Men,Mixed,0.278,0.323,0,1
ZC004636,20.0,Female,USA,Tier 1,20,43,2,214.82,107.41,5,1.8,1,0.511,8,Women,Online,0.519,0.201,0,0
ZC004637,16.0,Female,USA,Tier 3,29,18,4,485.64,121.41,6,8.2,4,0.197,3,Home,Online,0.239,0.401,0,0
ZC004638,22.0,Male,Italy,Tier 2,24,2,1,67.59,67.59,5,3.2,2,0.248,8,Women,Store,0.314,0.47,0,1
ZC004639,27.0,Male,Italy,Tier 1,9,3,1,95.77,95.77,4,1.0,4,0.521,2,Women,Online,0.521,0.24,0,0
ZC004640,26.0,Female,UK,Tier 1,28,50,2,218.67,109.34,4,2.2,4,0.75,6,Men,Store,0.376,0.508,0,0
ZC004641,47.0,Female,Other,Tier 1,21,335,2,72.27,36.14,3,7.6,0,0.222,5,Men,Online,0.231,0.355,0,1
ZC004642,26.0,Male,Other,Tier 1,12,94,1,93.97,93.97,0,1.0,1,0.462,2,Beauty,Mixed,0.392,0.155,0,0
ZC004643,41.0,Male,Spain,Tier 1,42,116,4,233.92,58.48,1,7.0,5,0.158,1,Men,Online,0.509,0.346,0,1
ZC004644,32.0,Female,UK,Tier 2,29,26,7,655.45,93.64,6,2.2,2,0.222,2,Women,Store,0.28,0.63,1,0
ZC004645,32.0,Female,Other,Tier 1,38,27,1,88.56,88.56,6,1.7,2,0.561,8,Men,Mixed,0.186,0.599,0,0
ZC004646,24.0,Male,USA,Tier 2,20,5,3,362.34,120.78,8,3.5,6,0.248,8,Women,Store,0.139,0.724,0,0
ZC004647,31.0,Female,UK,Tier 2,26,148,2,160.11,80.06,1,2.2,6,0.525,8,Men,Store,0.455,0.32,0,1
ZC004648,24.0,Male,Other,Tier 2,24,2,1,54.8,54.8,6,12.3,5,0.336,4,Women,Online,0.613,0.51,0,1
ZC004649,34.0,Female,Mexico,Tier 2,4,68,1,99.06,99.06,1,3.8,0,0.202,5,Men,Online,0.587,0.613,0,1
ZC004650,30.0,Female,Other,Tier 1,18,55,4,411.24,102.81,4,3.8,1,0.162,8,Women,Store,0.237,0.311,0,1
ZC004651,23.0,Male,Other,Tier 2,23,59,2,198.77,99.38,9,6.6,3,0.233,4,Men,Store,0.151,0.242,0,0
ZC004652,42.0,Male,USA,Tier 2,34,171,2,143.68,71.84,0,3.9,2,0.419,6,Men,Online,0.4,0.188,0,1
ZC004653,36.0,Female,Italy,Tier 1,9,64,1,84.62,84.62,0,8.0,4,0.511,4,Women,Store,0.43,0.077,0,1
ZC004654,28.0,Male,Mexico,Tier 3,19,24,3,150.49,50.16,4,3.6,3,0.36,1,Women,Store,0.617,0.324,0,1
ZC004655,33.0,Male,USA,Tier 3,40,127,5,125.31,25.06,1,7.6,2,0.125,1,Women,Mixed,0.176,0.76,0,0
ZC004656,31.0,Female,Spain,Tier 2,15,143,2,150.86,75.43,1,6.2,2,0.5,8,Women,Mixed,0.141,0.181,0,0
ZC004657,23.0,Male,USA,Tier 1,5,27,1,119.26,119.26,7,2.8,4,0.728,1,Women,Mixed,0.064,0.406,0,0
ZC004658,33.0,Female,Italy,Tier 2,29,21,3,303.1,101.03,6,1.9,1,0.579,6,Women,Store,0.294,0.14,0,0
ZC004659,26.0,Female,Italy,Tier 1,20,37,5,319.41,63.88,6,1.8,5,0.233,5,Women,Store,0.259,0.368,0,0
ZC004660,23.0,Male,Other,Tier 1,3,33,1,69.79,69.79,7,2.6,5,0.541,2,Men,Store,0.741,0.188,0,0
ZC004661,16.0,Female,USA,Tier 1,16,96,3,217.47,72.49,3,3.2,1,0.209,4,Men,Mixed,0.51,0.187,0,1
ZC004662,28.0,Male,Germany,Tier 2,19,40,1,56.79,56.79,8,1.6,4,0.294,1,Men,Online,0.129,0.312,0,1
ZC004663,38.0,Female,Spain,Tier 2,15,70,1,62.53,62.53,1,4.6,7,0.342,2,Women,Online,0.42,0.292,0,1
ZC004664,25.0,Female,Other,Tier 1,19,326,2,153.6,76.8,3,3.6,3,0.456,1,Women,Online,0.231,0.292,0,1
ZC004665,57.0,Female,France,Tier 1,21,50,1,78.6,78.6,5,1.7,5,0.211,1,Men,Store,0.436,0.216,0,0
ZC004666,41.0,Female,Italy,Tier 1,22,35,1,61.07,61.07,6,3.8,4,0.311,7,Women,Online,0.518,0.457,0,0
ZC004667,45.0,Male,USA,Tier 1,17,180,1,46.24,46.24,2,1.8,4,0.588,3,Kids,Online,0.135,0.205,0,1
ZC004668,40.0,Female,Spain,Tier 1,31,344,4,296.09,74.02,0,3.5,3,0.206,5,Women,Mixed,0.422,0.564,0,1
ZC004669,51.0,Female,Spain,Tier 1,30,193,3,196.22,65.41,0,7.6,7,0.426,3,Women,Online,0.515,0.313,0,1
ZC004670,24.0,Female,Mexico,Tier 1,11,54,1,77.18,77.18,3,4.8,5,0.173,4,Women,Mixed,0.514,0.2,0,0
ZC004671,16.0,Female,USA,Tier 1,47,124,4,213.36,53.34,2,6.6,2,0.224,2,Men,Store,0.146,0.193,0,1
ZC004672,28.0,Female,Other,Tier 2,11,213,4,345.01,86.25,4,1.3,4,,6,Home,Mixed,0.311,0.521,0,0
ZC004673,38.0,Female,USA,Tier 1,22,34,1,82.36,82.36,0,1.0,5,0.55,2,Women,Store,0.279,0.507,0,0
ZC004674,34.0,Female,France,Tier 2,23,72,3,242.41,80.8,0,3.9,3,0.405,1,Women,Store,0.565,0.605,0,1
ZC004675,35.0,Female,USA,Tier 1,7,29,2,164.98,82.49,5,4.9,4,0.332,2,Women,Online,0.335,0.338,0,0
ZC004676,45.0,Female,Spain,Tier 1,5,15,1,63.74,63.74,2,16.3,7,0.37,7,Women,Online,0.471,0.237,0,0
ZC004677,36.0,Female,France,Tier 1,12,108,3,230.61,76.87,1,1.8,1,0.347,5,Women,Online,0.424,0.292,0,1
ZC004678,40.0,Female,USA,Tier 1,28,48,4,293.11,73.28,6,13.1,2,0.503,8,Women,Online,0.259,0.113,0,0
ZC004679,23.0,Female,UK,Tier 1,1,20,2,254.44,127.22,5,8.0,1,0.408,1,Men,Mixed,0.104,0.116,0,0
ZC004680,21.0,Female,Germany,Tier 2,14,20,1,66.28,66.28,5,3.6,3,0.468,1,Women,Online,0.484,0.508,0,0
ZC004681,48.0,Female,USA,Tier 1,6,139,1,103.19,103.19,5,5.2,7,0.519,8,Women,Online,0.174,0.081,0,0
ZC004682,33.0,Female,France,Tier 1,33,108,1,69.95,69.95,0,7.0,0,0.296,8,Women,Online,0.305,0.343,0,1
ZC004683,26.0,Male,Germany,Tier 1,14,114,3,174.16,58.05,3,6.7,3,0.082,7,Women,Online,0.291,0.144,0,0
ZC004684,26.0,Female,Spain,Tier 1,23,34,4,247.29,61.82,4,5.9,10,0.421,8,Kids,Store,0.512,0.254,0,0
ZC004685,26.0,Male,USA,Tier 2,17,173,1,50.34,50.34,2,5.4,0,0.594,8,Kids,Mixed,0.469,0.514,0,1
ZC004686,25.0,Female,Spain,Tier 1,30,150,2,131.97,65.98,1,2.3,8,0.465,5,Home,Online,0.322,0.214,0,1
ZC004687,,Female,Spain,Tier 1,13,182,5,367.22,73.44,1,6.0,8,0.258,1,Women,Mixed,0.255,0.389,0,1
ZC004688,17.0,Male,Spain,Tier 2,11,15,1,72.21,72.21,6,8.0,11,0.602,1,Men,Store,0.182,0.189,0,0
ZC004689,30.0,Female,Germany,Tier 1,6,90,1,142.25,142.25,0,1.0,4,0.384,6,Men,Store,0.199,0.09,0,0
ZC004690,,Female,Spain,Tier 1,21,90,1,115.51,115.51,1,7.7,3,0.645,2,Women,Store,0.342,0.533,0,0
ZC004691,43.0,Female,Other,Tier 2,28,29,5,441.36,88.27,6,5.2,2,0.464,4,Home,Mixed,0.203,0.268,0,0
ZC004692,35.0,Male,Mexico,Tier 1,8,55,1,75.17,75.17,8,6.6,2,0.076,2,Men,Store,0.31,0.586,0,0
ZC004693,35.0,Female,Spain,Tier 3,17,80,2,96.24,48.12,3,9.1,6,0.391,5,Women,Online,0.283,0.082,0,0
ZC004694,25.0,Male,France,Tier 2,46,177,4,302.17,75.54,2,4.4,4,0.3,7,Kids,Online,0.29,0.285,0,1
ZC004695,31.0,Female,Spain,Tier 1,14,70,1,107.1,107.1,0,1.0,1,0.659,2,TRF,Online,0.287,0.395,0,0
ZC004696,36.0,Female,Spain,Tier 1,7,101,1,108.43,108.43,4,3.6,5,0.098,3,Women,Store,0.339,0.014,0,0
ZC004697,39.0,Female,Other,Tier 1,14,9,1,63.56,63.56,4,3.2,6,0.352,8,Women,Online,0.289,0.373,0,0
ZC004698,31.0,Female,UK,Tier 2,13,42,4,195.5,48.88,7,4.3,3,0.584,5,Women,Online,0.345,0.252,0,0
ZC004699,43.0,Male,Spain,Tier 1,30,47,2,156.43,78.22,3,2.4,4,0.241,6,Men,Online,0.251,0.336,0,0
ZC004700,32.0,Female,Other,Tier 2,20,158,4,352.59,88.15,3,8.8,4,0.277,8,Women,Mixed,0.319,0.395,0,0
ZC004701,40.0,Male,Other,Tier 1,3,161,1,70.2,70.2,4,5.5,4,0.448,6,Kids,Mixed,0.169,0.254,0,1
ZC004702,27.0,Female,France,Tier 2,35,15,1,92.61,92.61,2,2.8,1,0.58,3,Kids,Store,0.149,0.541,0,0
ZC004703,16.0,Female,Italy,Tier 3,9,31,1,75.84,75.84,8,4.9,3,0.385,3,Kids,Mixed,0.49,0.463,0,0
ZC004704,35.0,Female,Mexico,Tier 1,7,86,1,84.34,84.34,1,1.3,5,0.618,1,Men,Store,0.373,0.082,0,0
ZC004705,39.0,Male,Italy,Tier 1,17,52,3,253.54,84.51,4,5.1,7,0.137,4,Women,Online,0.436,0.643,0,1
ZC004706,38.0,Female,France,Tier 1,11,44,1,65.78,65.78,7,7.9,4,0.325,6,Men,Store,0.734,0.598,0,0
ZC004707,36.0,Female,Other,Tier 2,31,39,3,148.62,49.54,4,2.6,1,0.732,6,Men,Online,0.327,0.19,0,0
ZC004708,29.0,Male,France,Tier 1,20,79,1,117.26,117.26,3,1.7,5,0.636,2,Women,Store,0.277,0.486,0,0
ZC004709,24.0,Female,USA,Tier 2,14,80,1,57.02,57.02,3,6.8,4,0.368,4,TRF,Store,0.321,0.521,0,0
ZC004710,38.0,Female,Spain,Tier 2,9,35,2,48.17,24.08,4,7.4,2,0.491,7,Women,Online,0.412,0.045,0,0
ZC004711,36.0,Male,USA,Tier 3,47,40,4,285.09,71.27,4,9.4,5,0.363,1,Kids,Store,0.122,0.319,0,0
ZC004712,26.0,Female,Spain,Tier 2,40,55,3,245.61,81.87,6,3.0,1,0.511,6,Men,Mixed,0.61,0.312,1,0
ZC004713,43.0,Female,Spain,Tier 2,17,66,1,102.89,102.89,2,1.3,3,0.292,6,Men,Mixed,0.307,0.267,0,0
ZC004714,23.0,Female,UK,Tier 1,3,2,1,72.66,72.66,7,1.4,2,0.75,7,Women,Store,0.512,0.357,0,0
ZC004715,26.0,Male,Other,Tier 1,13,28,1,86.68,86.68,4,16.9,7,0.238,4,Beauty,Store,0.321,0.283,0,0
ZC004716,48.0,Female,Spain,Tier 2,29,33,1,77.6,77.6,7,4.4,1,0.316,6,Men,Mixed,0.548,0.438,0,0
ZC004717,41.0,Male,USA,Tier 2,8,52,1,63.89,63.89,5,1.3,3,0.487,5,Men,Store,0.198,0.192,0,0
ZC004718,28.0,Male,Other,Tier 2,50,78,5,306.72,61.34,1,7.3,5,0.154,2,Women,Online,0.254,0.574,0,0
ZC004719,35.0,Female,UK,Tier 1,46,30,6,624.66,104.11,6,8.3,9,0.302,7,TRF,Mixed,0.143,0.28,0,1
ZC004720,34.0,Female,Mexico,Tier 1,11,49,2,124.69,62.34,4,3.0,6,0.189,5,Men,Online,0.512,0.225,0,0
ZC004721,16.0,Male,France,Tier 1,9,5,1,76.05,76.05,6,1.0,4,,8,Men,Mixed,0.137,0.083,0,0
ZC004722,23.0,Female,Germany,Tier 1,32,183,2,119.14,59.57,6,2.6,4,0.487,1,Beauty,Online,0.115,0.06,0,1
ZC004723,31.0,Female,USA,Tier 1,25,13,3,202.58,67.53,6,9.6,2,0.295,3,Kids,Store,0.347,0.446,0,1
ZC004724,28.0,Female,USA,Tier 1,14,249,3,236.99,79.0,1,3.8,6,0.52,4,Kids,Mixed,0.508,0.537,0,1
ZC004725,34.0,Male,Germany,Tier 1,34,73,2,149.57,74.78,3,5.0,3,0.799,5,Men,Mixed,0.455,0.393,0,0
ZC004726,43.0,Female,Spain,Tier 1,6,125,3,226.81,75.6,0,5.6,3,0.526,5,Women,Online,0.261,0.199,0,1
ZC004727,29.0,Female,USA,Tier 1,16,57,1,82.92,82.92,8,4.4,8,0.658,4,Kids,Online,0.423,0.23,0,0
ZC004728,21.0,Female,UK,Tier 3,40,81,2,64.6,32.3,0,4.4,3,0.029,5,Women,Online,0.126,0.075,0,0
ZC004729,35.0,Female,Italy,Tier 3,28,80,1,70.24,70.24,1,3.7,5,0.6,6,Kids,Mixed,0.088,0.412,0,0
ZC004730,29.0,Male,France,Tier 1,32,135,2,154.7,77.35,1,2.9,1,0.076,4,Women,Online,0.405,0.212,0,0
ZC004731,30.0,Female,Italy,Tier 2,60,90,5,522.01,104.4,1,3.7,3,0.231,3,Men,Online,0.125,0.439,0,0
ZC004732,29.0,Male,Italy,Tier 1,23,11,4,212.33,53.08,3,2.2,3,0.782,5,Men,Mixed,0.312,0.383,0,0
ZC004733,54.0,Male,Spain,Tier 3,23,7,6,302.44,50.41,5,2.2,1,0.308,8,TRF,Store,0.348,0.343,0,0
ZC004734,16.0,Female,Other,Tier 2,6,19,1,89.43,89.43,12,6.4,3,0.156,1,Beauty,Mixed,0.221,0.112,0,0
ZC004735,28.0,Male,Other,Tier 1,13,58,1,103.03,103.03,5,2.2,2,0.17,5,Men,Mixed,0.419,0.567,0,0
ZC004736,32.0,Male,USA,Tier 1,27,140,1,55.04,55.04,1,5.9,5,0.715,7,Men,Online,0.662,0.162,0,1
ZC004737,24.0,Male,France,Tier 3,26,29,1,35.17,35.17,2,6.1,4,0.579,3,Men,Store,0.513,0.424,0,1
ZC004738,41.0,Male,USA,Tier 3,33,11,3,242.61,80.87,6,2.8,4,0.304,2,Women,Mixed,0.463,0.509,0,0
ZC004739,40.0,Female,Other,Tier 1,19,18,1,52.8,52.8,0,6.7,4,0.559,1,Home,Mixed,0.367,0.162,0,0
ZC004740,32.0,Male,UK,Tier 2,18,262,4,468.26,117.06,0,2.5,3,0.684,1,Women,Mixed,0.122,0.322,0,1
ZC004741,29.0,Female,UK,Tier 1,16,131,1,76.96,76.96,0,7.7,4,0.669,7,Men,Store,0.415,0.032,0,1
ZC004742,31.0,Male,Other,Tier 2,3,17,1,52.05,52.05,5,5.6,3,0.259,7,Women,Online,0.562,0.433,0,0
ZC004743,31.0,Female,Germany,Tier 1,7,42,1,56.12,56.12,6,1.9,2,0.266,6,Men,Store,0.089,0.225,0,0
ZC004744,31.0,Female,Spain,Tier 1,16,64,1,85.34,85.34,1,5.0,3,,4,Women,Store,0.288,0.222,0,0
ZC004745,30.0,Male,Germany,Tier 1,37,89,6,388.99,64.83,1,7.0,3,0.559,5,Women,Store,0.767,0.379,0,0
ZC004746,35.0,Female,Mexico,Tier 2,19,400,1,81.95,81.95,0,3.2,1,0.393,6,Women,Mixed,0.601,0.641,0,1
ZC004747,40.0,Female,USA,Tier 1,16,58,1,147.67,147.67,5,5.9,4,0.105,2,Kids,Mixed,0.417,0.145,0,0
ZC004748,20.0,Male,France,Tier 2,17,25,2,96.59,48.3,8,5.7,1,0.647,6,Home,Store,0.164,0.189,0,0
ZC004749,21.0,Male,Germany,Tier 3,15,190,3,287.61,95.87,0,5.1,6,0.259,6,Kids,Online,0.508,0.231,0,1
ZC004750,16.0,Female,France,Tier 1,15,287,1,93.95,93.95,1,3.7,3,0.543,4,Home,Mixed,0.374,0.651,0,1
ZC004751,41.0,Male,Other,Tier 3,10,51,1,95.63,95.63,6,1.1,3,0.625,3,Men,Online,0.375,0.292,0,0
ZC004752,35.0,Male,France,Tier 2,21,94,4,214.92,53.73,1,1.9,3,0.311,5,Women,Store,0.712,0.09,0,1
ZC004753,37.0,Male,Germany,Tier 2,37,57,3,227.82,75.94,12,4.1,3,0.701,1,Kids,Online,0.601,0.247,0,0
ZC004754,18.0,Female,Mexico,Tier 1,18,96,1,44.49,44.49,1,1.1,5,0.7,2,Men,Store,0.249,0.179,0,1
ZC004755,50.0,Female,Spain,Tier 1,22,120,3,299.65,99.88,0,5.1,1,0.806,2,Women,Online,0.427,0.639,0,1
ZC004756,26.0,Male,Spain,Tier 3,19,79,1,68.26,68.26,0,12.0,5,0.203,1,Women,Mixed,0.111,0.379,0,0
ZC004757,34.0,Male,Other,Tier 2,26,171,1,75.18,75.18,1,5.1,5,0.772,1,Women,Online,0.114,0.315,0,0
ZC004758,41.0,Female,Italy,Tier 2,16,77,1,98.69,98.69,1,11.8,3,0.479,8,Women,Online,0.401,0.311,0,0
ZC004759,22.0,Female,UK,Tier 1,3,24,1,81.23,81.23,7,2.8,3,0.761,3,Home,Online,0.391,0.454,0,0
ZC004760,27.0,Female,Spain,Tier 1,9,159,1,89.83,89.83,1,9.0,3,0.398,7,Women,Online,0.173,0.108,0,1
ZC004761,34.0,Male,USA,Tier 1,17,170,3,180.18,60.06,2,5.1,3,0.458,7,Women,Store,0.296,0.322,0,0
ZC004762,61.0,Male,Spain,Tier 2,52,2,2,201.57,100.78,4,6.7,4,0.52,5,Women,Online,0.25,0.118,0,0
ZC004763,35.0,Female,UK,Tier 3,10,308,1,55.31,55.31,0,1.4,3,0.333,3,Kids,Online,0.279,0.669,1,1
ZC004764,48.0,Female,France,Tier 1,12,21,2,151.89,75.94,6,9.0,1,0.34,5,TRF,Store,0.543,0.209,0,1
ZC004765,44.0,Female,USA,Tier 1,11,51,1,92.56,92.56,6,10.0,2,0.533,8,Women,Mixed,0.259,0.311,0,0
ZC004766,36.0,Male,Germany,Tier 1,4,41,3,278.6,92.87,8,11.0,2,0.566,6,TRF,Store,0.163,0.279,0,0
ZC004767,22.0,Female,Other,Tier 1,17,27,1,84.37,84.37,5,2.8,5,0.238,8,Men,Online,0.426,0.183,0,0
ZC004768,43.0,Female,Other,Tier 1,3,85,1,47.34,47.34,1,8.3,2,0.388,1,Men,Online,0.49,0.199,0,1
ZC004769,17.0,Female,Other,Tier 1,21,14,4,258.32,64.58,9,4.1,3,0.355,5,Men,Store,0.235,0.709,1,0
ZC004770,48.0,Male,UK,Tier 2,26,68,3,110.58,36.86,3,9.8,3,,3,Women,Mixed,0.357,0.56,0,0
ZC004771,34.0,Female,France,Tier 1,2,127,1,74.37,74.37,1,7.8,7,0.393,1,Women,Online,0.455,0.152,0,1
ZC004772,16.0,Female,France,Tier 3,60,60,4,309.96,77.49,1,4.3,4,,2,Women,Mixed,0.041,0.023,0,0
ZC004773,29.0,Female,USA,Tier 3,5,191,1,89.38,89.38,0,3.3,3,0.334,8,Women,Store,0.456,0.327,0,1
ZC004774,39.0,Male,Other,Tier 1,8,13,1,55.19,55.19,6,19.1,2,0.422,3,Women,Store,0.272,0.35,0,0
ZC004775,30.0,Female,Italy,Tier 2,60,40,3,369.76,123.25,5,6.1,0,0.401,7,Men,Mixed,0.272,0.564,0,0
ZC004776,39.0,Female,Germany,Tier 1,5,24,3,138.46,46.15,7,9.0,1,0.548,8,Women,Online,0.335,0.195,0,0
ZC004777,23.0,Female,USA,Tier 1,19,118,6,515.09,85.85,1,6.1,1,0.263,6,Men,Online,0.158,0.603,0,0
ZC004778,19.0,Female,USA,Tier 1,23,64,2,186.97,93.48,2,3.2,3,0.632,7,Women,Store,0.694,0.397,0,0
ZC004779,31.0,Male,Other,Tier 1,14,43,1,84.94,84.94,11,4.8,7,0.56,5,Women,Online,0.534,0.535,0,0
ZC004780,32.0,Male,USA,Tier 2,14,130,3,289.87,96.62,1,5.7,6,,6,Home,Mixed,0.148,0.642,0,0
ZC004781,29.0,Female,Spain,Tier 2,23,229,2,149.2,74.6,2,7.6,1,0.115,1,Home,Mixed,0.412,0.149,0,1
ZC004782,44.0,Male,Germany,Tier 2,39,94,4,386.83,96.71,1,8.3,6,0.34,7,Men,Mixed,0.147,0.334,0,0
ZC004783,23.0,Female,Italy,Tier 2,19,148,1,58.46,58.46,0,2.9,6,0.161,4,Men,Mixed,0.569,0.273,0,1
ZC004784,35.0,Male,Spain,Tier 2,55,2,6,462.74,77.12,7,1.0,5,0.162,6,Kids,Store,0.193,0.584,0,0
ZC004785,33.0,Female,USA,Tier 2,5,97,1,78.67,78.67,1,3.6,3,0.264,7,Women,Online,0.314,0.393,0,0
ZC004786,16.0,Female,Mexico,Tier 3,54,363,5,312.49,62.5,3,5.3,2,0.72,3,Men,Online,0.201,0.325,1,1
ZC004787,19.0,Male,Other,Tier 2,13,97,2,103.97,51.98,3,2.6,2,0.529,2,Women,Online,0.168,0.454,0,0
ZC004788,32.0,Male,UK,Tier 1,53,100,5,446.17,89.23,1,11.2,4,0.64,5,Kids,Mixed,0.256,0.551,0,0
ZC004789,52.0,Male,Mexico,Tier 1,27,85,4,295.58,73.9,1,10.6,0,0.61,6,Women,Mixed,0.077,0.313,0,0
ZC004790,38.0,Female,USA,Tier 1,8,53,2,227.58,113.79,2,4.6,4,0.262,6,Women,Store,0.522,0.36,0,0
ZC004791,16.0,Male,Italy,Tier 1,21,45,1,94.37,94.37,7,5.8,3,0.745,3,Women,Mixed,0.268,0.262,0,0
ZC004792,16.0,Male,France,Tier 2,3,58,2,171.86,85.93,4,1.6,4,0.194,5,Men,Mixed,0.055,0.376,0,0
ZC004793,39.0,Female,Other,Tier 3,10,92,1,87.45,87.45,0,7.2,4,0.499,6,Beauty,Store,0.597,0.201,0,1
ZC004794,31.0,Female,Mexico,Tier 3,14,20,1,52.2,52.2,2,9.7,6,0.577,1,Men,Mixed,0.306,0.202,0,1
ZC004795,43.0,Female,USA,Tier 1,17,58,2,150.14,75.07,6,7.8,2,0.563,8,Women,Mixed,0.132,0.292,0,0
ZC004796,23.0,Female,Spain,Tier 1,40,146,4,281.04,70.26,0,8.2,0,0.413,8,Kids,Store,0.451,0.116,0,0
ZC004797,36.0,Male,Mexico,Tier 1,12,59,1,106.05,106.05,8,5.2,3,0.317,2,Women,Online,0.249,0.171,0,0
ZC004798,40.0,Female,Spain,Tier 2,9,44,1,72.14,72.14,3,7.8,2,0.41,6,Men,Mixed,0.277,0.344,0,0
ZC004799,28.0,Female,Italy,Tier 2,8,91,1,73.09,73.09,1,3.7,3,0.684,6,Women,Online,0.403,0.347,1,1
ZC004800,,Female,UK,Tier 2,20,8,1,85.54,85.54,4,6.9,4,0.625,7,Women,Mixed,0.314,0.206,0,0
ZC004801,32.0,Male,Spain,Tier 3,30,53,3,324.28,108.09,10,6.2,5,0.33,3,Home,Mixed,0.31,0.111,0,1
ZC004802,37.0,Female,Italy,Tier 1,11,18,1,62.01,62.01,1,9.8,2,0.403,8,Women,Store,0.567,0.483,0,0
ZC004803,32.0,Male,France,Tier 1,21,75,6,485.78,80.96,0,4.4,3,0.3,6,Women,Online,0.553,0.105,0,0
ZC004804,42.0,Female,Other,Tier 2,12,37,1,100.96,100.96,8,1.0,4,0.414,2,Women,Mixed,0.35,0.138,0,1
ZC004805,27.0,Female,USA,Tier 1,4,94,1,96.09,96.09,1,7.2,0,0.318,6,Men,Store,0.304,0.119,0,0
ZC004806,19.0,Male,Spain,Tier 1,50,54,4,279.01,69.75,6,6.3,5,0.859,6,Women,Store,0.335,0.2,0,0
ZC004807,52.0,Female,Spain,Tier 1,51,105,3,240.65,80.22,4,1.2,1,0.485,3,Men,Mixed,0.126,0.055,0,0
ZC004808,26.0,Male,USA,Tier 2,20,68,2,98.79,49.4,1,3.8,3,0.127,7,Men,Mixed,0.068,0.076,0,0
ZC004809,26.0,Female,Germany,Tier 3,4,17,1,64.23,64.23,4,6.5,2,0.297,7,Home,Online,0.309,0.27,0,0
ZC004810,,Female,USA,Tier 1,5,19,2,136.95,68.47,9,2.5,4,0.661,4,Men,Mixed,0.601,0.517,1,0
ZC004811,33.0,Female,Spain,Tier 1,19,12,1,50.9,50.9,7,2.7,2,0.436,6,Women,Store,0.433,0.296,0,0
ZC004812,28.0,Male,Other,Tier 3,19,82,2,168.38,84.19,1,4.8,3,0.42,3,Women,Online,0.535,0.321,0,0
ZC004813,32.0,Female,Spain,Tier 1,3,42,3,144.13,48.04,11,4.5,2,0.572,3,Men,Online,0.215,0.606,0,0
ZC004814,32.0,Female,USA,Tier 2,11,44,1,99.7,99.7,7,3.1,0,0.214,8,Men,Store,0.357,0.32,0,0
ZC004815,34.0,Female,Other,Tier 3,16,131,1,98.68,98.68,2,5.4,4,0.386,1,Men,Online,0.119,0.09,0,0
ZC004816,16.0,Male,Germany,Tier 1,40,151,2,136.44,68.22,2,9.2,3,0.436,7,Women,Mixed,0.327,0.293,0,1
ZC004817,51.0,Male,USA,Tier 1,24,69,1,62.24,62.24,0,8.3,9,0.752,1,Women,Online,0.285,0.155,0,0
ZC004818,,Male,Other,Tier 1,12,16,1,88.75,88.75,4,5.3,0,0.497,3,Men,Online,0.42,0.013,0,0
ZC004819,38.0,Female,France,Tier 1,43,71,1,106.55,106.55,2,2.8,1,0.626,4,Men,Store,0.254,0.515,1,0
ZC004820,18.0,Female,Spain,Tier 1,48,166,6,497.24,82.87,3,2.2,8,0.336,6,Home,Store,0.159,0.311,1,1
ZC004821,27.0,Male,Spain,Tier 1,29,28,1,93.61,93.61,7,5.2,2,0.399,5,Women,Online,0.54,0.103,0,1
ZC004822,25.0,Male,Other,Tier 1,4,133,2,147.8,73.9,1,4.2,2,0.588,5,Women,Online,0.153,0.393,0,1
ZC004823,47.0,Male,USA,Tier 2,15,154,1,100.42,100.42,3,1.6,4,0.473,5,TRF,Online,0.323,0.556,0,0
ZC004824,26.0,Male,Mexico,Tier 1,11,175,1,97.75,97.75,1,6.8,3,0.133,3,Women,Store,0.254,0.322,0,0
ZC004825,40.0,Male,Spain,Tier 1,10,76,4,344.5,86.12,1,4.5,3,0.431,6,Men,Store,0.168,0.22,1,0
ZC004826,25.0,Female,Spain,Tier 1,44,93,3,161.24,53.75,0,3.4,5,0.05,8,Women,Mixed,0.256,0.475,0,0
ZC004827,27.0,Female,Other,Tier 2,47,30,2,163.72,81.86,5,9.7,1,0.281,5,Women,Mixed,0.407,0.161,0,0
ZC004828,30.0,Male,Other,Tier 1,12,35,1,128.86,128.86,6,4.4,1,0.275,6,Women,Mixed,0.501,0.008,1,0
ZC004829,45.0,Female,Spain,Tier 1,14,54,1,68.82,68.82,6,3.3,4,0.634,1,Women,Mixed,0.258,0.229,0,0
ZC004830,16.0,Female,USA,Tier 3,5,3,2,83.15,41.58,6,3.7,5,0.122,6,TRF,Store,0.359,0.18,0,0
ZC004831,19.0,Female,Italy,Tier 2,41,13,4,252.07,63.02,6,3.6,2,,6,Men,Online,0.523,0.519,0,0
ZC004832,16.0,Female,France,Tier 2,34,93,2,163.89,81.94,1,3.7,5,0.736,6,Women,Online,0.152,0.334,0,1
ZC004833,21.0,Male,UK,Tier 2,9,160,2,157.03,78.52,0,9.6,2,0.503,2,Kids,Online,0.105,0.447,0,1
ZC004834,24.0,Male,USA,Tier 1,10,35,2,205.37,102.68,7,3.1,3,0.354,4,Women,Online,0.116,0.404,0,0
ZC004835,16.0,Female,Other,Tier 1,23,10,1,63.39,63.39,4,11.0,3,0.267,1,Men,Mixed,0.302,0.126,0,0
ZC004836,25.0,Female,USA,Tier 1,23,81,2,211.76,105.88,1,9.3,3,0.477,5,Men,Mixed,0.17,0.368,0,0
ZC004837,16.0,Female,USA,Tier 2,17,40,1,100.16,100.16,7,6.5,2,0.538,1,Men,Mixed,0.039,0.407,0,0
ZC004838,22.0,Male,USA,Tier 3,32,49,1,98.75,98.75,6,10.2,4,0.204,5,Home,Store,0.564,0.086,0,1
ZC004839,44.0,Female,Spain,Tier 2,26,51,1,88.04,88.04,5,3.3,4,0.327,8,TRF,Store,0.318,0.371,1,0
ZC004840,36.0,Female,France,Tier 1,21,30,1,69.66,69.66,4,7.2,3,0.728,8,Men,Mixed,0.465,0.37,0,0
ZC004841,34.0,Female,USA,Tier 2,11,21,1,101.68,101.68,4,11.4,6,0.525,1,Men,Store,0.296,0.088,0,0
ZC004842,22.0,Female,Germany,Tier 2,26,249,1,117.04,117.04,0,6.7,4,0.633,5,TRF,Mixed,0.222,0.405,0,1
ZC004843,17.0,Female,USA,Tier 1,21,125,3,206.61,68.87,1,1.0,2,0.424,2,Beauty,Mixed,0.275,0.45,0,0
ZC004844,21.0,Male,Spain,Tier 1,12,114,1,122.5,122.5,2,8.3,5,0.579,1,Men,Store,0.515,0.824,0,1
ZC004845,32.0,Female,Other,Tier 1,13,0,2,247.72,123.86,7,17.3,1,0.28,3,Women,Online,0.241,0.138,0,0
ZC004846,41.0,Female,France,Tier 1,9,18,1,104.1,104.1,7,3.7,3,0.375,6,TRF,Store,0.145,0.358,0,0
ZC004847,41.0,Female,USA,Tier 2,19,107,1,39.23,39.23,0,6.6,3,0.413,5,Women,Mixed,0.091,0.439,0,1
ZC004848,38.0,Female,Spain,Tier 1,30,10,1,47.43,47.43,7,3.9,6,0.099,1,Women,Mixed,0.108,0.392,0,0
ZC004849,25.0,Female,Germany,Tier 2,7,60,1,83.64,83.64,3,7.8,3,0.45,4,Women,Mixed,0.383,0.1,0,0
ZC004850,32.0,Male,Mexico,Tier 1,13,62,1,50.85,50.85,1,6.4,4,0.193,6,Women,Online,0.392,0.145,0,0
ZC004851,,Female,Germany,Tier 1,31,37,5,319.76,63.95,7,1.0,3,0.307,5,Men,Store,0.162,0.149,0,0
ZC004852,30.0,Male,Mexico,Tier 2,14,84,2,168.6,84.3,1,1.9,1,0.253,5,Women,Online,0.427,0.401,1,1
ZC004853,52.0,Female,USA,Tier 2,18,31,1,62.81,62.81,10,5.5,8,0.509,4,TRF,Online,0.454,0.173,0,0
ZC004854,16.0,Male,Other,Tier 2,8,31,2,179.9,89.95,5,5.4,3,0.568,8,Beauty,Store,0.244,0.39,0,0
ZC004855,30.0,Female,USA,Tier 2,7,16,1,110.46,110.46,3,2.5,3,0.528,3,Women,Mixed,0.425,0.277,0,1
ZC004856,44.0,Female,USA,Tier 2,12,176,2,112.37,56.18,1,9.1,4,0.291,1,Women,Mixed,0.783,0.511,0,1
ZC004857,17.0,Female,France,Tier 1,15,19,2,163.67,81.83,5,2.8,6,0.42,4,Kids,Online,0.22,0.334,0,0
ZC004858,26.0,Female,Spain,Tier 2,23,35,1,72.99,72.99,2,12.0,3,0.3,5,Kids,Online,0.344,0.208,0,0
ZC004859,27.0,Female,UK,Tier 1,44,55,1,97.88,97.88,4,15.1,3,0.328,4,Kids,Store,0.08,0.156,0,0
ZC004860,30.0,Male,USA,Tier 2,7,40,1,68.29,68.29,7,9.9,4,0.355,2,Men,Store,0.382,0.361,0,0
ZC004861,16.0,Female,Italy,Tier 2,5,177,1,102.37,102.37,3,3.7,4,0.639,7,Kids,Store,0.541,0.054,0,1
ZC004862,38.0,Male,Mexico,Tier 1,4,130,1,73.41,73.41,2,7.9,4,0.61,2,Women,Mixed,0.027,0.347,0,1
ZC004863,39.0,Male,Germany,Tier 1,19,52,1,122.37,122.37,2,4.6,3,0.229,6,Men,Online,0.344,0.297,0,1
ZC004864,,Female,UK,Tier 2,23,52,4,343.09,85.77,6,6.9,3,0.277,8,Men,Mixed,0.425,0.509,0,0
ZC004865,23.0,Male,USA,Tier 1,10,25,1,38.02,38.02,8,1.4,6,0.657,3,Women,Store,0.395,0.252,0,0
ZC004866,,Female,Other,Tier 2,18,1,7,592.92,84.7,6,2.2,5,0.486,8,Kids,Online,0.256,0.459,0,0
ZC004867,23.0,Female,France,Tier 2,33,9,3,228.32,76.11,2,1.0,5,0.335,4,Kids,Mixed,0.42,0.029,0,0
ZC004868,29.0,Female,France,Tier 1,14,172,1,31.74,31.74,0,11.0,4,0.578,7,Women,Mixed,0.271,0.639,0,1
ZC004869,54.0,Male,Spain,Tier 2,13,94,1,64.87,64.87,1,6.5,4,0.112,6,Women,Store,0.077,0.273,0,1
ZC004870,33.0,Female,USA,Tier 3,6,32,1,98.28,98.28,10,1.6,5,0.314,1,Women,Store,0.665,0.612,0,0
ZC004871,20.0,Female,USA,Tier 1,22,83,2,217.5,108.75,0,13.6,5,0.492,5,Men,Store,0.25,0.149,0,0
ZC004872,34.0,Female,Italy,Tier 1,9,307,1,80.21,80.21,4,11.0,2,0.516,5,Women,Store,0.336,0.612,0,1
ZC004873,18.0,Female,Other,Tier 2,26,104,1,68.5,68.5,2,8.0,4,0.306,7,Women,Mixed,0.223,0.186,0,0
ZC004874,20.0,Female,Other,Tier 2,14,15,1,62.76,62.76,6,2.7,3,0.355,4,Women,Online,0.229,0.041,0,0
ZC004875,22.0,Female,UK,Tier 2,15,47,1,51.27,51.27,4,7.3,7,0.731,8,TRF,Online,0.148,0.463,0,0
ZC004876,28.0,Male,UK,Tier 2,3,86,2,172.12,86.06,0,1.1,2,0.138,5,Women,Online,0.134,0.261,0,0
ZC004877,41.0,Female,Mexico,Tier 2,33,158,3,239.43,79.81,2,1.0,3,0.319,5,Women,Store,0.271,0.193,0,1
ZC004878,38.0,Female,USA,Tier 1,29,60,1,60.29,60.29,0,13.7,4,0.688,5,TRF,Store,0.328,0.373,0,1
ZC004879,37.0,Male,France,Tier 1,9,48,1,103.83,103.83,8,4.8,7,0.428,5,Women,Online,0.43,0.245,0,0
ZC004880,21.0,Male,Italy,Tier 2,26,31,1,96.89,96.89,9,4.5,4,0.17,4,Women,Online,0.521,0.623,0,0
ZC004881,27.0,Female,USA,Tier 1,7,11,1,90.82,90.82,3,2.8,3,0.245,3,TRF,Mixed,0.195,0.498,0,0
ZC004882,35.0,Female,USA,Tier 3,26,112,3,218.2,72.73,1,4.7,2,0.122,5,Men,Store,0.158,0.544,0,0
ZC004883,26.0,Female,USA,Tier 1,23,46,1,105.94,105.94,6,10.6,2,0.855,2,Women,Mixed,0.113,0.303,0,0
ZC004884,29.0,Male,France,Tier 1,42,10,1,67.75,67.75,5,7.5,3,,2,Women,Store,0.258,0.231,0,1
ZC004885,36.0,Female,USA,Tier 2,23,26,1,27.6,27.6,4,4.6,5,,4,Women,Store,0.133,0.287,0,0
ZC004886,29.0,Female,USA,Tier 1,9,72,1,89.96,89.96,0,4.2,4,0.331,1,Men,Mixed,0.173,0.051,0,0
ZC004887,34.0,Female,Spain,Tier 1,18,61,1,92.23,92.23,1,6.0,2,0.259,4,Women,Online,0.243,0.695,0,0
ZC004888,48.0,Female,Mexico,Tier 3,14,99,1,106.93,106.93,4,1.8,3,0.247,8,Home,Online,0.299,0.298,0,0
ZC004889,30.0,Female,Other,Tier 2,40,34,6,626.2,104.37,6,1.8,7,0.31,7,Women,Online,0.144,0.495,0,0
ZC004890,44.0,Male,Other,Tier 1,5,54,1,98.57,98.57,9,2.3,1,,1,Women,Mixed,0.89,0.708,0,0
ZC004891,38.0,Female,Other,Tier 1,18,7,3,296.39,98.8,5,4.1,2,0.366,7,Women,Online,0.166,0.308,0,0
ZC004892,17.0,Female,Spain,Tier 2,8,29,1,87.21,87.21,5,1.8,1,0.442,7,Men,Mixed,0.441,0.179,0,0
ZC004893,21.0,Male,Spain,Tier 1,47,132,5,382.49,76.5,0,1.6,2,0.642,2,Women,Online,0.267,0.507,0,0
ZC004894,24.0,Female,France,Tier 1,19,69,1,91.63,91.63,2,1.1,3,0.496,6,Men,Store,0.404,0.266,0,0
ZC004895,23.0,Female,France,Tier 1,24,41,1,98.87,98.87,6,8.9,3,0.343,7,Kids,Online,0.507,0.209,0,1
ZC004896,31.0,Female,Italy,Tier 2,14,109,1,60.27,60.27,3,9.5,3,0.163,5,Women,Online,0.264,0.158,0,1
ZC004897,38.0,Male,USA,Tier 1,27,77,3,235.53,78.51,1,8.1,1,0.033,1,Women,Mixed,0.126,0.526,0,1
ZC004898,45.0,Female,Other,Tier 2,9,140,1,50.68,50.68,0,5.6,2,0.116,4,Men,Online,0.195,0.438,0,0
ZC004899,35.0,Male,USA,Tier 1,9,14,1,95.41,95.41,4,1.0,1,0.584,6,Women,Store,0.387,0.172,1,0
ZC004900,28.0,Female,France,Tier 2,40,81,4,496.21,124.05,1,22.1,5,0.317,1,Home,Online,0.545,0.334,0,1
ZC004901,16.0,Female,Other,Tier 1,60,67,5,322.63,64.53,1,2.0,5,0.44,5,Men,Online,0.65,0.028,0,0
ZC004902,33.0,Female,France,Tier 1,4,128,2,83.96,41.98,1,4.3,3,0.747,6,Beauty,Mixed,0.047,0.047,0,1
ZC004903,32.0,Female,Mexico,Tier 2,11,26,5,368.08,73.62,4,4.4,6,0.163,4,Home,Online,0.616,0.241,0,0
ZC004904,34.0,Female,Italy,Tier 1,32,89,1,87.28,87.28,2,6.6,7,0.452,6,Women,Online,0.424,0.23,0,0
ZC004905,53.0,Male,Mexico,Tier 3,23,121,1,80.38,80.38,4,4.8,7,0.615,6,Women,Store,0.358,0.835,0,1
ZC004906,44.0,Female,Mexico,Tier 2,9,98,1,48.26,48.26,1,3.0,3,0.928,1,TRF,Store,0.242,0.318,0,0
ZC004907,40.0,Female,UK,Tier 1,13,18,1,91.08,91.08,7,2.4,5,0.542,5,Home,Online,0.172,0.462,0,0
ZC004908,22.0,Male,USA,Tier 2,10,54,3,268.25,89.42,3,2.6,4,0.737,4,Men,Store,0.333,0.328,0,0
ZC004909,27.0,Female,Mexico,Tier 3,25,15,4,424.0,106.0,6,10.3,5,0.389,1,Men,Online,0.249,0.226,0,0
ZC004910,31.0,Female,France,Tier 1,9,67,5,477.74,95.55,2,7.0,1,0.172,7,Home,Mixed,0.347,0.498,0,0
ZC004911,24.0,Female,Germany,Tier 1,13,116,1,54.23,54.23,0,2.0,1,0.507,5,Kids,Online,0.339,0.105,0,1
ZC004912,37.0,Female,UK,Tier 2,28,109,1,87.51,87.51,2,12.1,4,0.427,4,Men,Online,0.084,0.111,0,0
ZC004913,36.0,Male,USA,Tier 1,21,80,1,94.14,94.14,1,2.2,2,0.153,7,Home,Store,0.205,0.461,0,0
ZC004914,21.0,Male,UK,Tier 2,35,8,1,111.95,111.95,9,1.0,6,0.333,8,Home,Online,0.246,0.216,0,0
ZC004915,44.0,Female,Other,Tier 1,9,91,2,116.43,58.22,1,1.2,4,0.26,1,Women,Mixed,0.185,0.164,0,0
ZC004916,33.0,Male,USA,Tier 2,13,87,3,131.51,43.84,1,1.0,3,,5,Women,Online,0.563,0.412,0,0
ZC004917,16.0,Female,USA,Tier 1,8,107,2,146.27,73.14,3,5.6,2,0.196,1,Kids,Online,0.317,0.484,0,1
ZC004918,31.0,Male,Spain,Tier 1,12,23,5,336.24,67.25,4,6.0,3,0.683,4,Women,Store,0.277,0.307,0,0
ZC004919,35.0,Male,France,Tier 3,6,34,1,78.68,78.68,6,9.2,2,0.186,3,Kids,Store,0.69,0.171,0,1
ZC004920,42.0,Female,USA,Tier 1,2,267,1,79.92,79.92,0,2.2,2,0.538,7,Women,Mixed,0.253,0.58,0,1
ZC004921,29.0,Female,Italy,Tier 1,5,14,1,19.16,19.16,6,7.1,4,0.369,3,Women,Store,0.186,0.236,0,0
ZC004922,40.0,Male,Spain,Tier 2,29,72,1,51.47,51.47,2,4.7,7,0.409,5,Men,Mixed,0.27,0.768,0,0
ZC004923,34.0,Female,USA,Tier 1,5,22,1,85.67,85.67,1,3.2,4,0.487,1,Men,Online,0.16,0.339,0,0
ZC004924,19.0,Female,Spain,Tier 1,22,47,2,151.89,75.94,7,7.4,2,0.508,8,Women,Online,0.129,0.459,0,0
ZC004925,18.0,Female,Spain,Tier 2,12,54,2,222.19,111.1,9,4.8,3,0.159,3,Women,Store,0.316,0.299,0,0
ZC004926,43.0,Female,Mexico,Tier 3,14,89,1,70.7,70.7,2,3.6,3,0.429,5,Women,Online,0.136,0.258,0,1
ZC004927,44.0,Female,Other,Tier 1,6,62,1,45.48,45.48,1,10.0,6,0.286,2,Men,Mixed,0.423,0.379,0,0
ZC004928,35.0,Female,Mexico,Tier 3,10,3,2,122.82,61.41,6,5.1,5,0.207,7,TRF,Store,0.43,0.282,0,0
ZC004929,47.0,Male,Other,Tier 2,19,25,1,95.78,95.78,2,5.1,4,0.887,4,Women,Store,0.285,0.455,0,0
ZC004930,43.0,Female,Spain,Tier 1,5,43,1,74.33,74.33,8,2.0,3,0.48,1,Men,Mixed,0.696,0.127,0,0
ZC004931,39.0,Female,Other,Tier 2,10,120,3,106.35,35.45,2,9.6,3,0.386,6,Women,Online,0.645,0.145,0,1
ZC004932,23.0,Female,UK,Tier 1,17,34,3,298.9,99.63,5,7.1,3,0.215,1,Men,Online,0.265,0.084,1,0
ZC004933,49.0,Female,Mexico,Tier 2,23,58,3,300.07,100.02,7,3.1,4,0.207,6,Women,Mixed,0.382,0.165,0,0
ZC004934,37.0,Female,Germany,Tier 2,14,70,3,224.14,74.71,2,2.0,1,0.64,1,Women,Store,0.397,0.04,0,0
ZC004935,28.0,Female,USA,Tier 1,48,68,4,299.59,74.9,0,3.0,3,0.457,3,Women,Online,0.23,0.255,0,0
ZC004936,25.0,Female,USA,Tier 1,17,59,1,100.23,100.23,3,4.8,5,0.452,7,Men,Store,0.603,0.612,0,0
ZC004937,35.0,Female,Spain,Tier 1,26,19,7,246.45,35.21,5,5.9,3,0.148,1,Women,Online,0.293,0.173,0,0
ZC004938,16.0,Male,UK,Tier 1,19,34,2,193.85,96.92,4,12.5,0,0.069,8,Men,Mixed,0.34,0.168,0,0
ZC004939,39.0,Female,France,Tier 3,12,113,2,136.67,68.33,1,4.8,4,0.489,1,Home,Mixed,0.323,0.296,0,1
ZC004940,22.0,Male,Other,Tier 2,3,132,1,85.79,85.79,2,12.8,6,0.249,3,Home,Online,0.526,0.236,0,1
ZC004941,,Female,Spain,Tier 2,28,146,1,49.55,49.55,2,2.7,6,0.386,4,Beauty,Store,0.19,0.283,0,0
ZC004942,27.0,Male,Germany,Tier 1,28,29,1,84.4,84.4,7,12.2,2,0.346,3,Women,Mixed,0.175,0.03,0,0
ZC004943,29.0,Female,France,Tier 1,47,39,7,687.52,98.22,8,3.1,2,0.375,5,Home,Mixed,0.732,0.118,0,0
ZC004944,24.0,Female,Spain,Tier 2,12,80,1,94.79,94.79,1,1.0,3,0.687,5,Men,Online,0.299,0.236,0,0
ZC004945,30.0,Female,USA,Tier 1,58,219,4,83.41,20.85,1,1.3,6,,5,Women,Mixed,0.281,0.333,0,1
ZC004946,51.0,Female,UK,Tier 1,27,330,3,289.36,96.45,1,1.1,4,0.674,3,Kids,Mixed,0.783,0.643,0,1
ZC004947,46.0,Female,France,Tier 1,35,29,2,222.21,111.1,9,2.1,7,0.16,2,Women,Store,0.273,0.181,0,0
ZC004948,36.0,Male,USA,Tier 3,6,24,5,497.33,99.47,3,4.2,5,0.22,8,Women,Online,0.034,0.257,1,0
ZC004949,32.0,Male,Spain,Tier 2,18,11,1,68.5,68.5,7,5.7,2,0.205,5,Women,Store,0.271,0.435,0,0
ZC004950,40.0,Female,USA,Tier 1,42,93,2,190.58,95.29,1,3.2,1,0.41,5,Women,Store,0.113,0.069,0,1
ZC004951,43.0,Male,Other,Tier 3,6,8,1,76.11,76.11,8,2.4,3,0.889,8,Men,Mixed,0.628,0.287,0,0
ZC004952,24.0,Female,Mexico,Tier 2,1,85,1,38.08,38.08,2,4.5,3,0.077,8,Men,Mixed,0.588,0.318,0,1
ZC004953,31.0,Female,USA,Tier 2,12,87,1,66.65,66.65,0,3.2,6,0.198,2,Women,Online,0.271,0.501,0,1
ZC004954,16.0,Male,Germany,Tier 1,48,194,4,388.09,97.02,3,8.8,1,0.655,6,TRF,Mixed,0.229,0.055,0,0
ZC004955,43.0,Female,Other,Tier 1,38,24,2,164.56,82.28,7,6.5,4,0.077,3,Home,Online,0.342,0.396,0,0
ZC004956,53.0,Female,USA,Tier 1,17,3,1,91.95,91.95,6,1.0,5,0.417,1,Men,Online,0.175,0.148,0,0
ZC004957,33.0,Female,Spain,Tier 2,10,12,1,35.98,35.98,3,7.4,4,0.256,7,Men,Online,0.188,0.31,0,0
ZC004958,16.0,Female,Spain,Tier 2,24,44,3,256.55,85.52,8,3.4,0,0.162,8,Home,Store,0.343,0.104,0,0
ZC004959,38.0,Female,USA,Tier 1,38,23,1,91.49,91.49,5,5.7,5,0.264,4,TRF,Online,0.191,0.099,0,0
ZC004960,23.0,Female,Mexico,Tier 1,27,35,1,131.07,131.07,4,4.7,5,0.27,8,Home,Online,0.225,0.057,0,0
ZC004961,25.0,Female,Mexico,Tier 1,42,112,5,499.03,99.81,3,5.0,2,0.62,8,Beauty,Online,0.256,0.451,0,1
ZC004962,38.0,Male,France,Tier 2,42,36,2,198.75,99.38,6,2.5,1,0.32,5,Women,Online,0.451,0.124,0,0
ZC004963,35.0,Male,USA,Tier 1,23,39,7,289.56,41.37,6,6.4,2,0.486,8,Women,Online,0.364,0.449,1,0
ZC004964,27.0,Female,Mexico,Tier 2,28,70,1,74.45,74.45,0,3.0,4,0.749,4,Women,Online,0.644,0.332,0,1
ZC004965,26.0,Female,USA,Tier 3,19,29,1,120.82,120.82,7,1.6,5,0.69,5,Women,Mixed,0.196,0.074,0,0
ZC004966,33.0,Female,Spain,Tier 2,3,86,3,299.94,99.98,1,5.2,3,0.239,5,Women,Store,0.505,0.068,0,0
ZC004967,28.0,Female,Spain,Tier 1,20,116,4,393.54,98.38,3,8.4,2,,7,Men,Mixed,0.474,0.018,0,0
ZC004968,21.0,Female,Other,Tier 2,6,24,1,128.59,128.59,4,3.4,8,,3,Men,Store,0.467,0.35,0,0
ZC004969,29.0,Female,Italy,Tier 3,5,182,1,55.28,55.28,2,1.6,3,0.18,4,Men,Store,0.119,0.291,0,0
ZC004970,35.0,Male,Germany,Tier 2,32,9,5,372.21,74.44,4,2.5,3,0.823,7,Home,Store,0.249,0.556,0,0
ZC004971,30.0,Female,Italy,Tier 1,11,13,1,92.19,92.19,8,4.8,7,0.266,6,Women,Mixed,0.638,0.168,0,0
ZC004972,18.0,Female,Spain,Tier 1,14,39,1,73.2,73.2,2,2.4,4,0.483,4,TRF,Store,0.163,0.236,0,0
ZC004973,42.0,Female,UK,Tier 1,8,14,1,40.09,40.09,4,9.4,4,0.743,7,Men,Mixed,0.349,0.657,0,0
ZC004974,16.0,Male,Mexico,Tier 1,9,70,5,474.02,94.8,1,1.9,3,0.127,6,Home,Online,0.154,0.162,0,0
ZC004975,28.0,Female,Other,Tier 2,16,39,1,89.98,89.98,9,7.8,4,0.401,7,Kids,Mixed,0.285,0.382,0,0
ZC004976,26.0,Male,France,Tier 1,21,37,1,77.1,77.1,3,3.7,3,0.133,8,TRF,Online,0.238,0.458,0,0
ZC004977,33.0,Male,Spain,Tier 2,15,13,1,68.99,68.99,4,12.3,0,,6,Women,Store,0.396,0.184,0,0
ZC004978,38.0,Female,Other,Tier 2,24,362,2,133.3,66.65,1,1.4,3,0.449,5,Men,Mixed,0.116,0.453,0,1
ZC004979,43.0,Female,UK,Tier 1,29,180,1,72.11,72.11,2,2.1,4,0.365,5,Beauty,Store,0.541,0.511,0,1
ZC004980,25.0,Male,USA,Tier 1,4,130,4,318.29,79.57,2,3.0,4,0.322,2,Women,Mixed,0.292,0.405,0,1
ZC004981,38.0,Female,Spain,Tier 1,25,48,1,106.28,106.28,2,5.1,2,0.482,4,TRF,Online,0.257,0.35,1,0
ZC004982,34.0,Female,Spain,Tier 1,20,145,3,261.49,87.16,2,1.6,8,0.416,6,Women,Online,0.168,0.141,0,1
ZC004983,16.0,Female,Germany,Tier 3,20,95,5,244.09,48.82,1,4.5,9,0.456,1,Men,Mixed,0.52,0.189,0,0
ZC004984,51.0,Male,Germany,Tier 1,7,29,1,40.21,40.21,7,1.4,3,0.328,3,Men,Mixed,0.246,0.301,0,0
ZC004985,18.0,Female,USA,Tier 1,13,355,2,209.48,104.74,1,6.9,4,0.242,1,Men,Store,0.378,0.368,0,1
ZC004986,36.0,Female,USA,Tier 1,26,4,1,106.73,106.73,7,3.0,6,0.629,1,Women,Online,0.157,0.154,0,0
ZC004987,36.0,Female,France,Tier 2,6,43,1,75.22,75.22,9,10.1,4,0.397,2,Women,Store,0.177,0.485,0,0
ZC004988,35.0,Female,UK,Tier 2,60,26,5,338.97,67.79,5,1.8,1,0.361,6,Home,Store,0.226,0.016,0,0
ZC004989,27.0,Male,USA,Tier 3,33,1,2,161.26,80.63,7,2.3,1,0.278,4,Women,Online,0.262,0.259,0,0
ZC004990,40.0,Female,USA,Tier 1,8,4,2,168.39,84.2,9,5.9,6,0.582,7,Women,Store,0.654,0.085,0,0
ZC004991,16.0,Female,Other,Tier 1,13,220,1,83.39,83.39,2,6.4,3,0.31,7,TRF,Mixed,0.287,0.516,0,1
ZC004992,31.0,Female,Other,Tier 2,5,34,1,98.76,98.76,12,6.1,3,0.23,4,Women,Online,0.277,0.529,0,0
ZC004993,26.0,Female,USA,Tier 1,33,45,1,85.88,85.88,8,6.1,2,0.231,6,Women,Store,0.259,0.31,0,0
ZC004994,25.0,Male,Italy,Tier 1,15,36,3,314.01,104.67,5,4.2,5,0.326,2,Women,Online,0.319,0.397,0,0
ZC004995,36.0,Female,Other,Tier 3,20,37,1,53.51,53.51,7,4.1,3,0.307,1,Women,Store,0.273,0.441,0,0
ZC004996,43.0,Male,Spain,Tier 2,17,4,1,100.24,100.24,9,22.3,1,0.183,4,Women,Online,0.455,0.277,0,0
ZC004997,29.0,Female,Other,Tier 1,27,80,1,81.19,81.19,0,3.5,2,0.275,6,Home,Mixed,0.388,0.299,0,0
ZC004998,40.0,Male,France,Tier 3,8,89,1,49.95,49.95,0,15.9,2,0.577,3,Women,Online,0.476,0.458,1,0
ZC004999,32.0,Female,France,Tier 1,60,31,6,458.91,76.48,0,9.7,7,0.476,4,Women,Online,0.005,0.456,0,0
ZC005000,23.0,Female,France,Tier 1,27,116,2,200.71,100.36,1,6.0,5,0.243,2,Kids,Store,0.582,0.689,0,1
ZC005001,29.0,Female,USA,Tier 1,30,223,8,412.55,51.57,1,10.8,3,0.209,2,Women,Online,0.125,0.079,0,1
ZC005002,29.0,Male,Mexico,Tier 1,22,5,1,70.7,70.7,7,3.2,0,0.605,3,Home,Store,0.169,0.265,0,0
ZC005003,25.0,Male,Italy,Tier 1,8,47,1,73.82,73.82,4,1.0,3,0.558,4,Women,Store,0.458,0.444,0,0
ZC005004,36.0,Female,Spain,Tier 2,14,79,1,59.65,59.65,2,3.3,6,0.32,8,Home,Store,0.547,0.258,0,0
ZC005005,34.0,Male,France,Tier 3,12,6,6,579.98,96.66,8,3.6,3,0.164,7,Men,Mixed,0.267,0.102,0,0
ZC005006,16.0,Female,Other,Tier 2,37,182,4,343.95,85.99,1,5.0,1,0.299,1,Men,Mixed,0.351,0.126,0,1
ZC005007,16.0,Female,Other,Tier 3,9,105,1,54.1,54.1,2,2.9,2,0.763,7,TRF,Online,0.15,0.436,0,0
ZC005008,36.0,Male,Germany,Tier 1,18,107,1,67.4,67.4,2,1.3,8,0.659,8,Women,Mixed,0.593,0.451,0,1
ZC005009,24.0,Female,USA,Tier 1,6,183,1,89.89,89.89,0,2.0,6,0.453,5,Men,Online,0.352,0.38,0,0
ZC005010,35.0,Male,USA,Tier 1,27,46,5,481.06,96.21,8,5.0,4,0.725,7,Home,Store,0.175,0.374,0,0
ZC005011,40.0,Male,USA,Tier 1,10,47,1,21.3,21.3,10,6.8,1,0.169,3,Kids,Online,0.188,0.506,0,0
ZC005012,19.0,Male,Other,Tier 1,29,61,2,190.37,95.18,3,5.1,5,0.415,2,Women,Store,0.288,0.513,0,0
ZC005013,18.0,Male,Mexico,Tier 1,35,86,3,252.1,84.03,1,5.7,4,0.492,5,Women,Store,0.318,0.204,0,0
ZC005014,49.0,Female,Other,Tier 3,56,90,5,441.96,88.39,2,2.8,3,0.476,3,Men,Online,0.184,0.371,0,0
ZC005015,36.0,Female,Spain,Tier 1,16,20,1,54.0,54.0,9,3.1,4,0.629,1,Home,Online,0.532,0.131,0,0
ZC005016,28.0,Female,Other,Tier 2,21,12,1,103.87,103.87,3,4.2,2,0.828,5,Men,Store,0.188,0.245,1,0
ZC005017,23.0,Male,Other,Tier 1,17,97,2,167.95,83.98,1,2.1,3,0.317,5,Beauty,Online,0.41,0.2,0,1
ZC005018,27.0,Female,Italy,Tier 1,13,90,1,80.39,80.39,1,8.1,6,0.772,6,Women,Store,0.393,0.395,0,0
ZC005019,20.0,Male,Other,Tier 2,32,147,5,105.7,21.14,0,1.5,2,0.188,7,Women,Mixed,0.53,0.436,0,0
ZC005020,41.0,Female,UK,Tier 1,13,125,1,66.82,66.82,0,10.1,0,0.553,8,Home,Mixed,0.366,0.046,0,0
ZC005021,24.0,Female,USA,Tier 1,28,8,2,104.15,52.08,6,3.0,2,0.337,8,Men,Mixed,0.686,0.224,0,1
ZC005022,43.0,Female,USA,Tier 2,1,12,1,75.86,75.86,10,3.9,1,0.333,3,Women,Online,0.236,0.281,0,0
ZC005023,28.0,Male,Spain,Tier 2,10,23,2,103.08,51.54,6,2.2,3,0.275,7,Kids,Mixed,0.502,0.346,0,1
ZC005024,22.0,Female,Spain,Tier 1,33,69,1,107.19,107.19,0,2.4,7,0.548,3,Women,Store,0.328,0.208,0,0
ZC005025,28.0,Female,Italy,Tier 1,18,171,2,218.38,109.19,3,14.0,3,0.249,8,Men,Store,0.5,0.296,0,0
ZC005026,16.0,Female,USA,Tier 1,36,69,1,78.04,78.04,1,5.4,1,0.372,4,Men,Mixed,0.386,0.212,0,0
ZC005027,31.0,Female,Spain,Tier 1,18,53,1,54.05,54.05,12,4.0,4,0.405,4,Men,Online,0.305,0.175,0,0
ZC005028,30.0,Male,Spain,Tier 3,31,13,4,306.2,76.55,7,5.6,4,0.789,8,Men,Mixed,0.274,0.158,0,0
ZC005029,40.0,Female,Germany,Tier 1,10,51,5,303.34,60.67,5,2.8,3,0.31,4,Women,Online,0.13,0.339,0,0
ZC005030,16.0,Female,Other,Tier 1,28,105,1,102.27,102.27,1,2.1,3,0.379,3,Kids,Store,0.085,0.4,0,1
ZC005031,44.0,Female,UK,Tier 2,25,38,1,79.46,79.46,6,5.5,5,0.136,2,Men,Mixed,0.549,0.144,0,0
ZC005032,40.0,Female,Mexico,Tier 2,17,32,1,115.2,115.2,8,4.6,2,0.119,6,Women,Mixed,0.141,0.197,1,0
ZC005033,45.0,Female,Other,Tier 1,31,137,1,42.14,42.14,2,5.3,3,0.394,5,Men,Mixed,0.239,0.281,0,1
ZC005034,31.0,Female,Italy,Tier 2,35,87,7,508.54,72.65,1,7.4,4,0.647,2,Women,Online,0.579,0.491,0,0
ZC005035,42.0,Female,Italy,Tier 2,29,125,1,52.48,52.48,0,2.4,1,,5,TRF,Store,0.337,0.114,0,0
ZC005036,17.0,Female,Germany,Tier 1,32,24,1,82.01,82.01,2,4.5,5,0.612,5,Men,Online,0.14,0.271,0,0
ZC005037,39.0,Female,Other,Tier 1,25,212,4,343.75,85.94,1,5.2,3,0.115,4,Men,Mixed,0.414,0.266,0,0
ZC005038,24.0,Male,USA,Tier 2,7,31,2,101.39,50.7,10,1.4,0,0.268,4,Kids,Store,0.14,0.35,0,0
ZC005039,16.0,Female,Mexico,Tier 1,20,45,2,125.14,62.57,7,5.3,7,0.153,3,TRF,Online,0.18,0.308,0,0
ZC005040,21.0,Male,UK,Tier 1,17,97,2,131.64,65.82,1,6.3,3,0.632,7,Women,Mixed,0.4,0.337,0,0
ZC005041,32.0,Female,USA,Tier 2,23,31,3,216.74,72.25,5,5.5,3,0.125,1,Women,Online,0.365,0.384,0,0
ZC005042,24.0,Male,Italy,Tier 1,35,76,4,186.24,46.56,0,3.6,2,0.033,2,Beauty,Store,0.182,0.292,0,0
ZC005043,36.0,Female,Other,Tier 1,30,79,1,92.0,92.0,3,2.2,3,0.373,6,Home,Store,0.359,0.56,0,0
ZC005044,16.0,Male,Other,Tier 1,29,48,1,93.67,93.67,8,4.0,5,0.628,3,Women,Mixed,0.069,0.342,0,0
ZC005045,16.0,Male,Other,Tier 1,2,82,1,96.59,96.59,1,5.5,3,0.221,7,Women,Online,0.349,0.408,0,0
ZC005046,46.0,Male,Italy,Tier 2,17,37,1,41.24,41.24,6,14.8,2,0.459,6,Men,Online,0.316,0.608,0,0
ZC005047,41.0,Male,France,Tier 1,13,87,2,120.88,60.44,0,9.0,3,0.435,3,Home,Online,0.428,0.497,0,0
ZC005048,22.0,Female,Other,Tier 1,26,105,4,298.39,74.6,0,11.0,0,0.491,7,Women,Mixed,0.582,0.262,0,1
ZC005049,32.0,Male,USA,Tier 2,40,59,3,214.88,71.63,4,7.3,5,0.263,4,Men,Mixed,0.228,0.279,0,0
ZC005050,42.0,Male,Spain,Tier 2,22,117,2,163.21,81.6,0,1.8,0,0.603,3,Home,Mixed,0.347,0.533,0,0
ZC005051,36.0,Female,UK,Tier 1,6,25,1,57.37,57.37,6,6.0,3,0.14,3,Men,Mixed,0.239,0.17,0,0
ZC005052,33.0,Female,Germany,Tier 1,18,61,1,89.41,89.41,2,3.7,3,0.411,8,Men,Store,0.286,0.488,0,0
ZC005053,43.0,Male,Italy,Tier 1,1,235,1,141.95,141.95,5,4.5,5,0.344,8,Women,Online,0.659,0.463,0,1
ZC005054,25.0,Female,Mexico,Tier 3,33,60,3,297.86,99.29,1,1.0,2,0.658,4,Men,Online,0.28,0.209,0,0
ZC005055,32.0,Male,Spain,Tier 1,13,48,3,135.02,45.01,6,2.6,3,0.167,3,Women,Online,0.184,0.214,0,0
ZC005056,,Female,Mexico,Tier 1,37,16,4,461.05,115.26,5,12.3,2,0.386,8,Kids,Store,0.251,0.054,0,0
ZC005057,29.0,Male,Germany,Tier 2,38,27,3,369.98,123.33,9,8.6,3,0.5,5,Kids,Store,0.25,0.295,0,0
ZC005058,28.0,Female,Other,Tier 2,43,55,6,509.14,84.86,5,7.4,5,0.598,4,Men,Mixed,0.446,0.27,0,0
ZC005059,33.0,Male,USA,Tier 3,13,139,4,379.74,94.94,0,7.5,4,0.23,1,Kids,Online,0.468,0.274,0,1
ZC005060,32.0,Female,Germany,Tier 1,60,112,2,290.54,145.27,0,1.4,4,0.337,5,Women,Online,0.397,0.507,0,0
ZC005061,22.0,Male,Mexico,Tier 3,37,21,1,75.46,75.46,6,2.4,2,0.417,7,Kids,Store,0.302,0.409,0,0
ZC005062,40.0,Female,France,Tier 1,14,79,1,114.4,114.4,1,3.4,3,0.285,1,Men,Mixed,0.28,0.344,0,0
ZC005063,22.0,Female,USA,Tier 2,40,60,5,492.13,98.43,0,1.9,3,0.173,6,Men,Mixed,0.379,0.18,0,0
ZC005064,30.0,Female,Spain,Tier 1,13,65,1,63.51,63.51,3,4.1,2,0.429,3,Women,Store,0.295,0.346,0,0
ZC005065,29.0,Female,Spain,Tier 3,23,105,2,242.99,121.5,0,4.1,3,0.474,3,Kids,Mixed,0.293,0.231,0,1
ZC005066,36.0,Male,France,Tier 3,28,96,3,264.58,88.19,1,1.6,3,0.264,5,Women,Mixed,0.515,0.326,0,1
ZC005067,16.0,Female,Germany,Tier 2,27,91,2,215.39,107.7,2,1.8,2,0.229,5,Kids,Mixed,0.177,0.536,0,0
ZC005068,41.0,Female,France,Tier 2,11,96,1,94.2,94.2,1,2.8,3,0.289,8,Women,Mixed,0.4,0.178,0,1
ZC005069,25.0,Male,Italy,Tier 1,42,4,1,71.22,71.22,11,4.3,8,0.341,8,Kids,Store,0.167,0.182,0,0
ZC005070,44.0,Female,Spain,Tier 1,34,242,2,218.3,109.15,1,9.5,0,,3,Men,Online,0.312,0.121,0,0
ZC005071,27.0,Female,Spain,Tier 1,50,63,6,373.86,62.31,0,11.8,2,0.544,2,Men,Store,0.228,0.391,0,0
ZC005072,32.0,Male,Mexico,Tier 2,42,110,1,94.37,94.37,1,3.8,5,0.766,6,TRF,Online,0.512,0.468,0,1
ZC005073,51.0,Female,Mexico,Tier 1,37,139,2,211.93,105.96,1,1.0,4,0.179,5,Kids,Online,0.486,0.302,0,1
ZC005074,29.0,Male,Italy,Tier 1,37,33,1,93.82,93.82,2,3.9,4,0.815,8,Men,Mixed,0.681,0.209,0,0
ZC005075,44.0,Female,Italy,Tier 1,28,53,4,255.65,63.91,8,1.6,6,,3,TRF,Store,0.555,0.109,0,0
ZC005076,32.0,Female,Other,Tier 2,17,140,1,54.74,54.74,2,7.2,5,0.487,6,Men,Online,0.402,0.629,1,0
ZC005077,36.0,Female,Other,Tier 1,29,172,1,64.89,64.89,1,4.4,3,0.219,6,Women,Store,0.168,0.085,0,0
ZC005078,33.0,Male,Germany,Tier 1,10,61,2,189.21,94.6,1,4.3,3,0.463,6,Women,Mixed,0.366,0.613,0,0
ZC005079,40.0,Female,USA,Tier 1,40,8,2,165.84,82.92,8,2.5,1,0.61,5,TRF,Store,0.196,0.149,0,0
ZC005080,25.0,Male,Spain,Tier 1,60,24,1,78.61,78.61,5,4.0,3,0.463,2,Women,Mixed,0.175,0.153,0,1
ZC005081,22.0,Female,Germany,Tier 1,30,38,3,240.46,80.15,3,2.7,6,0.373,7,Women,Mixed,0.519,0.341,0,0
ZC005082,26.0,Female,UK,Tier 1,14,77,1,64.39,64.39,2,3.4,5,0.337,4,Beauty,Online,0.229,0.076,0,0
ZC005083,33.0,Male,Spain,Tier 2,9,83,5,240.77,48.15,0,3.2,4,0.467,8,Kids,Online,0.368,0.512,0,1
ZC005084,30.0,Female,USA,Tier 1,17,113,1,105.92,105.92,3,1.0,5,0.6,5,TRF,Mixed,0.417,0.296,0,0
ZC005085,39.0,Female,Other,Tier 3,37,134,1,59.49,59.49,2,8.9,1,0.248,1,Men,Online,0.15,0.234,0,0
ZC005086,45.0,Female,Spain,Tier 1,27,43,1,76.02,76.02,8,2.1,2,0.668,3,Women,Mixed,0.598,0.234,0,0
ZC005087,22.0,Male,Mexico,Tier 1,23,132,4,435.74,108.94,1,2.2,3,0.275,1,Men,Mixed,0.41,0.396,0,0
ZC005088,25.0,Female,Other,Tier 3,18,195,1,68.32,68.32,5,2.3,3,0.474,1,Women,Online,0.248,0.381,0,0
ZC005089,18.0,Female,Italy,Tier 3,26,89,1,122.27,122.27,2,4.7,6,0.798,2,Men,Mixed,0.644,0.406,1,1
ZC005090,52.0,Female,Spain,Tier 1,6,18,1,59.55,59.55,11,5.3,5,0.143,1,Women,Online,0.228,0.196,0,0
ZC005091,35.0,Male,Other,Tier 1,15,68,4,175.7,43.92,1,3.2,3,0.433,3,Men,Online,0.322,0.304,0,0
ZC005092,37.0,Female,Germany,Tier 1,15,154,1,29.39,29.39,0,1.0,2,0.368,1,Men,Store,0.395,0.34,0,0
ZC005093,19.0,Female,USA,Tier 2,15,11,2,182.8,91.4,4,2.2,4,0.303,6,Men,Mixed,0.399,0.476,0,0
ZC005094,32.0,Female,Germany,Tier 1,33,19,1,34.85,34.85,3,1.6,2,,7,Women,Mixed,0.395,0.38,0,0
ZC005095,37.0,Female,Spain,Tier 1,5,20,1,126.82,126.82,8,5.2,2,0.443,4,Women,Online,0.508,0.361,0,0
ZC005096,29.0,Female,Italy,Tier 1,15,95,1,128.72,128.72,0,2.3,0,0.158,1,Men,Store,0.084,0.28,0,0
ZC005097,43.0,Male,Other,Tier 1,21,26,1,82.1,82.1,9,1.0,3,0.454,6,Women,Online,0.541,0.343,0,0
ZC005098,55.0,Male,France,Tier 3,18,155,2,132.61,66.31,1,7.6,3,0.421,4,Women,Store,0.185,0.205,0,0
ZC005099,23.0,Female,Other,Tier 1,19,57,5,172.54,34.51,8,6.7,6,0.489,6,Men,Online,0.667,0.6,0,0
ZC005100,,Female,UK,Tier 3,5,245,1,77.47,77.47,2,1.0,1,0.381,7,Kids,Store,0.255,0.527,0,1
ZC005101,23.0,Female,Other,Tier 1,25,108,2,149.75,74.88,1,5.5,6,0.2,6,Women,Store,0.72,0.096,1,1
ZC005102,48.0,Female,Mexico,Tier 3,6,59,1,82.97,82.97,6,1.9,6,,2,Men,Online,0.205,0.071,0,0
ZC005103,42.0,Female,Spain,Tier 2,9,120,1,91.24,91.24,1,9.5,7,0.47,5,Men,Online,0.757,0.537,0,1
ZC005104,31.0,Female,Other,Tier 1,33,23,4,195.08,48.77,6,3.7,4,0.067,3,Women,Store,0.132,0.448,0,0
ZC005105,32.0,Male,Other,Tier 1,21,80,1,72.64,72.64,1,2.1,1,0.432,5,Kids,Store,0.607,0.346,0,0
ZC005106,24.0,Female,USA,Tier 1,13,79,2,147.33,73.67,3,3.6,4,0.086,1,Kids,Mixed,0.107,0.15,0,0
ZC005107,41.0,Female,Mexico,Tier 2,60,53,4,492.09,123.02,4,7.5,3,0.45,2,Kids,Mixed,0.462,0.217,0,0
ZC005108,28.0,Male,USA,Tier 1,15,13,1,97.81,97.81,8,1.4,5,,1,Women,Store,0.507,0.603,0,0
ZC005109,29.0,Female,Spain,Tier 2,8,76,4,311.53,77.88,2,4.7,4,0.27,1,Beauty,Online,0.296,0.178,0,0
ZC005110,38.0,Female,USA,Tier 3,4,73,1,47.49,47.49,3,2.1,3,0.157,7,Men,Mixed,0.305,0.376,0,0
ZC005111,30.0,Female,France,Tier 1,37,31,4,447.28,111.82,2,4.5,6,0.16,2,Men,Mixed,0.378,0.612,0,0
ZC005112,30.0,Male,Spain,Tier 2,31,12,2,230.66,115.33,9,3.6,4,0.314,2,Men,Mixed,0.383,0.589,0,0
ZC005113,32.0,Female,USA,Tier 3,20,26,3,119.86,39.95,6,5.5,0,0.376,4,Men,Mixed,0.255,0.093,0,0
ZC005114,40.0,Female,Other,Tier 2,11,207,1,32.7,32.7,2,6.7,5,0.737,5,TRF,Online,0.248,0.326,0,0
ZC005115,48.0,Female,France,Tier 1,28,34,1,76.64,76.64,4,8.7,3,0.131,4,Men,Mixed,0.295,0.196,0,0
ZC005116,38.0,Female,Other,Tier 1,30,76,1,83.51,83.51,2,2.3,4,0.432,4,Women,Store,0.296,0.406,0,0
ZC005117,40.0,Female,USA,Tier 1,1,72,3,314.49,104.83,1,9.5,4,0.197,5,Men,Online,0.425,0.209,0,0
ZC005118,30.0,Female,Spain,Tier 1,8,51,3,182.33,60.78,5,7.8,2,0.826,6,Men,Online,0.245,0.434,0,0
ZC005119,25.0,Male,Mexico,Tier 1,33,215,1,61.05,61.05,1,3.1,6,0.199,5,TRF,Mixed,0.339,0.258,0,1
ZC005120,39.0,Male,USA,Tier 3,6,102,1,50.69,50.69,1,2.4,4,0.248,7,Men,Online,0.208,0.305,1,0
ZC005121,34.0,Female,UK,Tier 1,15,92,1,61.96,61.96,0,2.8,6,0.197,5,Women,Online,0.356,0.349,1,0
ZC005122,18.0,Female,Other,Tier 1,18,60,3,267.84,89.28,1,2.4,2,0.499,1,TRF,Store,0.541,0.397,0,0
ZC005123,29.0,Female,USA,Tier 1,11,33,1,40.19,40.19,3,4.2,3,0.396,7,Women,Mixed,0.317,0.603,0,0
ZC005124,31.0,Female,UK,Tier 3,21,62,1,140.86,140.86,2,1.2,7,,4,Kids,Online,0.357,0.242,0,0
ZC005125,27.0,Female,Germany,Tier 1,11,104,3,71.34,23.78,3,1.0,4,0.46,8,Women,Mixed,0.231,0.301,0,1
ZC005126,47.0,Female,Spain,Tier 1,8,123,1,62.62,62.62,0,1.0,2,0.135,5,Men,Mixed,0.332,0.173,0,0
ZC005127,37.0,Male,Italy,Tier 2,6,105,1,85.14,85.14,3,4.8,3,0.107,8,Women,Online,0.267,0.103,1,0
ZC005128,46.0,Female,UK,Tier 1,6,3,1,93.29,93.29,4,9.4,5,0.345,3,Home,Mixed,0.456,0.069,0,0
ZC005129,35.0,Female,USA,Tier 1,37,8,7,388.3,55.47,9,6.1,5,0.559,6,Men,Store,0.377,0.54,0,0
ZC005130,33.0,Male,UK,Tier 2,29,46,2,80.24,40.12,5,9.3,3,0.354,7,Kids,Store,0.289,0.258,0,0
ZC005131,23.0,Male,UK,Tier 2,20,7,1,59.87,59.87,6,1.9,7,0.385,6,Women,Mixed,0.496,0.044,0,0
ZC005132,32.0,Male,Germany,Tier 1,18,22,2,228.57,114.28,6,6.5,0,0.364,3,Beauty,Mixed,0.158,0.587,0,0
ZC005133,32.0,Male,Other,Tier 1,60,15,1,35.3,35.3,6,6.6,1,0.458,5,Home,Mixed,0.218,0.104,0,0
ZC005134,18.0,Female,Mexico,Tier 2,34,49,5,513.85,102.77,5,14.0,2,0.589,4,Kids,Store,0.303,0.256,0,0
ZC005135,27.0,Female,UK,Tier 1,44,61,6,481.67,80.28,0,6.3,3,0.314,5,Men,Mixed,0.206,0.245,0,0
ZC005136,29.0,Female,Other,Tier 3,19,13,1,75.43,75.43,7,4.6,3,0.637,5,Women,Mixed,0.272,0.456,0,0
ZC005137,36.0,Male,Mexico,Tier 1,10,169,1,90.37,90.37,0,5.7,1,0.654,8,Women,Store,0.336,0.264,0,1
ZC005138,37.0,Female,Spain,Tier 1,8,81,2,110.38,55.19,6,7.0,3,0.357,5,Women,Store,0.465,0.324,0,0
ZC005139,26.0,Male,Spain,Tier 2,9,58,3,324.95,108.32,7,1.0,8,0.37,5,Women,Mixed,0.521,0.201,0,0
ZC005140,37.0,Female,USA,Tier 1,11,117,1,71.93,71.93,0,2.0,7,0.583,2,Women,Online,0.068,0.072,0,1
ZC005141,30.0,Male,Spain,Tier 1,19,56,1,48.62,48.62,6,6.0,7,0.172,3,Men,Mixed,0.239,0.181,0,0
ZC005142,16.0,Female,France,Tier 1,21,86,1,66.78,66.78,3,2.9,2,0.69,6,Men,Online,0.409,0.111,1,0
ZC005143,27.0,Male,USA,Tier 3,15,35,1,81.76,81.76,6,4.3,2,0.477,5,Men,Mixed,0.413,0.06,0,0
ZC005144,43.0,Female,Other,Tier 1,13,24,1,21.02,21.02,5,1.2,3,0.512,2,Women,Online,0.325,0.171,0,0
ZC005145,16.0,Female,UK,Tier 1,7,15,1,58.5,58.5,6,5.8,1,0.661,6,Women,Online,0.371,0.639,0,0
ZC005146,33.0,Male,USA,Tier 1,60,64,3,279.64,93.21,1,12.2,4,0.444,6,Men,Store,0.42,0.513,0,0
ZC005147,48.0,Female,Other,Tier 1,5,78,4,293.43,73.36,2,3.9,5,0.53,7,Kids,Store,0.446,0.09,0,0
ZC005148,24.0,Female,France,Tier 1,50,275,4,370.59,92.65,3,7.8,4,0.297,4,Home,Mixed,0.154,0.191,0,0
ZC005149,32.0,Male,Spain,Tier 2,15,3,1,121.16,121.16,4,1.0,4,0.326,5,Men,Online,0.354,0.255,0,0
ZC005150,19.0,Male,Spain,Tier 3,15,57,2,103.33,51.66,6,4.1,8,0.321,8,TRF,Online,0.415,0.112,0,0
ZC005151,48.0,Female,Italy,Tier 3,11,120,1,67.5,67.5,6,3.9,4,0.398,8,Men,Store,0.227,0.336,0,0
ZC005152,31.0,Female,France,Tier 1,28,22,2,92.04,46.02,6,6.5,2,0.357,2,Women,Store,0.398,0.568,0,0
ZC005153,32.0,Female,Germany,Tier 1,9,143,1,81.5,81.5,1,4.3,7,0.494,5,Women,Online,0.12,0.323,0,0
ZC005154,46.0,Female,Other,Tier 1,19,120,2,146.78,73.39,2,5.0,5,0.359,3,Women,Mixed,0.196,0.492,0,0
ZC005155,39.0,Female,Italy,Tier 1,26,151,2,180.61,90.3,0,4.7,1,0.58,8,Women,Online,0.315,0.285,0,0
ZC005156,23.0,Female,Other,Tier 2,3,90,1,102.45,102.45,1,2.1,4,0.801,7,Men,Online,0.26,0.554,0,1
ZC005157,26.0,Female,Italy,Tier 1,12,24,1,79.7,79.7,9,5.7,4,0.666,8,Kids,Mixed,0.3,0.218,0,0
ZC005158,37.0,Female,Italy,Tier 1,60,59,5,347.19,69.44,7,7.8,8,0.353,5,Kids,Online,0.518,0.356,0,0
ZC005159,26.0,Male,Spain,Tier 2,11,130,1,104.27,104.27,2,5.5,2,0.436,8,Women,Mixed,0.413,0.571,0,1
ZC005160,16.0,Female,France,Tier 2,9,27,6,397.65,66.27,6,5.6,6,0.372,2,Women,Store,0.412,0.391,0,0
ZC005161,31.0,Female,UK,Tier 3,13,8,2,181.29,90.64,7,4.4,4,0.57,8,Men,Mixed,0.333,0.13,0,0
ZC005162,17.0,Male,France,Tier 1,60,104,6,192.37,32.06,1,1.6,2,0.603,2,Kids,Online,0.255,0.475,0,1
ZC005163,48.0,Male,UK,Tier 3,51,30,5,380.86,76.17,5,2.1,5,0.379,1,Men,Store,0.29,0.307,0,0
ZC005164,34.0,Female,Germany,Tier 1,17,80,1,85.42,85.42,1,2.7,3,0.439,6,Women,Mixed,0.416,0.137,0,0
ZC005165,23.0,Male,UK,Tier 1,36,116,1,67.9,67.9,2,14.2,3,0.363,7,Women,Online,0.278,0.326,0,0
ZC005166,25.0,Female,France,Tier 1,17,38,1,74.35,74.35,7,2.6,5,0.124,6,Women,Mixed,0.37,0.372,0,0
ZC005167,16.0,Female,UK,Tier 2,19,18,1,49.35,49.35,5,6.8,2,0.313,3,Women,Store,0.264,0.08,0,1
ZC005168,21.0,Female,Other,Tier 1,24,20,1,67.2,67.2,7,10.2,7,0.686,3,Women,Online,0.121,0.495,0,0
ZC005169,42.0,Female,UK,Tier 2,31,248,7,215.34,30.76,1,13.0,10,0.534,5,Home,Online,0.512,0.364,0,1
ZC005170,54.0,Male,Italy,Tier 1,13,22,3,225.18,75.06,13,9.2,5,0.654,4,Women,Online,0.544,0.16,0,0
ZC005171,39.0,Female,Germany,Tier 3,9,85,1,57.31,57.31,2,4.0,4,0.155,7,Women,Online,0.455,0.385,0,0
ZC005172,31.0,Male,UK,Tier 1,25,125,2,240.87,120.44,1,5.0,7,0.739,4,Men,Store,0.435,0.228,0,1
ZC005173,28.0,Female,Mexico,Tier 2,7,81,2,224.84,112.42,2,10.9,4,0.34,6,Women,Mixed,0.124,0.303,0,0
ZC005174,22.0,Female,Other,Tier 3,17,49,1,38.74,38.74,7,1.0,2,0.663,1,TRF,Store,0.131,0.136,1,0
ZC005175,53.0,Female,Mexico,Tier 2,16,56,1,108.31,108.31,10,21.1,5,0.61,8,Home,Mixed,0.229,0.283,0,0
ZC005176,30.0,Female,Other,Tier 3,4,69,3,173.16,57.72,1,8.1,2,0.454,4,Women,Store,0.257,0.203,0,1
ZC005177,53.0,Male,UK,Tier 2,9,9,1,64.75,64.75,5,1.9,3,0.353,7,Women,Online,0.242,0.126,0,0
ZC005178,46.0,Male,Other,Tier 1,17,96,4,268.94,67.24,0,4.3,3,0.144,1,Kids,Online,0.195,0.297,0,0
ZC005179,16.0,Male,Other,Tier 2,1,221,1,99.03,99.03,2,4.6,4,0.298,6,Women,Store,0.124,0.213,0,1
ZC005180,25.0,Male,Mexico,Tier 2,33,27,3,250.51,83.5,5,1.0,2,0.706,7,Home,Store,0.384,0.191,0,0
ZC005181,25.0,Female,Other,Tier 1,8,57,1,87.88,87.88,6,11.0,6,0.328,8,Men,Online,0.156,0.34,0,1
ZC005182,31.0,Female,Italy,Tier 1,28,164,1,42.21,42.21,1,2.4,3,0.119,8,Men,Online,0.243,0.327,0,0
ZC005183,31.0,Female,France,Tier 1,12,205,1,55.74,55.74,1,2.0,4,0.423,3,Women,Mixed,0.141,0.408,0,0
ZC005184,62.0,Male,France,Tier 1,57,115,5,372.69,74.54,1,7.5,2,0.07,6,Beauty,Mixed,0.265,0.22,0,0
ZC005185,21.0,Female,UK,Tier 3,18,191,1,83.88,83.88,0,2.6,3,0.374,6,Women,Store,0.342,0.15,0,1
ZC005186,34.0,Female,Germany,Tier 3,31,5,1,84.04,84.04,5,5.7,2,0.589,2,Men,Store,0.446,0.422,1,0
ZC005187,38.0,Female,USA,Tier 2,12,86,2,140.08,70.04,4,5.6,2,,7,TRF,Online,0.252,0.171,0,0
ZC005188,32.0,Female,Italy,Tier 1,47,192,5,553.69,110.74,4,2.6,6,0.597,5,Women,Store,0.219,0.058,0,0
ZC005189,33.0,Female,France,Tier 1,60,42,2,160.89,80.44,5,9.5,3,0.746,3,Kids,Online,0.654,0.05,0,0
ZC005190,22.0,Female,USA,Tier 1,9,77,3,213.62,71.21,1,6.8,2,0.19,1,Women,Mixed,0.531,0.274,0,1
ZC005191,33.0,Female,Spain,Tier 1,11,39,3,329.15,109.72,6,1.8,0,0.883,6,TRF,Mixed,0.308,0.137,0,1
ZC005192,37.0,Female,USA,Tier 2,14,87,1,97.34,97.34,0,8.3,4,0.628,2,Women,Online,0.396,0.143,0,1
ZC005193,35.0,Male,Germany,Tier 1,42,137,1,40.99,40.99,1,3.1,1,,6,Kids,Online,0.313,0.213,0,0
ZC005194,38.0,Male,USA,Tier 1,6,158,1,109.5,109.5,2,2.1,3,0.388,5,Home,Store,0.298,0.447,0,0
ZC005195,46.0,Female,Spain,Tier 1,7,29,1,72.47,72.47,2,4.7,5,0.738,1,Men,Mixed,0.525,0.218,0,1
ZC005196,41.0,Male,USA,Tier 3,6,13,3,188.06,62.69,8,10.8,3,0.325,5,Women,Store,0.329,0.103,0,0
ZC005197,33.0,Male,USA,Tier 1,5,86,1,58.29,58.29,3,7.4,3,0.281,4,Women,Online,0.155,0.152,0,1
ZC005198,20.0,Female,USA,Tier 1,9,105,1,76.04,76.04,0,4.7,4,0.615,6,Kids,Mixed,0.512,0.513,1,1
ZC005199,26.0,Male,USA,Tier 1,19,11,4,181.81,45.45,3,2.2,5,0.613,7,Kids,Store,0.438,0.117,0,0
ZC005200,30.0,Male,Italy,Tier 1,60,45,5,466.38,93.28,6,10.0,1,0.479,6,Women,Online,0.249,0.015,0,0
ZC005201,35.0,Female,Italy,Tier 2,6,185,2,109.12,54.56,1,1.0,7,0.54,1,Home,Online,0.465,0.172,0,0
ZC005202,,Female,Other,Tier 2,19,44,1,74.65,74.65,10,1.7,7,0.569,3,Home,Store,0.526,0.264,0,0
ZC005203,23.0,Female,Spain,Tier 2,25,148,1,102.38,102.38,0,5.5,4,0.355,7,Kids,Mixed,0.345,0.25,0,1
ZC005204,20.0,Female,USA,Tier 1,15,32,1,74.75,74.75,5,4.0,3,0.526,2,Kids,Online,0.19,0.068,0,0
ZC005205,16.0,Male,Spain,Tier 3,20,148,1,72.73,72.73,2,5.6,3,0.474,1,Men,Mixed,0.312,0.094,0,0
ZC005206,30.0,Female,Germany,Tier 2,12,58,2,209.97,104.98,1,7.1,8,0.617,8,Men,Mixed,0.17,0.513,0,0
ZC005207,17.0,Female,Spain,Tier 3,10,47,2,104.86,52.43,6,6.5,1,0.22,4,TRF,Mixed,0.466,0.548,0,0
ZC005208,22.0,Male,USA,Tier 1,14,61,5,415.03,83.01,1,10.0,4,0.593,7,Kids,Online,0.672,0.259,0,0
ZC005209,28.0,Male,Germany,Tier 3,37,25,3,336.72,112.24,10,4.0,3,0.536,4,Home,Store,0.371,0.083,0,0
ZC005210,19.0,Female,USA,Tier 2,29,12,2,195.9,97.95,6,3.2,6,0.325,2,Women,Mixed,0.666,0.522,0,1
ZC005211,36.0,Male,France,Tier 1,16,42,1,45.19,45.19,4,14.6,1,0.309,6,Women,Store,0.206,0.143,0,0
ZC005212,39.0,Female,Germany,Tier 1,6,105,2,118.98,59.49,4,8.8,1,0.365,4,Men,Online,0.418,0.297,0,1
ZC005213,27.0,Female,Other,Tier 1,4,6,3,309.5,103.17,7,10.5,3,0.221,5,Women,Online,0.335,0.188,0,0
ZC005214,28.0,Female,UK,Tier 2,13,160,1,74.25,74.25,0,2.8,4,0.819,6,Women,Mixed,0.295,0.259,0,0
ZC005215,37.0,Male,USA,Tier 1,27,47,2,178.95,89.48,3,4.9,3,0.306,2,Kids,Online,0.318,0.636,0,1
ZC005216,25.0,Female,France,Tier 2,25,108,3,174.02,58.01,1,3.0,6,0.366,1,Women,Store,0.259,0.226,0,0
ZC005217,24.0,Female,Spain,Tier 2,23,41,1,72.1,72.1,7,6.2,4,0.39,1,Kids,Store,0.277,0.274,0,1
ZC005218,44.0,Female,Spain,Tier 2,5,98,1,22.54,22.54,0,7.5,5,0.526,6,Kids,Store,0.354,0.331,0,0
ZC005219,41.0,Male,UK,Tier 1,32,104,3,215.96,71.99,0,5.4,3,0.427,8,Men,Store,0.613,0.276,0,1
ZC005220,38.0,Female,USA,Tier 3,21,182,3,243.87,81.29,1,5.0,4,0.761,2,Women,Store,0.34,0.242,0,1
ZC005221,41.0,Female,Spain,Tier 1,8,6,1,66.2,66.2,5,9.2,5,0.34,1,Men,Store,0.455,0.158,0,0
ZC005222,16.0,Male,Italy,Tier 2,34,54,3,213.77,71.26,4,3.8,3,0.803,7,Women,Store,0.145,0.181,0,0
ZC005223,46.0,Male,Mexico,Tier 1,7,137,5,235.08,47.02,1,9.3,4,0.31,7,Women,Mixed,0.107,0.129,0,0
ZC005224,36.0,Female,Spain,Tier 1,23,56,4,290.71,72.68,1,9.1,3,0.744,3,Men,Online,0.168,0.579,0,0
ZC005225,42.0,Female,France,Tier 1,10,48,2,203.52,101.76,3,3.8,2,0.829,7,Men,Mixed,0.433,0.118,0,0
ZC005226,36.0,Female,Other,Tier 2,14,43,1,108.32,108.32,5,3.3,5,0.414,2,Men,Mixed,0.435,0.693,0,0
ZC005227,32.0,Male,USA,Tier 2,25,64,3,279.48,93.16,1,5.5,5,0.206,5,Women,Store,0.375,0.45,0,0
ZC005228,29.0,Female,Italy,Tier 1,19,102,1,80.25,80.25,2,1.0,6,0.346,5,Women,Mixed,0.324,0.647,0,1
ZC005229,36.0,Male,USA,Tier 1,17,48,1,64.4,64.4,8,5.1,4,0.124,6,Women,Store,0.221,0.059,0,0
ZC005230,29.0,Female,Other,Tier 2,9,139,1,69.3,69.3,1,8.1,2,0.372,2,Women,Online,0.353,0.29,0,0
ZC005231,41.0,Male,Spain,Tier 1,10,75,2,205.78,102.89,1,10.5,6,0.459,6,Women,Mixed,0.561,0.095,0,0
ZC005232,16.0,Female,USA,Tier 1,10,51,1,71.96,71.96,5,3.2,7,0.152,7,Women,Store,0.203,0.243,0,0
ZC005233,,Male,Other,Tier 2,36,64,8,1056.88,132.11,5,4.1,6,0.789,5,Kids,Store,0.35,0.229,0,0
ZC005234,52.0,Female,Italy,Tier 1,60,136,4,172.65,43.16,7,4.8,1,,8,Men,Online,0.287,0.078,0,0
ZC005235,26.0,Female,USA,Tier 1,9,30,4,332.96,83.24,5,4.1,5,0.378,6,Women,Mixed,0.434,0.403,0,0
ZC005236,30.0,Female,Mexico,Tier 1,49,44,5,289.53,57.91,8,5.2,1,0.143,3,Women,Store,0.579,0.192,0,0
ZC005237,23.0,Female,Other,Tier 2,8,32,1,101.62,101.62,9,9.3,3,0.409,8,Women,Store,0.375,0.489,0,0
ZC005238,35.0,Female,France,Tier 2,23,45,2,176.76,88.38,7,1.0,1,0.461,6,Home,Online,0.504,0.157,0,1
ZC005239,25.0,Female,USA,Tier 1,8,60,1,48.3,48.3,3,1.9,4,0.325,8,Beauty,Online,0.421,0.708,0,0
ZC005240,30.0,Male,USA,Tier 1,39,135,2,95.71,47.86,2,1.0,3,0.541,1,TRF,Store,0.507,0.264,0,1
ZC005241,40.0,Female,Other,Tier 1,32,102,3,159.03,53.01,3,6.8,5,0.299,2,Home,Mixed,0.214,0.146,0,0
ZC005242,25.0,Female,USA,Tier 1,37,59,3,264.89,88.3,6,5.9,1,0.693,1,Women,Mixed,0.346,0.237,0,0
ZC005243,40.0,Female,USA,Tier 1,12,57,2,163.15,81.58,9,5.2,5,0.408,1,Women,Mixed,0.688,0.141,0,0
ZC005244,40.0,Male,Spain,Tier 1,9,88,2,79.66,39.83,1,2.4,3,0.45,8,Women,Mixed,0.114,0.324,0,0
ZC005245,43.0,Female,Spain,Tier 2,36,41,2,171.6,85.8,4,15.4,2,0.652,1,Home,Online,0.209,0.197,0,0
ZC005246,33.0,Female,France,Tier 1,16,28,1,85.8,85.8,8,6.7,4,0.178,5,Men,Store,0.357,0.123,0,0
ZC005247,64.0,Female,UK,Tier 3,16,89,2,170.82,85.41,1,5.9,8,0.42,8,Women,Online,0.244,0.372,0,0
ZC005248,43.0,Female,Spain,Tier 3,12,30,2,194.44,97.22,3,3.1,9,,6,Men,Online,0.357,0.589,0,0
ZC005249,35.0,Female,Spain,Tier 1,15,22,1,89.89,89.89,5,1.2,3,0.442,2,Home,Mixed,0.267,0.131,0,0
ZC005250,23.0,Female,Spain,Tier 2,36,293,1,85.98,85.98,3,2.9,1,0.222,7,Home,Mixed,0.303,0.243,0,1
ZC005251,31.0,Female,Spain,Tier 2,11,4,1,91.01,91.01,3,3.0,4,0.63,6,Men,Mixed,0.196,0.649,1,0
ZC005252,46.0,Male,USA,Tier 1,11,3,2,214.07,107.04,5,12.0,3,0.291,6,Women,Store,0.636,0.41,0,0
ZC005253,49.0,Female,Italy,Tier 1,9,55,1,70.25,70.25,9,3.6,3,0.758,7,Men,Online,0.422,0.319,0,0
ZC005254,47.0,Female,Spain,Tier 3,15,97,1,74.37,74.37,0,3.3,3,0.284,7,TRF,Mixed,0.265,0.152,1,1
ZC005255,40.0,Female,USA,Tier 1,38,49,5,509.28,101.86,5,3.5,6,0.266,6,TRF,Mixed,0.336,0.674,0,0
ZC005256,19.0,Male,France,Tier 2,9,42,1,74.36,74.36,2,6.0,4,0.41,4,Home,Mixed,0.712,0.261,0,1
ZC005257,37.0,Male,Italy,Tier 2,11,233,1,80.98,80.98,0,7.8,7,0.41,6,Men,Store,0.164,0.578,0,1
ZC005258,20.0,Female,Italy,Tier 1,49,32,3,218.42,72.81,5,1.2,4,0.718,8,Women,Online,0.731,0.06,0,0
ZC005259,17.0,Male,Other,Tier 1,10,61,1,103.51,103.51,2,4.9,5,,8,TRF,Store,0.179,0.357,0,0
ZC005260,34.0,Female,USA,Tier 3,18,45,1,103.01,103.01,6,1.8,3,0.311,7,Men,Store,0.313,0.465,1,0
ZC005261,37.0,Female,Spain,Tier 1,55,70,3,262.49,87.5,2,7.6,2,0.581,1,Men,Store,0.596,0.121,0,1
ZC005262,41.0,Male,Spain,Tier 1,16,47,3,316.89,105.63,7,4.3,10,0.245,1,Kids,Store,0.126,0.181,0,0
ZC005263,37.0,Male,Spain,Tier 1,60,85,5,506.76,101.35,3,8.3,5,0.602,5,Home,Store,0.168,0.182,0,0
ZC005264,37.0,Female,Other,Tier 2,9,62,2,245.87,122.94,2,4.2,4,0.176,1,Men,Mixed,0.365,0.231,0,0
ZC005265,22.0,Female,France,Tier 2,60,40,5,198.69,39.74,10,3.1,4,0.022,3,Kids,Online,0.374,0.654,0,0
ZC005266,,Female,Mexico,Tier 1,15,14,1,91.43,91.43,4,1.0,3,0.14,8,Women,Online,0.37,0.524,0,0
ZC005267,17.0,Female,Other,Tier 2,2,0,2,218.94,109.47,5,2.4,7,0.697,8,Women,Store,0.451,0.358,0,0
ZC005268,16.0,Male,Other,Tier 3,3,93,1,109.01,109.01,2,4.6,1,0.525,7,Women,Mixed,0.139,0.315,0,0
ZC005269,39.0,Female,UK,Tier 1,12,23,2,137.98,68.99,4,3.9,3,0.185,5,Women,Mixed,0.291,0.296,0,1
ZC005270,24.0,Male,Other,Tier 2,21,62,3,226.48,75.49,2,1.6,3,0.323,3,Men,Online,0.431,0.119,0,1
ZC005271,41.0,Female,UK,Tier 1,16,13,1,70.1,70.1,8,6.0,3,0.171,8,Kids,Mixed,0.208,0.121,0,0
ZC005272,43.0,Male,Spain,Tier 1,42,118,3,392.34,130.78,1,2.7,1,0.708,8,Women,Store,0.03,0.332,0,1
ZC005273,26.0,Male,France,Tier 1,25,114,1,63.45,63.45,2,5.7,6,,6,Women,Mixed,0.219,0.279,0,0
ZC005274,38.0,Male,Other,Tier 1,14,25,1,67.7,67.7,1,5.0,6,,2,Men,Store,0.405,0.166,0,0
ZC005275,,Female,Mexico,Tier 3,20,102,1,43.44,43.44,0,8.0,2,0.392,6,Women,Mixed,0.291,0.275,0,0
ZC005276,16.0,Female,UK,Tier 1,13,118,1,22.58,22.58,1,10.7,2,0.34,4,Beauty,Mixed,0.439,0.355,0,1
ZC005277,33.0,Female,Other,Tier 2,26,168,1,68.86,68.86,2,3.4,3,,1,Beauty,Online,0.346,0.309,0,0
ZC005278,27.0,Female,UK,Tier 1,10,15,1,68.72,68.72,5,5.8,4,0.508,7,Kids,Mixed,0.24,0.295,0,0
ZC005279,28.0,Male,Italy,Tier 1,26,41,3,245.71,81.9,3,8.2,5,0.196,8,Women,Online,0.41,0.304,0,0
ZC005280,52.0,Female,USA,Tier 3,16,55,4,392.68,98.17,9,3.0,7,0.721,2,Men,Online,0.301,0.436,0,0
ZC005281,17.0,Female,USA,Tier 2,13,45,3,242.43,80.81,5,7.8,3,0.216,3,TRF,Online,0.428,0.415,0,0
ZC005282,36.0,Female,USA,Tier 1,41,191,1,61.44,61.44,0,5.9,4,0.258,2,Women,Store,0.415,0.685,0,1
ZC005283,22.0,Female,Other,Tier 1,55,87,4,344.29,86.07,0,6.0,2,0.678,4,Women,Mixed,0.498,0.194,0,0
ZC005284,41.0,Female,Other,Tier 1,21,21,6,515.87,85.98,5,1.5,4,0.457,2,TRF,Store,0.364,0.475,0,0
ZC005285,35.0,Female,USA,Tier 3,14,233,1,84.99,84.99,0,4.7,3,0.252,4,Men,Online,0.325,0.394,0,1
ZC005286,36.0,Male,USA,Tier 1,14,96,1,107.23,107.23,3,1.0,3,0.766,5,Women,Store,0.55,0.318,0,1
ZC005287,23.0,Female,Spain,Tier 1,14,43,4,382.57,95.64,3,5.5,9,0.619,1,Women,Mixed,0.363,0.288,0,0
ZC005288,,Female,Mexico,Tier 2,1,8,1,111.19,111.19,11,9.6,3,0.241,1,Women,Mixed,0.261,0.342,0,0
ZC005289,41.0,Female,France,Tier 3,28,48,5,337.4,67.48,4,1.6,7,0.751,1,Men,Mixed,0.183,0.687,0,0
ZC005290,50.0,Female,France,Tier 1,23,160,1,59.81,59.81,2,2.6,4,0.613,4,Home,Store,0.27,0.093,0,0
ZC005291,37.0,Female,Spain,Tier 2,19,60,2,194.79,97.4,0,3.7,1,,5,TRF,Mixed,0.409,0.552,0,0
ZC005292,23.0,Male,Spain,Tier 1,33,45,1,87.04,87.04,13,3.1,1,0.859,4,Women,Store,0.329,0.174,0,0
ZC005293,35.0,Female,Other,Tier 2,7,87,3,229.24,76.41,1,4.0,7,0.082,1,Home,Online,0.365,0.083,0,0
ZC005294,56.0,Male,France,Tier 1,2,51,1,78.39,78.39,5,3.6,2,0.237,4,Home,Mixed,0.147,0.238,0,0
ZC005295,33.0,Female,USA,Tier 3,13,107,1,99.45,99.45,2,5.8,4,0.238,5,Kids,Online,0.131,0.454,0,1
ZC005296,47.0,Female,USA,Tier 2,29,123,4,338.23,84.56,3,3.1,3,0.125,7,Men,Store,0.271,0.101,0,0
ZC005297,25.0,Male,USA,Tier 3,20,24,3,231.43,77.14,10,1.4,1,0.471,6,Home,Mixed,0.362,0.414,0,0
ZC005298,32.0,Male,Spain,Tier 1,16,143,1,61.59,61.59,3,2.1,1,0.27,1,Women,Mixed,0.254,0.021,0,1
ZC005299,38.0,Female,Spain,Tier 3,56,24,2,252.79,126.4,8,3.0,5,,7,Women,Online,0.234,0.143,0,0
ZC005300,36.0,Male,Italy,Tier 1,44,68,3,259.77,86.59,0,5.1,2,0.35,1,Men,Store,0.206,0.101,0,0
ZC005301,24.0,Male,USA,Tier 1,31,197,2,232.63,116.32,0,2.0,6,0.488,2,Home,Mixed,0.407,0.398,0,1
ZC005302,24.0,Female,UK,Tier 1,16,65,1,24.8,24.8,3,2.4,4,0.412,1,Women,Store,0.656,0.311,0,1
ZC005303,42.0,Female,France,Tier 2,60,8,4,232.88,58.22,9,1.6,5,0.367,8,Women,Mixed,0.301,0.386,0,0
ZC005304,44.0,Female,USA,Tier 1,8,73,3,335.1,111.7,1,6.2,7,0.148,1,Men,Online,0.489,0.35,0,1
ZC005305,47.0,Female,UK,Tier 2,38,111,4,278.01,69.5,2,4.7,3,0.298,8,Kids,Online,0.396,0.656,0,1
ZC005306,50.0,Male,Other,Tier 2,40,113,3,307.97,102.66,0,1.0,3,0.184,5,Women,Mixed,0.319,0.578,0,0
ZC005307,33.0,Female,USA,Tier 2,13,140,2,130.07,65.04,1,2.0,5,0.584,2,Home,Store,0.599,0.076,0,1
ZC005308,29.0,Female,Mexico,Tier 2,46,71,7,505.92,72.27,3,1.7,3,0.456,8,Kids,Online,0.525,0.651,0,0
ZC005309,46.0,Female,USA,Tier 2,7,124,1,61.8,61.8,0,8.2,2,0.148,1,Men,Store,0.193,0.225,0,0
ZC005310,39.0,Female,USA,Tier 1,25,21,2,216.85,108.42,5,2.7,2,0.442,7,Home,Store,0.206,0.224,0,0
ZC005311,22.0,Male,Spain,Tier 2,36,105,2,145.6,72.8,1,1.9,4,0.453,2,Women,Mixed,0.403,0.198,0,1
ZC005312,22.0,Female,Italy,Tier 1,24,40,3,324.38,108.13,5,4.2,2,0.292,7,Men,Store,0.367,0.491,0,0
ZC005313,37.0,Female,UK,Tier 2,5,167,5,572.24,114.45,3,9.1,2,0.548,5,Women,Online,0.519,0.604,0,1
ZC005314,30.0,Female,Mexico,Tier 2,36,69,5,356.5,71.3,0,9.0,2,0.407,2,Women,Mixed,0.292,0.369,0,1
ZC005315,32.0,Male,Spain,Tier 1,44,44,3,245.19,81.73,6,3.4,3,0.238,2,TRF,Online,0.676,0.161,0,0
ZC005316,43.0,Male,Germany,Tier 1,22,126,3,182.68,60.89,1,6.9,2,0.293,3,Men,Online,0.253,0.276,0,1
ZC005317,40.0,Male,Spain,Tier 1,4,64,3,370.27,123.42,3,2.9,8,0.557,8,Kids,Mixed,0.383,0.072,0,1
ZC005318,45.0,Female,USA,Tier 2,21,8,1,82.98,82.98,8,1.5,7,0.833,3,Women,Mixed,0.685,0.126,0,1
ZC005319,16.0,Female,Germany,Tier 3,12,19,1,81.39,81.39,2,5.4,3,0.086,8,Men,Store,0.454,0.395,0,0
ZC005320,35.0,Female,Spain,Tier 1,20,261,3,145.2,48.4,1,1.9,4,0.484,5,Men,Mixed,0.447,0.242,0,1
ZC005321,39.0,Male,UK,Tier 3,31,84,1,73.33,73.33,0,4.2,2,0.386,8,Kids,Store,0.25,0.227,0,0
ZC005322,17.0,Female,France,Tier 1,7,72,1,70.84,70.84,2,4.4,3,0.3,4,Women,Mixed,0.381,0.074,0,0
ZC005323,25.0,Male,Italy,Tier 3,50,51,5,464.69,92.94,11,2.9,2,0.265,7,Women,Mixed,0.101,0.616,0,0
ZC005324,24.0,Female,Italy,Tier 3,15,82,2,121.97,60.98,3,2.7,5,0.468,8,Women,Mixed,0.084,0.083,0,0
ZC005325,32.0,Female,Spain,Tier 1,22,92,2,134.65,67.32,1,3.2,5,0.249,2,Women,Mixed,0.294,0.297,0,1
ZC005326,48.0,Male,Spain,Tier 3,13,11,4,371.08,92.77,4,3.3,3,0.541,7,Men,Online,0.302,0.301,0,0
ZC005327,52.0,Female,UK,Tier 1,31,43,4,291.22,72.81,7,4.2,1,0.282,1,Men,Mixed,0.411,0.67,0,0
ZC005328,24.0,Male,USA,Tier 1,50,27,8,368.57,46.07,5,12.3,3,0.518,3,Men,Store,0.219,0.098,0,0
ZC005329,37.0,Female,USA,Tier 2,10,13,1,110.77,110.77,4,4.2,5,0.246,8,Men,Store,0.16,0.297,0,0
ZC005330,38.0,Male,USA,Tier 1,28,4,1,74.36,74.36,5,3.9,2,0.439,8,Women,Store,0.505,0.291,0,0
ZC005331,36.0,Female,UK,Tier 1,11,280,1,95.44,95.44,1,4.4,2,0.451,6,Women,Online,0.066,0.27,0,1
ZC005332,36.0,Male,France,Tier 1,30,378,5,437.96,87.59,1,2.5,4,,8,Women,Mixed,0.411,0.142,0,1
ZC005333,35.0,Male,Spain,Tier 2,19,275,3,99.3,33.1,1,2.7,5,0.402,4,Women,Store,0.464,0.277,0,0
ZC005334,49.0,Female,USA,Tier 2,35,126,2,124.27,62.14,1,1.3,3,0.553,8,Men,Store,0.127,0.132,0,0
ZC005335,43.0,Female,USA,Tier 2,23,77,1,71.83,71.83,5,3.2,2,0.495,4,Kids,Online,0.395,0.082,0,0
ZC005336,21.0,Female,USA,Tier 3,60,37,3,158.34,52.78,6,7.8,4,0.587,1,Men,Online,0.163,0.259,0,0
ZC005337,40.0,Female,Mexico,Tier 3,13,44,5,328.04,65.61,5,1.0,2,0.326,3,Women,Mixed,0.475,0.54,0,0
ZC005338,41.0,Male,USA,Tier 2,6,15,1,70.02,70.02,6,8.3,5,0.512,7,Women,Online,0.302,0.138,0,0
ZC005339,35.0,Female,USA,Tier 3,12,55,1,77.08,77.08,6,1.8,3,0.409,5,Men,Online,0.254,0.274,0,0
ZC005340,43.0,Male,Other,Tier 1,12,7,1,76.22,76.22,6,5.3,2,0.435,6,Men,Online,0.182,0.463,0,0
ZC005341,34.0,Female,UK,Tier 2,18,69,2,155.82,77.91,1,5.2,3,0.525,5,Women,Mixed,0.5,0.433,0,0
ZC005342,34.0,Female,USA,Tier 1,14,16,1,122.67,122.67,5,3.2,4,0.166,7,Men,Mixed,0.656,0.441,0,1
ZC005343,33.0,Male,Mexico,Tier 1,22,133,2,144.76,72.38,2,2.8,6,0.43,5,Men,Mixed,0.207,0.247,0,1
ZC005344,16.0,Female,Germany,Tier 1,4,40,1,41.03,41.03,3,2.2,1,0.067,7,Women,Online,0.352,0.376,0,0
ZC005345,31.0,Female,Other,Tier 1,14,162,1,55.41,55.41,0,5.5,10,0.606,6,Men,Mixed,0.215,0.448,0,0
ZC005346,25.0,Female,Other,Tier 3,14,164,4,424.11,106.03,2,4.6,1,0.48,8,Beauty,Mixed,0.3,0.438,0,0
ZC005347,20.0,Female,Italy,Tier 1,32,101,5,420.17,84.03,2,2.2,4,0.569,3,TRF,Online,0.174,0.349,0,1
ZC005348,46.0,Female,USA,Tier 3,9,185,2,132.84,66.42,0,5.9,2,,5,Women,Online,0.405,0.358,0,0
ZC005349,37.0,Male,France,Tier 1,9,66,1,90.86,90.86,0,12.3,5,0.694,3,Women,Store,0.297,0.631,0,0
ZC005350,32.0,Female,Spain,Tier 2,19,154,1,111.86,111.86,2,2.1,8,,6,Women,Online,0.517,0.177,0,1
ZC005351,26.0,Male,France,Tier 1,33,84,1,72.08,72.08,0,9.0,0,0.36,5,Women,Mixed,0.447,0.151,0,0
ZC005352,35.0,Female,Other,Tier 3,1,163,4,376.57,94.14,3,9.9,5,0.659,4,Kids,Mixed,0.184,0.383,0,0
ZC005353,42.0,Female,Spain,Tier 1,31,75,5,537.71,107.54,2,1.2,5,0.405,8,TRF,Online,0.685,0.613,0,0
ZC005354,24.0,Female,Other,Tier 2,28,148,5,567.8,113.56,1,5.7,5,0.318,8,Men,Online,0.265,0.17,0,0
ZC005355,32.0,Female,France,Tier 3,18,140,1,82.45,82.45,1,2.1,4,0.26,7,Home,Online,0.548,0.257,0,1
ZC005356,41.0,Male,USA,Tier 2,21,74,1,84.61,84.61,3,8.3,2,0.478,4,Kids,Mixed,0.382,0.157,0,0
ZC005357,16.0,Female,Other,Tier 2,38,26,5,383.72,76.74,6,22.1,6,0.382,6,Women,Online,0.3,0.277,0,0
ZC005358,31.0,Female,France,Tier 1,12,149,1,26.83,26.83,1,1.6,4,0.232,7,Home,Store,0.247,0.454,0,0
ZC005359,28.0,Female,UK,Tier 1,6,74,1,50.74,50.74,3,7.2,6,0.45,5,Women,Store,0.383,0.463,0,0
ZC005360,31.0,Female,France,Tier 1,28,156,3,282.26,94.09,1,6.0,4,0.697,1,Home,Mixed,0.569,0.674,0,1
ZC005361,27.0,Female,Spain,Tier 1,26,37,1,122.55,122.55,7,1.4,2,0.125,8,Women,Mixed,0.531,0.161,0,0
ZC005362,33.0,Female,Spain,Tier 1,3,7,3,225.87,75.29,6,2.3,2,0.198,2,Women,Mixed,0.13,0.64,0,0
ZC005363,51.0,Female,Germany,Tier 2,52,5,4,263.22,65.81,6,1.0,4,0.28,5,Men,Mixed,0.056,0.566,0,0
ZC005364,29.0,Female,Other,Tier 3,25,25,3,263.55,87.85,5,1.0,1,0.581,6,Women,Online,0.138,0.15,0,0
ZC005365,35.0,Male,Italy,Tier 2,9,154,2,193.66,96.83,1,2.0,3,0.626,2,Women,Online,0.58,0.855,0,1
ZC005366,52.0,Female,Other,Tier 2,27,42,3,196.98,65.66,12,2.5,4,0.336,6,Men,Mixed,0.581,0.127,0,0
ZC005367,26.0,Female,Other,Tier 1,24,97,1,60.51,60.51,3,4.1,4,0.378,8,Women,Online,0.389,0.2,0,0
ZC005368,50.0,Female,Spain,Tier 1,14,94,1,83.74,83.74,3,1.0,2,0.338,4,Women,Mixed,0.571,0.407,0,1
ZC005369,32.0,Male,Mexico,Tier 2,21,3,2,153.45,76.72,7,8.9,3,0.397,1,Men,Online,0.48,0.47,0,0
ZC005370,50.0,Female,Mexico,Tier 1,21,104,3,249.41,83.14,0,2.4,2,0.446,7,Women,Online,0.287,0.777,0,1
ZC005371,40.0,Female,USA,Tier 1,20,100,4,376.38,94.1,7,4.4,5,0.38,1,Home,Mixed,0.515,0.091,0,1
ZC005372,35.0,Female,UK,Tier 3,18,26,1,103.99,103.99,6,2.4,2,0.651,8,Men,Store,0.266,0.397,0,0
ZC005373,31.0,Female,Italy,Tier 1,24,83,2,155.23,77.61,4,1.7,4,0.215,6,Women,Store,0.067,0.26,0,0
ZC005374,26.0,Female,Other,Tier 1,22,184,1,86.86,86.86,2,3.4,3,0.721,1,Beauty,Online,0.298,0.24,0,1
ZC005375,33.0,Female,Other,Tier 1,12,65,3,133.4,44.47,3,6.6,3,0.284,7,Men,Mixed,0.447,0.097,0,0
ZC005376,41.0,Female,UK,Tier 2,8,128,1,43.61,43.61,1,6.1,4,0.275,2,Home,Online,0.302,0.188,1,1
ZC005377,32.0,Female,Mexico,Tier 1,21,54,3,206.95,68.98,4,3.2,4,0.197,5,Men,Online,0.227,0.503,0,0
ZC005378,,Female,UK,Tier 2,31,270,5,489.8,97.96,2,5.9,3,0.439,6,Kids,Store,0.414,0.038,0,1
ZC005379,29.0,Female,Other,Tier 1,20,21,4,483.4,120.85,13,3.8,5,0.209,2,Home,Online,0.169,0.267,0,0
ZC005380,42.0,Female,Germany,Tier 2,12,75,1,55.31,55.31,2,7.5,3,0.318,3,Men,Mixed,0.533,0.252,0,0
ZC005381,44.0,Female,Other,Tier 3,4,10,1,103.51,103.51,4,3.5,2,0.564,1,Women,Mixed,0.541,0.275,0,0
ZC005382,25.0,Male,Other,Tier 1,53,92,2,84.92,42.46,1,2.6,8,0.282,6,Kids,Mixed,0.062,0.21,0,0
ZC005383,25.0,Male,USA,Tier 2,26,5,1,82.71,82.71,6,3.2,4,0.622,5,Women,Online,0.33,0.394,0,0
ZC005384,36.0,Female,Other,Tier 1,24,58,6,375.48,62.58,4,1.0,2,0.524,8,Men,Store,0.155,0.126,0,0
ZC005385,47.0,Female,Italy,Tier 1,14,209,2,66.62,33.31,2,3.7,3,0.413,6,Women,Mixed,0.367,0.283,0,1
ZC005386,43.0,Female,USA,Tier 1,4,128,1,56.76,56.76,1,7.0,4,0.937,7,Men,Store,0.302,0.49,0,0
ZC005387,19.0,Male,Spain,Tier 1,12,13,1,69.58,69.58,5,7.2,4,0.543,7,Men,Online,0.233,0.162,0,0
ZC005388,29.0,Female,Italy,Tier 3,47,170,7,542.39,77.48,1,13.4,3,0.223,6,Home,Store,0.498,0.27,0,0
ZC005389,23.0,Female,USA,Tier 2,6,57,3,217.77,72.59,5,3.4,6,0.419,1,Women,Online,0.463,0.572,0,0
ZC005390,29.0,Male,USA,Tier 3,3,50,1,69.39,69.39,2,2.7,7,0.534,8,Kids,Store,0.083,0.118,0,0
ZC005391,48.0,Female,France,Tier 1,52,46,6,493.36,82.23,6,5.3,0,0.488,4,Men,Mixed,0.095,0.169,0,0
ZC005392,,Female,Spain,Tier 2,10,42,1,93.35,93.35,6,4.4,2,0.362,8,Men,Mixed,0.245,0.252,0,0
ZC005393,16.0,Female,UK,Tier 2,16,20,1,49.4,49.4,9,3.4,4,0.282,2,TRF,Mixed,0.538,0.515,0,1
ZC005394,24.0,Female,Mexico,Tier 1,25,40,1,79.92,79.92,5,1.9,2,0.378,8,Men,Online,0.379,0.237,0,0
ZC005395,35.0,Male,Spain,Tier 2,60,55,4,531.22,132.8,5,5.6,0,0.636,4,Women,Store,0.307,0.146,0,0
ZC005396,38.0,Female,Germany,Tier 3,47,3,2,155.91,77.96,3,6.3,3,0.379,8,Kids,Online,0.106,0.477,0,0
ZC005397,36.0,Female,USA,Tier 3,18,30,4,336.19,84.05,4,6.2,2,0.496,8,Women,Online,0.416,0.306,0,0
ZC005398,44.0,Female,Other,Tier 3,12,112,1,66.15,66.15,3,1.4,2,0.428,1,Men,Mixed,0.294,0.27,0,0
ZC005399,16.0,Female,UK,Tier 1,7,55,3,326.29,108.76,4,3.6,3,0.454,7,Men,Online,0.272,0.259,0,0
ZC005400,44.0,Male,Mexico,Tier 3,26,128,1,61.41,61.41,2,4.6,3,0.258,7,Men,Store,0.386,0.495,0,0
ZC005401,29.0,Male,Italy,Tier 3,21,8,1,83.81,83.81,6,6.7,1,0.738,8,Women,Store,0.269,0.289,0,0
ZC005402,39.0,Male,Other,Tier 2,4,8,1,33.44,33.44,6,5.9,4,0.106,4,Men,Online,0.293,0.19,0,0
ZC005403,19.0,Male,France,Tier 1,16,77,1,58.71,58.71,2,3.5,8,0.524,6,Home,Store,0.402,0.091,0,0
ZC005404,32.0,Female,France,Tier 1,21,25,3,259.61,86.54,3,6.8,3,0.22,7,Beauty,Store,0.355,0.141,0,0
ZC005405,34.0,Female,Spain,Tier 1,27,28,1,83.95,83.95,11,4.5,5,0.529,3,Kids,Mixed,0.583,0.727,0,0
ZC005406,44.0,Female,France,Tier 1,8,40,1,108.9,108.9,5,1.3,2,0.397,2,Women,Mixed,0.58,0.292,0,0
ZC005407,16.0,Female,France,Tier 3,21,30,2,160.8,80.4,13,7.6,3,0.351,6,Men,Mixed,0.537,0.491,1,1
ZC005408,32.0,Female,Germany,Tier 3,7,45,1,97.99,97.99,11,2.6,2,0.466,7,Women,Store,0.313,0.353,0,0
ZC005409,21.0,Female,Spain,Tier 3,25,89,5,437.46,87.49,4,4.2,1,0.495,2,Kids,Online,0.36,0.328,0,0
ZC005410,37.0,Female,France,Tier 1,16,370,2,79.61,39.8,0,1.0,4,0.388,6,Kids,Online,0.227,0.297,0,1
ZC005411,40.0,Male,UK,Tier 2,60,31,5,503.35,100.67,6,4.5,3,0.398,7,Women,Online,0.577,0.237,0,0
ZC005412,45.0,Female,Germany,Tier 1,10,154,1,72.51,72.51,4,3.0,3,0.391,1,Beauty,Store,0.557,0.495,0,1
ZC005413,27.0,Female,Germany,Tier 1,13,2,1,70.81,70.81,11,3.3,1,,5,Women,Online,0.2,0.308,1,0
ZC005414,41.0,Male,USA,Tier 1,4,50,1,58.34,58.34,7,8.5,1,0.409,6,Women,Online,0.451,0.312,0,0
ZC005415,46.0,Female,France,Tier 3,19,65,1,85.09,85.09,1,6.1,4,,1,Men,Online,0.283,0.086,0,0
ZC005416,16.0,Female,UK,Tier 2,14,29,3,226.59,75.53,6,1.1,3,0.451,7,Women,Store,0.161,0.31,0,0
ZC005417,38.0,Female,Mexico,Tier 2,20,46,1,100.73,100.73,9,4.2,3,0.217,6,Women,Store,0.496,0.259,0,0
ZC005418,42.0,Male,Mexico,Tier 1,18,57,1,50.83,50.83,10,2.7,5,0.539,3,Men,Mixed,0.485,0.242,0,0
ZC005419,29.0,Male,USA,Tier 1,60,20,4,398.5,99.62,6,4.7,5,0.508,1,Women,Online,0.285,0.45,0,0
ZC005420,,Female,USA,Tier 2,26,82,2,156.02,78.01,1,1.7,5,0.099,4,Women,Online,0.386,0.23,0,0
ZC005421,41.0,Female,Italy,Tier 2,32,74,6,383.07,63.84,0,2.5,3,0.818,3,Women,Online,0.698,0.558,0,0
ZC005422,20.0,Female,Mexico,Tier 3,20,52,2,196.02,98.01,7,2.4,2,0.519,4,Women,Online,0.145,0.502,0,0
ZC005423,30.0,Female,Spain,Tier 1,23,49,1,79.41,79.41,4,17.0,1,0.263,1,Home,Store,0.171,0.227,0,0
ZC005424,32.0,Male,UK,Tier 1,20,113,1,44.0,44.0,2,8.2,5,0.624,4,Men,Mixed,0.466,0.275,0,0
ZC005425,39.0,Male,USA,Tier 3,20,101,1,91.4,91.4,1,1.9,5,0.155,6,Kids,Online,0.274,0.233,0,0
ZC005426,26.0,Male,Mexico,Tier 1,12,31,2,51.45,25.72,2,4.7,1,0.541,3,Kids,Mixed,0.469,0.087,0,0
ZC005427,25.0,Male,Spain,Tier 1,32,158,3,299.94,99.98,7,10.8,5,0.218,2,Home,Mixed,0.215,0.137,0,1
ZC005428,33.0,Female,Mexico,Tier 3,60,77,6,360.83,60.14,0,5.0,3,0.591,8,Kids,Online,0.673,0.764,0,0
ZC005429,42.0,Male,Germany,Tier 2,20,47,1,43.76,43.76,7,3.8,1,0.647,4,Men,Online,0.594,0.345,1,0
ZC005430,55.0,Female,Other,Tier 2,9,159,1,24.94,24.94,2,3.6,3,0.691,5,Women,Mixed,0.49,0.569,0,0
ZC005431,17.0,Female,Other,Tier 1,37,7,4,306.63,76.66,9,5.5,3,0.5,3,Kids,Store,0.676,0.276,0,0
ZC005432,35.0,Male,UK,Tier 2,52,29,2,164.41,82.2,7,5.8,5,0.21,6,Women,Mixed,0.293,0.567,0,0
ZC005433,21.0,Male,Italy,Tier 1,13,166,2,151.9,75.95,3,1.8,3,0.385,5,Women,Online,0.114,0.249,0,1
ZC005434,42.0,Male,Italy,Tier 2,7,79,1,92.75,92.75,2,5.2,1,,5,Men,Online,0.251,0.408,0,0
ZC005435,23.0,Female,Other,Tier 2,29,89,2,174.28,87.14,0,6.0,8,0.611,5,Kids,Online,0.439,0.196,0,0
ZC005436,25.0,Female,France,Tier 1,21,55,3,305.89,101.96,4,4.5,3,0.344,8,Women,Store,0.164,0.027,0,0
ZC005437,26.0,Male,Spain,Tier 1,28,24,6,491.28,81.88,7,3.4,7,,1,Men,Online,0.291,0.52,0,0
ZC005438,31.0,Female,Other,Tier 1,19,53,1,58.41,58.41,11,10.6,1,0.127,4,Women,Online,0.746,0.045,0,0
ZC005439,35.0,Female,Spain,Tier 1,16,107,4,242.72,60.68,2,4.8,6,0.594,3,Women,Online,0.141,0.327,0,1
ZC005440,37.0,Female,Other,Tier 1,9,54,3,230.45,76.82,6,6.8,4,0.531,3,Women,Store,0.186,0.495,0,0
ZC005441,32.0,Female,USA,Tier 3,25,106,1,76.96,76.96,2,7.5,8,0.164,3,Men,Mixed,0.71,0.449,0,1
ZC005442,19.0,Female,France,Tier 1,6,83,1,59.24,59.24,0,3.4,2,0.238,3,Men,Store,0.121,0.288,0,0
ZC005443,39.0,Male,Other,Tier 1,32,28,1,60.6,60.6,2,3.7,6,0.43,1,Women,Store,0.164,0.444,0,0
ZC005444,31.0,Female,Italy,Tier 2,30,83,1,96.16,96.16,2,2.2,1,0.462,1,Women,Store,0.474,0.285,0,1
ZC005445,44.0,Male,Germany,Tier 2,25,120,1,92.8,92.8,0,11.2,5,0.391,3,Kids,Mixed,0.391,0.711,0,0
ZC005446,25.0,Male,USA,Tier 1,43,19,1,49.8,49.8,5,6.5,4,0.338,1,Kids,Store,0.309,0.139,0,0
ZC005447,16.0,Female,USA,Tier 1,15,42,1,43.33,43.33,6,5.0,1,0.225,8,Men,Store,0.34,0.076,0,0
ZC005448,32.0,Female,Spain,Tier 1,15,49,1,84.62,84.62,1,7.6,3,0.313,2,Kids,Mixed,0.021,0.16,0,0
ZC005449,45.0,Female,Germany,Tier 1,14,73,4,326.52,81.63,1,6.8,2,0.035,2,Women,Mixed,0.206,0.356,0,0
ZC005450,34.0,Male,UK,Tier 1,21,221,2,188.46,94.23,2,5.7,2,0.457,4,Women,Store,0.501,0.432,0,1
ZC005451,30.0,Female,USA,Tier 2,17,26,1,53.82,53.82,3,2.3,1,0.157,1,Men,Mixed,0.505,0.396,0,1
ZC005452,23.0,Female,UK,Tier 1,14,47,1,90.74,90.74,2,2.5,3,0.625,2,Men,Online,0.203,0.2,0,0
ZC005453,50.0,Male,Other,Tier 1,15,28,5,457.73,91.55,5,7.3,5,0.492,1,Men,Online,0.186,0.112,0,0
ZC005454,22.0,Female,Other,Tier 2,24,7,4,301.97,75.49,3,7.7,3,0.294,7,Men,Mixed,0.382,0.367,0,0
ZC005455,25.0,Female,UK,Tier 1,40,98,1,59.87,59.87,1,1.7,4,0.138,4,Women,Online,0.713,0.494,0,1
ZC005456,38.0,Male,Other,Tier 3,12,213,5,523.95,104.79,2,6.7,7,0.172,2,Men,Online,0.441,0.299,0,1
ZC005457,16.0,Female,UK,Tier 2,2,106,3,264.34,88.11,2,12.3,4,0.795,2,Women,Online,0.286,0.242,0,0
ZC005458,,Female,USA,Tier 2,29,21,1,57.4,57.4,4,5.6,3,0.169,2,Men,Store,0.428,0.162,0,0
ZC005459,38.0,Female,UK,Tier 1,9,22,2,153.83,76.92,4,1.3,5,0.416,2,Women,Online,0.506,0.46,0,0
ZC005460,41.0,Male,Other,Tier 1,40,46,3,175.29,58.43,5,6.5,3,0.479,3,Women,Mixed,0.658,0.436,0,1
ZC005461,38.0,Male,USA,Tier 1,32,30,1,90.58,90.58,3,11.0,0,,7,Men,Store,0.204,0.257,0,1
ZC005462,30.0,Male,USA,Tier 3,34,24,1,66.99,66.99,7,2.3,4,0.444,3,TRF,Online,0.558,0.013,0,0
ZC005463,21.0,Male,Other,Tier 1,20,127,3,176.32,58.77,4,1.0,4,,3,Women,Store,0.38,0.409,0,1
ZC005464,31.0,Female,Italy,Tier 1,39,133,4,175.83,43.96,0,1.0,4,0.264,8,Kids,Online,0.636,0.263,0,1
ZC005465,22.0,Female,Mexico,Tier 2,25,40,7,650.31,92.9,5,10.7,3,0.507,5,Men,Store,0.31,0.169,0,0
ZC005466,37.0,Female,Italy,Tier 1,24,132,2,129.93,64.96,1,10.9,2,0.187,3,Home,Mixed,0.656,0.45,0,1
ZC005467,40.0,Male,Italy,Tier 2,21,131,1,152.25,152.25,2,3.0,1,0.32,2,Women,Store,0.167,0.082,0,0
ZC005468,47.0,Male,Spain,Tier 3,27,19,1,97.87,97.87,3,10.4,5,0.195,3,Home,Mixed,0.447,0.295,1,0
ZC005469,36.0,Female,Mexico,Tier 1,5,55,1,106.7,106.7,6,5.0,6,0.173,8,Women,Store,0.166,0.607,0,0
ZC005470,41.0,Male,USA,Tier 1,14,9,1,35.84,35.84,6,13.4,1,0.589,2,Men,Store,0.111,0.115,0,0
ZC005471,29.0,Female,Spain,Tier 3,14,26,1,84.94,84.94,7,8.2,1,0.2,2,Women,Online,0.486,0.162,0,0
ZC005472,,Female,Other,Tier 1,18,164,2,60.75,30.38,1,6.6,5,0.581,2,Home,Online,0.45,0.308,0,0
ZC005473,37.0,Female,Spain,Tier 2,8,206,4,357.99,89.5,0,8.4,2,0.335,7,TRF,Mixed,0.429,0.134,0,0
ZC005474,28.0,Male,Spain,Tier 1,11,83,2,146.48,73.24,0,12.7,0,0.099,2,Women,Mixed,0.663,0.137,0,1
ZC005475,35.0,Female,USA,Tier 1,7,132,1,114.16,114.16,3,9.8,2,,8,TRF,Store,0.366,0.149,0,0
ZC005476,21.0,Female,Other,Tier 1,11,33,1,47.81,47.81,1,7.8,0,0.231,1,Women,Store,0.402,0.361,0,0
ZC005477,23.0,Male,Other,Tier 3,10,32,1,76.55,76.55,9,1.2,4,0.54,7,Men,Store,0.393,0.393,0,0
ZC005478,38.0,Female,Spain,Tier 1,11,95,1,80.6,80.6,1,6.2,2,0.512,1,TRF,Mixed,0.484,0.29,0,1
ZC005479,41.0,Female,UK,Tier 1,33,47,6,443.28,73.88,2,2.3,5,0.275,4,Women,Store,0.194,0.158,0,0
ZC005480,22.0,Male,Italy,Tier 1,18,4,1,93.09,93.09,3,2.3,4,0.447,1,Men,Mixed,0.131,0.036,0,0
ZC005481,39.0,Female,Germany,Tier 1,16,45,5,441.82,88.36,5,6.3,2,0.564,7,Home,Store,0.453,0.512,0,0
ZC005482,27.0,Female,USA,Tier 1,43,151,4,381.7,95.42,1,4.2,6,0.267,1,Women,Store,0.444,0.297,0,0
ZC005483,32.0,Female,USA,Tier 3,24,55,2,160.84,80.42,5,5.2,5,0.716,2,Kids,Online,0.625,0.551,0,1
ZC005484,46.0,Male,Germany,Tier 2,25,136,1,97.23,97.23,1,7.8,2,0.617,5,Women,Mixed,0.5,0.378,0,0
ZC005485,40.0,Female,Spain,Tier 1,21,6,2,111.43,55.72,3,9.9,3,0.575,4,Women,Online,0.459,0.222,0,0
ZC005486,40.0,Male,Mexico,Tier 1,33,59,1,68.06,68.06,10,7.0,4,0.771,5,Home,Online,0.251,0.311,0,0
ZC005487,51.0,Male,USA,Tier 1,37,40,1,54.16,54.16,5,6.9,5,0.591,8,Women,Mixed,0.119,0.311,0,0
ZC005488,25.0,Female,Other,Tier 1,23,56,1,75.71,75.71,12,2.6,0,0.516,7,Women,Mixed,0.617,0.172,0,0
ZC005489,22.0,Male,Italy,Tier 1,33,44,7,541.84,77.41,3,5.8,5,0.343,1,Men,Store,0.284,0.354,0,0
ZC005490,25.0,Male,Germany,Tier 3,27,185,4,172.03,43.01,2,4.3,3,0.476,4,TRF,Mixed,0.433,0.426,0,1
ZC005491,29.0,Male,Mexico,Tier 1,24,155,1,105.34,105.34,2,2.5,3,0.468,6,Home,Store,0.198,0.094,0,1
ZC005492,16.0,Female,Spain,Tier 1,15,47,2,151.2,75.6,7,7.9,6,0.19,3,Men,Store,0.295,0.197,0,0
ZC005493,30.0,Female,USA,Tier 2,11,51,1,64.22,64.22,6,1.1,2,0.3,6,Women,Mixed,0.111,0.47,0,0
ZC005494,27.0,Female,France,Tier 1,5,29,2,165.9,82.95,9,10.0,5,0.447,3,Kids,Online,0.186,0.259,0,0
ZC005495,40.0,Male,Mexico,Tier 2,50,16,1,78.41,78.41,5,2.3,3,0.664,2,Women,Online,0.402,0.148,0,0
ZC005496,36.0,Male,Other,Tier 2,33,68,4,105.21,26.3,0,4.9,4,0.671,7,Women,Online,0.139,0.227,0,0
ZC005497,26.0,Female,UK,Tier 1,14,5,1,66.83,66.83,6,10.3,4,,7,Women,Mixed,0.387,0.078,0,0
ZC005498,38.0,Female,Mexico,Tier 3,5,37,1,60.41,60.41,7,1.7,2,0.289,5,Men,Online,0.192,0.354,0,0
ZC005499,39.0,Female,USA,Tier 1,27,15,4,287.07,71.77,7,5.0,2,0.402,8,Kids,Store,0.463,0.523,0,0
ZC005500,24.0,Male,Spain,Tier 1,15,87,5,530.91,106.18,1,3.7,6,0.639,6,Men,Store,0.499,0.682,0,0
ZC005501,27.0,Male,USA,Tier 2,35,118,1,76.11,76.11,2,3.8,8,0.785,4,Women,Store,0.157,0.302,1,1
ZC005502,16.0,Male,Other,Tier 2,9,53,1,59.69,59.69,4,2.1,3,0.704,8,Kids,Online,0.504,0.304,0,0
ZC005503,21.0,Female,France,Tier 1,13,43,1,85.71,85.71,7,5.8,2,0.476,4,Women,Store,0.176,0.261,0,0
ZC005504,25.0,Male,France,Tier 1,17,127,3,152.21,50.74,2,1.4,2,0.329,8,Men,Online,0.156,0.112,0,0
ZC005505,33.0,Female,Italy,Tier 3,30,29,1,96.47,96.47,6,5.0,1,0.202,8,Men,Online,0.122,0.153,0,0
ZC005506,23.0,Female,Spain,Tier 2,12,123,1,115.38,115.38,2,5.3,4,0.36,1,Men,Online,0.563,0.504,0,1
ZC005507,27.0,Female,Spain,Tier 1,27,79,2,104.75,52.38,1,2.7,2,0.287,4,Kids,Store,0.306,0.078,0,0
ZC005508,20.0,Female,Spain,Tier 1,6,56,1,101.79,101.79,6,7.2,6,0.032,1,Kids,Store,0.479,0.417,0,1
ZC005509,34.0,Male,Spain,Tier 2,18,178,1,121.66,121.66,3,4.9,0,0.807,1,Kids,Online,0.42,0.862,0,1
ZC005510,36.0,Female,UK,Tier 2,46,125,4,230.02,57.5,2,1.7,2,0.383,2,Women,Online,0.212,0.141,0,1
ZC005511,36.0,Female,USA,Tier 1,59,12,8,497.79,62.22,4,6.0,4,0.364,2,Women,Online,0.372,0.406,0,0
ZC005512,32.0,Female,Mexico,Tier 1,38,38,3,204.63,68.21,5,4.3,3,0.604,6,Women,Mixed,0.422,0.121,0,0
ZC005513,17.0,Female,Other,Tier 1,4,45,3,361.02,120.34,7,3.1,3,0.23,2,Men,Store,0.367,0.512,0,0
ZC005514,26.0,Male,Other,Tier 2,17,143,1,92.21,92.21,1,9.5,5,0.185,4,Men,Online,0.082,0.061,0,0
ZC005515,28.0,Female,USA,Tier 2,19,109,1,62.22,62.22,2,1.0,4,0.267,1,Women,Mixed,0.407,0.404,0,1
ZC005516,28.0,Female,France,Tier 2,35,13,2,200.21,100.1,6,13.0,3,0.667,4,Kids,Mixed,0.576,0.181,0,1
ZC005517,33.0,Female,Spain,Tier 2,21,31,1,58.33,58.33,6,2.6,1,0.087,3,TRF,Mixed,0.675,0.112,0,1
ZC005518,46.0,Male,USA,Tier 1,9,40,1,86.85,86.85,5,10.7,3,0.456,2,Beauty,Online,0.133,0.477,0,0
ZC005519,40.0,Female,Germany,Tier 2,39,78,2,112.47,56.24,1,4.6,3,,2,Women,Store,0.191,0.361,0,0
ZC005520,22.0,Female,UK,Tier 3,54,85,5,400.39,80.08,2,3.3,3,0.184,5,Home,Online,0.308,0.249,0,0
ZC005521,39.0,Female,Italy,Tier 2,32,151,6,372.94,62.16,1,4.3,1,0.566,2,Women,Mixed,0.213,0.37,1,1
ZC005522,38.0,Female,Other,Tier 3,11,43,1,60.63,60.63,2,3.0,2,0.285,7,Kids,Store,0.647,0.151,0,1
ZC005523,24.0,Female,Spain,Tier 3,60,134,3,254.8,84.93,1,6.4,3,,5,Kids,Store,0.36,0.418,0,1
ZC005524,40.0,Female,Other,Tier 1,34,12,4,204.53,51.13,4,2.4,9,0.397,1,Home,Store,0.436,0.468,0,1
ZC005525,30.0,Male,Spain,Tier 1,30,8,3,307.05,102.35,5,2.4,2,0.363,3,Home,Store,0.411,0.14,0,0
ZC005526,18.0,Female,Other,Tier 1,53,82,7,595.9,85.13,0,4.0,1,0.379,5,Kids,Store,0.106,0.358,0,0
ZC005527,37.0,Female,Germany,Tier 1,34,35,5,374.23,74.85,6,5.1,2,0.208,2,Women,Online,0.331,0.475,0,0
ZC005528,34.0,Male,Spain,Tier 2,17,47,2,133.95,66.97,8,7.6,7,0.187,1,Women,Online,0.25,0.161,0,1
ZC005529,30.0,Female,UK,Tier 1,49,44,5,437.17,87.43,5,3.3,3,0.356,2,Men,Store,0.546,0.12,0,0
ZC005530,32.0,Female,USA,Tier 1,9,76,3,274.43,91.48,1,2.1,5,0.19,1,Kids,Online,0.329,0.152,0,1
ZC005531,25.0,Female,Mexico,Tier 1,11,71,3,217.71,72.57,3,6.5,2,0.712,8,Women,Online,0.224,0.431,0,0
ZC005532,38.0,Female,USA,Tier 1,13,96,3,270.9,90.3,1,10.9,5,0.322,8,Men,Store,0.571,0.081,0,1
ZC005533,32.0,Female,Other,Tier 1,21,168,4,243.09,60.77,3,2.3,4,,2,Men,Mixed,0.745,0.503,0,1
ZC005534,34.0,Male,USA,Tier 1,23,262,2,151.91,75.96,5,1.0,0,0.484,8,Men,Online,0.504,0.212,0,1
ZC005535,36.0,Female,Other,Tier 1,17,136,1,56.45,56.45,1,3.9,5,0.381,5,Women,Online,0.469,0.32,0,1
ZC005536,,Male,USA,Tier 1,17,113,1,92.3,92.3,2,10.8,1,0.553,4,Men,Mixed,0.208,0.246,0,0
ZC005537,23.0,Male,Italy,Tier 2,24,56,1,69.72,69.72,6,1.0,6,0.534,6,Women,Store,0.396,0.308,0,0
ZC005538,16.0,Female,Mexico,Tier 2,9,1,1,106.84,106.84,7,4.4,2,0.363,7,Men,Online,0.091,0.287,0,0
ZC005539,38.0,Male,USA,Tier 1,28,33,5,289.95,57.99,6,3.4,5,0.418,5,Kids,Online,0.208,0.453,1,0
ZC005540,,Female,Spain,Tier 3,2,84,1,76.04,76.04,3,3.3,1,0.408,8,TRF,Online,0.226,0.368,0,1
ZC005541,33.0,Female,France,Tier 1,19,6,1,67.03,67.03,2,5.6,5,0.529,3,Men,Online,0.175,0.069,0,0
ZC005542,36.0,Male,Italy,Tier 2,13,92,4,184.08,46.02,1,12.0,6,0.489,5,Beauty,Store,0.349,0.64,0,0
ZC005543,38.0,Female,Mexico,Tier 3,60,9,5,359.0,71.8,8,1.0,5,0.194,1,Women,Mixed,0.461,0.171,0,1
ZC005544,20.0,Male,USA,Tier 3,16,30,3,251.43,83.81,5,2.9,2,0.336,2,Kids,Online,0.399,0.119,0,0
ZC005545,31.0,Female,Other,Tier 1,21,42,1,82.68,82.68,7,2.1,5,0.739,4,Women,Online,0.138,0.392,0,0
ZC005546,49.0,Female,Other,Tier 1,16,22,2,121.51,60.76,3,5.3,5,0.096,6,Men,Store,0.348,0.45,0,0
ZC005547,49.0,Female,Mexico,Tier 2,8,30,2,209.91,104.96,2,6.3,3,0.204,2,Women,Store,0.105,0.308,0,0
ZC005548,42.0,Female,Spain,Tier 2,8,89,1,91.92,91.92,2,2.2,5,0.781,1,Women,Store,0.176,0.259,0,0
ZC005549,35.0,Female,Spain,Tier 2,7,102,1,66.16,66.16,1,3.8,4,0.454,6,Home,Mixed,0.314,0.137,0,0
ZC005550,22.0,Female,Other,Tier 1,19,104,2,146.87,73.44,1,5.1,4,0.31,4,Men,Online,0.262,0.103,0,1
ZC005551,39.0,Female,Italy,Tier 3,15,100,2,212.58,106.29,1,6.1,0,0.201,7,Women,Mixed,0.418,0.451,0,1
ZC005552,30.0,Female,Germany,Tier 3,4,132,1,112.17,112.17,1,3.4,2,0.331,8,Women,Online,0.584,0.023,0,1
ZC005553,,Male,Other,Tier 2,56,127,9,767.93,85.33,3,1.1,4,0.623,4,TRF,Store,0.324,0.408,0,0
ZC005554,26.0,Female,Spain,Tier 3,30,148,6,600.85,100.14,3,3.4,1,0.515,8,Women,Mixed,0.344,0.238,0,0
ZC005555,30.0,Female,Mexico,Tier 1,22,86,2,204.24,102.12,2,6.5,6,0.504,6,Women,Online,0.248,0.194,0,0
ZC005556,34.0,Male,Germany,Tier 1,3,137,2,156.49,78.24,2,1.0,6,0.143,5,Home,Online,0.318,0.188,0,1
ZC005557,34.0,Male,Other,Tier 2,25,201,2,139.89,69.94,0,3.4,5,0.231,4,Home,Online,0.378,0.155,0,1
ZC005558,37.0,Male,Mexico,Tier 2,21,17,1,80.77,80.77,5,4.8,4,0.396,4,Women,Store,0.42,0.372,0,0
ZC005559,26.0,Male,France,Tier 1,34,102,5,308.54,61.71,0,15.0,4,0.167,4,Men,Mixed,0.607,0.268,0,0
ZC005560,19.0,Female,Spain,Tier 1,11,12,1,67.76,67.76,4,2.7,2,0.212,7,Men,Mixed,0.347,0.168,0,0
ZC005561,48.0,Female,Other,Tier 2,13,77,2,84.3,42.15,2,5.2,3,0.356,8,Women,Mixed,0.16,0.088,0,1
ZC005562,57.0,Male,Mexico,Tier 1,23,27,1,98.18,98.18,7,6.2,3,0.268,8,Beauty,Mixed,0.254,0.165,0,0
ZC005563,36.0,Female,USA,Tier 2,13,136,1,115.01,115.01,1,4.6,3,0.322,6,Men,Mixed,0.262,0.238,0,0
ZC005564,19.0,Male,Other,Tier 3,25,95,2,65.1,32.55,0,8.0,2,0.488,2,Women,Store,0.212,0.514,0,1
ZC005565,24.0,Female,USA,Tier 1,8,110,3,224.03,74.68,0,4.9,2,0.541,8,Kids,Store,0.625,0.34,0,1
ZC005566,37.0,Male,UK,Tier 2,18,41,2,120.44,60.22,8,3.5,5,0.695,8,Men,Online,0.155,0.063,0,0
ZC005567,45.0,Male,Other,Tier 1,11,184,1,88.57,88.57,1,6.1,3,0.181,1,Men,Online,0.435,0.14,0,1
ZC005568,20.0,Female,Germany,Tier 1,33,50,1,70.36,70.36,6,1.4,2,0.636,2,Home,Mixed,0.199,0.203,0,0
ZC005569,31.0,Female,Other,Tier 3,60,25,4,337.02,84.26,8,9.6,2,0.434,5,Women,Mixed,0.261,0.187,0,0
ZC005570,34.0,Male,Other,Tier 1,55,40,2,139.22,69.61,4,2.0,2,0.446,8,Women,Online,0.292,0.458,0,0
ZC005571,41.0,Male,France,Tier 1,4,23,1,80.41,80.41,7,2.6,3,0.124,4,Women,Store,0.204,0.328,0,0
ZC005572,29.0,Male,USA,Tier 3,27,35,2,140.97,70.48,6,3.1,4,,3,Women,Store,0.339,0.078,1,0
ZC005573,16.0,Male,Other,Tier 1,11,49,1,103.46,103.46,6,3.7,2,0.813,6,Women,Online,0.135,0.09,0,0
ZC005574,38.0,Female,France,Tier 1,8,166,1,62.45,62.45,2,3.9,0,0.532,8,Women,Mixed,0.177,0.259,0,0
ZC005575,43.0,Female,France,Tier 1,26,10,3,204.77,68.26,8,4.4,1,0.594,7,Men,Online,0.186,0.107,1,0
ZC005576,31.0,Female,France,Tier 1,8,33,2,132.18,66.09,6,8.0,4,0.5,6,Women,Online,0.302,0.361,0,0
ZC005577,36.0,Female,Spain,Tier 1,40,103,4,348.0,87.0,1,3.8,3,0.12,1,TRF,Mixed,0.534,0.274,0,1
ZC005578,27.0,Female,Spain,Tier 2,27,65,4,145.37,36.34,3,4.7,5,0.177,6,Women,Mixed,0.236,0.578,0,0
ZC005579,24.0,Female,Germany,Tier 1,35,105,1,35.56,35.56,1,12.9,5,0.463,3,Women,Store,0.369,0.451,0,1
ZC005580,42.0,Male,Mexico,Tier 1,23,214,1,91.58,91.58,0,6.3,0,0.247,7,TRF,Mixed,0.501,0.335,0,1
ZC005581,36.0,Female,UK,Tier 2,7,57,1,54.57,54.57,7,7.3,5,0.105,4,Home,Mixed,0.809,0.177,0,1
ZC005582,37.0,Male,USA,Tier 1,15,22,1,57.67,57.67,9,9.1,1,0.073,3,Women,Mixed,0.12,0.392,0,0
ZC005583,,Female,UK,Tier 1,45,55,2,102.51,51.26,4,6.5,2,0.133,4,Kids,Store,0.448,0.228,0,0
ZC005584,21.0,Female,Mexico,Tier 3,17,39,2,142.38,71.19,3,1.6,3,,2,Men,Mixed,0.465,0.26,0,0
ZC005585,26.0,Female,Spain,Tier 2,17,38,3,451.44,150.48,6,2.9,2,0.288,2,Women,Online,0.456,0.161,0,0
ZC005586,34.0,Male,France,Tier 2,48,23,2,156.5,78.25,9,2.0,3,0.331,3,Women,Online,0.253,0.134,0,0
ZC005587,26.0,Male,Italy,Tier 1,22,147,1,88.35,88.35,2,3.1,2,0.674,3,Women,Mixed,0.255,0.035,0,0
ZC005588,40.0,Female,UK,Tier 2,42,10,1,61.37,61.37,8,1.0,4,0.341,2,Women,Store,0.448,0.285,0,0
ZC005589,30.0,Female,Germany,Tier 2,18,124,1,80.65,80.65,2,5.0,5,0.542,4,Men,Mixed,0.549,0.314,0,1
ZC005590,22.0,Female,Other,Tier 1,9,104,1,95.67,95.67,0,1.7,3,0.139,4,Men,Store,0.433,0.75,0,1
ZC005591,,Female,USA,Tier 1,2,6,1,83.8,83.8,6,3.1,5,0.453,4,Men,Mixed,0.314,0.535,0,0
ZC005592,34.0,Female,Spain,Tier 1,17,79,1,140.14,140.14,4,5.9,1,0.175,7,Beauty,Online,0.35,0.173,0,0
ZC005593,41.0,Female,Spain,Tier 3,21,14,2,115.93,57.96,8,1.4,6,0.207,8,Beauty,Online,0.145,0.283,0,0
ZC005594,36.0,Male,Italy,Tier 2,39,55,5,141.79,28.36,12,3.4,6,0.42,3,TRF,Online,0.27,0.468,0,0
ZC005595,37.0,Male,Other,Tier 1,1,53,1,93.87,93.87,4,1.0,4,0.625,2,Women,Store,0.499,0.225,0,0
ZC005596,35.0,Female,Italy,Tier 1,28,28,1,75.88,75.88,11,2.8,4,0.408,6,Home,Online,0.323,0.12,0,0
ZC005597,30.0,Male,Other,Tier 3,19,51,4,337.4,84.35,8,3.2,4,0.312,3,Women,Online,0.368,0.216,0,0
ZC005598,25.0,Female,Italy,Tier 1,17,170,3,148.77,49.59,1,2.7,2,0.06,7,Men,Store,0.569,0.264,0,1
ZC005599,,Male,USA,Tier 2,60,11,2,135.79,67.9,5,1.5,1,0.402,8,Kids,Mixed,0.291,0.433,0,0
ZC005600,29.0,Female,USA,Tier 2,27,47,4,318.17,79.54,6,2.6,3,0.666,5,Women,Online,0.276,0.195,0,0
ZC005601,49.0,Female,Germany,Tier 3,49,11,3,216.68,72.23,5,3.1,5,0.393,4,Home,Online,0.313,0.299,0,0
ZC005602,45.0,Male,Italy,Tier 1,11,265,3,287.63,95.88,1,4.3,1,0.643,1,Women,Online,0.23,0.456,0,1
ZC005603,38.0,Female,France,Tier 2,14,30,1,52.38,52.38,5,3.7,3,0.333,2,Women,Mixed,0.176,0.288,0,0
ZC005604,36.0,Male,France,Tier 1,39,27,1,36.28,36.28,3,6.3,5,0.257,7,Women,Online,0.378,0.12,0,0
ZC005605,31.0,Male,UK,Tier 3,10,297,1,77.47,77.47,1,1.8,2,0.681,3,Men,Mixed,0.437,0.308,0,1
ZC005606,19.0,Male,USA,Tier 1,10,91,1,84.03,84.03,2,7.7,0,0.41,8,Women,Mixed,0.374,0.064,0,0
ZC005607,30.0,Female,Germany,Tier 2,9,132,1,43.56,43.56,2,4.2,4,0.748,4,Home,Store,0.714,0.32,0,1
ZC005608,33.0,Female,Italy,Tier 1,13,121,1,105.43,105.43,2,9.4,2,0.496,5,Women,Store,0.381,0.356,0,0
ZC005609,34.0,Female,Mexico,Tier 3,23,34,2,146.54,73.27,8,5.5,4,0.494,1,Men,Online,0.164,0.398,0,0
ZC005610,37.0,Female,USA,Tier 1,28,103,1,109.98,109.98,3,13.8,6,0.282,1,Men,Store,0.179,0.319,0,0
ZC005611,41.0,Male,Other,Tier 1,22,111,2,203.32,101.66,0,4.6,3,0.387,2,Men,Online,0.114,0.403,0,0
ZC005612,25.0,Female,USA,Tier 2,15,6,1,39.3,39.3,4,16.4,3,0.24,7,Women,Online,0.396,0.143,0,0
ZC005613,25.0,Female,USA,Tier 1,20,17,1,100.52,100.52,7,7.0,4,0.368,3,Women,Online,0.58,0.274,0,0
ZC005614,47.0,Female,Mexico,Tier 1,50,112,5,528.93,105.79,2,7.4,5,0.424,3,Women,Store,0.291,0.214,0,0
ZC005615,40.0,Male,Other,Tier 1,20,13,3,229.23,76.41,4,7.5,1,0.66,3,Women,Online,0.143,0.076,0,0
ZC005616,28.0,Male,Other,Tier 3,14,7,1,103.1,103.1,6,2.5,5,0.139,2,TRF,Online,0.367,0.166,0,0
ZC005617,31.0,Female,Spain,Tier 2,2,20,1,101.39,101.39,6,4.4,5,0.186,4,Women,Store,0.248,0.479,0,0
ZC005618,31.0,Female,USA,Tier 2,18,55,1,78.22,78.22,5,6.9,5,0.41,1,TRF,Mixed,0.122,0.11,0,0
ZC005619,32.0,Male,Mexico,Tier 3,38,29,5,437.42,87.48,4,3.6,3,0.234,2,Men,Online,0.288,0.206,0,0
ZC005620,37.0,Female,Mexico,Tier 2,4,20,3,127.79,42.6,5,7.3,7,0.34,8,Women,Mixed,0.389,0.246,0,0
ZC005621,57.0,Male,France,Tier 1,7,160,1,71.81,71.81,0,3.3,1,0.326,3,Women,Store,0.484,0.54,0,1
ZC005622,34.0,Male,Spain,Tier 1,13,55,1,105.87,105.87,8,2.4,3,0.401,6,Women,Online,0.12,0.238,0,0
ZC005623,39.0,Male,France,Tier 2,12,67,1,66.18,66.18,1,9.2,3,0.467,4,Beauty,Online,0.629,0.237,0,0
ZC005624,16.0,Female,Spain,Tier 2,21,51,2,148.15,74.08,5,3.3,7,0.529,7,Women,Mixed,0.15,0.425,0,0
ZC005625,27.0,Male,USA,Tier 1,58,83,6,658.41,109.74,0,6.0,2,0.454,2,Women,Mixed,0.452,0.537,0,1
ZC005626,44.0,Male,Germany,Tier 3,8,144,1,100.14,100.14,1,8.3,6,,6,TRF,Mixed,0.405,0.319,0,0
ZC005627,36.0,Female,Spain,Tier 1,12,58,1,91.12,91.12,4,2.8,1,0.222,8,Women,Online,0.179,0.091,0,0
ZC005628,16.0,Male,Italy,Tier 1,17,100,1,56.42,56.42,1,10.6,5,0.388,3,Men,Online,0.336,0.244,0,1
ZC005629,39.0,Female,Germany,Tier 1,11,58,1,72.43,72.43,6,8.4,2,0.249,6,Women,Online,0.213,0.24,0,0
ZC005630,51.0,Male,UK,Tier 3,21,34,1,84.82,84.82,5,1.0,4,0.398,6,Men,Mixed,0.422,0.132,0,0
ZC005631,16.0,Female,UK,Tier 1,27,80,5,298.64,59.73,0,6.9,7,0.259,6,Women,Online,0.108,0.178,0,0
ZC005632,47.0,Female,Other,Tier 1,12,187,2,168.45,84.22,3,4.6,4,0.24,1,Kids,Online,0.25,0.05,0,1
ZC005633,16.0,Female,France,Tier 1,34,124,3,178.08,59.36,1,5.1,5,0.522,2,Home,Mixed,0.33,0.121,0,0
ZC005634,41.0,Female,Other,Tier 3,15,12,1,80.74,80.74,10,7.1,4,0.453,4,Men,Online,0.4,0.558,0,0
ZC005635,32.0,Female,UK,Tier 1,11,84,1,64.67,64.67,2,2.6,6,0.427,3,Women,Mixed,0.46,0.336,0,0
ZC005636,16.0,Male,Germany,Tier 1,5,20,1,73.71,73.71,11,1.2,5,,4,Kids,Online,0.242,0.118,0,0
ZC005637,36.0,Female,Other,Tier 3,29,71,6,514.84,85.81,1,1.0,2,0.328,2,Kids,Online,0.143,0.238,0,0
ZC005638,44.0,Male,Spain,Tier 2,24,9,1,86.04,86.04,6,2.0,6,0.53,8,Women,Store,0.205,0.123,0,0
ZC005639,36.0,Female,USA,Tier 1,8,66,1,75.29,75.29,1,6.9,6,0.526,5,Kids,Mixed,0.504,0.331,0,0
ZC005640,38.0,Female,Other,Tier 1,10,24,1,116.73,116.73,11,2.7,4,0.699,6,Women,Online,0.47,0.428,0,0
ZC005641,28.0,Male,UK,Tier 2,22,60,2,207.67,103.84,6,1.8,3,0.421,3,Home,Online,0.557,0.184,0,0
ZC005642,16.0,Female,USA,Tier 1,28,39,3,253.23,84.41,5,8.4,6,0.451,2,Women,Store,0.256,0.112,0,0
ZC005643,39.0,Male,Other,Tier 1,24,46,6,495.44,82.57,6,9.3,2,0.491,4,Women,Online,0.183,0.287,0,0
ZC005644,49.0,Male,Spain,Tier 1,29,193,3,265.36,88.45,1,11.3,3,0.205,4,TRF,Mixed,0.002,0.194,0,1
ZC005645,43.0,Female,Germany,Tier 3,60,71,6,419.0,69.83,1,6.5,2,0.406,1,Women,Store,0.321,0.178,0,0
ZC005646,16.0,Male,Mexico,Tier 2,35,49,2,145.55,72.78,5,8.7,4,0.173,8,Women,Store,0.088,0.092,0,0
ZC005647,17.0,Female,Mexico,Tier 2,30,160,2,201.31,100.66,1,9.4,2,0.705,6,Women,Mixed,0.12,0.306,0,1
ZC005648,24.0,Female,UK,Tier 1,13,127,2,221.65,110.82,1,8.8,2,0.301,4,Men,Online,0.285,0.471,1,1
ZC005649,16.0,Female,Spain,Tier 1,7,26,3,203.49,67.83,8,2.2,2,0.615,6,Men,Store,0.495,0.504,0,0
ZC005650,32.0,Male,Other,Tier 3,45,183,6,583.18,97.2,0,1.0,3,0.549,1,Women,Mixed,0.328,0.22,0,0
ZC005651,36.0,Male,Mexico,Tier 2,13,10,1,49.3,49.3,8,1.7,3,0.488,4,Women,Store,0.274,0.485,0,0
ZC005652,18.0,Female,USA,Tier 1,26,24,1,66.88,66.88,7,6.4,4,0.115,1,Men,Mixed,0.251,0.565,0,0
ZC005653,40.0,Male,USA,Tier 2,5,77,5,476.0,95.2,1,1.9,4,,7,Women,Mixed,0.476,0.63,0,1
ZC005654,38.0,Female,France,Tier 1,3,82,1,63.69,63.69,2,1.7,3,0.342,7,Men,Store,0.139,0.344,0,0
ZC005655,27.0,Male,Spain,Tier 1,35,174,2,153.87,76.94,6,1.9,2,0.758,1,Kids,Online,0.407,0.177,0,0
ZC005656,30.0,Female,Other,Tier 1,11,50,1,77.63,77.63,6,6.9,4,0.202,7,Women,Mixed,0.254,0.159,0,0
ZC005657,16.0,Female,Other,Tier 3,26,181,1,108.19,108.19,0,3.3,3,0.09,5,Kids,Mixed,0.133,0.075,0,1
ZC005658,,Female,USA,Tier 2,11,316,1,67.07,67.07,0,4.1,4,0.28,4,Women,Online,0.163,0.222,0,1
ZC005659,32.0,Female,Other,Tier 1,28,32,1,83.45,83.45,6,1.0,1,0.125,7,Home,Mixed,0.048,0.112,0,0
ZC005660,34.0,Male,Mexico,Tier 1,18,57,1,71.45,71.45,1,2.5,2,0.452,3,Men,Mixed,0.414,0.569,0,1
ZC005661,36.0,Male,Italy,Tier 3,16,25,1,75.86,75.86,5,2.1,3,0.542,3,Kids,Store,0.294,0.346,0,0
ZC005662,34.0,Male,Other,Tier 1,24,27,4,326.51,81.63,7,7.3,4,0.444,8,Men,Mixed,0.382,0.557,0,0
ZC005663,29.0,Female,USA,Tier 1,27,64,2,150.82,75.41,3,2.4,2,0.351,3,Men,Online,0.343,0.305,0,0
ZC005664,35.0,Female,Other,Tier 3,11,38,1,103.3,103.3,9,7.3,4,0.372,3,Home,Store,0.677,0.226,0,0
ZC005665,42.0,Female,Spain,Tier 3,26,27,2,258.2,129.1,8,3.2,4,0.246,2,Women,Store,0.532,0.031,0,0
ZC005666,31.0,Female,UK,Tier 1,27,34,1,71.98,71.98,4,8.1,3,0.662,8,Home,Online,0.398,0.354,0,0
ZC005667,35.0,Female,France,Tier 1,34,32,1,83.66,83.66,5,3.6,4,0.291,7,Kids,Online,0.383,0.331,0,0
ZC005668,30.0,Female,Spain,Tier 2,42,72,1,132.19,132.19,0,14.0,3,0.313,2,TRF,Online,0.267,0.323,0,0
ZC005669,26.0,Male,Italy,Tier 1,19,16,3,390.49,130.16,4,2.1,2,0.169,1,Men,Online,0.288,0.331,0,0
ZC005670,37.0,Male,UK,Tier 2,11,112,1,85.09,85.09,3,2.9,3,0.624,2,Home,Online,0.4,0.727,0,1
ZC005671,26.0,Male,UK,Tier 2,9,125,3,244.78,81.59,2,9.9,2,0.197,2,Women,Mixed,0.165,0.149,0,0
ZC005672,36.0,Female,Germany,Tier 2,12,117,2,91.1,45.55,2,3.5,6,0.15,4,Women,Mixed,0.138,0.206,0,0
ZC005673,32.0,Female,Spain,Tier 1,13,36,4,276.21,69.05,8,1.7,4,0.253,1,Women,Online,0.144,0.28,0,0
ZC005674,29.0,Female,USA,Tier 2,14,36,1,44.03,44.03,5,10.3,5,0.51,6,Men,Store,0.301,0.147,1,0
ZC005675,29.0,Female,USA,Tier 3,18,76,1,70.5,70.5,2,1.3,4,0.222,3,Men,Online,0.399,0.031,0,0
ZC005676,27.0,Female,Other,Tier 2,21,36,5,495.27,99.05,9,10.1,3,0.266,5,Women,Online,0.235,0.451,0,0
ZC005677,16.0,Male,Mexico,Tier 1,22,67,4,239.94,59.98,1,1.7,2,0.536,3,Men,Store,0.177,0.016,0,0
ZC005678,36.0,Female,France,Tier 3,31,66,1,61.44,61.44,1,2.9,2,0.299,2,Kids,Online,0.239,0.591,0,1
ZC005679,34.0,Female,Germany,Tier 1,45,57,5,480.66,96.13,4,2.6,2,0.816,6,Men,Store,0.136,0.124,0,0
ZC005680,40.0,Female,Germany,Tier 1,22,109,3,124.81,41.6,0,5.0,1,0.539,5,TRF,Online,0.174,0.503,0,0
ZC005681,27.0,Male,USA,Tier 1,13,67,1,96.45,96.45,1,4.0,3,0.81,4,Women,Mixed,0.24,0.471,0,0
ZC005682,51.0,Female,Spain,Tier 1,31,14,1,25.79,25.79,2,7.4,5,0.484,2,Kids,Mixed,0.525,0.408,0,0
ZC005683,28.0,Male,France,Tier 1,29,96,2,152.81,76.4,1,6.4,3,0.692,8,Men,Online,0.328,0.387,0,1
ZC005684,23.0,Female,USA,Tier 2,12,9,1,44.27,44.27,8,3.9,6,0.392,8,Women,Mixed,0.247,0.147,0,0
ZC005685,22.0,Female,Other,Tier 1,30,210,1,64.85,64.85,4,3.2,5,0.328,8,Kids,Store,0.527,0.195,0,1
ZC005686,16.0,Male,USA,Tier 1,1,22,2,156.7,78.35,6,8.4,6,0.416,4,Women,Online,0.453,0.471,0,0
ZC005687,47.0,Female,France,Tier 3,9,23,1,84.63,84.63,7,3.4,4,0.399,7,Kids,Store,0.286,0.29,0,0
ZC005688,46.0,Male,UK,Tier 1,7,191,1,67.89,67.89,1,3.6,3,0.249,2,Women,Store,0.285,0.357,0,1
ZC005689,38.0,Female,Italy,Tier 2,9,50,5,581.63,116.33,11,9.6,7,0.519,8,Women,Mixed,0.37,0.299,0,0
ZC005690,23.0,Female,Other,Tier 3,31,43,4,396.16,99.04,4,1.2,1,0.151,3,Kids,Mixed,0.509,0.019,0,1
ZC005691,50.0,Female,UK,Tier 1,16,40,4,189.38,47.34,5,5.4,4,0.579,8,Women,Store,0.368,0.148,1,0
ZC005692,28.0,Male,Spain,Tier 1,34,51,2,85.76,42.88,10,3.5,4,0.233,5,Home,Store,0.395,0.322,0,0
ZC005693,29.0,Male,Germany,Tier 1,47,177,4,475.21,118.8,0,1.9,5,0.491,3,Home,Online,0.466,0.261,0,0
ZC005694,46.0,Male,Spain,Tier 2,46,36,3,262.91,87.64,2,5.1,6,0.621,2,TRF,Mixed,0.271,0.133,0,0
ZC005695,39.0,Female,Spain,Tier 1,12,180,1,110.05,110.05,1,1.0,5,0.247,7,Home,Online,0.244,0.305,0,1
ZC005696,54.0,Female,Germany,Tier 3,16,72,2,211.07,105.54,2,2.0,7,0.792,6,Women,Online,0.111,0.12,0,0
ZC005697,34.0,Female,Spain,Tier 2,19,151,1,76.41,76.41,3,2.7,4,0.44,2,Women,Mixed,0.277,0.169,0,1
ZC005698,28.0,Female,Spain,Tier 2,52,36,6,521.09,86.85,5,5.2,4,0.655,4,Home,Store,0.491,0.127,0,0
ZC005699,26.0,Female,UK,Tier 3,11,136,2,113.49,56.74,0,2.7,2,0.149,5,Women,Mixed,0.322,0.417,0,1
ZC005700,16.0,Male,UK,Tier 1,37,21,1,112.9,112.9,9,1.7,1,0.489,2,Beauty,Mixed,0.323,0.193,1,0
ZC005701,29.0,Female,Other,Tier 2,26,72,4,329.37,82.34,1,3.6,2,0.176,3,Women,Mixed,0.364,0.419,0,0
ZC005702,43.0,Female,USA,Tier 2,2,19,4,396.51,99.13,8,3.9,4,0.735,6,TRF,Online,0.368,0.061,0,0
ZC005703,38.0,Male,UK,Tier 2,15,31,3,186.0,62.0,2,1.5,4,0.718,8,Women,Store,0.106,0.132,1,0
ZC005704,32.0,Female,Italy,Tier 2,8,18,1,69.16,69.16,6,10.9,2,0.574,3,Women,Store,0.415,0.052,0,0
ZC005705,22.0,Male,Other,Tier 1,15,143,6,387.89,64.65,2,7.7,3,0.723,8,TRF,Store,0.602,0.345,0,1
ZC005706,34.0,Female,USA,Tier 2,2,69,1,122.05,122.05,0,9.2,5,0.25,1,Women,Online,0.46,0.293,0,0
ZC005707,42.0,Female,Germany,Tier 2,54,113,1,77.91,77.91,2,2.4,5,0.173,8,Women,Mixed,0.354,0.123,0,1
ZC005708,36.0,Female,Germany,Tier 2,14,115,1,67.35,67.35,2,1.0,3,0.532,5,Men,Online,0.122,0.166,0,1
ZC005709,34.0,Female,USA,Tier 3,15,17,1,72.95,72.95,10,2.7,2,0.338,4,Home,Online,0.136,0.577,0,0
ZC005710,24.0,Male,Spain,Tier 1,50,86,1,92.86,92.86,4,4.8,1,0.272,2,Women,Store,0.28,0.116,0,0
ZC005711,41.0,Female,Italy,Tier 3,6,233,1,123.9,123.9,1,4.9,2,0.152,7,Women,Online,0.503,0.227,0,1
ZC005712,16.0,Female,USA,Tier 1,26,51,1,127.66,127.66,7,4.3,2,0.374,1,Women,Mixed,0.451,0.064,0,0
ZC005713,36.0,Female,USA,Tier 1,10,76,1,106.73,106.73,0,2.8,4,0.071,8,Kids,Online,0.203,0.34,0,0
ZC005714,58.0,Female,France,Tier 1,3,151,1,52.12,52.12,2,5.7,3,0.407,3,TRF,Online,0.398,0.399,0,1
ZC005715,17.0,Female,USA,Tier 1,29,44,3,196.31,65.44,9,4.0,3,0.118,8,Kids,Mixed,0.363,0.634,0,0
ZC005716,30.0,Male,USA,Tier 2,43,125,6,462.97,77.16,2,8.3,1,0.502,6,Men,Online,0.063,0.321,0,1
ZC005717,32.0,Female,UK,Tier 1,18,97,1,24.48,24.48,0,6.0,4,0.304,8,Men,Mixed,0.278,0.457,0,1
ZC005718,27.0,Female,Other,Tier 2,32,63,3,172.3,57.43,1,3.9,5,0.115,7,TRF,Online,0.235,0.408,0,0
ZC005719,42.0,Female,Mexico,Tier 3,11,78,1,106.19,106.19,4,1.5,5,0.552,7,Home,Mixed,0.551,0.159,0,0
ZC005720,37.0,Female,USA,Tier 2,27,20,4,178.35,44.59,5,3.0,1,0.336,6,Men,Store,0.16,0.286,1,0
ZC005721,34.0,Female,USA,Tier 1,19,275,5,435.75,87.15,1,5.8,3,0.38,7,Men,Online,0.348,0.245,0,1
ZC005722,40.0,Male,Other,Tier 3,12,49,1,56.65,56.65,10,2.9,5,0.073,5,Men,Store,0.252,0.507,0,0
ZC005723,32.0,Male,Germany,Tier 2,8,80,1,58.02,58.02,4,4.5,3,0.557,6,TRF,Store,0.422,0.4,0,0
ZC005724,64.0,Female,Italy,Tier 2,42,14,2,162.45,81.22,4,9.2,0,0.344,3,Beauty,Store,0.414,0.497,0,0
ZC005725,34.0,Female,Spain,Tier 1,20,100,1,129.22,129.22,1,5.5,5,0.2,4,Men,Mixed,0.098,0.067,0,0
ZC005726,34.0,Female,Spain,Tier 2,14,56,1,76.75,76.75,16,9.1,5,0.365,1,Home,Online,0.287,0.715,0,0
ZC005727,,Male,USA,Tier 1,15,74,1,93.1,93.1,1,4.7,3,,4,Women,Online,0.033,0.536,0,0
ZC005728,27.0,Female,Other,Tier 1,28,39,2,190.29,95.14,5,1.4,6,0.478,6,TRF,Store,0.289,0.446,0,0
ZC005729,43.0,Female,Other,Tier 1,31,99,1,55.26,55.26,0,7.8,7,0.461,7,Men,Mixed,0.645,0.388,0,1
ZC005730,19.0,Male,USA,Tier 2,19,114,1,114.7,114.7,2,3.7,1,0.787,8,Women,Online,0.408,0.346,0,1
ZC005731,16.0,Female,Italy,Tier 1,26,36,3,285.63,95.21,9,2.7,5,0.859,8,Men,Store,0.343,0.136,0,0
ZC005732,32.0,Male,Other,Tier 1,15,22,4,320.54,80.14,4,1.0,6,0.476,7,Men,Mixed,0.165,0.538,0,0
ZC005733,46.0,Female,Other,Tier 2,16,24,1,55.86,55.86,7,4.2,5,0.338,6,Women,Online,0.58,0.121,0,0
ZC005734,,Female,UK,Tier 1,29,157,2,88.62,44.31,4,2.1,8,0.293,2,Women,Store,0.257,0.33,0,0
ZC005735,29.0,Female,USA,Tier 1,14,33,1,91.39,91.39,7,4.1,2,0.39,4,Women,Online,0.666,0.287,1,0
ZC005736,16.0,Female,Other,Tier 3,7,139,1,77.3,77.3,2,1.0,1,0.661,1,Men,Online,0.248,0.088,0,1
ZC005737,37.0,Female,USA,Tier 3,28,65,1,106.37,106.37,0,2.1,4,0.294,3,Home,Mixed,0.049,0.494,0,0
ZC005738,39.0,Male,USA,Tier 3,25,44,1,33.51,33.51,10,8.7,3,0.369,6,Women,Store,0.35,0.042,0,0
ZC005739,16.0,Male,USA,Tier 2,35,6,4,243.51,60.88,7,4.7,4,0.603,1,Women,Online,0.272,0.045,1,0
ZC005740,43.0,Female,France,Tier 1,28,231,4,272.52,68.13,2,4.8,1,0.278,8,Men,Online,0.623,0.553,0,1
ZC005741,40.0,Female,Spain,Tier 1,24,61,1,100.17,100.17,3,8.1,1,0.231,2,Women,Online,0.165,0.498,0,0
ZC005742,43.0,Female,France,Tier 1,6,41,1,75.5,75.5,5,6.5,6,0.503,6,Women,Online,0.158,0.098,0,0
ZC005743,38.0,Female,Other,Tier 3,19,64,1,96.93,96.93,2,1.6,2,,3,Beauty,Store,0.193,0.213,0,0
ZC005744,39.0,Male,France,Tier 1,13,74,4,207.82,51.96,0,4.2,3,0.527,3,Women,Online,0.364,0.408,0,0
ZC005745,37.0,Female,Other,Tier 1,28,32,1,35.33,35.33,9,3.4,5,0.086,1,TRF,Online,0.187,0.4,0,0
ZC005746,41.0,Male,Other,Tier 2,54,46,4,376.82,94.2,6,1.0,0,0.364,3,Women,Mixed,0.246,0.18,0,0
ZC005747,16.0,Female,Mexico,Tier 2,31,19,4,321.47,80.37,6,1.0,1,0.421,3,Women,Online,0.439,0.071,0,0
ZC005748,,Female,Germany,Tier 1,6,33,1,68.5,68.5,2,6.6,5,,8,TRF,Store,0.26,0.602,1,0
ZC005749,25.0,Male,Other,Tier 3,23,57,1,50.88,50.88,8,1.4,6,0.268,4,Men,Online,0.115,0.09,0,0
ZC005750,31.0,Female,France,Tier 2,13,14,1,75.31,75.31,4,7.4,0,0.598,1,Men,Online,0.309,0.404,0,0
ZC005751,36.0,Female,USA,Tier 3,30,51,3,253.27,84.42,1,6.6,6,0.353,7,Women,Online,0.487,0.205,0,0
ZC005752,35.0,Female,Other,Tier 1,33,46,1,81.14,81.14,4,6.8,6,0.32,6,Women,Online,0.299,0.357,0,0
ZC005753,,Male,France,Tier 1,18,36,3,275.48,91.83,4,1.6,10,0.046,2,Women,Store,0.209,0.453,0,0
ZC005754,43.0,Female,Other,Tier 1,14,123,2,169.3,84.65,2,6.9,6,0.164,8,TRF,Mixed,0.24,0.433,0,1
ZC005755,23.0,Female,UK,Tier 1,24,19,1,102.43,102.43,9,6.3,3,0.234,2,Home,Store,0.46,0.169,0,0
ZC005756,34.0,Female,USA,Tier 1,12,65,3,214.99,71.66,1,3.3,1,0.877,3,Men,Store,0.506,0.192,0,1
ZC005757,24.0,Female,Mexico,Tier 1,33,33,6,747.0,124.5,0,5.4,4,0.746,4,Kids,Online,0.22,0.5,0,0
ZC005758,30.0,Male,Germany,Tier 1,28,68,1,52.78,52.78,2,12.2,4,0.562,2,TRF,Store,0.502,0.204,0,0
ZC005759,35.0,Female,UK,Tier 1,14,66,1,105.96,105.96,0,6.3,6,0.449,5,Men,Online,0.485,0.263,0,0
ZC005760,16.0,Female,Other,Tier 1,8,286,1,73.19,73.19,0,2.0,3,0.424,8,Women,Mixed,0.548,0.284,0,1
ZC005761,56.0,Female,France,Tier 1,22,371,2,165.76,82.88,0,3.9,2,,8,TRF,Online,0.45,0.434,0,1
ZC005762,,Female,Spain,Tier 1,38,29,5,314.89,62.98,6,2.9,1,0.743,3,Women,Store,0.304,0.519,0,0
ZC005763,26.0,Male,Italy,Tier 1,32,54,1,98.45,98.45,10,5.4,2,,2,Men,Online,0.252,0.227,0,0
ZC005764,51.0,Female,Spain,Tier 1,7,28,1,109.37,109.37,2,3.6,3,0.285,6,Men,Online,0.611,0.509,0,0
ZC005765,29.0,Male,France,Tier 3,26,65,5,497.98,99.6,1,2.5,2,0.444,3,Men,Mixed,0.223,0.516,0,0
ZC005766,33.0,Female,USA,Tier 1,28,30,1,100.06,100.06,6,4.0,5,0.499,6,Men,Store,0.264,0.334,0,0
ZC005767,27.0,Female,USA,Tier 2,16,28,1,72.63,72.63,3,6.6,5,0.053,4,Kids,Online,0.181,0.139,0,0
ZC005768,49.0,Female,Other,Tier 1,20,40,1,124.45,124.45,6,1.0,3,0.796,1,Women,Mixed,0.45,0.164,0,0
ZC005769,31.0,Female,Spain,Tier 1,31,42,1,83.16,83.16,3,4.3,0,0.492,8,Women,Store,0.261,0.303,0,0
ZC005770,33.0,Female,Mexico,Tier 1,21,3,1,60.2,60.2,6,1.3,3,0.39,3,Women,Store,0.314,0.323,0,0
ZC005771,44.0,Female,Germany,Tier 1,3,44,4,269.88,67.47,7,5.9,2,0.209,1,Women,Store,0.348,0.013,0,0
ZC005772,38.0,Male,USA,Tier 2,10,240,2,234.51,117.26,2,2.3,5,0.447,6,Women,Store,0.093,0.26,0,1
ZC005773,31.0,Male,Other,Tier 3,14,29,2,209.52,104.76,5,6.4,4,0.299,3,Kids,Mixed,0.217,0.282,0,0
ZC005774,43.0,Female,USA,Tier 1,10,122,2,232.13,116.06,2,5.7,5,0.264,1,Women,Store,0.293,0.226,0,1
ZC005775,57.0,Female,France,Tier 1,33,88,4,333.87,83.47,1,12.2,4,0.178,6,Kids,Mixed,0.381,0.178,0,0
ZC005776,35.0,Male,Mexico,Tier 2,25,40,1,61.09,61.09,4,7.7,2,0.43,3,Home,Online,0.223,0.239,0,0
ZC005777,33.0,Female,Mexico,Tier 2,6,25,1,40.73,40.73,4,4.3,4,0.805,8,Men,Mixed,0.415,0.372,0,0
ZC005778,34.0,Female,USA,Tier 1,25,18,3,165.54,55.18,12,9.1,3,0.907,6,Women,Online,0.225,0.338,0,0
ZC005779,45.0,Male,Other,Tier 1,35,25,2,81.24,40.62,2,7.3,4,0.298,6,Men,Store,0.105,0.207,0,0
ZC005780,26.0,Female,Other,Tier 1,16,13,4,467.8,116.95,3,3.1,4,0.181,7,Women,Online,0.455,0.117,0,0
ZC005781,29.0,Female,UK,Tier 1,24,7,1,67.58,67.58,6,2.4,4,0.562,3,Women,Mixed,0.358,0.854,0,0
ZC005782,17.0,Female,Germany,Tier 1,20,22,1,60.51,60.51,5,12.2,4,0.383,6,Men,Online,0.249,0.638,0,0
ZC005783,20.0,Female,USA,Tier 1,8,131,3,226.33,75.44,0,11.5,3,0.776,7,Women,Mixed,0.375,0.302,0,1
ZC005784,27.0,Male,USA,Tier 2,25,97,4,141.65,35.41,3,1.0,4,0.622,4,Men,Store,0.311,0.294,0,1
ZC005785,31.0,Male,UK,Tier 1,13,35,1,41.32,41.32,6,3.9,6,0.518,6,Kids,Store,0.105,0.322,0,0
ZC005786,50.0,Male,USA,Tier 1,47,144,4,485.14,121.28,0,9.1,4,0.47,6,Men,Online,0.437,0.303,0,0
ZC005787,37.0,Female,Italy,Tier 1,7,25,1,133.33,133.33,8,10.3,5,0.609,2,TRF,Online,0.159,0.186,0,0
ZC005788,23.0,Male,USA,Tier 2,19,10,6,579.64,96.61,7,10.0,8,0.199,1,Women,Store,0.641,0.47,0,0
ZC005789,25.0,Male,Spain,Tier 1,36,221,1,97.85,97.85,0,4.1,0,,4,Home,Store,0.494,0.237,0,1
ZC005790,46.0,Female,UK,Tier 1,14,70,2,103.59,51.8,3,1.4,4,0.48,5,Women,Online,0.165,0.455,1,0
ZC005791,43.0,Male,Spain,Tier 1,25,89,1,100.59,100.59,0,4.5,4,,5,TRF,Store,0.246,0.301,0,0
ZC005792,32.0,Male,France,Tier 1,60,27,8,631.01,78.88,11,2.5,5,0.25,3,Women,Store,0.307,0.123,0,0
ZC005793,28.0,Male,France,Tier 1,35,31,3,274.86,91.62,11,2.7,4,0.527,6,Women,Mixed,0.23,0.114,0,0
ZC005794,43.0,Male,Spain,Tier 1,26,36,1,75.16,75.16,9,1.0,4,0.437,1,Men,Mixed,0.205,0.666,0,0
ZC005795,22.0,Female,USA,Tier 1,32,96,4,403.43,100.86,0,2.0,3,0.13,5,Women,Store,0.37,0.492,0,1
ZC005796,36.0,Female,Spain,Tier 1,26,18,1,90.29,90.29,9,2.5,6,0.484,3,Women,Online,0.461,0.22,0,0
ZC005797,55.0,Male,Germany,Tier 1,10,22,1,74.69,74.69,9,5.4,1,0.681,2,Men,Mixed,0.392,0.242,0,0
ZC005798,34.0,Male,USA,Tier 1,24,107,3,306.73,102.24,1,5.4,5,0.124,6,Men,Online,0.095,0.235,0,1
ZC005799,24.0,Female,Italy,Tier 1,60,349,1,62.12,62.12,0,10.2,5,0.879,7,Kids,Online,0.233,0.276,0,1
ZC005800,36.0,Female,Germany,Tier 3,41,47,2,194.02,97.01,9,1.0,1,0.286,5,Women,Online,0.309,0.451,0,0
ZC005801,27.0,Female,UK,Tier 2,16,17,5,525.7,105.14,6,4.5,1,0.225,5,Beauty,Online,0.599,0.036,0,0
ZC005802,18.0,Male,Spain,Tier 2,17,16,2,71.87,35.94,2,3.6,5,0.7,1,Kids,Mixed,0.271,0.122,0,0
ZC005803,39.0,Female,USA,Tier 1,60,62,3,213.44,71.15,3,4.5,0,0.14,7,Kids,Mixed,0.182,0.31,0,0
ZC005804,43.0,Female,USA,Tier 3,19,164,2,69.95,34.98,2,5.8,2,0.307,5,Kids,Online,0.445,0.489,0,1
ZC005805,29.0,Female,USA,Tier 2,14,120,1,45.94,45.94,1,3.8,3,0.402,8,Men,Mixed,0.514,0.453,0,1
ZC005806,28.0,Female,Other,Tier 1,10,78,1,87.61,87.61,2,4.0,6,0.548,5,Kids,Store,0.093,0.357,0,0
ZC005807,22.0,Male,USA,Tier 2,22,15,3,222.72,74.24,4,9.6,5,0.259,5,Women,Mixed,0.388,0.321,0,0
ZC005808,31.0,Female,USA,Tier 1,13,63,1,64.56,64.56,1,3.1,4,0.569,6,Men,Store,0.334,0.441,0,1
ZC005809,26.0,Female,Other,Tier 3,21,9,1,95.46,95.46,3,4.5,2,0.484,5,Home,Store,0.436,0.265,0,0
ZC005810,22.0,Female,Other,Tier 1,25,184,6,365.52,60.92,2,6.0,4,0.174,4,Home,Mixed,0.379,0.771,0,1
ZC005811,51.0,Male,UK,Tier 2,45,27,3,140.39,46.8,8,9.0,4,0.259,5,Beauty,Online,0.107,0.187,1,0
ZC005812,37.0,Female,France,Tier 3,17,39,1,41.68,41.68,9,1.2,3,,1,Beauty,Mixed,0.205,0.665,0,1
ZC005813,38.0,Female,Spain,Tier 1,3,146,1,42.38,42.38,6,1.0,2,0.35,8,Kids,Online,0.394,0.243,0,1
ZC005814,41.0,Female,Mexico,Tier 3,16,37,4,202.5,50.62,5,3.8,2,0.251,8,Men,Mixed,0.498,0.245,0,0
ZC005815,40.0,Male,Germany,Tier 1,16,192,5,298.19,59.64,1,2.4,4,0.212,8,Women,Online,0.24,0.152,1,1
ZC005816,28.0,Male,UK,Tier 2,15,24,1,112.23,112.23,3,3.7,4,0.317,5,Kids,Store,0.369,0.396,0,0
ZC005817,35.0,Male,USA,Tier 1,18,99,1,81.9,81.9,1,13.1,4,0.652,8,Women,Mixed,0.101,0.437,0,1
ZC005818,,Female,UK,Tier 1,4,114,1,56.55,56.55,0,1.0,3,0.383,4,Men,Online,0.658,0.165,0,1
ZC005819,36.0,Male,Italy,Tier 1,8,26,1,109.28,109.28,1,9.5,12,0.288,3,Men,Online,0.184,0.315,0,0
ZC005820,35.0,Male,Spain,Tier 2,15,13,1,109.71,109.71,6,3.1,6,0.706,2,Women,Online,0.726,0.403,0,0
ZC005821,28.0,Female,France,Tier 2,35,80,4,302.46,75.61,0,5.4,3,0.783,7,Women,Store,0.24,0.584,0,0
ZC005822,19.0,Male,Spain,Tier 1,19,49,3,328.76,109.59,4,7.8,4,0.356,8,Women,Online,0.388,0.267,0,1
ZC005823,33.0,Male,Mexico,Tier 1,28,1,1,95.91,95.91,5,5.8,5,0.177,5,Women,Online,0.23,0.202,0,0
ZC005824,30.0,Male,USA,Tier 1,7,14,1,73.15,73.15,4,1.1,3,0.36,5,Women,Online,0.406,0.415,0,0
ZC005825,16.0,Male,Other,Tier 2,11,100,3,247.2,82.4,0,19.8,1,0.241,5,Women,Mixed,0.453,0.311,0,1
ZC005826,37.0,Female,UK,Tier 1,1,76,4,273.23,68.31,2,1.0,4,0.32,5,Beauty,Store,0.19,0.282,0,1
ZC005827,42.0,Female,UK,Tier 1,3,30,2,181.19,90.6,6,7.8,7,0.624,4,Women,Online,0.415,0.292,0,0
ZC005828,57.0,Female,USA,Tier 3,60,11,4,110.57,27.64,6,3.8,9,0.381,7,Kids,Online,0.295,0.239,0,0
ZC005829,28.0,Female,France,Tier 3,6,91,1,107.16,107.16,1,9.1,4,0.19,7,TRF,Mixed,0.443,0.055,0,0
ZC005830,27.0,Female,USA,Tier 1,9,133,1,41.28,41.28,2,4.0,3,0.329,2,Home,Online,0.305,0.16,0,1
ZC005831,21.0,Female,USA,Tier 1,11,80,1,70.46,70.46,1,4.6,4,0.251,3,Women,Store,0.443,0.135,0,0
ZC005832,34.0,Male,USA,Tier 2,52,18,5,603.47,120.69,4,3.4,3,0.426,7,Men,Mixed,0.167,0.476,1,0
ZC005833,34.0,Female,USA,Tier 1,7,30,2,146.03,73.02,3,2.6,1,0.411,8,Beauty,Store,0.244,0.384,1,0
ZC005834,24.0,Male,Mexico,Tier 1,17,242,1,74.0,74.0,2,2.9,4,0.483,1,Women,Store,0.273,0.323,0,1
ZC005835,30.0,Female,USA,Tier 3,11,58,3,259.07,86.36,5,8.5,4,,2,Men,Online,0.376,0.42,0,1
ZC005836,16.0,Female,Other,Tier 1,13,268,1,87.86,87.86,1,12.3,3,0.752,5,Women,Online,0.516,0.316,0,1
ZC005837,41.0,Female,Other,Tier 1,5,31,1,74.2,74.2,6,11.4,2,0.288,4,Women,Mixed,0.298,0.236,0,0
ZC005838,24.0,Female,Germany,Tier 1,12,47,1,88.1,88.1,8,2.5,4,0.458,2,Kids,Store,0.227,0.347,0,0
ZC005839,32.0,Female,Spain,Tier 3,29,11,3,236.62,78.87,3,9.7,4,0.54,8,Men,Mixed,0.192,0.743,0,0
ZC005840,18.0,Female,France,Tier 2,17,15,1,42.54,42.54,6,10.5,4,0.298,6,Women,Online,0.207,0.619,0,0
ZC005841,26.0,Female,Other,Tier 1,24,11,6,327.74,54.62,6,1.5,0,0.425,1,Women,Mixed,0.172,0.157,0,0
ZC005842,29.0,Female,USA,Tier 2,7,18,2,162.14,81.07,6,2.4,3,0.442,6,Men,Store,0.126,0.352,0,0
ZC005843,32.0,Female,USA,Tier 3,32,90,3,292.82,97.61,5,1.6,1,0.581,8,Women,Store,0.119,0.527,0,0
ZC005844,37.0,Female,USA,Tier 2,18,235,1,90.05,90.05,2,4.1,3,0.215,8,Men,Mixed,0.608,0.169,0,1
ZC005845,,Female,UK,Tier 1,14,58,1,89.99,89.99,3,6.4,3,0.352,2,Kids,Mixed,0.516,0.38,0,1
ZC005846,39.0,Female,Spain,Tier 1,15,45,4,303.83,75.96,10,1.3,4,0.768,1,Home,Store,0.216,0.372,0,0
ZC005847,42.0,Female,USA,Tier 2,20,39,4,340.24,85.06,4,2.4,2,0.351,5,Women,Store,0.161,0.625,0,0
ZC005848,46.0,Male,Germany,Tier 1,19,106,3,240.26,80.09,2,1.7,4,0.477,4,Kids,Mixed,0.677,0.1,0,1
ZC005849,38.0,Male,UK,Tier 1,45,13,9,462.9,51.43,1,8.5,4,0.653,7,Men,Mixed,0.289,0.29,0,0
ZC005850,32.0,Male,USA,Tier 2,20,46,3,234.82,78.27,6,9.5,0,0.597,2,Men,Mixed,0.444,0.261,0,0
ZC005851,42.0,Male,Other,Tier 2,20,155,1,85.81,85.81,1,7.6,3,0.346,1,Women,Store,0.216,0.132,0,1
ZC005852,43.0,Female,USA,Tier 1,17,65,3,264.42,88.14,1,7.6,0,0.183,4,Women,Mixed,0.566,0.576,0,0
ZC005853,38.0,Female,Spain,Tier 1,23,84,3,179.51,59.84,0,8.5,2,0.389,8,Men,Online,0.451,0.647,0,1
ZC005854,17.0,Female,USA,Tier 2,34,87,5,320.88,64.18,0,4.2,7,0.4,4,Women,Store,0.383,0.183,0,0
ZC005855,24.0,Female,USA,Tier 1,3,30,2,204.89,102.44,7,5.0,4,0.549,2,Men,Store,0.234,0.336,0,0
ZC005856,29.0,Female,France,Tier 1,3,104,1,70.11,70.11,1,1.4,3,0.692,6,Men,Online,0.047,0.06,0,0
ZC005857,40.0,Female,Spain,Tier 1,16,26,3,125.67,41.89,4,1.7,4,0.638,1,Men,Mixed,0.552,0.235,0,0
ZC005858,32.0,Male,Other,Tier 1,10,57,1,53.93,53.93,9,2.5,1,0.507,6,Men,Store,0.439,0.127,0,0
ZC005859,43.0,Female,Other,Tier 1,19,4,2,70.98,35.49,8,6.7,3,0.502,5,Women,Store,0.607,0.109,0,0
ZC005860,45.0,Female,USA,Tier 3,19,13,3,143.53,47.84,6,4.8,4,0.247,6,Kids,Store,0.324,0.517,0,0
ZC005861,,Male,Mexico,Tier 1,16,37,1,85.68,85.68,9,6.3,2,0.195,8,Women,Online,0.094,0.253,0,0
ZC005862,44.0,Female,Germany,Tier 1,40,45,3,183.78,61.26,6,3.8,2,0.445,2,Kids,Online,0.064,0.074,1,0
ZC005863,22.0,Female,Other,Tier 1,9,28,1,51.23,51.23,4,7.5,4,0.36,6,Women,Mixed,0.385,0.629,0,1
ZC005864,37.0,Female,USA,Tier 1,11,47,1,109.96,109.96,7,1.0,1,0.4,4,Women,Online,0.373,0.321,0,1
ZC005865,26.0,Female,Germany,Tier 1,48,7,6,460.0,76.67,6,5.8,3,0.232,6,Women,Store,0.342,0.071,0,1
ZC005866,16.0,Male,Spain,Tier 3,6,112,1,74.86,74.86,0,1.9,4,0.818,2,Women,Online,0.574,0.091,0,1
ZC005867,29.0,Male,Spain,Tier 2,15,114,1,102.02,102.02,0,3.4,1,0.253,2,Home,Online,0.363,0.302,0,0
ZC005868,45.0,Female,Other,Tier 1,14,24,1,50.95,50.95,9,3.9,3,0.148,8,Beauty,Online,0.307,0.352,0,0
ZC005869,37.0,Female,USA,Tier 1,26,56,3,171.05,57.02,10,3.8,4,0.553,6,Kids,Store,0.149,0.126,0,0
ZC005870,52.0,Female,UK,Tier 1,17,30,2,164.68,82.34,7,2.7,8,0.389,6,Men,Mixed,0.298,0.221,0,0
ZC005871,34.0,Female,USA,Tier 1,6,36,1,18.16,18.16,2,1.0,2,0.586,3,Men,Mixed,0.38,0.182,0,0
ZC005872,56.0,Female,Other,Tier 1,12,51,1,115.12,115.12,11,3.9,4,0.137,7,Home,Mixed,0.296,0.576,0,0
ZC005873,34.0,Female,UK,Tier 1,11,39,1,92.42,92.42,8,2.2,4,0.791,6,Women,Mixed,0.597,0.646,0,0
ZC005874,32.0,Male,USA,Tier 1,29,125,3,197.6,65.87,3,4.6,5,0.863,3,Kids,Store,0.448,0.493,0,0
ZC005875,19.0,Male,Germany,Tier 1,47,83,6,586.0,97.67,4,2.0,2,0.433,7,TRF,Store,0.312,0.28,0,0
ZC005876,43.0,Male,USA,Tier 2,40,37,1,94.66,94.66,5,1.8,5,0.135,6,Men,Online,0.041,0.336,0,0
ZC005877,27.0,Male,USA,Tier 1,17,66,1,92.87,92.87,1,6.5,6,0.355,3,Men,Mixed,0.345,0.156,0,1
ZC005878,26.0,Female,Italy,Tier 3,35,105,5,502.73,100.55,2,7.8,4,0.583,4,Women,Store,0.38,0.05,0,0
ZC005879,45.0,Male,Other,Tier 1,35,25,4,352.8,88.2,7,13.7,5,,5,Women,Mixed,0.442,0.311,0,0
ZC005880,44.0,Male,Mexico,Tier 2,54,142,2,234.93,117.46,0,3.6,2,0.169,6,Women,Online,0.524,0.25,0,1
ZC005881,43.0,Female,Spain,Tier 2,1,32,1,54.15,54.15,5,7.4,1,0.269,2,Beauty,Mixed,0.245,0.293,0,0
ZC005882,28.0,Female,USA,Tier 2,13,214,2,89.3,44.65,2,4.9,3,0.265,4,Women,Online,0.341,0.27,0,1
ZC005883,31.0,Female,Mexico,Tier 2,28,67,4,205.97,51.49,4,8.0,1,0.159,2,Men,Mixed,0.4,0.169,0,0
ZC005884,31.0,Male,USA,Tier 1,10,8,1,84.08,84.08,5,14.7,0,0.512,3,Women,Mixed,0.24,0.31,0,0
ZC005885,40.0,Male,Italy,Tier 1,6,18,1,35.73,35.73,6,8.5,3,0.681,5,Men,Store,0.178,0.245,0,0
ZC005886,48.0,Male,UK,Tier 3,7,14,1,44.76,44.76,5,1.0,5,0.625,5,Kids,Store,0.44,0.465,0,0
ZC005887,36.0,Female,Other,Tier 1,24,81,2,157.39,78.69,1,6.5,6,0.473,1,Women,Store,0.568,0.5,0,0
ZC005888,52.0,Male,USA,Tier 2,11,23,1,76.35,76.35,3,1.0,6,0.308,5,Home,Online,0.527,0.138,0,0
ZC005889,41.0,Female,Other,Tier 3,7,67,1,82.44,82.44,1,4.4,4,0.38,3,Men,Mixed,0.39,0.38,0,0
ZC005890,30.0,Female,UK,Tier 1,48,77,6,638.56,106.43,1,4.3,3,0.215,1,Women,Online,0.285,0.284,0,0
ZC005891,40.0,Female,Italy,Tier 3,23,46,4,441.99,110.5,7,14.2,5,0.634,3,TRF,Online,0.53,0.273,0,0
ZC005892,49.0,Male,USA,Tier 1,43,164,3,263.21,87.74,1,3.2,4,0.474,7,TRF,Online,0.138,0.133,0,1
ZC005893,52.0,Male,France,Tier 1,14,71,1,49.25,49.25,3,5.1,6,0.713,3,Women,Mixed,0.308,0.514,0,0
ZC005894,44.0,Female,USA,Tier 2,32,5,1,67.36,67.36,5,4.8,3,0.356,4,Kids,Mixed,0.355,0.262,0,0
ZC005895,32.0,Female,Spain,Tier 2,8,72,1,56.45,56.45,0,7.3,3,0.122,7,Women,Online,0.625,0.104,0,1
ZC005896,30.0,Female,UK,Tier 1,11,45,3,225.05,75.02,2,6.6,1,0.501,8,Women,Store,0.632,0.171,1,0
ZC005897,38.0,Female,USA,Tier 1,13,138,1,57.6,57.6,0,2.7,2,0.544,7,Home,Store,0.625,0.639,0,1
ZC005898,49.0,Male,Other,Tier 2,11,89,1,86.32,86.32,1,1.0,2,0.495,1,Men,Mixed,0.247,0.259,0,0
ZC005899,36.0,Female,Mexico,Tier 2,7,38,5,304.53,60.91,5,1.3,4,0.554,1,Kids,Online,0.462,0.247,0,0
ZC005900,37.0,Female,Italy,Tier 2,12,26,1,50.8,50.8,7,8.6,2,0.297,1,Women,Online,0.326,0.114,0,1
ZC005901,33.0,Female,UK,Tier 1,5,128,1,51.77,51.77,2,3.2,4,0.563,7,Men,Online,0.223,0.211,0,1
ZC005902,29.0,Male,USA,Tier 1,19,67,3,360.35,120.12,0,5.9,2,0.714,7,Home,Online,0.11,0.174,0,0
ZC005903,30.0,Male,USA,Tier 1,38,196,5,280.35,56.07,1,2.9,0,0.15,2,Men,Online,0.257,0.284,0,1
ZC005904,33.0,Female,USA,Tier 1,10,53,1,111.96,111.96,7,2.1,4,0.182,2,Women,Store,0.296,0.253,0,0
ZC005905,49.0,Female,France,Tier 2,16,156,4,316.07,79.02,2,17.0,7,0.535,5,TRF,Online,0.638,0.104,0,1
ZC005906,30.0,Male,Mexico,Tier 1,35,55,1,71.37,71.37,9,6.1,2,0.556,8,Women,Mixed,0.223,0.298,0,0
ZC005907,33.0,Female,USA,Tier 1,49,33,7,591.42,84.49,3,10.9,4,0.17,4,Women,Store,0.33,0.328,0,0
ZC005908,23.0,Female,Spain,Tier 3,34,62,5,323.99,64.8,2,3.0,0,0.25,7,Women,Store,0.382,0.198,0,0
ZC005909,39.0,Female,Spain,Tier 1,19,233,2,138.17,69.08,0,13.3,4,0.076,4,Women,Mixed,0.068,0.383,0,1
ZC005910,46.0,Male,UK,Tier 2,26,41,1,100.74,100.74,5,1.5,2,0.112,2,Women,Online,0.132,0.307,0,0
ZC005911,48.0,Male,Spain,Tier 1,28,20,4,170.61,42.65,4,4.2,6,0.423,4,Men,Mixed,0.265,0.122,0,0
ZC005912,34.0,Female,UK,Tier 1,26,59,3,204.03,68.01,6,1.6,3,0.309,4,Women,Store,0.454,0.538,0,0
ZC005913,38.0,Female,Spain,Tier 2,11,165,1,73.86,73.86,2,3.7,1,,2,Beauty,Online,0.491,0.47,0,1
ZC005914,30.0,Female,Spain,Tier 3,31,33,4,379.87,94.97,4,1.0,1,0.73,5,Women,Mixed,0.271,0.548,0,0
ZC005915,37.0,Female,Italy,Tier 2,37,400,1,76.4,76.4,0,1.0,4,0.69,6,Women,Mixed,0.12,0.263,0,0
ZC005916,35.0,Female,Other,Tier 1,2,4,1,70.26,70.26,1,2.8,0,0.455,8,Women,Mixed,0.151,0.317,0,0
ZC005917,33.0,Female,USA,Tier 1,13,78,2,199.05,99.52,1,6.9,3,0.592,4,Men,Online,0.131,0.239,0,0
ZC005918,33.0,Female,USA,Tier 2,25,52,3,119.62,39.87,5,5.7,1,0.261,1,Women,Mixed,0.513,0.146,0,0
ZC005919,37.0,Female,USA,Tier 2,21,26,4,448.4,112.1,5,4.1,3,0.353,1,Men,Online,0.287,0.388,0,0
ZC005920,29.0,Female,Mexico,Tier 1,25,204,1,64.08,64.08,1,7.1,8,0.355,2,Men,Online,0.155,0.501,0,1
ZC005921,30.0,Female,France,Tier 1,8,72,1,105.61,105.61,1,3.5,5,0.06,2,Women,Mixed,0.437,0.033,1,0
ZC005922,49.0,Male,France,Tier 1,2,178,1,98.85,98.85,3,1.0,4,0.225,3,Women,Mixed,0.146,0.398,0,1
ZC005923,59.0,Female,France,Tier 1,20,21,3,186.52,62.17,9,3.2,1,0.097,3,Men,Store,0.426,0.182,0,0
ZC005924,20.0,Male,Other,Tier 3,17,51,1,95.62,95.62,6,1.1,2,0.509,8,Women,Online,0.26,0.369,0,0
ZC005925,19.0,Male,Spain,Tier 1,37,12,1,69.64,69.64,6,4.0,2,0.379,4,Women,Online,0.22,0.286,0,0
ZC005926,22.0,Male,USA,Tier 1,25,171,1,58.33,58.33,3,8.7,4,0.584,7,Women,Online,0.126,0.418,0,1
ZC005927,31.0,Female,UK,Tier 3,2,25,1,79.94,79.94,6,3.4,5,0.354,4,Women,Online,0.137,0.251,0,0
ZC005928,41.0,Female,France,Tier 3,25,16,1,89.54,89.54,8,2.1,4,0.428,2,Women,Online,0.578,0.742,0,0
ZC005929,38.0,Female,Spain,Tier 3,44,140,1,58.76,58.76,3,3.3,4,,8,Women,Store,0.144,0.399,1,1
ZC005930,34.0,Female,Other,Tier 2,36,181,4,170.99,42.75,2,3.1,1,0.366,5,Women,Store,0.546,0.077,0,0
ZC005931,37.0,Female,Italy,Tier 3,25,49,1,81.85,81.85,5,2.5,3,0.61,6,Home,Online,0.428,0.408,0,0
ZC005932,25.0,Female,Other,Tier 1,12,150,3,362.02,120.67,3,1.3,4,0.183,1,Women,Online,0.341,0.317,0,1
ZC005933,30.0,Female,Other,Tier 3,16,73,6,420.07,70.01,0,3.7,1,0.578,7,Kids,Mixed,0.532,0.185,0,0
ZC005934,32.0,Male,France,Tier 1,15,82,1,93.16,93.16,4,4.7,7,0.258,1,Women,Store,0.142,0.154,0,0
ZC005935,16.0,Female,Other,Tier 1,28,15,3,286.01,95.34,5,11.6,2,0.363,8,Women,Mixed,0.363,0.286,0,0
ZC005936,20.0,Male,Italy,Tier 1,27,20,3,261.12,87.04,6,1.0,3,0.452,6,Home,Online,0.285,0.334,0,0
ZC005937,21.0,Male,USA,Tier 1,19,115,1,65.01,65.01,0,8.5,4,0.715,5,Men,Store,0.191,0.219,0,0
ZC005938,40.0,Female,Germany,Tier 2,34,38,1,64.38,64.38,6,1.0,3,0.182,4,Women,Mixed,0.292,0.388,0,0
ZC005939,34.0,Female,Other,Tier 3,10,4,1,72.87,72.87,6,2.4,5,0.397,8,Kids,Mixed,0.318,0.252,0,0
ZC005940,38.0,Female,Mexico,Tier 1,32,78,2,107.78,53.89,4,4.8,1,0.117,7,Kids,Store,0.489,0.535,0,0
ZC005941,16.0,Male,Italy,Tier 2,50,52,9,892.94,99.22,6,10.0,2,0.515,5,Kids,Online,0.399,0.266,0,0
ZC005942,17.0,Male,USA,Tier 2,41,30,4,233.76,58.44,3,14.4,5,0.183,6,Kids,Mixed,0.18,0.522,0,0
ZC005943,39.0,Male,Other,Tier 1,32,6,1,83.18,83.18,7,10.5,5,0.608,3,TRF,Mixed,0.72,0.165,0,0
ZC005944,16.0,Male,UK,Tier 2,12,46,1,64.46,64.46,6,11.1,6,0.116,5,TRF,Store,0.263,0.497,0,0
ZC005945,44.0,Female,Germany,Tier 1,23,49,1,52.18,52.18,11,7.2,3,0.144,1,Women,Store,0.238,0.487,1,0
ZC005946,16.0,Male,Italy,Tier 1,28,56,1,73.24,73.24,2,4.0,3,0.598,8,Women,Online,0.354,0.846,0,0
ZC005947,40.0,Male,France,Tier 1,22,100,1,78.65,78.65,2,1.4,2,0.312,6,Beauty,Store,0.193,0.154,0,0
ZC005948,23.0,Male,USA,Tier 3,28,73,3,157.93,52.64,0,16.3,6,0.454,6,Men,Mixed,0.173,0.299,1,0
ZC005949,42.0,Female,Italy,Tier 1,59,7,4,217.7,54.42,5,2.7,7,0.273,4,Men,Mixed,0.207,0.225,0,0
ZC005950,64.0,Female,USA,Tier 1,40,93,2,102.47,51.24,3,6.3,5,0.349,8,Home,Online,0.664,0.186,0,1
ZC005951,16.0,Female,USA,Tier 2,53,86,6,425.2,70.87,1,10.3,4,0.309,8,Men,Mixed,0.386,0.494,0,0
ZC005952,39.0,Female,Spain,Tier 2,39,72,1,40.39,40.39,2,2.5,5,0.232,7,Women,Store,0.145,0.611,0,1
ZC005953,16.0,Female,Germany,Tier 3,16,31,2,121.81,60.9,8,7.9,6,0.701,2,Women,Store,0.145,0.179,0,0
ZC005954,36.0,Male,Spain,Tier 1,8,120,1,27.39,27.39,2,4.0,4,0.268,4,Women,Mixed,0.484,0.342,0,0
ZC005955,30.0,Male,USA,Tier 2,15,193,3,137.1,45.7,3,4.3,5,0.491,4,Men,Store,0.323,0.587,0,1
ZC005956,33.0,Female,Other,Tier 2,21,47,2,137.17,68.58,10,1.0,7,0.621,5,Men,Store,0.067,0.329,0,0
ZC005957,23.0,Female,UK,Tier 1,37,13,3,227.67,75.89,9,1.7,6,0.272,7,Men,Store,0.239,0.674,0,0
ZC005958,,Female,Other,Tier 2,33,20,2,166.58,83.29,3,5.2,5,0.156,8,Women,Store,0.517,0.028,0,0
ZC005959,18.0,Male,France,Tier 1,10,16,2,155.5,77.75,8,14.3,3,0.519,5,Women,Mixed,0.481,0.057,0,0
ZC005960,44.0,Male,USA,Tier 2,22,70,1,65.76,65.76,3,5.4,2,0.647,6,Home,Online,0.151,0.248,0,0
ZC005961,28.0,Female,Mexico,Tier 1,44,75,6,670.06,111.68,0,9.8,8,0.875,6,Kids,Mixed,0.24,0.528,0,0
ZC005962,18.0,Female,USA,Tier 1,10,26,1,75.25,75.25,4,1.5,3,0.465,2,Beauty,Mixed,0.1,0.73,0,0
ZC005963,48.0,Female,Other,Tier 3,18,72,2,86.88,43.44,2,4.6,5,0.353,6,TRF,Store,0.415,0.215,0,0
ZC005964,31.0,Female,USA,Tier 3,15,67,3,340.29,113.43,0,6.3,3,0.236,2,Men,Store,0.142,0.35,0,0
ZC005965,51.0,Female,Other,Tier 1,35,28,1,62.94,62.94,8,5.8,4,0.142,1,Kids,Mixed,0.057,0.308,0,0
ZC005966,44.0,Female,France,Tier 2,54,56,5,329.36,65.87,8,10.0,5,0.763,1,Women,Store,0.24,0.397,0,0
ZC005967,24.0,Female,Other,Tier 3,14,384,1,101.38,101.38,1,1.5,6,0.224,7,Women,Store,0.405,0.432,0,1
ZC005968,31.0,Female,USA,Tier 1,12,57,1,71.53,71.53,7,3.3,6,0.272,3,Women,Mixed,0.478,0.178,0,0
ZC005969,33.0,Female,Germany,Tier 2,7,16,1,109.96,109.96,6,2.6,2,0.387,7,Women,Mixed,0.572,0.576,0,0
ZC005970,47.0,Male,Spain,Tier 1,20,39,6,414.17,69.03,9,3.7,4,0.264,5,Beauty,Store,0.484,0.229,0,0
ZC005971,36.0,Female,Mexico,Tier 2,36,138,2,173.65,86.82,0,2.4,3,0.366,2,Men,Store,0.235,0.25,0,0
ZC005972,34.0,Female,USA,Tier 1,4,35,1,78.92,78.92,8,10.3,3,0.358,2,Kids,Online,0.057,0.249,0,0
ZC005973,30.0,Male,UK,Tier 2,18,48,3,241.4,80.47,5,1.0,3,0.808,8,Kids,Mixed,0.2,0.194,0,0
ZC005974,31.0,Female,Germany,Tier 1,25,173,1,109.96,109.96,7,4.6,1,0.545,5,Men,Online,0.214,0.311,0,0
ZC005975,45.0,Female,UK,Tier 1,33,16,1,83.31,83.31,8,3.5,5,0.211,7,Women,Online,0.175,0.5,0,0
ZC005976,32.0,Female,Mexico,Tier 2,24,65,4,165.04,41.26,0,4.3,4,0.391,6,Women,Mixed,0.254,0.05,0,0
ZC005977,28.0,Male,Italy,Tier 1,8,39,2,154.1,77.05,7,12.0,6,0.469,3,TRF,Store,0.313,0.324,0,0
ZC005978,26.0,Female,Spain,Tier 3,12,79,1,97.28,97.28,1,6.7,4,0.525,5,Kids,Mixed,0.395,0.417,0,0
ZC005979,26.0,Female,Mexico,Tier 1,47,38,1,22.79,22.79,5,6.4,3,0.41,6,Men,Store,0.477,0.088,0,0
ZC005980,18.0,Female,UK,Tier 1,30,10,1,66.06,66.06,6,7.0,2,0.291,1,Men,Online,0.157,0.53,0,0
ZC005981,24.0,Male,Germany,Tier 2,14,14,2,188.54,94.27,6,7.5,5,0.471,4,Women,Mixed,0.321,0.139,0,0
ZC005982,47.0,Female,USA,Tier 1,18,161,1,77.28,77.28,0,4.9,1,0.348,5,Men,Store,0.363,0.674,0,1
ZC005983,30.0,Female,UK,Tier 2,9,62,2,146.22,73.11,2,6.5,3,0.4,7,Men,Store,0.414,0.081,0,0
ZC005984,,Female,Mexico,Tier 1,4,45,3,301.21,100.4,6,5.1,3,0.564,7,Home,Online,0.315,0.423,0,0
ZC005985,16.0,Female,Other,Tier 2,19,198,5,697.97,139.59,2,2.0,2,0.308,6,Men,Store,0.427,0.557,0,0
ZC005986,38.0,Female,Other,Tier 2,12,81,4,240.88,60.22,2,13.6,2,0.606,7,Women,Online,0.476,0.274,1,0
ZC005987,30.0,Female,Italy,Tier 1,25,35,3,162.4,54.13,6,8.5,2,0.241,3,TRF,Online,0.745,0.055,0,0
ZC005988,27.0,Female,Spain,Tier 1,60,73,6,667.16,111.19,1,5.2,4,0.371,4,Men,Online,0.257,0.497,0,0
ZC005989,34.0,Female,UK,Tier 1,24,159,1,89.92,89.92,2,1.0,4,0.617,7,Home,Online,0.25,0.142,0,1
ZC005990,27.0,Male,USA,Tier 3,24,115,1,62.96,62.96,2,2.2,6,0.189,4,Kids,Online,0.321,0.508,0,0
ZC005991,16.0,Female,Italy,Tier 1,36,36,4,291.12,72.78,6,12.6,4,0.33,1,Women,Online,0.148,0.142,0,0
ZC005992,41.0,Female,USA,Tier 1,7,66,1,85.17,85.17,0,3.6,3,0.887,2,Women,Online,0.456,0.512,0,0
ZC005993,34.0,Male,Other,Tier 1,28,47,1,105.94,105.94,4,2.5,4,0.509,6,Women,Online,0.619,0.405,0,1
ZC005994,29.0,Male,USA,Tier 2,9,324,5,496.37,99.27,1,1.8,1,0.682,3,Women,Online,0.148,0.047,0,1
ZC005995,22.0,Female,Spain,Tier 1,35,113,1,59.46,59.46,5,3.5,2,0.212,3,Kids,Store,0.142,0.707,0,0
ZC005996,17.0,Male,Other,Tier 1,24,21,2,139.06,69.53,7,6.1,4,0.348,7,Men,Mixed,0.168,0.212,0,0
ZC005997,34.0,Female,USA,Tier 3,7,120,1,129.7,129.7,1,5.8,7,0.392,4,Women,Online,0.136,0.476,0,1
ZC005998,48.0,Male,Spain,Tier 3,25,6,1,80.06,80.06,5,2.4,1,0.584,2,Men,Mixed,0.615,0.204,0,0
ZC005999,34.0,Female,France,Tier 3,6,5,1,101.34,101.34,6,5.2,3,0.501,7,Women,Mixed,0.695,0.129,1,0
ZC006000,18.0,Female,Other,Tier 2,7,67,1,93.28,93.28,0,2.0,3,0.171,2,Women,Store,0.124,0.346,0,0
ZC006001,34.0,Male,USA,Tier 1,5,66,1,59.3,59.3,0,8.2,5,0.092,4,Women,Online,0.081,0.425,0,0
ZC006002,31.0,Female,UK,Tier 1,37,69,2,104.2,52.1,2,12.7,4,0.508,7,TRF,Online,0.467,0.241,0,0
ZC006003,41.0,Male,USA,Tier 1,26,97,1,61.36,61.36,0,5.6,6,0.529,1,Women,Store,0.316,0.534,0,0
ZC006004,38.0,Female,France,Tier 2,21,42,1,93.25,93.25,7,7.4,1,0.809,2,Kids,Store,0.175,0.402,0,0
ZC006005,16.0,Female,USA,Tier 1,10,124,1,85.6,85.6,0,3.7,5,0.395,5,Women,Store,0.452,0.125,0,0
ZC006006,37.0,Male,Germany,Tier 1,28,37,1,50.19,50.19,8,9.3,1,0.614,7,Women,Store,0.25,0.235,0,0
ZC006007,22.0,Female,UK,Tier 2,22,70,3,174.7,58.23,1,9.3,3,0.418,1,Home,Store,0.41,0.204,0,0
ZC006008,18.0,Male,Other,Tier 2,13,25,1,125.86,125.86,4,6.1,4,0.743,3,Men,Store,0.314,0.46,0,0
ZC006009,30.0,Male,Italy,Tier 1,23,47,2,109.61,54.8,2,3.2,4,0.233,5,Women,Online,0.242,0.204,0,0
ZC006010,36.0,Female,Italy,Tier 3,26,35,3,222.79,74.26,4,5.3,5,0.099,8,Women,Mixed,0.117,0.338,0,0
ZC006011,16.0,Female,France,Tier 1,8,48,1,101.44,101.44,3,4.9,7,0.513,6,Men,Online,0.205,0.248,0,0
ZC006012,39.0,Female,USA,Tier 2,43,101,1,75.58,75.58,1,11.0,3,0.329,2,Kids,Store,0.174,0.428,0,0
ZC006013,40.0,Female,USA,Tier 3,17,121,1,28.84,28.84,2,11.0,3,0.454,5,Men,Store,0.16,0.525,0,1
ZC006014,32.0,Female,France,Tier 1,27,134,1,51.57,51.57,2,2.9,2,0.122,6,Kids,Online,0.097,0.444,0,1
ZC006015,23.0,Female,USA,Tier 3,16,37,1,53.67,53.67,4,5.4,1,0.338,1,Women,Store,0.737,0.245,0,1
ZC006016,22.0,Male,Spain,Tier 2,25,78,5,214.67,42.93,1,1.5,6,0.264,7,Kids,Mixed,0.451,0.298,0,0
ZC006017,42.0,Female,UK,Tier 3,15,25,5,572.03,114.41,5,2.3,4,0.696,1,Men,Online,0.153,0.621,0,0
ZC006018,17.0,Male,Spain,Tier 1,15,96,2,163.38,81.69,2,9.2,3,0.393,3,Men,Store,0.424,0.668,0,1
ZC006019,,Female,USA,Tier 1,14,9,1,109.91,109.91,4,2.1,4,0.302,5,Kids,Online,0.349,0.267,0,0
ZC006020,30.0,Female,France,Tier 1,21,225,1,66.08,66.08,0,9.3,5,0.598,4,Men,Online,0.121,0.265,0,0
ZC006021,31.0,Female,Mexico,Tier 2,31,28,2,164.98,82.49,4,1.4,3,0.479,5,Women,Mixed,0.678,0.551,0,0
ZC006022,16.0,Female,USA,Tier 1,31,83,1,102.48,102.48,1,20.8,4,0.598,6,Women,Online,0.126,0.129,0,0
ZC006023,31.0,Female,Mexico,Tier 1,30,374,5,193.51,38.7,1,1.3,5,0.193,6,Men,Online,0.312,0.493,0,1
ZC006024,38.0,Female,Spain,Tier 3,23,41,1,110.25,110.25,8,8.4,5,0.705,4,Beauty,Mixed,0.517,0.173,0,0
ZC006025,19.0,Male,Other,Tier 1,13,85,2,194.67,97.34,1,3.1,4,0.417,2,Men,Online,0.312,0.535,0,0
ZC006026,37.0,Male,France,Tier 1,2,10,1,82.55,82.55,2,1.3,1,0.516,7,Women,Online,0.415,0.116,0,0
ZC006027,33.0,Female,UK,Tier 2,30,78,1,66.94,66.94,2,1.0,4,0.174,3,Men,Store,0.276,0.418,0,0
ZC006028,26.0,Male,Germany,Tier 1,21,16,1,43.8,43.8,4,4.9,1,0.674,1,Men,Mixed,0.513,0.126,0,0
ZC006029,41.0,Male,UK,Tier 1,12,53,2,163.81,81.9,4,6.8,5,0.197,4,Women,Online,0.27,0.183,0,0
ZC006030,16.0,Female,UK,Tier 1,17,7,4,501.81,125.45,7,1.9,4,0.465,7,Men,Mixed,0.437,0.145,1,1
ZC006031,35.0,Male,UK,Tier 1,33,76,3,239.02,79.67,0,6.8,1,0.407,5,Home,Online,0.438,0.662,0,0
ZC006032,48.0,Female,Other,Tier 1,8,45,2,187.17,93.58,3,6.5,1,0.384,4,Women,Store,0.275,0.295,0,1
ZC006033,46.0,Female,Other,Tier 2,45,43,1,81.62,81.62,4,1.0,7,0.189,5,Women,Store,0.201,0.233,0,0
ZC006034,36.0,Female,France,Tier 1,60,6,5,379.88,75.98,9,4.3,4,0.308,2,Women,Online,0.289,0.266,0,0
ZC006035,29.0,Male,Other,Tier 1,13,67,1,88.63,88.63,2,6.0,0,0.344,7,Women,Store,0.505,0.232,0,1
ZC006036,26.0,Male,Spain,Tier 3,15,44,3,320.33,106.78,16,4.2,3,0.312,7,Women,Online,0.327,0.553,0,0
ZC006037,29.0,Male,France,Tier 2,16,27,1,82.31,82.31,13,6.4,3,0.112,3,Home,Online,0.388,0.579,0,0
ZC006038,37.0,Male,UK,Tier 2,13,19,5,402.12,80.42,2,12.8,4,0.091,1,Home,Store,0.321,0.559,1,0
ZC006039,24.0,Female,USA,Tier 3,55,92,4,217.7,54.42,0,9.4,4,0.326,1,Women,Store,0.48,0.261,0,0
ZC006040,40.0,Female,Other,Tier 1,16,71,1,86.89,86.89,1,5.1,3,0.862,1,Women,Mixed,0.103,0.352,0,0
ZC006041,53.0,Female,Other,Tier 2,7,58,1,80.01,80.01,4,6.3,2,0.151,7,Men,Mixed,0.237,0.086,0,0
ZC006042,,Female,Other,Tier 3,22,274,1,76.28,76.28,2,2.1,5,,6,Kids,Online,0.568,0.152,0,1
ZC006043,19.0,Female,Germany,Tier 2,10,131,3,280.15,93.38,0,1.4,1,0.374,7,Men,Store,0.372,0.484,0,1
ZC006044,19.0,Male,UK,Tier 1,6,93,1,74.39,74.39,2,4.9,1,0.364,5,Kids,Mixed,0.204,0.255,0,0
ZC006045,40.0,Male,Mexico,Tier 2,11,59,3,248.89,82.96,3,1.2,3,0.064,2,Men,Store,0.221,0.512,0,0
ZC006046,31.0,Female,Spain,Tier 1,12,87,1,77.72,77.72,0,2.8,2,0.107,5,Men,Mixed,0.213,0.447,0,0
ZC006047,41.0,Male,Other,Tier 1,17,201,4,291.7,72.92,3,3.3,4,0.402,5,Women,Online,0.135,0.414,0,1
ZC006048,27.0,Male,Spain,Tier 2,4,9,1,92.04,92.04,8,3.3,6,0.77,6,Home,Store,0.27,0.507,0,0
ZC006049,40.0,Female,Mexico,Tier 1,52,73,3,69.07,23.02,1,6.1,2,0.36,6,Men,Store,0.427,0.183,0,0
ZC006050,30.0,Female,Italy,Tier 1,24,84,3,273.18,91.06,4,5.8,5,0.376,1,Women,Mixed,0.352,0.283,0,0
ZC006051,25.0,Male,Spain,Tier 1,29,17,7,378.46,54.07,6,3.5,3,0.163,6,Men,Online,0.103,0.19,0,0
ZC006052,28.0,Male,Spain,Tier 1,20,61,2,179.53,89.76,1,2.4,3,0.468,7,Women,Online,0.197,0.396,1,1
ZC006053,20.0,Female,UK,Tier 1,40,103,1,39.66,39.66,1,3.7,3,0.379,7,Women,Store,0.311,0.233,0,0
ZC006054,52.0,Female,USA,Tier 2,14,95,1,72.2,72.2,0,5.9,7,0.296,2,Beauty,Store,0.395,0.404,0,1
ZC006055,31.0,Female,Other,Tier 2,20,57,4,389.39,97.35,11,15.1,4,0.374,4,Home,Online,0.28,0.139,0,0
ZC006056,38.0,Female,USA,Tier 2,9,71,4,282.44,70.61,1,6.1,7,0.59,8,Men,Online,0.32,0.704,0,0
ZC006057,27.0,Female,UK,Tier 1,17,62,4,248.0,62.0,4,5.1,3,0.368,4,Men,Mixed,0.444,0.316,0,0
ZC006058,21.0,Female,USA,Tier 1,19,11,2,205.4,102.7,5,7.0,2,0.157,4,Men,Mixed,0.104,0.145,0,0
ZC006059,30.0,Female,Spain,Tier 3,10,38,1,47.97,47.97,11,5.5,5,0.497,5,Women,Mixed,0.323,0.359,0,0
ZC006060,43.0,Female,USA,Tier 1,24,61,3,216.32,72.11,2,1.9,8,0.428,1,Men,Online,0.493,0.573,0,0
ZC006061,27.0,Female,Other,Tier 1,25,35,3,210.05,70.02,8,7.7,4,0.253,6,Home,Mixed,0.376,0.669,0,0
ZC006062,23.0,Female,Italy,Tier 3,29,102,6,557.41,92.9,0,4.0,2,0.225,7,Women,Store,0.198,0.146,0,1
ZC006063,34.0,Female,Other,Tier 1,25,8,3,222.47,74.16,3,4.2,4,0.39,1,Men,Store,0.303,0.279,0,0
ZC006064,37.0,Male,UK,Tier 1,18,38,3,255.23,85.08,11,7.0,3,0.822,3,TRF,Online,0.41,0.278,0,0
ZC006065,48.0,Female,USA,Tier 1,33,43,2,125.54,62.77,7,2.2,4,0.367,7,Men,Mixed,0.243,0.263,0,0
ZC006066,36.0,Female,Spain,Tier 2,20,102,1,82.55,82.55,1,1.0,3,0.208,4,Women,Online,0.576,0.481,0,1
ZC006067,38.0,Female,France,Tier 1,3,62,1,71.16,71.16,3,7.2,5,0.283,7,TRF,Online,0.364,0.312,0,0
ZC006068,39.0,Male,Spain,Tier 2,6,65,1,74.76,74.76,1,1.0,6,0.694,4,Women,Online,0.238,0.223,0,0
ZC006069,20.0,Female,Spain,Tier 2,9,58,1,76.7,76.7,4,4.7,2,0.253,6,Women,Online,0.648,0.049,0,0
ZC006070,22.0,Female,Germany,Tier 2,11,21,2,111.76,55.88,9,9.2,4,0.33,1,Men,Store,0.386,0.602,0,0
ZC006071,21.0,Male,USA,Tier 1,24,65,1,94.39,94.39,0,4.2,3,0.379,6,Men,Online,0.525,0.279,0,1
ZC006072,19.0,Male,France,Tier 1,41,70,4,179.28,44.82,0,7.3,1,0.365,8,Men,Store,0.44,0.148,0,0
ZC006073,40.0,Female,France,Tier 2,26,43,4,391.28,97.82,6,2.2,1,0.379,4,Men,Mixed,0.276,0.264,0,0
ZC006074,35.0,Female,Italy,Tier 3,23,86,2,135.54,67.77,4,5.4,3,0.571,4,Men,Store,0.295,0.456,0,0
ZC006075,33.0,Male,UK,Tier 1,4,27,1,27.91,27.91,10,2.5,7,0.359,1,Women,Store,0.295,0.391,1,0
ZC006076,16.0,Male,Italy,Tier 1,2,41,1,76.06,76.06,5,4.7,4,0.347,1,Men,Mixed,0.508,0.529,0,1
ZC006077,53.0,Male,USA,Tier 2,44,156,3,376.27,125.42,3,3.9,6,0.54,4,Kids,Store,0.061,0.108,0,0
ZC006078,23.0,Male,Spain,Tier 2,14,29,5,430.8,86.16,8,1.4,6,0.091,7,Women,Store,0.28,0.425,0,0
ZC006079,53.0,Male,USA,Tier 3,24,38,1,80.94,80.94,2,6.4,4,0.262,3,Women,Store,0.271,0.233,0,0
ZC006080,18.0,Male,Spain,Tier 2,26,73,1,63.38,63.38,2,1.0,5,0.286,4,Women,Store,0.601,0.139,0,1
ZC006081,24.0,Female,UK,Tier 1,60,178,7,1020.65,145.81,2,1.4,2,0.507,3,Women,Online,0.287,0.083,0,0
ZC006082,16.0,Male,Italy,Tier 2,53,114,3,358.93,119.64,3,8.4,3,0.568,8,Women,Store,0.172,0.776,1,0
ZC006083,36.0,Male,Mexico,Tier 3,60,70,7,878.32,125.47,0,1.6,4,0.447,4,Women,Mixed,0.531,0.52,0,0
ZC006084,21.0,Female,USA,Tier 1,29,56,1,106.09,106.09,5,5.3,6,0.927,3,Men,Mixed,0.564,0.389,0,0
ZC006085,21.0,Female,Spain,Tier 1,47,5,4,208.73,52.18,4,7.8,3,0.457,8,Men,Store,0.376,0.136,0,0
ZC006086,18.0,Female,USA,Tier 1,8,66,2,104.04,52.02,2,9.3,4,0.134,6,Women,Store,0.399,0.455,0,1
ZC006087,40.0,Male,Other,Tier 1,60,24,2,275.72,137.86,3,1.4,1,0.658,8,Women,Online,0.086,0.332,0,0
ZC006088,39.0,Female,USA,Tier 3,32,22,4,271.29,67.82,5,5.6,3,0.375,1,Women,Online,0.343,0.309,0,0
ZC006089,50.0,Female,UK,Tier 1,16,15,3,164.47,54.82,8,2.1,6,0.396,1,Home,Store,0.128,0.488,0,0
ZC006090,25.0,Female,Spain,Tier 2,34,115,2,153.46,76.73,1,1.4,4,0.316,8,Women,Online,0.149,0.457,0,1
ZC006091,34.0,Female,Mexico,Tier 1,41,33,6,285.76,47.63,2,3.0,3,0.29,3,Women,Store,0.123,0.4,1,0
ZC006092,19.0,Female,UK,Tier 1,27,13,2,182.26,91.13,9,6.0,4,0.247,8,Women,Mixed,0.089,0.074,0,0
ZC006093,29.0,Female,Spain,Tier 2,1,47,1,68.29,68.29,8,5.9,3,0.254,5,Women,Store,0.251,0.425,0,0
ZC006094,27.0,Female,UK,Tier 1,42,165,5,436.46,87.29,1,1.1,5,0.837,3,Women,Store,0.344,0.342,0,1
ZC006095,37.0,Female,Italy,Tier 2,18,19,4,224.96,56.24,10,6.9,2,0.318,8,Kids,Store,0.59,0.225,0,0
ZC006096,42.0,Female,UK,Tier 1,27,183,1,48.58,48.58,1,1.6,5,0.131,4,Men,Mixed,0.584,0.065,1,1
ZC006097,42.0,Female,Other,Tier 2,9,78,1,62.31,62.31,0,11.2,7,0.242,6,Kids,Mixed,0.443,0.341,0,0
ZC006098,24.0,Female,Other,Tier 3,16,181,1,95.21,95.21,1,2.5,2,0.491,1,Kids,Online,0.411,0.144,0,1
ZC006099,42.0,Male,France,Tier 1,14,46,2,115.38,57.69,3,14.6,3,0.374,6,Men,Online,0.234,0.295,0,0
ZC006100,32.0,Male,Other,Tier 1,8,108,1,91.4,91.4,1,9.8,6,0.547,8,Women,Store,0.202,0.42,0,1
ZC006101,29.0,Male,Mexico,Tier 2,3,228,1,84.15,84.15,4,4.3,5,0.265,6,Women,Online,0.483,0.096,0,1
ZC006102,25.0,Female,USA,Tier 1,16,32,5,502.7,100.54,5,3.1,3,0.704,2,Men,Store,0.399,0.639,0,0
ZC006103,26.0,Female,Mexico,Tier 1,9,49,2,121.11,60.56,4,9.7,3,0.7,1,Women,Online,0.548,0.493,0,1
ZC006104,49.0,Male,France,Tier 3,22,65,1,74.49,74.49,0,2.0,4,0.762,8,Kids,Online,0.09,0.026,0,0
ZC006105,35.0,Female,France,Tier 1,24,73,3,203.04,67.68,0,4.5,7,0.052,7,Women,Online,0.244,0.232,0,0
ZC006106,34.0,Female,France,Tier 2,53,1,4,264.41,66.1,5,7.4,7,0.617,2,Women,Mixed,0.251,0.21,0,0
ZC006107,29.0,Female,Mexico,Tier 1,13,84,3,189.75,63.25,1,3.7,1,0.222,8,Women,Mixed,0.525,0.308,1,1
ZC006108,56.0,Male,Other,Tier 2,41,68,6,559.46,93.24,1,5.0,3,0.538,1,TRF,Store,0.21,0.556,0,0
ZC006109,45.0,Female,USA,Tier 2,24,38,5,213.76,42.75,8,10.4,2,0.658,7,Men,Store,0.373,0.054,0,0
ZC006110,25.0,Female,Germany,Tier 1,26,333,3,232.46,77.49,0,4.2,3,0.356,4,Kids,Online,0.371,0.115,0,1
ZC006111,29.0,Female,Germany,Tier 2,21,129,2,139.22,69.61,1,3.2,7,0.102,7,Men,Online,0.506,0.51,0,1
ZC006112,30.0,Female,Other,Tier 1,37,185,5,239.16,47.83,3,1.0,3,0.51,1,TRF,Mixed,0.217,0.278,0,1
ZC006113,,Female,UK,Tier 1,21,42,5,165.38,33.08,5,1.3,8,0.738,1,Men,Store,0.474,0.554,0,0
ZC006114,25.0,Male,USA,Tier 2,21,32,1,70.71,70.71,5,6.3,6,0.417,4,Women,Store,0.274,0.143,0,0
ZC006115,36.0,Male,USA,Tier 3,9,89,4,257.53,64.38,2,2.7,2,0.633,8,Women,Store,0.285,0.409,0,0
ZC006116,47.0,Female,Spain,Tier 2,10,63,1,38.21,38.21,3,2.3,2,0.206,2,Kids,Store,0.549,0.138,0,1
ZC006117,19.0,Female,Spain,Tier 2,24,36,1,62.95,62.95,3,9.4,4,0.437,7,Kids,Store,0.283,0.473,1,0
ZC006118,21.0,Female,USA,Tier 1,15,37,2,142.0,71.0,7,2.5,2,0.414,7,Kids,Store,0.396,0.259,0,0
ZC006119,27.0,Female,Spain,Tier 2,6,11,1,86.87,86.87,10,2.9,5,0.756,8,Women,Store,0.184,0.552,0,0
ZC006120,28.0,Male,Other,Tier 2,14,132,1,62.04,62.04,3,5.9,2,0.081,3,Women,Mixed,0.1,0.273,0,1
ZC006121,52.0,Male,USA,Tier 1,33,113,2,224.96,112.48,0,1.0,7,0.646,3,Kids,Store,0.534,0.475,1,1
ZC006122,42.0,Female,USA,Tier 1,22,2,7,634.03,90.58,7,9.0,3,0.5,4,Men,Store,0.145,0.387,0,0
ZC006123,41.0,Male,Mexico,Tier 1,12,111,1,51.66,51.66,0,1.8,0,0.692,3,Home,Mixed,0.221,0.246,0,1
ZC006124,29.0,Female,USA,Tier 1,19,241,3,196.45,65.48,2,12.5,4,0.323,8,Women,Mixed,0.142,0.243,0,1
ZC006125,29.0,Female,Italy,Tier 2,35,117,2,55.3,27.65,0,10.2,9,0.296,4,Women,Online,0.307,0.043,0,1
ZC006126,17.0,Male,Other,Tier 1,9,30,1,94.33,94.33,9,2.6,1,0.148,7,Women,Online,0.511,0.446,0,0
ZC006127,40.0,Female,USA,Tier 2,8,73,1,69.66,69.66,1,3.6,3,0.536,2,Women,Online,0.308,0.325,0,0
ZC006128,37.0,Female,UK,Tier 3,22,6,2,242.82,121.41,5,7.2,5,0.844,2,TRF,Store,0.373,0.239,0,0
ZC006129,45.0,Male,USA,Tier 3,14,21,1,64.2,64.2,3,3.9,4,0.419,7,Women,Online,0.159,0.423,0,0
ZC006130,30.0,Female,UK,Tier 2,22,111,3,249.66,83.22,0,2.1,6,0.485,6,Men,Store,0.171,0.391,0,1
ZC006131,31.0,Female,Germany,Tier 3,20,20,6,478.65,79.77,7,9.5,1,0.538,3,Men,Online,0.131,0.158,0,0
ZC006132,34.0,Female,USA,Tier 1,22,45,2,217.58,108.79,7,11.5,4,0.428,6,Kids,Store,0.112,0.39,0,0
ZC006133,41.0,Female,UK,Tier 2,55,52,3,357.47,119.16,5,10.5,5,0.252,7,Beauty,Store,0.243,0.237,0,0
ZC006134,17.0,Female,France,Tier 2,7,108,1,67.3,67.3,3,7.4,1,0.423,6,Women,Online,0.484,0.092,0,0
ZC006135,39.0,Female,Spain,Tier 3,30,46,1,76.34,76.34,7,5.7,5,0.557,1,Men,Online,0.083,0.209,0,0
ZC006136,32.0,Female,USA,Tier 2,26,21,1,69.91,69.91,8,5.2,3,0.539,5,Home,Store,0.65,0.484,1,1
ZC006137,21.0,Female,France,Tier 1,29,75,1,127.27,127.27,1,8.6,4,0.459,4,TRF,Online,0.253,0.587,0,0
ZC006138,16.0,Female,Spain,Tier 2,4,13,2,187.51,93.76,2,3.4,2,0.583,8,Women,Store,0.201,0.358,0,0
ZC006139,31.0,Male,Italy,Tier 2,32,169,4,293.1,73.28,1,1.6,5,0.691,8,TRF,Mixed,0.167,0.381,0,1
ZC006140,46.0,Female,Other,Tier 1,16,12,1,85.12,85.12,5,5.3,5,0.333,7,Men,Store,0.086,0.043,0,0
ZC006141,49.0,Female,Mexico,Tier 2,21,117,1,103.53,103.53,0,2.7,7,0.683,4,Kids,Online,0.226,0.541,0,0
ZC006142,36.0,Male,USA,Tier 2,18,90,1,60.22,60.22,2,1.0,4,0.409,5,Home,Store,0.067,0.718,0,0
ZC006143,52.0,Female,UK,Tier 2,10,116,1,67.48,67.48,1,1.8,3,0.408,4,Men,Online,0.337,0.089,1,0
ZC006144,32.0,Female,Germany,Tier 3,17,18,4,186.42,46.6,3,3.0,2,0.181,5,Women,Mixed,0.306,0.315,0,0
ZC006145,42.0,Female,Italy,Tier 2,20,28,1,97.73,97.73,4,3.5,2,0.54,2,Women,Online,0.215,0.206,0,0
ZC006146,27.0,Female,Other,Tier 3,27,32,3,197.73,65.91,6,1.0,3,0.137,7,Men,Store,0.207,0.276,0,0
ZC006147,27.0,Male,France,Tier 1,24,45,3,141.22,47.07,7,6.8,3,0.101,1,Women,Mixed,0.387,0.539,0,0
ZC006148,25.0,Female,USA,Tier 1,18,12,3,312.58,104.19,9,5.2,5,0.764,3,Men,Mixed,0.321,0.091,0,0
ZC006149,16.0,Male,USA,Tier 1,20,54,3,228.75,76.25,4,4.4,3,0.415,1,Men,Store,0.174,0.455,0,0
ZC006150,45.0,Female,Other,Tier 1,20,55,4,106.48,26.62,8,7.1,2,0.686,8,Men,Mixed,0.269,0.086,0,0
ZC006151,26.0,Female,Germany,Tier 2,27,113,2,187.1,93.55,0,9.0,2,0.399,2,Women,Store,0.649,0.147,0,1
ZC006152,24.0,Female,Other,Tier 2,32,50,4,158.81,39.7,3,1.5,6,0.55,5,Women,Mixed,0.304,0.545,0,0
ZC006153,20.0,Female,Italy,Tier 1,34,5,1,61.64,61.64,5,15.5,1,0.621,5,Women,Online,0.259,0.182,0,0
ZC006154,30.0,Female,Other,Tier 1,15,8,1,76.32,76.32,8,4.8,0,0.163,3,Women,Store,0.376,0.256,0,0
ZC006155,50.0,Female,France,Tier 3,16,24,2,179.7,89.85,4,2.1,5,0.131,4,Women,Mixed,0.611,0.518,0,1
ZC006156,53.0,Female,Other,Tier 1,14,43,1,55.27,55.27,4,4.0,2,0.397,3,Women,Online,0.145,0.321,0,0
ZC006157,16.0,Male,Other,Tier 1,20,195,1,50.05,50.05,2,4.6,6,0.348,3,Women,Store,0.1,0.236,0,1
ZC006158,28.0,Male,Other,Tier 2,60,134,4,417.67,104.42,2,3.1,4,0.412,5,Home,Online,0.159,0.468,0,0
ZC006159,22.0,Female,Other,Tier 2,15,39,3,318.79,106.26,3,3.0,3,0.307,2,TRF,Mixed,0.307,0.568,0,0
ZC006160,42.0,Male,France,Tier 1,29,26,2,145.9,72.95,7,1.2,4,0.755,8,Women,Online,0.547,0.17,0,0
ZC006161,35.0,Female,Italy,Tier 1,29,55,2,134.62,67.31,5,3.4,1,,4,Women,Mixed,0.511,0.189,0,1
ZC006162,26.0,Female,France,Tier 1,25,55,3,195.07,65.02,2,1.2,10,0.42,5,Women,Mixed,0.222,0.214,0,1
ZC006163,33.0,Female,Mexico,Tier 1,4,50,1,66.68,66.68,6,2.3,6,0.315,1,Men,Online,0.151,0.46,0,1
ZC006164,27.0,Female,Mexico,Tier 1,18,12,4,296.43,74.11,5,2.8,4,0.456,6,Women,Online,0.232,0.1,0,0
ZC006165,48.0,Female,Mexico,Tier 1,26,34,4,401.81,100.45,7,7.1,3,0.605,5,Women,Mixed,0.591,0.122,0,0
ZC006166,37.0,Female,UK,Tier 1,11,32,2,76.19,38.1,5,9.0,1,0.349,8,Women,Mixed,0.497,0.037,0,0
ZC006167,39.0,Male,Mexico,Tier 1,4,71,1,73.83,73.83,1,20.4,4,0.29,6,TRF,Mixed,0.201,0.386,0,0
ZC006168,16.0,Female,Other,Tier 2,27,133,5,487.82,97.56,0,8.1,1,0.539,5,Women,Online,0.176,0.153,0,1
ZC006169,31.0,Male,Germany,Tier 1,32,32,6,466.31,77.72,6,1.5,5,0.116,8,Women,Online,0.186,0.251,1,0
ZC006170,53.0,Female,UK,Tier 1,18,67,1,57.86,57.86,1,4.1,0,0.682,7,Men,Mixed,0.328,0.472,0,0
ZC006171,45.0,Female,Other,Tier 1,13,0,1,104.22,104.22,5,13.1,2,0.37,5,Women,Mixed,0.318,0.536,0,0
ZC006172,16.0,Female,Mexico,Tier 1,45,64,3,174.78,58.26,6,4.9,1,0.145,8,Women,Store,0.59,0.212,0,0
ZC006173,29.0,Female,UK,Tier 2,33,17,1,55.06,55.06,7,1.5,3,0.716,5,Women,Mixed,0.335,0.137,0,0
ZC006174,20.0,Female,France,Tier 1,9,26,1,36.53,36.53,4,4.8,6,0.125,2,Women,Mixed,0.383,0.145,0,0
ZC006175,49.0,Male,Italy,Tier 3,21,70,1,95.73,95.73,0,7.6,3,0.113,1,Women,Store,0.338,0.215,0,0
ZC006176,34.0,Female,Italy,Tier 2,9,55,3,132.01,44.0,5,3.5,3,0.568,1,Women,Online,0.087,0.405,1,0
ZC006177,24.0,Female,USA,Tier 1,15,4,1,38.21,38.21,7,2.8,2,0.383,7,Men,Mixed,0.361,0.215,0,0
ZC006178,32.0,Male,USA,Tier 3,41,71,4,314.17,78.54,1,1.9,7,0.386,5,Kids,Mixed,0.14,0.501,0,0
ZC006179,16.0,Female,Other,Tier 1,41,190,2,101.82,50.91,1,1.9,3,0.361,2,Men,Mixed,0.278,0.582,0,1
ZC006180,21.0,Male,Other,Tier 1,13,11,4,347.07,86.77,5,6.7,2,0.39,3,Men,Mixed,0.504,0.279,0,0
ZC006181,32.0,Female,UK,Tier 1,28,32,2,171.16,85.58,6,2.4,7,0.397,1,Home,Mixed,0.431,0.193,0,0
ZC006182,40.0,Female,Other,Tier 2,9,43,3,246.0,82.0,3,6.1,4,0.631,6,Men,Store,0.221,0.092,0,0
ZC006183,16.0,Female,UK,Tier 2,60,40,5,254.2,50.84,1,1.1,7,0.58,8,Women,Online,0.175,0.135,0,0
ZC006184,28.0,Male,USA,Tier 2,4,110,1,90.24,90.24,1,13.8,1,0.173,1,Women,Store,0.282,0.135,0,1
ZC006185,42.0,Female,Italy,Tier 3,15,88,1,48.03,48.03,0,3.5,1,0.485,2,Beauty,Mixed,0.218,0.221,0,0
ZC006186,17.0,Female,Spain,Tier 3,28,64,6,629.97,105.0,0,4.1,4,0.475,8,Men,Mixed,0.216,0.46,0,0
ZC006187,34.0,Male,Spain,Tier 1,10,45,2,141.06,70.53,6,6.8,3,0.485,7,Women,Mixed,0.182,0.169,0,0
ZC006188,33.0,Male,Other,Tier 3,9,89,5,336.14,67.23,1,1.6,4,0.07,1,Men,Store,0.078,0.135,0,0
ZC006189,49.0,Female,France,Tier 1,19,4,5,417.11,83.42,8,7.8,2,0.362,8,Men,Store,0.134,0.389,0,0
ZC006190,30.0,Female,USA,Tier 3,12,211,1,111.55,111.55,0,4.2,2,0.225,4,Men,Online,0.432,0.334,0,0
ZC006191,30.0,Male,France,Tier 1,4,114,1,85.49,85.49,3,17.0,3,0.528,8,Women,Store,0.46,0.55,0,0
ZC006192,41.0,Female,France,Tier 1,19,125,4,246.75,61.69,2,3.2,4,0.537,1,Men,Store,0.655,0.347,0,1
ZC006193,19.0,Female,Germany,Tier 1,27,260,4,354.39,88.6,0,2.3,5,0.365,1,Women,Store,0.304,0.694,0,1
ZC006194,30.0,Female,USA,Tier 1,17,111,1,99.29,99.29,0,5.3,3,,7,TRF,Mixed,0.449,0.459,0,0
ZC006195,27.0,Female,UK,Tier 2,18,14,1,87.22,87.22,3,4.1,3,0.476,8,Men,Mixed,0.387,0.324,0,0
ZC006196,31.0,Female,France,Tier 1,25,60,1,72.42,72.42,1,7.6,3,0.457,6,Women,Online,0.24,0.383,0,0
ZC006197,40.0,Male,Germany,Tier 1,52,109,5,374.48,74.9,1,13.0,2,0.72,7,Home,Online,0.23,0.064,0,0
ZC006198,38.0,Female,Other,Tier 3,14,59,3,290.24,96.75,8,3.0,7,,1,TRF,Mixed,0.407,0.329,0,0
ZC006199,25.0,Male,UK,Tier 2,24,65,1,102.14,102.14,0,4.3,7,0.456,1,Men,Mixed,0.536,0.342,0,1
ZC006200,33.0,Male,Other,Tier 2,19,138,4,273.24,68.31,0,1.0,1,0.745,8,Men,Online,0.407,0.391,0,1
ZC006201,47.0,Female,Other,Tier 3,8,45,2,183.67,91.84,4,1.5,3,,1,Beauty,Online,0.129,0.097,1,0
ZC006202,24.0,Male,USA,Tier 1,31,163,4,343.98,86.0,0,1.9,2,0.54,4,Women,Online,0.454,0.245,0,0
ZC006203,33.0,Female,Spain,Tier 1,44,28,5,246.0,49.2,5,4.2,3,0.698,2,Kids,Online,0.088,0.002,0,0
ZC006204,30.0,Male,Germany,Tier 1,27,65,1,73.03,73.03,3,5.5,3,0.361,4,Men,Mixed,0.475,0.441,0,1
ZC006205,31.0,Female,Other,Tier 1,3,5,1,97.99,97.99,3,3.9,5,0.495,2,TRF,Online,0.293,0.551,0,0
ZC006206,16.0,Female,Spain,Tier 1,15,5,1,121.82,121.82,8,7.8,2,0.446,5,Women,Online,0.195,0.252,0,0
ZC006207,46.0,Female,USA,Tier 2,27,304,3,250.91,83.64,0,1.1,1,0.432,6,Kids,Store,0.163,0.405,0,1
ZC006208,24.0,Male,Italy,Tier 1,36,58,1,84.87,84.87,14,10.3,4,0.417,6,TRF,Store,0.572,0.091,0,0
ZC006209,42.0,Female,Mexico,Tier 2,5,44,1,73.04,73.04,8,14.7,5,0.811,1,Women,Mixed,0.372,0.374,0,0
ZC006210,26.0,Male,Spain,Tier 2,8,71,2,51.96,25.98,1,2.5,1,0.333,7,Women,Store,0.349,0.46,0,0
ZC006211,26.0,Female,USA,Tier 1,24,90,1,124.62,124.62,4,2.4,4,0.174,5,Men,Online,0.494,0.133,0,0
ZC006212,44.0,Female,USA,Tier 1,20,17,1,57.73,57.73,8,4.9,5,0.177,7,Women,Online,0.268,0.208,0,0
ZC006213,42.0,Female,Other,Tier 1,19,111,1,41.65,41.65,1,7.8,6,0.417,3,Men,Online,0.283,0.201,1,0
ZC006214,34.0,Female,Italy,Tier 2,50,35,4,364.69,91.17,7,2.2,2,0.8,8,Women,Mixed,0.215,0.394,0,0
ZC006215,40.0,Female,UK,Tier 1,53,288,6,400.68,66.78,0,7.2,3,0.232,4,Kids,Store,0.28,0.284,0,1
ZC006216,,Female,Other,Tier 2,10,66,1,134.93,134.93,2,4.1,4,0.449,7,Men,Online,0.2,0.148,0,0
ZC006217,32.0,Male,France,Tier 1,4,33,1,90.99,90.99,3,8.2,3,0.561,1,Women,Store,0.383,0.023,0,0
ZC006218,25.0,Male,Other,Tier 2,18,65,1,119.54,119.54,0,3.7,1,0.563,8,Home,Mixed,0.299,0.241,0,0
ZC006219,41.0,Female,USA,Tier 1,30,10,4,417.14,104.28,4,4.7,6,0.452,3,Women,Mixed,0.176,0.144,0,1
ZC006220,25.0,Female,Spain,Tier 1,38,80,4,255.58,63.9,0,11.3,3,0.36,3,Women,Online,0.184,0.187,0,0
ZC006221,47.0,Female,UK,Tier 1,15,91,3,371.65,123.88,0,5.1,3,0.539,5,Women,Online,0.458,0.046,0,1
ZC006222,29.0,Male,USA,Tier 2,11,46,4,518.89,129.72,5,1.0,3,0.561,6,Women,Online,0.669,0.394,0,0
ZC006223,32.0,Male,Other,Tier 1,25,1,2,204.42,102.21,5,5.0,3,0.422,2,Men,Mixed,0.589,0.231,0,0
ZC006224,40.0,Male,France,Tier 2,16,221,3,295.85,98.62,3,7.4,5,0.467,7,Women,Store,0.544,0.387,0,1
ZC006225,32.0,Male,USA,Tier 1,20,7,1,73.99,73.99,8,1.2,5,0.095,1,Women,Store,0.39,0.476,0,0
ZC006226,29.0,Female,Mexico,Tier 3,28,35,3,240.19,80.06,6,3.7,3,0.265,2,Men,Online,0.281,0.333,0,0
ZC006227,32.0,Female,France,Tier 3,17,105,1,78.58,78.58,2,1.6,4,0.613,5,Women,Store,0.15,0.067,0,0
ZC006228,,Male,France,Tier 1,6,86,1,106.25,106.25,0,7.8,3,0.58,5,Women,Store,0.497,0.166,0,0
ZC006229,25.0,Female,USA,Tier 1,11,23,1,104.47,104.47,10,4.3,4,0.412,8,Women,Online,0.054,0.412,0,0
ZC006230,31.0,Female,Other,Tier 2,12,22,1,72.61,72.61,9,8.6,4,0.504,4,Women,Online,0.416,0.458,0,0
ZC006231,32.0,Female,Germany,Tier 1,12,59,1,82.5,82.5,5,2.6,1,0.389,6,Women,Online,0.094,0.081,0,0
ZC006232,41.0,Male,Other,Tier 1,3,15,1,43.98,43.98,1,3.4,6,0.273,7,Women,Store,0.307,0.523,0,0
ZC006233,31.0,Male,Mexico,Tier 1,58,58,6,501.7,83.62,7,4.7,3,0.366,7,Men,Mixed,0.272,0.214,0,0
ZC006234,50.0,Male,France,Tier 2,8,113,1,82.93,82.93,1,6.2,2,0.323,7,TRF,Mixed,0.345,0.137,0,0
ZC006235,30.0,Female,Spain,Tier 1,31,32,2,181.46,90.73,7,2.2,1,0.42,6,Kids,Store,0.218,0.37,0,0
ZC006236,30.0,Female,Germany,Tier 3,10,48,1,89.74,89.74,3,2.6,1,0.763,6,Women,Online,0.524,0.422,0,1
ZC006237,30.0,Female,Spain,Tier 1,14,77,1,64.41,64.41,1,1.0,3,0.482,6,Women,Store,0.309,0.132,0,0
ZC006238,19.0,Male,Other,Tier 1,19,158,4,445.21,111.3,2,5.5,0,0.593,5,Women,Mixed,0.392,0.059,0,1
ZC006239,22.0,Female,USA,Tier 1,13,82,1,100.72,100.72,0,5.3,1,0.519,5,Men,Mixed,0.233,0.33,1,0
ZC006240,27.0,Male,USA,Tier 3,47,29,8,734.73,91.84,2,4.4,5,0.371,6,Women,Store,0.247,0.039,0,0
ZC006241,43.0,Female,France,Tier 3,60,128,6,485.3,80.88,3,1.5,1,0.353,2,Women,Online,0.337,0.434,0,0
ZC006242,32.0,Male,France,Tier 1,4,107,2,169.61,84.8,0,1.7,2,0.295,5,Women,Online,0.185,0.279,0,1
ZC006243,27.0,Male,Germany,Tier 2,37,124,2,191.87,95.94,3,3.9,4,0.307,7,Women,Store,0.437,0.466,0,1
ZC006244,44.0,Female,Mexico,Tier 1,21,39,3,242.43,80.81,7,8.3,3,0.224,7,Women,Store,0.268,0.302,0,0
ZC006245,48.0,Male,Mexico,Tier 1,15,145,3,135.37,45.12,0,7.3,4,0.456,2,Women,Online,0.622,0.138,0,1
ZC006246,45.0,Female,Other,Tier 1,33,32,3,222.78,74.26,4,4.2,3,0.474,1,Kids,Online,0.251,0.198,0,0
ZC006247,23.0,Male,UK,Tier 2,39,22,2,90.58,45.29,6,9.0,6,0.277,8,Kids,Online,0.23,0.472,0,0
ZC006248,27.0,Male,France,Tier 1,18,147,4,260.63,65.16,2,9.4,2,0.272,7,Kids,Store,0.277,0.14,0,0
ZC006249,50.0,Female,Other,Tier 2,44,56,7,792.41,113.2,8,5.3,5,0.877,4,Kids,Online,0.13,0.558,0,0
ZC006250,34.0,Female,USA,Tier 1,3,58,1,49.52,49.52,4,1.4,3,0.358,6,Men,Store,0.258,0.395,0,0
ZC006251,,Male,USA,Tier 3,30,16,1,39.98,39.98,8,9.9,3,0.258,3,Women,Store,0.355,0.252,0,0
ZC006252,39.0,Male,Spain,Tier 3,20,19,2,87.57,43.78,5,3.4,2,0.489,6,Men,Store,0.33,0.167,1,0
ZC006253,42.0,Female,Italy,Tier 1,22,24,1,78.23,78.23,8,1.7,4,0.497,7,Home,Store,0.306,0.117,0,0
ZC006254,26.0,Male,Italy,Tier 2,36,36,3,281.91,93.97,4,2.3,3,0.412,2,Men,Online,0.369,0.131,0,1
ZC006255,34.0,Female,USA,Tier 2,28,37,1,70.73,70.73,3,1.0,8,,1,Men,Mixed,0.28,0.245,0,0
ZC006256,41.0,Female,Spain,Tier 3,59,5,7,205.86,29.41,6,5.1,2,0.354,3,Men,Mixed,0.199,0.161,0,0
ZC006257,20.0,Female,Spain,Tier 1,60,105,5,283.88,56.78,1,3.9,2,,8,Women,Store,0.453,0.251,0,0
ZC006258,32.0,Female,France,Tier 1,17,218,2,255.77,127.88,1,7.3,1,0.273,4,Women,Mixed,0.355,0.495,0,0
ZC006259,21.0,Female,USA,Tier 1,7,16,1,77.34,77.34,2,9.0,2,0.12,6,Women,Online,0.24,0.356,0,0
ZC006260,22.0,Female,Mexico,Tier 2,19,52,1,31.59,31.59,4,10.9,1,0.429,2,Kids,Mixed,0.562,0.427,0,1
ZC006261,26.0,Female,Other,Tier 1,9,120,1,52.92,52.92,3,12.3,1,0.284,4,Women,Store,0.735,0.082,0,1
ZC006262,37.0,Female,Mexico,Tier 1,14,139,4,131.41,32.85,1,1.8,3,0.341,6,Women,Online,0.428,0.289,0,1
ZC006263,29.0,Male,Other,Tier 2,21,34,1,60.98,60.98,8,12.2,2,0.635,3,Women,Mixed,0.296,0.697,0,0
ZC006264,26.0,Male,Other,Tier 3,5,5,1,81.85,81.85,4,4.5,4,0.412,8,Home,Store,0.643,0.483,0,0
ZC006265,33.0,Male,Italy,Tier 1,27,146,1,75.38,75.38,3,2.6,2,0.766,5,Women,Mixed,0.26,0.282,0,0
ZC006266,21.0,Female,France,Tier 1,18,129,2,139.66,69.83,0,6.1,3,0.538,1,Women,Store,0.332,0.176,0,0
ZC006267,36.0,Male,Mexico,Tier 1,11,17,3,364.6,121.53,8,1.0,5,0.353,1,Women,Online,0.642,0.304,0,0
ZC006268,43.0,Female,France,Tier 1,2,141,1,74.19,74.19,2,11.1,7,0.343,8,Men,Mixed,0.351,0.217,0,1
ZC006269,31.0,Female,UK,Tier 1,36,36,1,67.07,67.07,5,6.4,4,0.769,6,Men,Online,0.287,0.073,0,0
ZC006270,30.0,Male,Spain,Tier 1,39,140,2,182.87,91.44,3,5.7,3,,4,Men,Online,0.15,0.58,0,0
ZC006271,36.0,Female,Germany,Tier 1,37,155,2,203.69,101.84,3,3.0,5,0.548,3,Home,Store,0.19,0.462,0,1
ZC006272,16.0,Male,Other,Tier 3,9,124,2,199.6,99.8,0,6.3,1,0.596,3,Home,Online,0.313,0.156,0,0
ZC006273,37.0,Female,Italy,Tier 1,25,180,2,294.47,147.24,1,7.1,8,0.517,2,Men,Online,0.607,0.253,0,1
ZC006274,63.0,Female,UK,Tier 1,40,18,3,181.82,60.61,4,3.4,3,0.221,4,Men,Mixed,0.324,0.528,0,0
ZC006275,31.0,Female,Germany,Tier 1,24,94,1,99.13,99.13,3,3.7,1,0.688,8,Home,Store,0.471,0.196,1,1
ZC006276,,Female,Mexico,Tier 2,22,60,2,187.07,93.54,3,5.5,6,0.239,3,Men,Online,0.125,0.355,0,0
ZC006277,39.0,Female,Mexico,Tier 1,54,97,6,246.67,41.11,4,5.1,3,0.47,2,Men,Online,0.366,0.263,0,0
ZC006278,48.0,Female,France,Tier 1,52,49,4,322.58,80.64,4,8.7,3,0.679,3,Men,Mixed,0.443,0.481,0,1
ZC006279,42.0,Female,USA,Tier 1,14,33,1,58.02,58.02,5,4.6,12,0.447,8,Women,Store,0.183,0.559,0,0
ZC006280,16.0,Male,UK,Tier 1,12,76,3,240.06,80.02,0,7.5,2,0.195,8,Women,Mixed,0.133,0.501,0,0
ZC006281,38.0,Female,Other,Tier 1,10,110,4,463.76,115.94,3,3.9,2,0.71,8,Home,Store,0.337,0.286,0,0
ZC006282,58.0,Female,USA,Tier 2,4,30,1,79.33,79.33,6,2.6,2,0.287,8,Home,Online,0.41,0.183,0,0
ZC006283,38.0,Female,Other,Tier 1,47,16,6,170.01,28.33,5,1.0,8,0.789,3,Kids,Online,0.483,0.34,0,0
ZC006284,20.0,Female,USA,Tier 2,23,123,3,244.41,81.47,3,1.7,3,0.216,1,Women,Online,0.291,0.228,0,1
ZC006285,35.0,Female,Other,Tier 1,14,17,2,79.98,39.99,4,5.3,3,0.143,5,Women,Online,0.256,0.489,0,0
ZC006286,19.0,Female,UK,Tier 2,20,17,1,75.73,75.73,9,7.6,4,0.38,3,TRF,Mixed,0.521,0.346,0,0
ZC006287,44.0,Male,Italy,Tier 3,50,29,6,566.92,94.49,8,4.7,0,0.315,8,Kids,Online,0.5,0.273,1,0
ZC006288,22.0,Female,Italy,Tier 1,5,117,1,46.78,46.78,1,4.4,3,0.272,5,Women,Mixed,0.312,0.448,0,1
ZC006289,33.0,Male,Mexico,Tier 2,46,132,3,265.81,88.6,0,4.7,3,0.41,2,Men,Online,0.208,0.127,0,0
ZC006290,23.0,Female,Mexico,Tier 1,19,53,3,183.83,61.28,8,2.8,3,0.24,8,Women,Mixed,0.34,0.354,0,0
ZC006291,27.0,Female,Spain,Tier 2,26,165,5,129.01,25.8,2,1.8,4,0.18,4,Men,Store,0.473,0.158,0,1
ZC006292,47.0,Female,USA,Tier 1,27,210,3,170.9,56.97,1,4.6,1,0.599,7,Women,Store,0.545,0.248,1,1
ZC006293,33.0,Female,USA,Tier 3,52,44,7,492.7,70.39,5,1.0,3,0.29,3,Women,Online,0.465,0.197,0,0
ZC006294,26.0,Female,Italy,Tier 1,10,93,1,56.43,56.43,3,2.3,5,0.852,5,TRF,Store,0.301,0.109,0,0
ZC006295,21.0,Female,Italy,Tier 1,60,24,6,436.11,72.68,7,1.0,4,0.21,6,Men,Mixed,0.421,0.07,0,0
ZC006296,16.0,Female,USA,Tier 1,7,4,2,142.84,71.42,5,1.9,3,0.33,8,Kids,Mixed,0.173,0.439,0,0
ZC006297,19.0,Female,Mexico,Tier 1,11,52,1,58.94,58.94,5,1.0,5,0.341,1,TRF,Mixed,0.238,0.417,0,0
ZC006298,33.0,Female,USA,Tier 2,31,65,4,315.56,78.89,3,7.8,1,0.173,4,Kids,Mixed,0.529,0.305,0,1
ZC006299,42.0,Male,USA,Tier 2,48,87,4,359.83,89.96,0,4.8,4,0.378,1,Men,Store,0.269,0.355,0,1
ZC006300,26.0,Male,UK,Tier 1,10,52,1,51.49,51.49,5,7.2,4,0.432,2,Women,Online,0.385,0.282,0,0
ZC006301,48.0,Female,Italy,Tier 2,6,7,2,209.67,104.84,5,13.4,7,0.096,8,Women,Store,0.35,0.324,0,0
ZC006302,25.0,Female,Spain,Tier 1,49,36,3,188.72,62.91,5,7.8,2,0.104,8,Men,Store,0.058,0.491,0,0
ZC006303,30.0,Female,Other,Tier 2,14,141,1,80.45,80.45,0,1.3,4,0.391,5,Home,Online,0.511,0.259,0,1
ZC006304,21.0,Male,Italy,Tier 1,15,9,1,53.36,53.36,5,2.0,2,0.456,4,Home,Online,0.382,0.056,0,0
ZC006305,42.0,Female,Germany,Tier 1,21,50,2,112.92,56.46,4,3.1,5,0.511,6,Women,Store,0.342,0.285,0,0
ZC006306,53.0,Female,USA,Tier 1,18,32,1,108.56,108.56,5,2.5,6,0.392,5,Men,Mixed,0.61,0.289,0,1
ZC006307,16.0,Male,Mexico,Tier 1,31,39,4,234.72,58.68,6,6.1,3,0.582,3,Women,Store,0.326,0.16,0,0
ZC006308,29.0,Female,Other,Tier 2,7,126,2,193.14,96.57,1,11.6,7,0.386,4,Women,Online,0.558,0.21,0,0
ZC006309,45.0,Female,France,Tier 3,5,251,1,94.5,94.5,0,9.9,2,0.292,6,Women,Online,0.374,0.385,0,1
ZC006310,18.0,Male,USA,Tier 1,26,27,1,65.51,65.51,4,2.0,3,0.612,5,Women,Store,0.669,0.141,0,1
ZC006311,38.0,Male,UK,Tier 1,27,11,4,356.55,89.14,9,1.2,6,0.432,6,Women,Online,0.123,0.51,0,0
ZC006312,44.0,Female,UK,Tier 1,31,18,1,77.6,77.6,7,11.6,4,0.084,2,TRF,Store,0.29,0.198,0,0
ZC006313,33.0,Female,USA,Tier 2,30,17,5,140.69,28.14,5,9.9,1,0.423,8,Women,Store,0.172,0.212,0,0
ZC006314,38.0,Female,Italy,Tier 1,5,54,1,63.28,63.28,6,2.9,5,0.459,1,Men,Online,0.433,0.18,0,0
ZC006315,50.0,Female,USA,Tier 2,30,124,4,505.76,126.44,1,6.9,4,0.469,6,Men,Store,0.149,0.084,0,1
ZC006316,51.0,Female,Other,Tier 2,29,36,1,73.74,73.74,3,5.6,2,0.685,1,TRF,Mixed,0.277,0.324,0,0
ZC006317,31.0,Female,UK,Tier 1,6,22,2,162.53,81.26,4,1.7,2,0.526,8,Kids,Mixed,0.105,0.127,0,0
ZC006318,27.0,Female,Germany,Tier 3,39,127,4,394.06,98.52,3,1.4,3,0.626,7,Women,Mixed,0.288,0.431,0,0
ZC006319,23.0,Male,Other,Tier 1,10,11,1,121.43,121.43,6,7.7,5,0.492,7,Men,Online,0.29,0.255,0,0
ZC006320,42.0,Male,UK,Tier 2,9,56,1,62.48,62.48,4,5.5,2,0.782,2,Men,Online,0.635,0.123,0,0
ZC006321,18.0,Male,USA,Tier 1,32,87,3,201.05,67.02,2,1.0,2,0.054,3,Women,Online,0.115,0.681,0,0
ZC006322,29.0,Female,France,Tier 1,8,15,1,78.47,78.47,6,1.1,5,0.11,8,Women,Mixed,0.18,0.375,0,0
ZC006323,33.0,Female,France,Tier 1,17,56,1,40.14,40.14,4,9.2,6,0.592,4,Women,Store,0.512,0.486,0,0
ZC006324,27.0,Female,Mexico,Tier 2,15,126,4,327.51,81.88,5,2.5,0,0.269,4,Women,Store,0.281,0.022,0,0
ZC006325,35.0,Female,Other,Tier 1,13,34,7,518.76,74.11,7,3.5,2,0.248,1,Men,Store,0.24,0.075,0,0
ZC006326,58.0,Female,Italy,Tier 3,11,89,1,62.91,62.91,2,1.2,4,0.649,6,Men,Store,0.328,0.446,0,0
ZC006327,31.0,Male,Other,Tier 1,60,6,6,671.7,111.95,12,7.1,4,0.203,4,Women,Online,0.216,0.17,0,0
ZC006328,28.0,Female,USA,Tier 1,30,23,4,383.35,95.84,5,4.3,6,0.261,8,Beauty,Store,0.183,0.294,0,0
ZC006329,42.0,Female,USA,Tier 2,12,14,1,82.96,82.96,7,3.0,3,0.112,4,Women,Mixed,0.527,0.357,0,0
ZC006330,34.0,Female,USA,Tier 1,12,43,1,74.21,74.21,8,11.4,6,0.554,1,Men,Online,0.27,0.064,0,0
ZC006331,46.0,Male,Italy,Tier 1,24,21,2,202.48,101.24,4,1.3,2,0.189,2,Men,Online,0.365,0.401,0,0
ZC006332,34.0,Male,USA,Tier 1,15,187,1,73.22,73.22,2,3.7,4,0.16,3,Women,Mixed,0.529,0.288,0,1
ZC006333,30.0,Female,Spain,Tier 1,26,73,1,37.78,37.78,3,12.6,2,0.546,8,TRF,Mixed,0.069,0.244,0,0
ZC006334,16.0,Female,Other,Tier 1,8,14,1,54.15,54.15,7,13.6,3,0.425,1,Women,Store,0.457,0.283,0,0
ZC006335,16.0,Male,USA,Tier 1,21,32,3,240.25,80.08,10,4.5,2,0.129,4,Men,Store,0.183,0.38,0,0
ZC006336,16.0,Female,USA,Tier 2,33,32,4,461.2,115.3,5,9.6,5,0.734,3,Women,Online,0.166,0.23,0,0
ZC006337,36.0,Female,USA,Tier 2,20,128,1,75.75,75.75,1,6.8,4,0.827,1,Women,Store,0.133,0.358,0,0
ZC006338,18.0,Male,USA,Tier 1,16,81,1,93.87,93.87,1,5.0,4,0.268,1,TRF,Store,0.327,0.167,0,0
ZC006339,45.0,Male,Spain,Tier 2,27,53,3,283.29,94.43,5,18.2,3,0.451,2,Women,Online,0.628,0.246,0,0
ZC006340,32.0,Female,USA,Tier 1,3,84,1,99.58,99.58,1,2.0,4,0.533,7,Men,Mixed,0.447,0.56,0,1
ZC006341,30.0,Male,USA,Tier 1,33,142,2,99.32,49.66,2,6.4,3,0.446,2,Women,Online,0.43,0.041,0,1
ZC006342,24.0,Female,Mexico,Tier 1,3,285,1,54.35,54.35,1,2.7,4,0.346,4,Women,Online,0.491,0.433,0,1
ZC006343,38.0,Female,UK,Tier 1,37,216,5,561.78,112.36,1,1.7,4,0.689,8,Men,Mixed,0.173,0.385,0,1
ZC006344,24.0,Female,Italy,Tier 1,15,61,3,107.99,36.0,2,4.7,6,0.604,5,Women,Online,0.538,0.38,0,0
ZC006345,22.0,Female,Italy,Tier 1,35,39,3,265.99,88.66,6,5.4,1,0.125,2,Men,Online,0.177,0.115,1,1
ZC006346,44.0,Female,Mexico,Tier 1,40,73,3,303.78,101.26,0,3.1,6,0.78,2,Women,Store,0.407,0.096,0,1
ZC006347,36.0,Male,Other,Tier 1,16,109,3,223.45,74.48,2,3.6,3,0.352,2,Women,Mixed,0.281,0.206,1,1
ZC006348,30.0,Male,France,Tier 1,38,27,1,100.19,100.19,7,6.3,1,0.364,4,Beauty,Online,0.464,0.444,1,0
ZC006349,38.0,Female,Spain,Tier 1,23,65,1,106.9,106.9,0,1.0,5,0.371,1,Home,Online,0.594,0.608,0,1
ZC006350,32.0,Male,Spain,Tier 1,27,75,5,472.33,94.47,1,1.0,5,0.183,6,Women,Online,0.161,0.582,0,0
ZC006351,36.0,Male,USA,Tier 2,44,191,6,545.43,90.9,1,4.2,2,0.29,2,Women,Mixed,0.274,0.39,0,0
ZC006352,24.0,Female,Other,Tier 1,25,21,1,60.26,60.26,6,5.0,2,0.349,8,Women,Store,0.262,0.231,0,0
ZC006353,53.0,Male,France,Tier 1,35,7,2,84.09,42.04,7,2.0,3,0.341,3,Men,Store,0.2,0.103,0,0
ZC006354,26.0,Male,Spain,Tier 1,60,129,7,438.33,62.62,0,5.4,1,0.393,5,Women,Store,0.283,0.261,0,0
ZC006355,48.0,Male,Spain,Tier 2,35,163,4,136.53,34.13,0,2.9,4,0.553,1,Men,Store,0.286,0.498,0,0
ZC006356,30.0,Female,Other,Tier 2,15,36,1,88.26,88.26,10,9.4,2,0.323,4,Men,Mixed,0.368,0.406,0,0
ZC006357,40.0,Male,France,Tier 2,24,109,1,134.46,134.46,0,1.5,5,0.432,4,Women,Store,0.397,0.394,0,1
ZC006358,39.0,Male,USA,Tier 1,12,147,1,87.28,87.28,1,6.3,1,0.184,1,Women,Store,0.33,0.074,0,1
ZC006359,43.0,Female,Other,Tier 2,25,78,1,83.09,83.09,1,1.0,3,0.462,7,Kids,Mixed,0.423,0.124,0,0
ZC006360,24.0,Female,Italy,Tier 1,16,250,4,198.73,49.68,0,10.9,4,0.436,6,Home,Mixed,0.467,0.294,0,1
ZC006361,43.0,Female,UK,Tier 2,26,47,1,68.36,68.36,8,21.3,4,0.525,5,Women,Mixed,0.309,0.387,0,0
ZC006362,50.0,Female,UK,Tier 2,35,105,3,259.47,86.49,2,1.0,3,0.651,3,Home,Store,0.701,0.121,0,1
ZC006363,29.0,Female,Italy,Tier 1,12,206,2,165.73,82.86,2,13.4,6,0.579,8,Women,Online,0.404,0.223,0,1
ZC006364,32.0,Female,USA,Tier 3,21,67,1,83.39,83.39,1,8.9,6,0.522,3,Women,Online,0.103,0.056,0,0
ZC006365,27.0,Male,Other,Tier 1,9,75,1,61.29,61.29,1,1.6,0,0.772,2,Women,Store,0.381,0.343,0,0
ZC006366,29.0,Male,Mexico,Tier 3,12,108,1,70.35,70.35,2,1.0,3,0.442,5,Women,Store,0.534,0.206,0,1
ZC006367,49.0,Female,Germany,Tier 1,23,138,1,87.55,87.55,3,9.0,3,0.199,1,Women,Online,0.541,0.433,0,1
ZC006368,22.0,Female,Italy,Tier 1,15,54,1,104.47,104.47,3,2.2,2,0.79,4,Women,Mixed,0.506,0.13,0,0
ZC006369,23.0,Female,Other,Tier 2,49,129,3,260.77,86.92,1,10.3,3,0.256,4,Women,Online,0.257,0.349,0,0
ZC006370,48.0,Female,Spain,Tier 1,4,44,3,179.31,59.77,6,7.3,5,0.565,7,Men,Mixed,0.514,0.187,0,1
ZC006371,38.0,Female,Spain,Tier 2,56,169,8,665.47,83.18,3,1.2,8,0.658,3,Kids,Store,0.09,0.162,1,1
ZC006372,53.0,Female,Mexico,Tier 1,35,113,5,499.39,99.88,2,1.6,4,0.699,2,Men,Store,0.401,0.235,0,1
ZC006373,27.0,Male,USA,Tier 1,30,18,5,268.08,53.62,5,4.5,5,0.553,3,Kids,Mixed,0.515,0.137,0,0
ZC006374,33.0,Female,Italy,Tier 1,33,17,1,66.96,66.96,11,6.0,4,0.343,3,Women,Online,0.443,0.262,0,0
ZC006375,25.0,Female,France,Tier 3,33,136,2,145.55,72.78,4,2.0,4,0.805,3,Beauty,Store,0.164,0.186,0,0
ZC006376,33.0,Male,USA,Tier 3,15,4,1,32.92,32.92,9,2.4,4,0.242,4,TRF,Online,0.161,0.459,0,0
ZC006377,16.0,Female,USA,Tier 1,36,44,3,257.52,85.84,5,9.1,4,0.131,7,Beauty,Store,0.482,0.687,0,0
ZC006378,39.0,Female,Mexico,Tier 1,25,120,1,68.87,68.87,2,5.1,2,0.443,7,Men,Online,0.25,0.369,1,1
ZC006379,35.0,Female,USA,Tier 1,5,30,1,88.04,88.04,7,2.7,2,0.067,3,Women,Store,0.189,0.361,0,0
ZC006380,,Female,USA,Tier 1,12,67,1,54.39,54.39,1,3.0,3,0.603,5,Men,Online,0.522,0.141,0,1
ZC006381,28.0,Female,UK,Tier 3,9,29,2,122.95,61.48,13,3.4,4,0.521,8,Men,Online,0.155,0.445,0,0
ZC006382,23.0,Male,Spain,Tier 2,18,16,4,349.29,87.32,7,5.6,1,0.428,4,Home,Mixed,0.333,0.127,0,0
ZC006383,39.0,Female,Germany,Tier 2,3,159,2,121.42,60.71,1,7.2,10,0.676,5,Men,Store,0.416,0.297,0,1
ZC006384,20.0,Male,Other,Tier 1,32,21,4,236.44,59.11,4,1.0,5,0.74,1,Men,Online,0.329,0.685,0,0
ZC006385,37.0,Female,Italy,Tier 2,36,26,5,297.31,59.46,5,1.8,3,0.508,2,Kids,Store,0.375,0.311,0,0
ZC006386,53.0,Male,Germany,Tier 3,14,41,1,34.95,34.95,5,1.0,2,0.382,4,Women,Online,0.499,0.424,0,0
ZC006387,47.0,Male,UK,Tier 3,27,44,1,52.3,52.3,5,2.3,3,0.231,3,Men,Store,0.177,0.295,0,0
ZC006388,17.0,Female,Other,Tier 2,51,49,2,189.06,94.53,6,1.6,2,0.227,5,Kids,Online,0.557,0.769,0,0
ZC006389,27.0,Male,Other,Tier 1,15,152,1,40.11,40.11,1,2.1,2,0.507,6,Women,Online,0.269,0.301,0,1
ZC006390,36.0,Female,Other,Tier 3,15,71,1,60.43,60.43,2,7.8,5,0.405,2,TRF,Online,0.256,0.291,1,0
ZC006391,31.0,Female,USA,Tier 1,17,34,2,136.56,68.28,5,6.7,3,0.227,6,Women,Online,0.167,0.251,0,0
ZC006392,18.0,Male,Spain,Tier 1,30,48,3,253.73,84.58,7,3.3,5,0.502,3,Kids,Store,0.542,0.312,0,0
ZC006393,36.0,Female,USA,Tier 1,15,93,2,89.73,44.86,4,2.3,5,0.346,6,Women,Mixed,0.311,0.285,0,0
ZC006394,32.0,Female,USA,Tier 2,17,2,3,198.16,66.05,4,6.3,6,0.489,3,Women,Mixed,0.317,0.469,0,0
ZC006395,51.0,Female,Spain,Tier 2,30,43,1,115.78,115.78,10,1.4,3,0.332,3,Home,Store,0.277,0.145,1,0
ZC006396,29.0,Female,Other,Tier 3,29,179,1,75.95,75.95,2,8.3,2,0.203,2,Home,Online,0.405,0.259,0,0
ZC006397,44.0,Female,USA,Tier 3,14,56,1,105.22,105.22,5,2.6,5,0.56,1,Men,Mixed,0.132,0.176,0,0
ZC006398,19.0,Female,USA,Tier 2,9,63,1,60.21,60.21,2,2.8,2,0.838,5,Men,Store,0.285,0.508,0,0
ZC006399,22.0,Female,Other,Tier 3,16,47,1,60.18,60.18,4,3.0,4,0.31,4,Men,Store,0.273,0.333,0,1
ZC006400,39.0,Female,Other,Tier 1,19,154,1,88.6,88.6,0,14.5,4,0.053,3,Women,Store,0.119,0.638,0,1
ZC006401,43.0,Female,USA,Tier 1,23,196,3,230.43,76.81,0,1.3,5,0.519,5,Women,Online,0.155,0.25,0,1
ZC006402,22.0,Female,USA,Tier 1,21,0,4,399.86,99.96,3,1.9,3,0.147,6,Men,Store,0.194,0.535,0,0
ZC006403,32.0,Male,Mexico,Tier 2,7,235,1,85.96,85.96,1,1.0,3,0.311,2,Home,Online,0.135,0.713,0,1
ZC006404,18.0,Male,Other,Tier 3,15,11,1,90.74,90.74,4,2.7,5,0.342,6,Men,Store,0.415,0.084,0,0
ZC006405,30.0,Female,Germany,Tier 2,4,122,2,132.43,66.22,3,4.6,2,0.155,3,Men,Online,0.349,0.193,0,0
ZC006406,40.0,Female,UK,Tier 3,23,123,2,108.64,54.32,2,1.0,6,0.264,6,Men,Store,0.425,0.201,0,1
ZC006407,28.0,Female,Italy,Tier 1,9,15,2,133.4,66.7,5,4.0,6,0.364,7,Men,Store,0.26,0.279,0,0
ZC006408,30.0,Female,Mexico,Tier 2,6,44,1,63.01,63.01,5,5.7,6,0.329,8,Men,Online,0.274,0.28,0,0
ZC006409,21.0,Female,Spain,Tier 1,16,71,2,55.25,27.62,3,3.5,4,0.67,6,Men,Mixed,0.414,0.143,0,0
ZC006410,26.0,Female,UK,Tier 2,26,244,3,259.31,86.44,1,6.8,3,0.722,1,Women,Online,0.293,0.083,0,1
ZC006411,50.0,Female,Other,Tier 2,20,68,1,85.68,85.68,3,9.7,3,0.767,5,TRF,Online,0.425,0.415,0,0
ZC006412,33.0,Female,Italy,Tier 1,54,78,4,326.52,81.63,2,4.4,1,0.36,8,Women,Mixed,0.191,0.133,0,0
ZC006413,22.0,Male,USA,Tier 1,5,144,1,56.2,56.2,2,2.6,0,0.475,8,Women,Online,0.14,0.198,0,0
ZC006414,29.0,Female,Mexico,Tier 1,4,29,1,70.25,70.25,7,1.0,2,0.636,3,Women,Online,0.472,0.211,0,0
ZC006415,16.0,Male,Germany,Tier 3,13,25,1,45.7,45.7,8,1.1,7,0.28,7,Beauty,Online,0.261,0.238,0,0
ZC006416,22.0,Male,USA,Tier 2,35,106,2,72.44,36.22,4,2.8,3,0.494,1,Men,Store,0.284,0.318,0,1
ZC006417,46.0,Female,USA,Tier 1,14,84,1,128.45,128.45,3,3.6,5,0.52,5,Men,Store,0.037,0.239,0,0
ZC006418,31.0,Male,USA,Tier 3,10,42,4,133.23,33.31,7,1.0,6,0.103,6,Men,Store,0.395,0.103,0,0
ZC006419,51.0,Male,Other,Tier 1,27,140,5,518.42,103.68,1,1.4,1,0.3,6,Women,Store,0.3,0.438,0,0
ZC006420,31.0,Female,USA,Tier 1,15,200,1,123.34,123.34,0,6.9,4,0.275,4,Kids,Online,0.363,0.249,0,1
ZC006421,32.0,Female,Other,Tier 2,43,138,4,338.21,84.55,0,2.9,3,0.425,7,Women,Store,0.316,0.156,0,0
ZC006422,38.0,Male,France,Tier 1,17,40,1,76.23,76.23,5,6.2,3,0.378,7,Women,Mixed,0.321,0.307,0,0
ZC006423,16.0,Female,Other,Tier 1,35,64,1,88.58,88.58,2,1.0,5,0.217,6,Home,Mixed,0.313,0.075,0,0
ZC006424,34.0,Female,Other,Tier 2,18,30,1,32.88,32.88,8,5.5,5,0.682,6,Men,Store,0.317,0.223,0,0
ZC006425,32.0,Female,Other,Tier 1,26,181,1,64.0,64.0,1,4.1,6,0.19,1,Men,Mixed,0.498,0.178,0,1
ZC006426,47.0,Female,Other,Tier 1,39,61,5,515.61,103.12,2,4.9,5,0.351,8,TRF,Online,0.112,0.203,0,0
ZC006427,42.0,Female,UK,Tier 1,4,8,1,73.7,73.7,5,5.1,4,0.448,4,Men,Online,0.389,0.163,0,0
ZC006428,21.0,Male,USA,Tier 3,3,103,1,79.7,79.7,2,2.2,2,0.54,1,Home,Mixed,0.135,0.312,1,1
ZC006429,44.0,Female,USA,Tier 1,5,64,4,356.82,89.2,2,2.5,5,,7,Women,Online,0.376,0.391,0,0
ZC006430,29.0,Female,Germany,Tier 3,9,55,4,229.71,57.43,8,9.9,2,0.473,6,Women,Online,0.391,0.273,0,0
ZC006431,23.0,Female,USA,Tier 2,40,8,5,282.71,56.54,10,7.8,7,0.284,7,Women,Mixed,0.371,0.432,0,0
ZC006432,34.0,Female,UK,Tier 1,59,29,1,102.08,102.08,7,1.5,4,0.031,5,Kids,Store,0.468,0.119,0,0
ZC006433,30.0,Male,Spain,Tier 1,19,69,4,222.69,55.67,1,1.8,3,0.696,8,Men,Mixed,0.156,0.36,0,0
ZC006434,47.0,Female,Mexico,Tier 1,14,120,4,436.85,109.21,2,7.4,4,0.451,4,Women,Mixed,0.323,0.458,0,0
ZC006435,35.0,Female,Spain,Tier 2,25,90,1,61.63,61.63,2,1.0,1,0.401,4,Women,Online,0.223,0.166,0,1
ZC006436,34.0,Female,USA,Tier 1,11,24,1,90.46,90.46,5,7.1,4,0.403,2,Kids,Store,0.257,0.149,0,0
ZC006437,41.0,Male,Germany,Tier 2,24,35,1,106.25,106.25,7,9.8,2,0.134,6,Men,Mixed,0.16,0.207,0,0
ZC006438,43.0,Male,France,Tier 2,39,21,4,388.27,97.07,6,3.9,2,0.428,4,Women,Mixed,0.442,0.308,1,0
ZC006439,40.0,Female,Other,Tier 1,25,47,5,230.1,46.02,6,5.6,4,0.849,3,Women,Store,0.286,0.195,0,0
ZC006440,46.0,Female,Germany,Tier 3,8,116,1,62.46,62.46,1,3.6,1,0.3,3,Women,Online,0.108,0.511,0,1
ZC006441,38.0,Female,Mexico,Tier 1,18,37,5,196.0,39.2,12,2.7,1,,4,Women,Online,0.573,0.493,0,0
ZC006442,34.0,Male,USA,Tier 2,60,45,1,72.83,72.83,3,11.5,5,0.403,1,Men,Mixed,0.415,0.358,0,0
ZC006443,44.0,Male,Spain,Tier 1,27,57,4,248.19,62.05,2,3.3,3,0.364,3,Kids,Store,0.317,0.136,0,0
ZC006444,31.0,Female,Italy,Tier 1,13,11,1,62.1,62.1,6,1.5,3,0.477,5,Kids,Store,0.278,0.693,0,0
ZC006445,32.0,Male,USA,Tier 2,11,72,3,355.15,118.38,2,4.3,3,0.306,8,Men,Mixed,0.333,0.056,0,0
ZC006446,49.0,Female,Other,Tier 1,13,65,2,248.2,124.1,2,23.6,8,0.267,7,Home,Mixed,0.365,0.307,0,0
ZC006447,48.0,Female,Other,Tier 3,33,68,3,113.42,37.81,2,2.1,0,0.774,1,Men,Mixed,0.185,0.289,0,0
ZC006448,32.0,Female,USA,Tier 2,23,21,3,123.83,41.28,7,4.3,4,0.405,3,Women,Online,0.382,0.605,0,0
ZC006449,27.0,Female,Mexico,Tier 2,9,230,1,75.76,75.76,2,1.7,1,0.804,1,Women,Mixed,0.323,0.293,0,1
ZC006450,47.0,Female,UK,Tier 1,37,241,3,196.84,65.61,0,5.8,5,0.251,8,Kids,Store,0.479,0.353,0,1
ZC006451,40.0,Female,USA,Tier 3,60,44,2,80.34,40.17,3,4.2,1,0.164,8,Women,Online,0.313,0.342,0,0
ZC006452,35.0,Male,UK,Tier 3,24,4,3,218.39,72.8,5,1.2,8,0.403,7,Women,Online,0.303,0.412,0,0
ZC006453,29.0,Male,Germany,Tier 1,42,18,6,474.38,79.06,8,4.5,2,0.144,6,Kids,Store,0.291,0.201,0,0
ZC006454,35.0,Female,Other,Tier 1,8,19,2,124.44,62.22,7,1.6,5,0.526,1,Men,Mixed,0.196,0.522,0,0
ZC006455,32.0,Female,USA,Tier 3,17,49,2,182.19,91.1,9,4.0,4,0.745,5,Home,Store,0.082,0.454,0,0
ZC006456,25.0,Male,Italy,Tier 1,7,29,1,114.72,114.72,6,1.0,5,0.403,1,Women,Mixed,0.456,0.128,0,0
ZC006457,33.0,Female,USA,Tier 1,34,36,8,522.16,65.27,6,4.2,5,0.597,6,Men,Online,0.209,0.415,0,0
ZC006458,,Male,USA,Tier 3,20,140,2,185.75,92.88,3,2.4,5,0.12,7,Women,Mixed,0.549,0.132,0,1
ZC006459,28.0,Female,Germany,Tier 1,3,33,1,89.7,89.7,3,5.7,2,0.532,1,Men,Mixed,0.295,0.027,0,0
ZC006460,41.0,Female,Mexico,Tier 3,8,182,2,157.94,78.97,1,8.8,3,0.272,7,Kids,Mixed,0.425,0.464,0,1
ZC006461,45.0,Male,Italy,Tier 1,18,59,2,34.09,17.05,6,3.2,6,0.325,8,Men,Mixed,0.573,0.528,0,0
ZC006462,42.0,Female,Other,Tier 1,5,63,5,196.26,39.25,0,6.5,3,0.333,3,Women,Mixed,0.333,0.122,0,1
ZC006463,29.0,Female,Spain,Tier 1,8,121,1,73.43,73.43,1,1.1,1,0.374,4,Women,Mixed,0.422,0.058,0,1
ZC006464,40.0,Female,France,Tier 1,40,140,1,97.99,97.99,1,7.2,3,0.594,1,Kids,Online,0.281,0.16,1,0
ZC006465,33.0,Male,USA,Tier 3,11,87,4,213.8,53.45,1,5.9,7,0.281,4,Women,Online,0.238,0.118,0,0
ZC006466,20.0,Male,Mexico,Tier 2,23,59,2,195.32,97.66,8,7.3,4,0.253,5,Men,Online,0.367,0.54,0,0
ZC006467,39.0,Female,Spain,Tier 3,36,37,2,225.61,112.8,2,9.0,4,0.08,1,Women,Online,0.343,0.151,1,0
ZC006468,33.0,Female,USA,Tier 1,32,129,7,524.25,74.89,0,4.4,1,0.603,1,Kids,Online,0.33,0.108,0,1
ZC006469,58.0,Female,Mexico,Tier 3,52,101,4,366.66,91.66,2,1.5,5,0.382,3,Women,Mixed,0.517,0.527,0,1
ZC006470,47.0,Female,USA,Tier 2,38,36,2,196.37,98.18,5,7.7,3,0.173,2,Home,Online,0.27,0.063,0,0
ZC006471,39.0,Female,Italy,Tier 1,23,33,4,347.65,86.91,8,13.9,4,0.488,6,Women,Online,0.166,0.431,0,0
ZC006472,34.0,Female,Other,Tier 1,5,145,2,146.8,73.4,1,1.0,3,0.218,6,Men,Store,0.307,0.291,0,0
ZC006473,34.0,Female,UK,Tier 1,19,0,3,238.19,79.4,4,2.1,6,0.463,3,Women,Mixed,0.183,0.317,0,0
ZC006474,22.0,Female,France,Tier 1,32,59,5,542.89,108.58,5,2.2,4,0.628,1,Women,Online,0.561,0.191,0,0
ZC006475,16.0,Female,Other,Tier 3,10,50,1,88.27,88.27,6,6.5,2,0.306,8,Women,Store,0.286,0.16,0,0
ZC006476,23.0,Female,Italy,Tier 3,40,129,5,238.24,47.65,0,6.2,2,0.061,4,Men,Store,0.23,0.227,0,1
ZC006477,32.0,Female,USA,Tier 1,20,100,2,140.36,70.18,1,4.6,3,0.465,5,Beauty,Store,0.319,0.488,0,1
ZC006478,16.0,Female,Mexico,Tier 1,32,15,3,247.74,82.58,6,9.0,3,0.532,6,Men,Mixed,0.353,0.324,0,0
ZC006479,27.0,Female,France,Tier 1,32,32,2,82.1,41.05,6,4.5,5,0.43,6,Men,Online,0.164,0.373,0,0
ZC006480,30.0,Female,Mexico,Tier 2,33,67,2,176.0,88.0,3,4.0,2,0.234,8,Women,Store,0.35,0.068,0,0
ZC006481,,Female,Germany,Tier 2,14,33,1,68.67,68.67,3,3.4,1,0.254,4,Beauty,Mixed,0.403,0.2,0,0
ZC006482,25.0,Female,USA,Tier 2,52,12,4,449.84,112.46,6,4.1,4,0.87,6,Men,Online,0.36,0.197,0,0
ZC006483,29.0,Female,Mexico,Tier 2,45,18,1,95.9,95.9,7,7.0,3,0.512,5,TRF,Store,0.324,0.172,0,0
ZC006484,49.0,Female,Spain,Tier 3,22,205,3,262.93,87.64,1,11.2,5,0.08,1,Women,Online,0.205,0.318,1,1
ZC006485,39.0,Female,Other,Tier 1,8,37,3,226.46,75.49,0,4.8,3,,7,Men,Online,0.667,0.464,1,1
ZC006486,26.0,Female,Mexico,Tier 1,14,81,2,149.09,74.54,0,4.7,3,0.32,8,Women,Mixed,0.404,0.166,0,0
ZC006487,31.0,Female,Other,Tier 2,14,3,2,81.14,40.57,5,10.2,3,0.723,4,Men,Online,0.357,0.251,0,0
ZC006488,32.0,Female,Spain,Tier 3,5,116,2,155.43,77.72,0,2.4,6,,3,Kids,Mixed,0.171,0.26,0,1
ZC006489,24.0,Female,UK,Tier 2,12,84,1,35.46,35.46,0,10.9,3,0.332,1,Kids,Store,0.21,0.584,0,0
ZC006490,24.0,Female,USA,Tier 3,1,124,4,241.95,60.49,1,6.1,3,0.324,5,Men,Store,0.357,0.596,0,1
ZC006491,42.0,Male,UK,Tier 3,28,11,2,143.75,71.88,9,1.5,2,0.353,1,Men,Mixed,0.351,0.267,0,0
ZC006492,28.0,Female,USA,Tier 1,17,239,3,139.44,46.48,2,7.2,5,0.142,8,Women,Online,0.119,0.476,0,1
ZC006493,21.0,Male,Germany,Tier 2,33,156,1,70.53,70.53,0,2.7,4,0.138,2,Kids,Online,0.166,0.667,1,1
ZC006494,32.0,Female,UK,Tier 3,16,10,1,104.47,104.47,5,3.3,3,0.367,5,Women,Store,0.15,0.443,0,0
ZC006495,33.0,Male,Other,Tier 1,5,32,3,221.82,73.94,8,3.4,3,0.881,8,Men,Mixed,0.48,0.376,0,0
ZC006496,16.0,Male,USA,Tier 2,7,84,1,51.3,51.3,3,2.2,4,0.404,4,Home,Online,0.195,0.242,0,0
ZC006497,32.0,Female,UK,Tier 1,19,11,1,98.83,98.83,3,16.0,7,,4,Women,Mixed,0.432,0.221,0,0
ZC006498,41.0,Female,Italy,Tier 2,19,198,2,169.2,84.6,5,9.0,1,0.462,1,Women,Mixed,0.526,0.134,1,1
ZC006499,37.0,Female,USA,Tier 1,12,110,1,73.84,73.84,1,3.2,5,0.603,7,Men,Online,0.226,0.183,0,1
ZC006500,54.0,Female,Italy,Tier 1,11,33,1,86.67,86.67,8,6.8,7,0.285,4,Women,Mixed,0.253,0.116,0,0
ZC006501,45.0,Female,Italy,Tier 2,34,99,2,157.27,78.64,2,2.5,5,0.207,6,Women,Mixed,0.408,0.329,1,1
ZC006502,46.0,Male,Italy,Tier 2,4,34,1,68.23,68.23,5,14.0,3,0.422,4,Men,Store,0.299,0.152,1,1
ZC006503,60.0,Male,Italy,Tier 1,25,208,1,45.62,45.62,4,3.7,2,0.234,6,Women,Online,0.281,0.382,1,1
ZC006504,40.0,Male,Mexico,Tier 1,16,66,1,111.47,111.47,3,9.2,2,0.217,5,Women,Mixed,0.525,0.189,0,0
ZC006505,34.0,Male,Other,Tier 3,34,80,1,94.2,94.2,4,3.7,3,0.341,4,Women,Store,0.139,0.072,0,1
ZC006506,42.0,Male,Spain,Tier 3,60,18,4,507.68,126.92,8,2.9,3,0.617,1,Men,Store,0.179,0.845,0,0
ZC006507,26.0,Male,France,Tier 2,6,41,1,66.65,66.65,7,5.5,5,0.655,1,Women,Store,0.216,0.124,0,0
ZC006508,33.0,Female,Mexico,Tier 1,31,144,2,211.82,105.91,2,3.1,2,0.419,4,Women,Mixed,0.397,0.323,0,1
ZC006509,26.0,Male,Spain,Tier 2,30,45,6,315.38,52.56,8,3.3,4,0.059,3,Men,Mixed,0.389,0.266,0,0
ZC006510,36.0,Female,France,Tier 2,10,17,1,46.93,46.93,12,2.9,2,0.12,1,Women,Mixed,0.078,0.48,0,0
ZC006511,,Female,Germany,Tier 1,13,10,1,82.64,82.64,8,6.1,4,0.466,2,Women,Store,0.202,0.411,0,0
ZC006512,25.0,Female,USA,Tier 1,17,73,1,94.5,94.5,2,2.2,4,0.373,2,Kids,Store,0.341,0.438,0,0
ZC006513,,Female,UK,Tier 1,29,6,1,86.51,86.51,7,2.5,2,0.66,8,Men,Mixed,0.102,0.206,1,0
ZC006514,31.0,Male,Mexico,Tier 1,21,76,1,90.09,90.09,1,1.9,3,0.395,7,Home,Online,0.489,0.467,0,0
ZC006515,16.0,Female,Spain,Tier 2,47,2,5,270.29,54.06,5,2.1,8,0.381,6,Kids,Online,0.539,0.213,0,1
ZC006516,17.0,Female,Spain,Tier 1,9,66,1,84.53,84.53,0,3.3,3,0.24,1,TRF,Mixed,0.225,0.406,0,0
ZC006517,21.0,Female,Mexico,Tier 1,19,57,5,447.5,89.5,8,1.0,1,0.569,8,Women,Online,0.123,0.625,0,0
ZC006518,23.0,Female,Mexico,Tier 1,24,32,1,83.33,83.33,2,1.9,4,,8,Home,Online,0.233,0.237,0,0
ZC006519,36.0,Female,Germany,Tier 2,15,54,5,356.6,71.32,4,1.0,4,,4,Women,Store,0.266,0.568,0,0
ZC006520,34.0,Male,UK,Tier 2,8,92,1,47.44,47.44,1,1.2,1,0.471,4,Women,Mixed,0.491,0.127,1,1
ZC006521,43.0,Female,Spain,Tier 1,41,174,3,242.21,80.74,2,2.5,3,0.455,1,TRF,Mixed,0.449,0.074,0,1
ZC006522,40.0,Female,Mexico,Tier 1,23,46,1,75.21,75.21,10,1.9,5,0.255,2,Women,Mixed,0.388,0.291,0,0
ZC006523,43.0,Female,USA,Tier 1,4,68,2,88.4,44.2,1,1.0,7,0.688,1,Men,Store,0.092,0.171,0,1
ZC006524,38.0,Female,Other,Tier 2,12,15,1,105.12,105.12,6,1.2,3,0.353,3,Men,Online,0.524,0.253,0,0
ZC006525,34.0,Female,Mexico,Tier 1,10,66,1,51.14,51.14,1,10.0,4,0.749,5,Men,Store,0.317,0.572,0,0
ZC006526,43.0,Male,Spain,Tier 1,54,48,4,273.81,68.45,9,8.3,4,0.517,6,Women,Online,0.142,0.254,0,0
ZC006527,,Male,Germany,Tier 1,16,83,6,497.25,82.88,6,1.8,4,0.296,1,Women,Store,0.28,0.215,0,0
ZC006528,36.0,Male,Other,Tier 1,48,14,7,607.28,86.75,6,8.9,3,,5,Home,Mixed,0.309,0.086,0,0
ZC006529,45.0,Female,Other,Tier 1,27,252,1,59.48,59.48,1,3.3,4,0.712,8,Women,Store,0.424,0.426,0,0
ZC006530,16.0,Female,Germany,Tier 2,26,36,1,59.09,59.09,9,4.3,1,0.535,4,Men,Online,0.512,0.186,0,0
ZC006531,29.0,Male,USA,Tier 1,12,72,1,80.11,80.11,1,5.8,4,0.041,2,Women,Online,0.516,0.148,0,1
ZC006532,29.0,Male,Italy,Tier 2,16,58,1,83.24,83.24,7,2.2,7,0.351,1,Men,Mixed,0.454,0.333,0,0
ZC006533,44.0,Female,Germany,Tier 1,6,75,3,305.08,101.69,4,2.5,2,0.519,2,Men,Mixed,0.426,0.42,0,0
ZC006534,48.0,Male,Germany,Tier 2,37,133,1,51.08,51.08,0,7.5,2,0.489,4,Women,Online,0.447,0.184,0,1
ZC006535,17.0,Female,USA,Tier 1,38,82,5,432.45,86.49,0,2.9,1,0.462,3,Women,Mixed,0.499,0.049,0,0
ZC006536,46.0,Female,Other,Tier 2,26,189,4,260.39,65.1,1,4.1,8,,3,Kids,Online,0.311,0.184,0,0
ZC006537,20.0,Male,France,Tier 1,21,141,1,84.54,84.54,2,5.3,3,0.444,1,Men,Store,0.495,0.026,0,1
ZC006538,21.0,Male,USA,Tier 1,18,9,1,65.26,65.26,4,5.4,2,0.163,7,Women,Store,0.028,0.418,0,0
ZC006539,30.0,Male,USA,Tier 2,54,195,6,573.29,95.55,2,4.6,5,0.267,3,TRF,Online,0.348,0.242,0,1
ZC006540,29.0,Female,USA,Tier 1,41,42,1,89.37,89.37,10,5.3,4,0.274,7,Beauty,Online,0.243,0.326,0,0
ZC006541,16.0,Female,UK,Tier 1,23,55,2,225.12,112.56,7,10.2,8,0.518,2,Women,Store,0.544,0.323,0,0
ZC006542,38.0,Male,USA,Tier 1,14,7,4,282.56,70.64,7,6.4,3,0.144,2,Home,Store,0.344,0.308,0,0
ZC006543,39.0,Male,France,Tier 3,13,126,1,73.57,73.57,0,8.7,4,0.235,2,Kids,Store,0.194,0.147,0,1
ZC006544,43.0,Female,USA,Tier 3,51,46,4,278.42,69.6,8,5.7,3,0.616,4,Men,Mixed,0.323,0.298,0,0
ZC006545,28.0,Female,USA,Tier 2,10,49,1,48.35,48.35,8,5.4,1,0.676,5,Women,Mixed,0.219,0.407,0,0
ZC006546,32.0,Female,Spain,Tier 1,19,61,1,89.08,89.08,4,2.0,3,0.654,5,Women,Online,0.208,0.233,0,0
ZC006547,32.0,Female,USA,Tier 1,29,112,1,88.03,88.03,1,6.6,6,0.356,3,Women,Mixed,0.499,0.234,0,1
ZC006548,49.0,Male,UK,Tier 2,35,177,7,583.19,83.31,3,4.6,4,0.59,2,Beauty,Mixed,0.169,0.337,0,0
ZC006549,16.0,Female,UK,Tier 1,25,6,2,156.05,78.03,7,10.8,2,0.444,2,Women,Online,0.265,0.562,0,0
ZC006550,22.0,Female,Italy,Tier 1,21,39,1,54.96,54.96,11,7.4,6,0.718,7,Women,Online,0.033,0.128,0,0
ZC006551,32.0,Female,France,Tier 2,20,19,2,104.21,52.1,5,9.0,0,0.754,1,Men,Mixed,0.157,0.076,0,0
ZC006552,21.0,Female,Italy,Tier 1,17,132,4,300.01,75.0,2,4.7,6,0.104,5,Women,Store,0.23,0.435,0,1
ZC006553,29.0,Female,Spain,Tier 2,8,103,1,105.48,105.48,1,2.9,3,0.45,6,Men,Store,0.458,0.076,0,0
ZC006554,31.0,Female,UK,Tier 2,33,82,6,257.0,42.83,1,1.4,4,0.617,5,Men,Store,0.46,0.455,0,0
ZC006555,25.0,Male,Spain,Tier 2,14,50,1,115.11,115.11,6,1.1,3,0.304,1,Women,Online,0.479,0.044,0,0
ZC006556,33.0,Female,UK,Tier 2,7,113,3,88.43,29.48,2,10.6,1,0.65,4,Home,Online,0.231,0.444,0,0
ZC006557,38.0,Female,Germany,Tier 1,9,66,1,133.1,133.1,2,2.7,3,0.149,6,Women,Online,0.464,0.33,0,0
ZC006558,30.0,Female,Mexico,Tier 2,23,91,1,48.84,48.84,2,6.4,2,0.825,8,Women,Store,0.448,0.074,0,1
ZC006559,27.0,Female,France,Tier 2,31,163,4,397.51,99.38,1,6.1,5,0.466,5,Women,Store,0.178,0.206,0,0
ZC006560,30.0,Female,UK,Tier 2,23,92,3,191.14,63.71,0,6.3,3,0.398,3,TRF,Store,0.242,0.405,0,1
ZC006561,32.0,Male,USA,Tier 3,18,48,4,474.27,118.57,3,3.5,4,0.418,2,Women,Mixed,0.425,0.335,0,0
ZC006562,16.0,Female,Other,Tier 3,19,25,4,117.88,29.47,6,1.1,2,0.383,8,Kids,Online,0.528,0.328,0,0
ZC006563,37.0,Female,USA,Tier 2,11,25,1,85.3,85.3,7,5.4,3,0.691,3,Men,Online,0.16,0.462,0,0
ZC006564,27.0,Female,Spain,Tier 3,38,35,1,91.0,91.0,6,2.5,3,0.562,1,Home,Store,0.184,0.511,0,0
ZC006565,45.0,Female,Spain,Tier 1,9,80,1,89.23,89.23,1,10.9,2,0.465,3,Women,Store,0.547,0.408,0,0
ZC006566,38.0,Female,Other,Tier 3,25,175,1,98.03,98.03,4,1.9,6,,4,Women,Store,0.773,0.568,1,1
ZC006567,,Female,Other,Tier 3,36,21,2,211.41,105.7,7,13.7,3,0.557,4,Women,Store,0.602,0.084,0,0
ZC006568,22.0,Female,USA,Tier 1,24,157,2,143.16,71.58,2,4.5,4,,6,Men,Online,0.174,0.151,0,0
ZC006569,28.0,Female,Spain,Tier 2,30,31,3,196.48,65.49,7,1.1,1,0.359,4,Home,Mixed,0.348,0.04,0,0
ZC006570,20.0,Male,Mexico,Tier 1,12,178,2,101.37,50.68,3,3.3,3,0.252,2,Home,Mixed,0.32,0.181,0,1
ZC006571,25.0,Female,USA,Tier 2,25,31,1,83.6,83.6,7,2.3,5,0.402,3,Women,Online,0.172,0.181,0,0
ZC006572,45.0,Male,Spain,Tier 1,35,28,6,519.41,86.57,8,7.5,3,0.261,5,Kids,Online,0.126,0.127,0,0
ZC006573,47.0,Female,UK,Tier 1,33,8,6,548.62,91.44,6,4.2,2,0.251,3,Kids,Mixed,0.267,0.057,1,0
ZC006574,21.0,Female,UK,Tier 1,35,39,1,82.16,82.16,13,2.9,3,0.62,8,Women,Store,0.151,0.309,0,0
ZC006575,27.0,Female,USA,Tier 1,16,34,1,92.75,92.75,9,2.5,2,0.594,6,Women,Online,0.439,0.432,0,0
ZC006576,31.0,Female,Germany,Tier 3,39,92,4,265.19,66.3,2,4.0,2,0.119,4,Men,Store,0.763,0.371,0,0
ZC006577,38.0,Male,Italy,Tier 1,22,23,5,541.08,108.22,5,5.3,1,0.452,4,Women,Store,0.263,0.132,0,0
ZC006578,16.0,Male,France,Tier 1,16,68,2,153.85,76.92,2,26.0,3,0.133,6,Women,Store,0.2,0.061,0,0
ZC006579,16.0,Male,Spain,Tier 3,52,34,3,213.16,71.05,3,4.0,1,0.423,2,TRF,Mixed,0.197,0.608,0,0
ZC006580,37.0,Female,Spain,Tier 1,4,120,1,98.75,98.75,2,5.9,5,0.775,6,Kids,Mixed,0.209,0.035,0,1
ZC006581,16.0,Male,Other,Tier 1,21,107,1,96.55,96.55,1,2.3,3,0.575,2,Women,Mixed,0.395,0.142,0,0
ZC006582,28.0,Female,USA,Tier 1,12,98,1,22.66,22.66,1,12.6,3,0.497,5,Women,Mixed,0.187,0.142,0,1
ZC006583,34.0,Male,UK,Tier 3,33,22,2,206.46,103.23,8,4.5,3,0.203,1,Women,Store,0.231,0.143,0,0
ZC006584,36.0,Female,Spain,Tier 3,11,129,1,62.78,62.78,4,3.1,3,0.544,4,Women,Mixed,0.212,0.299,0,1
ZC006585,31.0,Male,USA,Tier 2,5,29,2,160.1,80.05,3,3.1,2,0.375,6,Home,Store,0.241,0.469,0,0
ZC006586,,Female,France,Tier 1,15,118,1,37.21,37.21,0,4.1,1,0.226,3,Women,Online,0.232,0.196,0,0
ZC006587,40.0,Female,USA,Tier 1,16,9,2,115.08,57.54,5,4.8,4,0.308,3,Kids,Online,0.195,0.248,0,0
ZC006588,35.0,Male,Germany,Tier 2,13,88,1,118.65,118.65,2,5.6,3,0.217,6,Kids,Mixed,0.625,0.319,0,1
ZC006589,26.0,Male,USA,Tier 1,7,79,3,335.1,111.7,0,2.9,4,0.5,1,Men,Online,0.407,0.395,0,1
ZC006590,32.0,Male,Mexico,Tier 1,18,81,3,245.59,81.86,3,5.8,0,0.658,3,Women,Mixed,0.285,0.365,0,0
ZC006591,36.0,Female,Germany,Tier 1,4,192,3,300.68,100.23,1,1.5,5,0.621,2,Women,Store,0.596,0.068,0,1
ZC006592,49.0,Female,USA,Tier 3,18,19,1,84.12,84.12,5,1.0,10,0.522,4,Men,Mixed,0.485,0.222,0,0
ZC006593,40.0,Male,Mexico,Tier 2,19,121,1,74.35,74.35,0,1.7,5,0.171,7,Kids,Store,0.348,0.303,0,1
ZC006594,44.0,Female,Other,Tier 1,48,68,5,291.71,58.34,2,4.8,3,0.786,3,Women,Mixed,0.208,0.223,0,0
ZC006595,26.0,Male,Spain,Tier 3,23,229,4,260.21,65.05,0,8.8,2,0.154,8,Kids,Online,0.214,0.181,0,1
ZC006596,27.0,Female,Germany,Tier 1,5,36,1,95.52,95.52,5,1.5,5,0.514,8,Men,Mixed,0.499,0.178,0,1
ZC006597,30.0,Female,Germany,Tier 2,27,142,1,30.38,30.38,1,14.2,3,0.761,4,Women,Online,0.103,0.342,0,1
ZC006598,31.0,Male,Germany,Tier 1,53,211,3,237.8,79.27,2,8.0,8,0.665,8,Women,Online,0.099,0.15,0,1
ZC006599,22.0,Female,Spain,Tier 3,11,20,4,324.13,81.03,7,2.0,1,,4,Women,Store,0.23,0.342,0,0
ZC006600,45.0,Male,Spain,Tier 1,19,33,3,244.81,81.6,6,7.1,5,0.397,2,Men,Mixed,0.335,0.228,0,0
ZC006601,41.0,Male,USA,Tier 3,16,121,2,223.14,111.57,5,5.3,5,0.577,5,Men,Mixed,0.378,0.06,0,0
ZC006602,29.0,Female,Spain,Tier 2,19,94,1,73.24,73.24,2,3.0,1,0.183,8,Women,Online,0.382,0.089,0,0
ZC006603,38.0,Female,USA,Tier 1,19,47,5,335.2,67.04,5,6.8,1,0.246,1,Men,Mixed,0.538,0.763,0,0
ZC006604,34.0,Female,Other,Tier 1,18,72,1,69.81,69.81,2,1.6,1,0.909,2,Men,Online,0.494,0.542,0,0
ZC006605,39.0,Female,USA,Tier 2,12,45,1,70.84,70.84,7,8.5,5,0.172,3,Women,Store,0.429,0.128,0,0
ZC006606,19.0,Male,UK,Tier 1,17,47,2,136.51,68.26,9,4.5,3,0.332,7,TRF,Online,0.3,0.151,0,0
ZC006607,,Female,USA,Tier 1,21,29,3,198.53,66.18,7,4.8,2,0.549,1,Women,Online,0.5,0.381,0,0
ZC006608,31.0,Female,UK,Tier 2,22,102,1,113.58,113.58,2,3.8,8,0.452,5,Women,Mixed,0.278,0.447,0,1
ZC006609,38.0,Female,Mexico,Tier 1,25,33,4,457.91,114.48,3,15.4,3,0.441,2,Women,Online,0.475,0.512,0,0
ZC006610,26.0,Female,Other,Tier 1,42,8,5,561.97,112.39,6,5.7,4,0.203,2,Kids,Mixed,0.407,0.182,0,0
ZC006611,16.0,Male,UK,Tier 2,30,60,3,285.18,95.06,0,3.5,0,0.618,8,Men,Store,0.115,0.093,0,0
ZC006612,21.0,Female,UK,Tier 1,22,80,3,189.98,63.33,4,12.5,2,0.543,2,Women,Mixed,0.392,0.394,0,0
ZC006613,31.0,Female,USA,Tier 1,16,16,1,73.63,73.63,6,4.7,2,0.363,2,Men,Mixed,0.352,0.158,0,0
ZC006614,33.0,Female,Other,Tier 1,60,70,9,1145.01,127.22,1,1.4,8,0.549,6,Men,Mixed,0.531,0.206,0,0
ZC006615,,Female,USA,Tier 3,4,15,3,224.85,74.95,10,3.3,2,0.127,8,Men,Store,0.362,0.392,0,0
ZC006616,38.0,Female,USA,Tier 1,25,24,1,77.54,77.54,2,4.6,2,0.524,5,Home,Online,0.264,0.19,0,0
ZC006617,33.0,Male,UK,Tier 2,33,27,2,98.59,49.3,8,1.6,5,0.409,1,Home,Online,0.25,0.343,0,0
ZC006618,32.0,Female,Spain,Tier 2,21,97,4,402.46,100.62,1,11.0,5,0.148,8,Men,Store,0.308,0.544,0,0
ZC006619,43.0,Female,USA,Tier 2,12,18,2,126.47,63.24,5,8.9,3,0.713,4,Kids,Online,0.381,0.08,0,0
ZC006620,26.0,Female,Other,Tier 1,27,137,2,143.02,71.51,0,2.3,1,0.553,8,TRF,Store,0.499,0.612,0,0
ZC006621,31.0,Male,Spain,Tier 1,9,152,1,20.36,20.36,1,5.3,3,0.42,3,Women,Mixed,0.254,0.133,0,0
ZC006622,21.0,Female,USA,Tier 1,34,24,1,85.06,85.06,2,1.6,5,0.367,8,Men,Store,0.615,0.151,0,0
ZC006623,46.0,Female,USA,Tier 2,8,94,1,86.81,86.81,0,7.1,3,0.422,7,Home,Mixed,0.415,0.227,0,0
ZC006624,36.0,Male,USA,Tier 2,45,80,7,616.98,88.14,1,4.1,4,0.728,2,Women,Store,0.271,0.245,0,0
ZC006625,25.0,Female,Other,Tier 1,27,75,5,326.5,65.3,2,4.5,1,0.142,4,Men,Mixed,0.408,0.391,0,0
ZC006626,31.0,Male,Italy,Tier 2,22,160,3,326.85,108.95,2,14.2,0,0.614,3,Men,Mixed,0.193,0.191,0,0
ZC006627,37.0,Male,Other,Tier 1,18,42,3,285.08,95.03,6,6.9,7,0.387,7,TRF,Mixed,0.264,0.557,0,0
ZC006628,29.0,Male,Other,Tier 1,19,70,1,63.28,63.28,2,6.7,3,0.349,1,Men,Online,0.113,0.188,0,0
ZC006629,27.0,Female,Germany,Tier 2,10,88,1,109.3,109.3,1,5.9,2,0.332,6,Men,Store,0.342,0.527,0,0
ZC006630,25.0,Female,France,Tier 1,21,3,2,143.59,71.8,1,1.3,4,0.217,1,Women,Store,0.508,0.505,0,0
ZC006631,35.0,Male,France,Tier 3,15,113,1,42.69,42.69,3,1.0,2,0.19,3,Home,Store,0.459,0.73,0,1
ZC006632,28.0,Female,Italy,Tier 2,14,220,6,394.82,65.8,2,5.8,6,0.267,2,Men,Store,0.271,0.142,0,1
ZC006633,27.0,Female,Italy,Tier 1,60,4,6,487.61,81.27,8,3.1,3,0.631,4,Women,Online,0.284,0.244,0,0
ZC006634,19.0,Female,Germany,Tier 1,15,73,2,91.73,45.86,4,16.6,3,0.32,3,Men,Store,0.246,0.33,0,1
ZC006635,33.0,Female,UK,Tier 2,17,49,1,34.44,34.44,7,1.4,5,0.275,8,Men,Mixed,0.378,0.252,0,0
ZC006636,30.0,Female,Italy,Tier 2,38,81,4,317.38,79.34,2,4.4,4,0.197,4,Women,Online,0.591,0.206,0,1
ZC006637,29.0,Male,USA,Tier 1,10,113,1,74.41,74.41,1,6.1,4,0.407,2,Men,Online,0.114,0.412,0,1
ZC006638,34.0,Male,France,Tier 1,45,30,8,647.93,80.99,7,3.3,2,0.755,8,Women,Mixed,0.209,0.59,0,0
ZC006639,39.0,Female,France,Tier 2,16,82,3,257.19,85.73,3,2.4,3,0.58,1,Men,Mixed,0.533,0.232,0,1
ZC006640,39.0,Male,France,Tier 1,11,160,1,97.87,97.87,2,1.6,2,0.496,5,Home,Online,0.407,0.44,0,1
ZC006641,38.0,Male,France,Tier 1,4,127,1,40.92,40.92,1,1.0,4,0.475,5,Home,Online,0.347,0.023,0,1
ZC006642,30.0,Female,Mexico,Tier 1,41,104,1,20.11,20.11,2,5.2,3,0.403,1,Women,Store,0.199,0.206,0,0
ZC006643,26.0,Male,Mexico,Tier 1,13,43,1,103.23,103.23,4,8.7,6,0.24,1,Men,Store,0.143,0.227,0,0
ZC006644,22.0,Female,USA,Tier 1,16,38,1,74.0,74.0,8,5.2,5,0.322,5,Women,Store,0.07,0.251,0,0
ZC006645,26.0,Female,USA,Tier 1,16,75,2,191.5,95.75,1,3.9,1,0.49,3,Men,Mixed,0.331,0.289,0,0
ZC006646,32.0,Female,Spain,Tier 1,13,76,1,67.1,67.1,2,11.9,0,,4,Kids,Store,0.082,0.873,0,0
ZC006647,24.0,Female,Spain,Tier 1,27,128,4,356.67,89.17,0,5.7,3,0.349,6,Women,Store,0.134,0.368,0,0
ZC006648,33.0,Female,USA,Tier 3,35,74,7,806.28,115.18,4,13.8,2,0.13,2,Kids,Online,0.578,0.369,0,0
ZC006649,22.0,Female,Mexico,Tier 1,60,114,3,244.68,81.56,3,2.1,2,0.173,4,TRF,Mixed,0.38,0.218,0,1
ZC006650,16.0,Female,Mexico,Tier 1,47,7,2,147.39,73.69,8,5.3,5,0.431,6,Kids,Mixed,0.675,0.207,0,0
ZC006651,40.0,Female,USA,Tier 3,21,101,2,174.55,87.28,1,1.6,6,0.364,2,Women,Online,0.588,0.545,0,1
ZC006652,27.0,Female,Other,Tier 3,34,105,1,118.32,118.32,1,6.8,5,0.221,2,Kids,Online,0.582,0.266,0,1
ZC006653,24.0,Male,UK,Tier 2,55,152,4,281.14,70.28,2,6.9,5,0.218,8,Women,Online,0.389,0.338,0,0
ZC006654,21.0,Male,Mexico,Tier 1,37,4,2,89.75,44.88,5,11.8,3,0.22,7,Kids,Store,0.317,0.308,0,0
ZC006655,36.0,Female,UK,Tier 2,22,187,1,125.03,125.03,1,2.9,3,0.689,4,Women,Mixed,0.332,0.508,0,1
ZC006656,46.0,Male,Italy,Tier 2,27,53,1,71.84,71.84,5,7.2,1,0.676,2,Women,Online,0.468,0.027,0,0
ZC006657,28.0,Female,USA,Tier 2,45,40,3,164.54,54.85,5,1.6,3,,3,Home,Mixed,0.14,0.335,0,0
ZC006658,30.0,Female,Spain,Tier 1,3,119,1,57.86,57.86,2,2.9,2,0.193,6,TRF,Mixed,0.256,0.141,0,1
ZC006659,43.0,Female,USA,Tier 1,18,47,1,79.4,79.4,6,4.1,6,0.491,6,Women,Store,0.564,0.171,0,0
ZC006660,16.0,Female,Italy,Tier 1,2,88,3,176.31,58.77,2,5.7,4,0.51,2,Women,Mixed,0.452,0.44,0,1
ZC006661,52.0,Female,Other,Tier 2,8,89,3,143.03,47.68,0,4.6,1,0.213,5,Women,Online,0.471,0.13,0,0
ZC006662,56.0,Male,Germany,Tier 1,1,334,1,88.44,88.44,1,8.7,2,0.623,5,Women,Online,0.403,0.229,1,1
ZC006663,16.0,Male,Mexico,Tier 1,17,301,3,282.29,94.1,0,1.5,3,0.356,2,Women,Store,0.28,0.475,0,1
ZC006664,31.0,Male,Spain,Tier 2,52,143,2,144.96,72.48,1,1.8,1,0.368,5,Men,Store,0.439,0.132,0,0
ZC006665,25.0,Male,Mexico,Tier 3,41,28,5,272.43,54.49,6,10.8,2,0.444,3,Kids,Online,0.533,0.13,0,0
ZC006666,29.0,Female,Other,Tier 3,11,93,1,69.0,69.0,3,1.0,4,0.629,8,Women,Store,0.698,0.158,0,1
ZC006667,28.0,Female,UK,Tier 2,27,19,3,287.31,95.77,3,4.5,4,0.468,1,Home,Mixed,0.493,0.051,0,0
ZC006668,40.0,Female,France,Tier 1,9,60,4,273.72,68.43,2,19.5,4,0.311,5,Women,Mixed,0.129,0.431,0,0
ZC006669,31.0,Female,Spain,Tier 3,21,46,4,332.71,83.18,9,9.7,3,0.653,7,Men,Store,0.406,0.223,0,1
ZC006670,23.0,Male,USA,Tier 1,48,232,6,612.18,102.03,3,4.1,3,0.467,2,Men,Mixed,0.145,0.454,0,0
ZC006671,30.0,Female,Spain,Tier 1,7,52,1,90.76,90.76,4,8.0,2,0.185,1,Women,Online,0.209,0.43,0,0
ZC006672,,Female,Italy,Tier 1,24,133,2,174.09,87.04,1,5.9,2,0.188,4,Women,Store,0.086,0.177,0,0
ZC006673,20.0,Female,Mexico,Tier 2,33,68,3,145.83,48.61,0,6.9,4,0.45,2,Women,Online,0.355,0.318,0,0
ZC006674,16.0,Male,Spain,Tier 1,13,135,3,138.24,46.08,3,7.6,5,0.404,8,Home,Online,0.412,0.38,0,0
ZC006675,52.0,Female,Other,Tier 1,24,3,1,83.36,83.36,6,4.5,11,0.811,8,Men,Online,0.289,0.122,0,0
ZC006676,26.0,Male,Other,Tier 1,11,57,1,57.59,57.59,6,1.3,2,0.216,8,Men,Online,0.091,0.368,0,0
ZC006677,31.0,Female,France,Tier 2,22,132,5,185.28,37.06,1,2.3,1,0.54,5,TRF,Store,0.664,0.035,0,0
ZC006678,28.0,Female,Other,Tier 2,22,133,2,198.41,99.2,0,1.8,5,0.499,7,Women,Mixed,0.134,0.202,0,1
ZC006679,37.0,Female,Other,Tier 1,6,109,1,104.75,104.75,0,3.0,6,0.308,8,Women,Store,0.329,0.132,0,1
ZC006680,50.0,Male,USA,Tier 1,5,40,1,50.17,50.17,2,4.5,2,0.181,6,Men,Online,0.319,0.603,0,0
ZC006681,38.0,Male,Other,Tier 2,4,111,1,35.04,35.04,2,10.2,4,0.521,3,Beauty,Store,0.354,0.516,0,1
ZC006682,17.0,Female,UK,Tier 1,28,98,1,101.63,101.63,3,1.3,2,0.133,3,Women,Store,0.467,0.539,0,1
ZC006683,18.0,Female,USA,Tier 1,25,73,3,347.47,115.82,1,5.6,7,0.756,7,TRF,Store,0.565,0.154,0,0
ZC006684,28.0,Female,USA,Tier 2,21,124,4,362.64,90.66,1,3.6,2,0.294,4,Women,Mixed,0.105,0.194,0,1
ZC006685,29.0,Female,Italy,Tier 2,17,23,4,255.86,63.96,3,2.3,6,0.411,1,Home,Store,0.276,0.497,0,0
ZC006686,16.0,Female,Other,Tier 2,35,57,6,469.71,78.28,5,4.5,4,0.638,4,Women,Store,0.339,0.176,0,0
ZC006687,40.0,Female,UK,Tier 1,15,10,1,92.03,92.03,5,4.9,6,0.583,7,Women,Online,0.358,0.578,0,0
ZC006688,21.0,Male,France,Tier 3,11,13,1,98.32,98.32,7,6.3,6,0.527,1,Home,Mixed,0.498,0.393,0,0
ZC006689,47.0,Male,USA,Tier 1,8,26,1,69.43,69.43,4,3.3,4,0.232,8,Kids,Mixed,0.163,0.144,0,0
ZC006690,50.0,Male,Other,Tier 3,20,209,8,1138.78,142.35,3,3.7,4,0.556,8,Men,Online,0.136,0.438,0,0
ZC006691,30.0,Male,Spain,Tier 1,23,130,3,276.9,92.3,3,5.9,2,0.292,6,Men,Mixed,0.262,0.253,0,1
ZC006692,36.0,Male,Germany,Tier 1,19,32,1,68.99,68.99,3,5.8,6,0.358,4,Home,Mixed,0.434,0.322,0,0
ZC006693,20.0,Male,Germany,Tier 1,32,48,1,85.35,85.35,7,6.3,4,0.5,6,Men,Store,0.132,0.17,0,0
ZC006694,38.0,Female,Spain,Tier 1,16,42,4,358.03,89.51,6,1.9,2,0.78,8,Women,Store,0.254,0.519,0,0
ZC006695,27.0,Female,Other,Tier 1,60,98,2,148.77,74.39,2,12.1,3,0.193,6,Kids,Online,0.606,0.615,0,1
ZC006696,21.0,Female,Other,Tier 3,20,25,2,103.61,51.8,3,2.9,3,0.295,4,Kids,Online,0.656,0.394,0,0
ZC006697,29.0,Male,UK,Tier 3,14,235,1,53.28,53.28,2,5.6,3,0.516,8,Men,Online,0.335,0.191,0,1
ZC006698,27.0,Female,Italy,Tier 1,15,246,1,68.52,68.52,0,1.5,1,0.675,1,Men,Store,0.389,0.506,0,1
ZC006699,29.0,Female,Other,Tier 3,26,84,6,441.36,73.56,1,3.4,3,0.214,6,Men,Store,0.022,0.532,0,0
ZC006700,41.0,Female,Spain,Tier 3,60,43,6,445.49,74.25,8,5.2,1,0.576,3,Men,Online,0.35,0.238,0,0
ZC006701,24.0,Female,Spain,Tier 3,12,168,3,213.96,71.32,1,7.3,4,0.075,5,TRF,Mixed,0.295,0.048,0,1
ZC006702,49.0,Female,Italy,Tier 1,30,125,1,77.65,77.65,0,7.2,5,0.269,6,Men,Online,0.316,0.232,0,0
ZC006703,19.0,Male,France,Tier 1,24,21,4,183.3,45.82,5,1.9,3,0.186,3,TRF,Mixed,0.223,0.5,0,1
ZC006704,48.0,Female,Italy,Tier 3,49,62,7,758.67,108.38,1,2.4,1,0.773,8,Men,Mixed,0.239,0.407,0,0
ZC006705,22.0,Male,France,Tier 2,11,59,2,106.48,53.24,6,1.1,7,0.384,7,Men,Mixed,0.498,0.314,0,0
ZC006706,32.0,Female,Italy,Tier 1,27,2,1,73.74,73.74,2,8.0,4,0.144,4,Home,Online,0.272,0.505,0,0
ZC006707,27.0,Male,USA,Tier 1,38,117,2,107.63,53.82,3,9.8,4,0.331,2,Kids,Store,0.208,0.214,0,0
ZC006708,29.0,Female,USA,Tier 1,30,45,3,264.54,88.18,7,2.1,2,0.102,3,Home,Store,0.401,0.065,0,0
ZC006709,40.0,Female,USA,Tier 1,35,81,3,340.99,113.66,0,5.3,6,0.666,6,Women,Mixed,0.384,0.352,0,0
ZC006710,47.0,Male,UK,Tier 1,15,157,1,105.17,105.17,2,3.9,3,0.128,1,Home,Store,0.227,0.327,0,0
ZC006711,44.0,Male,Mexico,Tier 2,23,70,3,181.12,60.37,1,4.3,2,0.137,2,Women,Mixed,0.314,0.371,0,0
ZC006712,28.0,Male,Other,Tier 1,43,122,4,289.65,72.41,3,5.9,1,0.118,8,Women,Online,0.187,0.174,0,0
ZC006713,34.0,Male,UK,Tier 1,5,57,1,68.15,68.15,2,9.6,3,,3,Men,Mixed,0.273,0.403,0,0
ZC006714,24.0,Female,Germany,Tier 1,16,9,1,49.54,49.54,4,4.6,4,0.595,5,Home,Online,0.365,0.202,0,0
ZC006715,22.0,Female,USA,Tier 1,10,193,1,102.23,102.23,1,8.5,1,0.308,3,Home,Mixed,0.321,0.257,0,1
ZC006716,21.0,Female,UK,Tier 1,10,202,1,123.12,123.12,2,6.7,3,0.659,1,Women,Online,0.301,0.327,0,1
ZC006717,28.0,Male,Other,Tier 1,25,19,1,115.84,115.84,6,4.0,4,0.689,1,Women,Store,0.247,0.304,0,0
ZC006718,34.0,Male,USA,Tier 3,25,252,1,56.18,56.18,1,1.0,0,0.583,1,Home,Online,0.261,0.203,0,1
ZC006719,16.0,Male,Mexico,Tier 1,16,49,2,268.14,134.07,9,2.6,3,0.267,7,Men,Store,0.45,0.307,0,0
ZC006720,32.0,Male,Spain,Tier 1,22,63,1,66.93,66.93,1,1.5,6,0.328,5,Women,Mixed,0.613,0.107,0,0
ZC006721,47.0,Female,USA,Tier 1,19,113,1,66.92,66.92,3,9.1,5,0.505,1,Women,Mixed,0.112,0.297,0,1
ZC006722,43.0,Female,Germany,Tier 2,4,90,1,66.82,66.82,2,4.0,5,0.627,6,TRF,Store,0.48,0.093,0,0
ZC006723,26.0,Female,Mexico,Tier 1,7,5,1,76.44,76.44,7,9.4,2,0.468,3,Women,Online,0.157,0.301,0,0
ZC006724,18.0,Female,Germany,Tier 2,30,172,1,31.0,31.0,1,1.8,1,0.306,8,Men,Store,0.612,0.209,0,1
ZC006725,37.0,Male,Other,Tier 1,9,56,1,51.64,51.64,6,13.5,3,0.529,4,TRF,Store,0.331,0.642,0,0
ZC006726,16.0,Female,Other,Tier 1,16,38,3,353.31,117.77,6,5.0,5,0.524,1,TRF,Store,0.349,0.249,0,0
ZC006727,43.0,Male,Germany,Tier 1,26,107,1,139.69,139.69,2,6.0,2,0.136,8,Women,Online,0.508,0.46,0,1
ZC006728,30.0,Male,USA,Tier 2,24,80,1,25.79,25.79,2,3.1,7,0.351,1,Women,Online,0.11,0.086,0,0
ZC006729,50.0,Female,USA,Tier 2,12,195,3,348.67,116.22,3,4.0,1,0.464,2,Women,Mixed,0.376,0.479,0,0
ZC006730,16.0,Male,Germany,Tier 2,20,183,1,58.19,58.19,3,4.5,2,0.042,3,Women,Online,0.154,0.273,0,0
ZC006731,41.0,Female,Germany,Tier 1,15,38,5,324.67,64.93,5,1.8,1,0.524,6,Men,Online,0.241,0.613,0,0
ZC006732,31.0,Male,UK,Tier 1,18,51,3,144.83,48.28,5,9.1,4,0.673,5,Women,Online,0.159,0.448,0,0
ZC006733,29.0,Female,UK,Tier 2,48,19,5,438.7,87.74,4,1.0,5,0.228,3,Men,Store,0.108,0.438,0,0
ZC006734,18.0,Female,USA,Tier 1,27,184,3,296.93,98.98,2,1.4,5,,5,Women,Mixed,0.422,0.44,0,1
ZC006735,38.0,Female,Spain,Tier 2,18,145,4,318.43,79.61,0,2.8,7,0.655,1,Kids,Online,0.261,0.167,0,1
ZC006736,39.0,Female,UK,Tier 1,20,38,1,97.07,97.07,5,3.3,3,0.497,8,Men,Mixed,0.106,0.425,0,0
ZC006737,50.0,Male,Other,Tier 1,2,132,2,188.97,94.48,1,8.8,4,0.47,6,Women,Store,0.287,0.057,0,0
ZC006738,42.0,Male,Mexico,Tier 2,60,27,3,177.68,59.23,9,5.0,1,,6,Women,Online,0.476,0.495,0,0
ZC006739,26.0,Male,Other,Tier 1,43,86,1,96.73,96.73,2,1.4,7,0.548,2,Men,Store,0.473,0.233,0,0
ZC006740,22.0,Female,Germany,Tier 3,15,94,1,66.38,66.38,3,2.1,2,0.325,3,Women,Mixed,0.546,0.33,0,1
ZC006741,18.0,Male,USA,Tier 2,4,81,1,52.26,52.26,4,1.7,6,0.455,7,Men,Online,0.421,0.633,0,1
ZC006742,47.0,Female,Italy,Tier 1,15,12,1,91.74,91.74,5,7.6,2,0.26,5,Women,Online,0.536,0.332,0,1
ZC006743,24.0,Female,Other,Tier 1,38,120,1,107.81,107.81,2,4.8,2,0.166,5,Women,Online,0.465,0.455,0,0
ZC006744,47.0,Male,Germany,Tier 1,35,31,1,66.81,66.81,6,2.2,2,0.543,7,TRF,Mixed,0.213,0.432,0,0
ZC006745,37.0,Male,France,Tier 1,20,14,1,105.25,105.25,4,10.6,1,0.38,2,Women,Mixed,0.495,0.406,0,1
ZC006746,,Male,Germany,Tier 1,59,117,6,451.74,75.29,4,5.4,4,0.254,5,Men,Mixed,0.37,0.403,0,1
ZC006747,29.0,Male,Spain,Tier 1,17,201,1,37.3,37.3,2,17.6,5,0.508,1,Home,Store,0.154,0.276,0,0
ZC006748,39.0,Female,USA,Tier 2,16,14,2,104.79,52.4,2,2.9,6,0.132,7,Women,Mixed,0.475,0.624,0,0
ZC006749,32.0,Female,USA,Tier 1,26,2,1,39.46,39.46,6,4.6,4,0.238,2,Men,Online,0.666,0.381,0,0
ZC006750,28.0,Female,UK,Tier 1,11,38,4,363.7,90.92,7,4.5,1,0.272,5,Women,Store,0.174,0.208,0,0
ZC006751,39.0,Female,Other,Tier 1,13,87,1,121.12,121.12,3,2.5,6,0.396,3,Men,Mixed,0.528,0.166,0,0
ZC006752,31.0,Female,USA,Tier 2,30,27,4,458.7,114.68,3,5.4,5,0.193,3,Kids,Online,0.355,0.299,0,0
ZC006753,24.0,Female,Spain,Tier 1,10,90,1,106.48,106.48,1,4.5,6,0.268,6,Kids,Online,0.346,0.559,0,0
ZC006754,38.0,Female,Mexico,Tier 3,26,35,1,98.39,98.39,10,4.3,4,0.395,1,Women,Store,0.346,0.088,0,0
ZC006755,31.0,Female,Other,Tier 3,36,17,7,589.23,84.18,9,3.0,3,0.463,1,Men,Online,0.355,0.182,0,0
ZC006756,37.0,Male,France,Tier 3,15,3,4,431.46,107.86,5,10.0,3,0.631,4,Women,Mixed,0.111,0.259,0,0
ZC006757,27.0,Female,UK,Tier 2,17,165,1,91.42,91.42,1,3.7,5,0.848,4,Kids,Online,0.533,0.035,0,1
ZC006758,20.0,Female,UK,Tier 2,21,97,4,209.32,52.33,0,7.4,3,0.448,8,Men,Mixed,0.371,0.058,0,1
ZC006759,49.0,Female,Germany,Tier 1,10,118,1,48.69,48.69,1,3.3,6,0.373,5,Beauty,Mixed,0.403,0.165,0,1
ZC006760,47.0,Male,Other,Tier 2,14,1,1,70.64,70.64,5,4.5,4,0.547,1,Women,Mixed,0.301,0.231,0,0
ZC006761,41.0,Female,USA,Tier 1,6,48,1,45.46,45.46,8,8.4,4,0.246,5,Men,Mixed,0.212,0.131,0,0
ZC006762,28.0,Female,Other,Tier 1,9,187,1,70.28,70.28,2,2.7,3,0.249,8,Kids,Online,0.142,0.264,0,0
ZC006763,29.0,Male,Germany,Tier 3,19,349,2,153.03,76.52,3,6.6,5,0.395,8,Men,Online,0.587,0.596,0,1
ZC006764,46.0,Male,Italy,Tier 1,25,139,2,192.36,96.18,3,5.2,4,0.483,7,Home,Mixed,0.426,0.523,0,1
ZC006765,28.0,Female,Spain,Tier 1,25,65,3,218.4,72.8,1,2.0,2,0.417,1,Home,Store,0.177,0.366,0,0
ZC006766,26.0,Female,Other,Tier 1,12,30,1,111.53,111.53,7,7.9,1,0.464,5,Women,Online,0.546,0.458,0,0
ZC006767,51.0,Female,France,Tier 1,12,93,1,70.7,70.7,0,4.2,3,0.41,2,Kids,Store,0.352,0.108,0,0
ZC006768,32.0,Female,USA,Tier 2,14,6,2,100.43,50.22,3,10.8,3,0.557,6,TRF,Store,0.291,0.691,0,0
ZC006769,50.0,Female,UK,Tier 3,20,20,1,104.85,104.85,3,2.7,2,0.253,8,Men,Online,0.1,0.84,0,0
ZC006770,18.0,Male,USA,Tier 1,9,53,1,117.36,117.36,1,6.0,5,0.202,7,Women,Online,0.396,0.673,0,0
ZC006771,37.0,Female,USA,Tier 1,5,138,1,83.92,83.92,1,6.1,2,0.489,8,Women,Online,0.354,0.337,0,1
ZC006772,53.0,Female,Spain,Tier 1,22,70,1,59.3,59.3,2,5.1,2,0.254,6,Women,Online,0.474,0.457,0,0
ZC006773,32.0,Male,USA,Tier 2,13,111,1,110.47,110.47,2,1.7,2,0.436,3,Home,Store,0.397,0.182,0,0
ZC006774,29.0,Female,France,Tier 1,25,89,1,87.61,87.61,0,5.2,6,0.327,3,Men,Online,0.294,0.606,0,0
ZC006775,20.0,Female,Germany,Tier 2,60,39,5,532.08,106.42,7,1.0,3,0.404,6,Women,Online,0.244,0.272,0,0
ZC006776,43.0,Female,Italy,Tier 2,13,9,1,110.65,110.65,3,10.3,3,0.331,5,Men,Mixed,0.448,0.183,0,0
ZC006777,24.0,Female,Germany,Tier 1,27,29,1,99.03,99.03,8,6.2,5,0.226,8,Women,Store,0.569,0.216,0,0
ZC006778,31.0,Female,Spain,Tier 1,3,79,1,48.46,48.46,0,10.2,3,0.544,7,Women,Store,0.123,0.351,0,0
ZC006779,20.0,Male,UK,Tier 1,15,29,1,84.82,84.82,8,5.2,5,0.505,2,Kids,Mixed,0.086,0.047,0,0
ZC006780,48.0,Female,Germany,Tier 2,21,77,2,136.73,68.36,2,8.9,5,0.835,8,Kids,Online,0.304,0.426,0,0
ZC006781,44.0,Male,Italy,Tier 2,3,235,1,74.67,74.67,0,5.3,2,0.237,6,Men,Store,0.365,0.251,0,1
ZC006782,32.0,Female,USA,Tier 3,45,8,4,295.91,73.98,7,5.8,1,0.175,8,Men,Mixed,0.558,0.397,0,0
ZC006783,20.0,Male,Other,Tier 1,11,113,1,61.08,61.08,0,1.6,2,0.342,7,Men,Online,0.296,0.271,0,1
ZC006784,47.0,Female,Mexico,Tier 3,33,7,5,320.32,64.06,4,4.1,0,0.614,5,Beauty,Mixed,0.196,0.197,0,0
ZC006785,28.0,Female,Other,Tier 1,28,94,1,80.81,80.81,0,3.2,3,0.286,8,Kids,Online,0.078,0.342,0,0
ZC006786,21.0,Female,Germany,Tier 1,51,112,6,231.43,38.57,2,5.4,2,0.264,6,Women,Mixed,0.156,0.252,0,0
ZC006787,16.0,Female,UK,Tier 1,3,32,1,70.57,70.57,4,5.7,6,0.689,3,Men,Store,0.298,0.322,0,0
ZC006788,26.0,Female,Other,Tier 1,23,158,6,571.49,95.25,3,4.0,3,0.559,3,Men,Online,0.099,0.086,0,1
ZC006789,17.0,Female,Other,Tier 1,18,95,1,88.94,88.94,2,2.6,1,0.486,8,Men,Online,0.226,0.161,0,0
ZC006790,26.0,Male,Other,Tier 1,2,266,1,70.64,70.64,1,3.8,1,0.965,2,Men,Mixed,0.36,0.454,0,1
ZC006791,39.0,Female,Other,Tier 2,17,37,1,72.39,72.39,2,2.2,3,0.266,6,Men,Online,0.255,0.105,0,0
ZC006792,28.0,Female,Other,Tier 2,16,40,4,176.48,44.12,5,1.7,5,0.591,3,Men,Store,0.317,0.456,0,0
ZC006793,36.0,Male,Italy,Tier 2,7,10,1,56.85,56.85,10,5.5,3,,2,Kids,Mixed,0.141,0.277,0,0
ZC006794,25.0,Female,USA,Tier 2,16,330,1,42.2,42.2,2,3.5,3,0.47,4,Kids,Store,0.448,0.465,1,1
ZC006795,33.0,Female,France,Tier 2,15,165,1,74.01,74.01,1,6.6,9,0.54,5,Women,Mixed,0.496,0.399,0,1
ZC006796,51.0,Male,Germany,Tier 3,13,17,1,84.55,84.55,4,1.2,3,0.207,7,Men,Mixed,0.445,0.17,1,0
ZC006797,29.0,Male,Mexico,Tier 1,24,110,4,271.46,67.86,0,4.6,0,0.223,1,Kids,Online,0.129,0.721,0,0
ZC006798,36.0,Female,France,Tier 3,31,219,2,62.15,31.08,1,1.5,5,0.404,8,Men,Store,0.133,0.011,0,1
ZC006799,,Female,France,Tier 1,11,40,1,96.91,96.91,12,4.4,3,0.489,5,Kids,Online,0.256,0.5,0,0
ZC006800,,Female,Other,Tier 1,17,34,1,81.37,81.37,7,6.0,8,0.652,7,Men,Store,0.424,0.601,0,0
ZC006801,27.0,Female,UK,Tier 2,50,7,5,329.34,65.87,6,3.6,5,0.658,7,Women,Online,0.111,0.071,0,0
ZC006802,43.0,Male,Spain,Tier 1,17,149,1,54.75,54.75,2,15.1,5,0.366,8,TRF,Mixed,0.284,0.398,0,1
ZC006803,31.0,Male,Italy,Tier 1,10,30,2,218.05,109.02,7,4.3,0,0.415,3,Women,Online,0.305,0.395,0,0
ZC006804,38.0,Female,USA,Tier 1,8,12,1,96.12,96.12,10,8.7,3,0.525,2,TRF,Online,0.406,0.138,0,0
ZC006805,39.0,Female,USA,Tier 2,27,104,6,506.12,84.35,1,3.1,1,0.707,6,Women,Online,0.317,0.092,1,0
ZC006806,27.0,Male,Germany,Tier 3,11,8,1,39.86,39.86,5,1.3,3,0.349,7,Men,Store,0.411,0.505,0,0
ZC006807,43.0,Female,Other,Tier 1,9,84,1,79.38,79.38,2,4.0,5,0.216,2,Men,Store,0.104,0.143,0,0
ZC006808,24.0,Male,USA,Tier 1,26,14,4,245.54,61.38,6,3.1,3,,2,Women,Mixed,0.277,0.296,0,0
ZC006809,40.0,Female,UK,Tier 2,6,115,3,147.8,49.27,0,4.5,2,0.32,7,Women,Online,0.346,0.212,0,1
ZC006810,28.0,Female,UK,Tier 1,25,17,4,288.08,72.02,4,11.3,2,0.542,5,Women,Store,0.382,0.621,0,0
ZC006811,35.0,Male,Italy,Tier 1,8,32,1,88.92,88.92,5,3.9,3,0.452,5,Women,Mixed,0.214,0.271,0,0
ZC006812,27.0,Male,UK,Tier 1,9,66,1,74.83,74.83,0,5.1,4,0.627,4,Kids,Mixed,0.278,0.328,0,0
ZC006813,32.0,Female,UK,Tier 2,6,37,1,90.2,90.2,8,2.7,2,0.113,2,Kids,Store,0.587,0.534,0,1
ZC006814,21.0,Male,Italy,Tier 1,10,340,3,147.46,49.15,2,4.7,4,0.46,1,Beauty,Online,0.312,0.536,0,1
ZC006815,34.0,Female,Other,Tier 1,38,22,4,125.83,31.46,5,2.5,5,0.427,4,TRF,Online,0.548,0.385,0,0
ZC006816,32.0,Female,USA,Tier 1,60,12,1,86.93,86.93,5,7.2,6,0.249,7,Women,Store,0.376,0.19,0,0
ZC006817,27.0,Female,Germany,Tier 1,16,46,5,354.03,70.81,6,3.4,2,0.407,2,Kids,Store,0.167,0.103,0,0
ZC006818,31.0,Female,Mexico,Tier 1,14,107,1,74.23,74.23,1,3.2,2,0.249,7,Beauty,Store,0.424,0.435,0,1
ZC006819,33.0,Male,USA,Tier 2,31,28,4,283.92,70.98,5,8.4,7,0.656,3,Kids,Store,0.229,0.166,0,0
ZC006820,26.0,Female,Mexico,Tier 3,25,42,1,84.53,84.53,9,1.0,8,0.402,5,Women,Store,0.471,0.21,0,0
ZC006821,31.0,Female,USA,Tier 1,35,83,6,390.17,65.03,2,1.4,2,0.616,7,Men,Online,0.294,0.258,0,0
ZC006822,22.0,Female,Spain,Tier 1,24,77,4,377.44,94.36,1,3.1,1,0.647,3,Home,Online,0.259,0.722,0,0
ZC006823,55.0,Male,Spain,Tier 1,39,166,2,174.22,87.11,0,1.6,4,0.121,7,Men,Online,0.207,0.159,0,0
ZC006824,43.0,Male,Spain,Tier 3,23,11,4,341.49,85.37,9,5.2,2,0.409,1,Women,Store,0.465,0.222,0,0
ZC006825,35.0,Female,Mexico,Tier 1,50,73,4,304.16,76.04,4,5.7,3,0.208,4,TRF,Store,0.364,0.175,0,0
ZC006826,44.0,Female,Italy,Tier 2,31,3,4,372.34,93.08,7,1.4,6,0.357,5,Men,Store,0.225,0.417,0,0
ZC006827,16.0,Male,Mexico,Tier 3,48,51,4,68.4,17.1,4,2.8,1,0.649,3,Kids,Online,0.257,0.267,0,0
ZC006828,16.0,Female,Mexico,Tier 3,14,143,1,75.76,75.76,6,5.5,2,0.532,6,Men,Store,0.244,0.47,0,1
ZC006829,28.0,Male,UK,Tier 3,16,400,5,217.97,43.59,2,3.4,7,0.742,8,Women,Mixed,0.44,0.185,0,1
ZC006830,18.0,Female,Other,Tier 1,22,90,3,254.22,84.74,1,9.1,2,0.399,8,Home,Mixed,0.193,0.14,1,0
ZC006831,30.0,Male,Other,Tier 2,23,153,1,93.29,93.29,1,7.4,3,0.499,3,Women,Store,0.537,0.367,0,1
ZC006832,34.0,Female,USA,Tier 3,18,37,2,46.23,23.12,8,3.9,1,,2,Women,Store,0.525,0.282,0,0
ZC006833,41.0,Female,Mexico,Tier 2,19,38,3,319.52,106.51,11,5.0,2,0.446,4,Men,Store,0.375,0.259,0,0
ZC006834,21.0,Female,Mexico,Tier 2,15,61,3,205.5,68.5,0,8.1,3,0.606,6,Men,Store,0.57,0.154,0,0
ZC006835,36.0,Female,France,Tier 3,22,59,6,529.68,88.28,5,5.0,9,0.549,3,Men,Store,0.357,0.343,0,0
ZC006836,32.0,Female,Spain,Tier 2,13,80,2,181.53,90.76,3,2.0,5,0.309,2,Women,Online,0.387,0.383,0,0
ZC006837,35.0,Male,USA,Tier 2,38,13,2,141.1,70.55,5,11.8,5,0.871,8,Men,Mixed,0.015,0.144,0,0
ZC006838,27.0,Female,Other,Tier 2,29,200,2,146.07,73.04,1,5.2,0,0.385,4,Women,Mixed,0.155,0.286,0,1
ZC006839,46.0,Female,Italy,Tier 1,22,68,4,185.18,46.3,0,1.5,7,0.075,7,Home,Mixed,0.219,0.197,0,0
ZC006840,31.0,Female,Mexico,Tier 1,5,115,1,54.67,54.67,3,6.5,4,0.35,2,Men,Online,0.217,0.339,0,1
ZC006841,50.0,Female,Other,Tier 2,4,157,1,119.27,119.27,0,6.2,3,0.561,6,Women,Mixed,0.514,0.186,0,1
ZC006842,24.0,Female,USA,Tier 3,19,18,1,111.62,111.62,2,1.5,4,0.583,5,TRF,Online,0.131,0.718,1,0
ZC006843,39.0,Female,Other,Tier 3,9,185,1,98.99,98.99,0,9.9,0,0.108,5,Beauty,Mixed,0.571,0.367,0,1
ZC006844,31.0,Male,France,Tier 1,27,93,2,103.63,51.82,0,1.1,2,0.528,6,TRF,Online,0.605,0.237,0,1
ZC006845,29.0,Male,Italy,Tier 2,2,101,1,75.07,75.07,0,2.8,4,0.581,3,Kids,Mixed,0.347,0.367,0,1
ZC006846,38.0,Female,USA,Tier 1,56,57,4,309.72,77.43,7,2.5,6,0.457,3,Women,Mixed,0.189,0.316,0,0
ZC006847,29.0,Male,USA,Tier 2,7,234,1,124.78,124.78,1,2.0,2,0.189,6,Women,Online,0.413,0.666,0,1
ZC006848,16.0,Female,USA,Tier 3,36,185,5,548.71,109.74,0,4.6,3,0.299,3,Men,Online,0.382,0.254,1,1
ZC006849,16.0,Female,USA,Tier 3,15,32,3,170.99,57.0,8,2.8,8,0.582,6,Women,Store,0.121,0.178,0,0
ZC006850,45.0,Male,Spain,Tier 2,5,52,1,70.36,70.36,8,10.8,5,0.422,4,Women,Store,0.384,0.492,0,1
ZC006851,44.0,Male,USA,Tier 2,16,84,4,331.66,82.92,1,7.1,3,0.285,7,Men,Mixed,0.18,0.069,0,0
ZC006852,51.0,Female,Germany,Tier 1,44,57,5,602.4,120.48,4,8.8,4,,7,Kids,Store,0.365,0.057,0,0
ZC006853,32.0,Female,Other,Tier 2,15,169,3,324.65,108.22,6,11.7,10,0.578,5,Men,Mixed,0.477,0.314,0,1
ZC006854,19.0,Female,Spain,Tier 1,42,186,4,128.01,32.0,1,2.2,2,0.422,1,Men,Online,0.347,0.381,0,1
ZC006855,28.0,Female,Spain,Tier 1,18,41,3,238.21,79.4,4,6.0,2,0.397,2,Men,Mixed,0.62,0.306,0,1
ZC006856,32.0,Male,Germany,Tier 2,29,33,1,98.31,98.31,4,2.7,3,0.383,2,Women,Mixed,0.302,0.142,0,0
ZC006857,22.0,Female,Italy,Tier 1,12,60,1,68.03,68.03,1,5.0,6,0.485,5,Home,Online,0.791,0.261,0,0
ZC006858,48.0,Male,Germany,Tier 2,10,85,1,90.1,90.1,0,2.8,6,0.227,1,Women,Mixed,0.265,0.24,0,1
ZC006859,54.0,Male,Other,Tier 1,7,86,1,103.23,103.23,4,1.3,3,0.375,6,Women,Mixed,0.245,0.249,0,0
ZC006860,37.0,Female,USA,Tier 1,22,21,4,483.04,120.76,3,4.9,3,0.586,1,Women,Online,0.402,0.61,0,0
ZC006861,32.0,Male,France,Tier 1,26,14,3,305.74,101.91,3,3.5,5,0.448,3,Home,Online,0.249,0.117,0,0
ZC006862,19.0,Male,Other,Tier 1,16,157,1,86.68,86.68,1,5.1,4,0.29,1,Women,Online,0.522,0.182,0,1
ZC006863,47.0,Female,Germany,Tier 1,11,35,1,75.09,75.09,6,3.9,2,0.537,3,Women,Online,0.414,0.35,0,0
ZC006864,33.0,Female,France,Tier 2,50,52,1,96.95,96.95,8,3.4,2,0.206,3,Home,Store,0.375,0.196,0,0
ZC006865,29.0,Male,Other,Tier 2,19,136,1,73.23,73.23,2,1.3,5,0.348,5,Women,Online,0.793,0.203,0,1
ZC006866,37.0,Male,USA,Tier 1,24,73,1,100.49,100.49,0,8.6,2,0.287,2,Women,Mixed,0.322,0.472,0,1
ZC006867,26.0,Female,USA,Tier 2,13,53,1,59.89,59.89,8,8.1,2,,4,Kids,Online,0.26,0.159,0,0
ZC006868,33.0,Female,Spain,Tier 2,5,19,2,110.36,55.18,6,3.6,2,0.187,8,Women,Online,0.148,0.183,0,0
ZC006869,18.0,Male,Other,Tier 2,10,36,1,73.87,73.87,1,4.6,2,0.866,8,Women,Online,0.539,0.259,0,0
ZC006870,43.0,Male,Other,Tier 2,18,28,2,188.57,94.28,6,3.7,5,0.584,7,Women,Mixed,0.309,0.286,0,0
ZC006871,31.0,Female,USA,Tier 2,6,47,2,186.57,93.28,6,1.9,5,0.744,3,Women,Online,0.419,0.281,0,0
ZC006872,44.0,Female,UK,Tier 1,27,25,2,163.13,81.56,8,3.8,7,0.215,2,Women,Store,0.199,0.468,0,0
ZC006873,30.0,Male,Germany,Tier 1,18,15,2,196.68,98.34,5,3.7,6,0.467,3,Men,Store,0.128,0.082,0,0
ZC006874,31.0,Female,Spain,Tier 1,16,57,1,37.36,37.36,6,4.7,3,0.099,6,Home,Online,0.604,0.513,0,1
ZC006875,20.0,Female,Other,Tier 2,3,97,3,250.09,83.36,1,4.0,1,0.309,5,Men,Online,0.339,0.597,0,0
ZC006876,40.0,Female,UK,Tier 1,17,6,1,47.99,47.99,5,2.4,0,0.374,7,Home,Online,0.376,0.35,0,0
ZC006877,23.0,Female,Other,Tier 3,20,21,3,174.56,58.19,3,8.7,2,0.464,4,Men,Store,0.416,0.141,0,0
ZC006878,27.0,Male,Mexico,Tier 1,9,109,1,154.28,154.28,1,5.8,3,0.501,1,Men,Store,0.703,0.261,0,1
ZC006879,,Female,USA,Tier 1,12,79,1,97.58,97.58,2,4.3,0,0.286,7,Women,Store,0.273,0.269,0,0
ZC006880,33.0,Male,Italy,Tier 1,20,86,1,80.19,80.19,1,8.5,3,0.615,7,Women,Mixed,0.229,0.307,0,0
ZC006881,16.0,Female,Italy,Tier 2,9,106,1,78.49,78.49,3,4.3,4,0.193,1,TRF,Online,0.224,0.427,0,0
ZC006882,30.0,Male,USA,Tier 1,12,127,1,96.29,96.29,0,6.3,4,0.553,4,Women,Online,0.258,0.183,1,1
ZC006883,40.0,Female,USA,Tier 2,10,49,1,58.79,58.79,6,5.4,2,0.569,2,Women,Online,0.493,0.253,0,0
ZC006884,28.0,Female,Other,Tier 2,26,60,3,208.61,69.54,4,2.1,3,0.864,2,Men,Store,0.105,0.177,0,0
ZC006885,30.0,Male,Italy,Tier 1,36,16,6,666.31,111.05,2,4.9,5,0.542,3,Women,Store,0.283,0.144,0,0
ZC006886,34.0,Male,Italy,Tier 2,20,54,1,68.89,68.89,9,3.0,5,0.302,6,Women,Store,0.366,0.073,0,0
ZC006887,31.0,Female,USA,Tier 2,14,102,2,151.28,75.64,1,1.1,2,0.041,6,Men,Store,0.271,0.161,0,1
ZC006888,22.0,Female,Italy,Tier 2,29,46,4,255.95,63.99,6,3.1,3,0.434,5,Women,Online,0.125,0.386,1,0
ZC006889,32.0,Female,Italy,Tier 1,5,45,1,97.37,97.37,7,7.6,4,0.418,7,Women,Mixed,0.144,0.362,0,0
ZC006890,42.0,Male,USA,Tier 2,17,18,2,123.16,61.58,8,27.2,3,,1,Women,Store,0.201,0.404,0,0
ZC006891,21.0,Female,USA,Tier 2,38,39,1,37.62,37.62,6,3.7,3,0.404,2,Home,Store,0.423,0.316,0,0
ZC006892,28.0,Male,UK,Tier 3,11,54,1,88.95,88.95,9,3.0,4,0.46,6,Women,Mixed,0.541,0.12,0,0
ZC006893,18.0,Female,Italy,Tier 1,24,118,3,162.45,54.15,0,5.0,4,0.123,7,Men,Store,0.331,0.43,0,1
ZC006894,41.0,Male,USA,Tier 3,30,28,6,330.62,55.1,13,1.0,4,0.423,5,Women,Mixed,0.243,0.579,0,0
ZC006895,31.0,Female,Other,Tier 3,20,34,1,53.67,53.67,4,3.5,4,0.78,3,Women,Online,0.287,0.237,0,0
ZC006896,23.0,Female,USA,Tier 1,9,111,3,211.28,70.43,0,3.3,8,0.296,6,Women,Store,0.351,0.255,0,0
ZC006897,,Male,Other,Tier 2,12,2,1,58.37,58.37,8,2.4,4,0.324,4,Women,Mixed,0.446,0.662,0,0
ZC006898,20.0,Female,USA,Tier 1,26,130,4,450.65,112.66,0,1.0,7,0.332,8,Home,Online,0.06,0.443,0,1
ZC006899,22.0,Male,Italy,Tier 1,26,41,1,87.65,87.65,9,2.7,2,,3,Women,Online,0.414,0.42,0,0
ZC006900,17.0,Female,France,Tier 2,19,36,2,149.11,74.56,8,6.6,2,0.411,1,Men,Mixed,0.317,0.509,0,0
ZC006901,21.0,Female,Germany,Tier 1,3,126,1,49.18,49.18,3,5.0,5,0.563,6,Kids,Mixed,0.635,0.356,0,1
ZC006902,46.0,Male,Other,Tier 1,6,72,1,90.45,90.45,0,1.0,6,0.58,1,Beauty,Mixed,0.697,0.032,0,1
ZC006903,25.0,Female,Spain,Tier 2,17,59,1,76.02,76.02,3,1.1,0,0.625,2,Women,Mixed,0.528,0.207,0,1
ZC006904,37.0,Female,Spain,Tier 3,11,39,1,67.53,67.53,6,7.3,3,0.79,6,Men,Online,0.484,0.349,1,0
ZC006905,24.0,Female,Spain,Tier 1,7,23,1,81.24,81.24,6,1.2,4,0.219,4,Men,Store,0.151,0.287,0,0
ZC006906,40.0,Female,France,Tier 1,8,129,1,75.5,75.5,1,1.5,6,0.384,7,Kids,Store,0.2,0.163,0,0
ZC006907,22.0,Male,Mexico,Tier 1,60,83,5,303.52,60.7,2,5.2,3,0.394,6,Men,Mixed,0.292,0.108,0,0
ZC006908,32.0,Female,Spain,Tier 1,21,13,1,53.21,53.21,11,2.6,3,0.412,4,Men,Store,0.063,0.155,0,0
ZC006909,33.0,Female,Mexico,Tier 3,26,145,1,89.13,89.13,4,10.4,4,0.694,7,Kids,Mixed,0.4,0.11,0,1
ZC006910,55.0,Female,UK,Tier 1,15,136,1,90.85,90.85,3,2.4,7,0.565,5,Women,Online,0.085,0.364,0,1
ZC006911,38.0,Male,Other,Tier 2,34,94,5,361.84,72.37,2,4.2,5,0.548,8,Home,Online,0.333,0.185,0,0
ZC006912,26.0,Male,UK,Tier 1,25,90,2,169.05,84.52,1,6.8,3,0.524,8,Kids,Store,0.278,0.597,0,1
ZC006913,39.0,Male,Other,Tier 3,20,59,4,391.32,97.83,4,6.5,4,0.409,2,TRF,Store,0.176,0.287,0,0
ZC006914,53.0,Female,France,Tier 1,20,60,1,74.69,74.69,0,1.0,9,0.726,7,Men,Store,0.81,0.611,0,1
ZC006915,16.0,Female,Other,Tier 3,10,110,1,77.98,77.98,0,3.6,5,0.477,1,Women,Online,0.249,0.45,0,1
ZC006916,24.0,Female,Germany,Tier 2,9,76,2,223.42,111.71,1,3.7,4,0.406,6,Women,Store,0.239,0.563,0,1
ZC006917,30.0,Male,USA,Tier 3,21,88,3,198.24,66.08,2,10.1,4,0.172,5,Men,Mixed,0.293,0.103,0,0
ZC006918,28.0,Female,Mexico,Tier 1,31,124,5,538.8,107.76,0,1.1,3,0.724,5,Men,Online,0.538,0.179,0,1
ZC006919,29.0,Female,France,Tier 3,39,54,1,160.63,160.63,4,2.1,3,0.322,7,Women,Online,0.144,0.295,0,0
ZC006920,19.0,Female,USA,Tier 1,28,235,3,275.3,91.77,1,4.2,4,0.376,1,Women,Online,0.174,0.339,0,1
ZC006921,46.0,Male,UK,Tier 2,42,10,1,35.45,35.45,4,12.8,5,0.316,5,Women,Mixed,0.42,0.135,0,0
ZC006922,18.0,Female,Other,Tier 2,38,79,3,234.77,78.26,5,1.6,1,0.553,1,Men,Online,0.223,0.057,0,0
ZC006923,30.0,Female,Italy,Tier 1,16,42,1,71.98,71.98,7,2.6,3,0.19,3,Kids,Online,0.226,0.582,0,0
ZC006924,42.0,Male,USA,Tier 1,48,149,4,334.7,83.68,1,6.6,3,0.301,6,Women,Online,0.481,0.153,0,1
ZC006925,32.0,Male,Other,Tier 1,18,15,1,100.33,100.33,6,9.5,2,0.408,5,Kids,Store,0.074,0.611,0,0
ZC006926,22.0,Female,UK,Tier 3,17,59,1,59.54,59.54,9,2.3,5,0.259,4,Men,Online,0.532,0.101,0,0
ZC006927,19.0,Male,Spain,Tier 1,26,60,1,99.54,99.54,1,1.6,5,0.574,8,Women,Store,0.451,0.118,0,0
ZC006928,30.0,Female,Spain,Tier 1,39,40,5,400.22,80.04,7,1.5,6,0.477,4,Kids,Online,0.13,0.14,0,0
ZC006929,24.0,Female,Spain,Tier 2,11,105,2,174.77,87.38,2,4.1,1,0.388,4,Kids,Mixed,0.296,0.236,0,0
ZC006930,34.0,Female,Italy,Tier 2,18,44,4,202.7,50.68,3,2.7,4,0.2,6,Women,Store,0.405,0.559,0,0
ZC006931,18.0,Male,USA,Tier 1,16,21,1,111.86,111.86,5,3.6,4,0.799,4,Men,Mixed,0.444,0.609,0,0
ZC006932,40.0,Male,Spain,Tier 1,9,37,4,242.18,60.54,8,6.5,5,0.323,6,Beauty,Mixed,0.284,0.618,1,0
ZC006933,33.0,Female,USA,Tier 2,11,69,6,463.69,77.28,0,7.5,5,0.437,1,Women,Online,0.101,0.349,0,1
ZC006934,34.0,Female,Other,Tier 2,9,36,1,96.08,96.08,2,4.4,6,0.151,2,Women,Store,0.654,0.091,0,0
ZC006935,46.0,Male,Germany,Tier 1,26,118,3,145.28,48.43,0,4.3,4,0.271,3,Women,Mixed,0.544,0.355,0,1
ZC006936,28.0,Female,France,Tier 1,15,33,1,51.55,51.55,5,2.0,3,0.417,6,Women,Mixed,0.372,0.432,1,0
ZC006937,,Male,Italy,Tier 2,14,73,3,230.94,76.98,4,1.0,4,,6,Women,Online,0.282,0.454,0,0
ZC006938,27.0,Male,Spain,Tier 1,24,161,5,492.8,98.56,3,7.0,6,0.373,7,Women,Store,0.197,0.456,0,0
ZC006939,30.0,Female,Other,Tier 3,24,79,1,79.96,79.96,3,11.3,1,0.568,3,Men,Mixed,0.168,0.192,0,1
ZC006940,31.0,Female,USA,Tier 2,38,115,1,98.21,98.21,3,3.5,2,0.315,7,Men,Online,0.209,0.432,0,0
ZC006941,24.0,Female,Spain,Tier 3,3,155,1,107.14,107.14,0,5.9,1,0.554,7,Men,Mixed,0.243,0.56,0,1
ZC006942,16.0,Female,USA,Tier 1,33,50,10,1030.6,103.06,8,1.7,2,0.311,8,Men,Store,0.642,0.121,0,0
ZC006943,26.0,Female,Spain,Tier 1,8,32,2,147.75,73.88,4,8.3,4,0.362,2,Women,Online,0.263,0.318,0,0
ZC006944,36.0,Male,USA,Tier 2,22,26,3,52.74,17.58,7,1.0,3,0.529,4,Women,Mixed,0.338,0.108,0,0
ZC006945,33.0,Male,Italy,Tier 1,8,55,3,311.95,103.98,7,4.2,0,0.695,3,Beauty,Online,0.524,0.056,0,0
ZC006946,44.0,Female,UK,Tier 1,28,20,5,669.88,133.98,8,7.8,5,0.593,5,Home,Store,0.599,0.364,0,0
ZC006947,52.0,Male,Spain,Tier 1,12,49,2,129.57,64.78,6,12.7,2,0.569,6,Kids,Mixed,0.071,0.072,0,0
ZC006948,40.0,Female,Germany,Tier 1,25,69,2,153.96,76.98,1,3.4,2,0.561,2,Women,Online,0.228,0.15,0,0
ZC006949,,Male,Italy,Tier 1,10,124,1,115.03,115.03,0,5.0,4,0.752,2,Women,Mixed,0.269,0.373,0,0
ZC006950,40.0,Female,Other,Tier 1,4,31,1,90.58,90.58,4,2.1,1,0.437,6,Women,Store,0.655,0.625,0,0
ZC006951,49.0,Female,USA,Tier 1,11,3,3,238.51,79.5,8,3.0,3,0.174,6,Home,Store,0.482,0.413,0,0
ZC006952,51.0,Female,Other,Tier 2,24,87,4,286.29,71.57,1,2.5,9,0.602,4,Women,Store,0.345,0.39,0,0
ZC006953,42.0,Female,Italy,Tier 1,15,46,1,86.38,86.38,3,1.9,4,0.287,6,Men,Online,0.46,0.164,0,0
ZC006954,39.0,Male,France,Tier 2,30,16,2,177.4,88.7,7,2.0,3,0.384,2,Men,Mixed,0.526,0.364,0,1
ZC006955,30.0,Female,USA,Tier 2,17,50,1,99.3,99.3,9,5.5,4,0.68,8,Men,Store,0.203,0.236,1,0
ZC006956,,Female,UK,Tier 2,22,27,4,188.54,47.14,5,5.2,3,0.382,3,Women,Online,0.31,0.09,0,0
ZC006957,29.0,Female,USA,Tier 3,5,139,1,141.45,141.45,1,9.9,4,0.404,3,Men,Mixed,0.361,0.355,0,1
ZC006958,38.0,Female,Italy,Tier 3,24,85,1,77.22,77.22,1,10.5,2,0.451,3,TRF,Mixed,0.365,0.82,0,0
ZC006959,25.0,Female,Italy,Tier 1,32,81,2,114.28,57.14,1,2.7,5,0.332,7,Women,Mixed,0.273,0.239,0,0
ZC006960,30.0,Female,USA,Tier 1,3,115,1,55.83,55.83,3,5.9,2,0.477,8,Women,Store,0.409,0.011,0,1
ZC006961,16.0,Female,USA,Tier 2,6,158,1,57.68,57.68,0,8.9,3,0.427,2,Men,Online,0.349,0.246,0,1
ZC006962,49.0,Male,Other,Tier 2,53,23,7,531.3,75.9,4,5.5,2,0.208,8,TRF,Online,0.246,0.426,0,0
ZC006963,30.0,Female,UK,Tier 1,21,65,1,75.62,75.62,1,7.2,4,0.491,4,Women,Online,0.222,0.173,0,0
ZC006964,37.0,Female,France,Tier 3,15,30,1,111.08,111.08,8,22.6,5,0.563,2,Women,Mixed,0.234,0.201,0,0
ZC006965,47.0,Female,Other,Tier 3,14,49,1,43.93,43.93,5,3.7,5,0.471,3,Men,Mixed,0.551,0.083,0,1
ZC006966,35.0,Male,USA,Tier 3,1,58,2,95.63,47.82,7,2.8,2,0.506,5,Women,Mixed,0.602,0.214,0,0
ZC006967,46.0,Male,Germany,Tier 1,27,116,4,132.26,33.06,0,3.1,6,0.097,7,Kids,Online,0.288,0.184,0,1
ZC006968,20.0,Female,Mexico,Tier 1,15,82,4,374.0,93.5,4,15.2,5,0.659,2,Men,Online,0.337,0.232,0,0
ZC006969,56.0,Female,USA,Tier 1,19,125,1,82.17,82.17,0,7.0,2,0.511,1,Women,Mixed,0.405,0.077,0,1
ZC006970,43.0,Female,USA,Tier 1,32,110,4,88.09,22.02,0,18.5,3,0.263,4,Men,Online,0.303,0.413,0,1
ZC006971,34.0,Female,Other,Tier 1,17,102,2,197.0,98.5,1,10.4,3,0.411,1,Women,Mixed,0.383,0.499,0,0
ZC006972,46.0,Male,Spain,Tier 1,36,9,2,131.11,65.56,7,5.1,3,0.239,3,Home,Mixed,0.455,0.237,0,0
ZC006973,20.0,Male,USA,Tier 3,4,5,1,89.17,89.17,8,7.2,4,0.667,3,Women,Store,0.349,0.534,0,0
ZC006974,29.0,Female,UK,Tier 1,23,67,3,413.62,137.87,1,3.7,9,0.449,7,Women,Online,0.067,0.247,0,0
ZC006975,46.0,Male,Mexico,Tier 2,12,83,2,78.82,39.41,2,3.7,4,0.505,4,Kids,Online,0.449,0.844,0,0
ZC006976,16.0,Male,UK,Tier 1,24,98,3,199.22,66.41,2,2.2,1,0.118,8,Women,Online,0.455,0.244,0,0
ZC006977,38.0,Male,USA,Tier 3,15,66,3,273.44,91.15,3,4.7,7,0.401,2,Women,Mixed,0.552,0.22,0,0
ZC006978,37.0,Male,UK,Tier 3,38,149,2,213.88,106.94,0,5.7,4,0.568,1,Women,Mixed,0.491,0.651,0,1
ZC006979,52.0,Female,UK,Tier 2,29,64,1,71.84,71.84,1,4.6,3,0.546,7,Men,Online,0.387,0.279,0,0
ZC006980,16.0,Male,Italy,Tier 1,13,15,1,92.39,92.39,6,4.3,1,0.174,5,Kids,Online,0.111,0.27,0,0
ZC006981,48.0,Female,Other,Tier 1,12,31,3,276.99,92.33,11,2.4,1,0.394,5,TRF,Mixed,0.31,0.142,0,0
ZC006982,26.0,Female,USA,Tier 2,23,83,1,93.43,93.43,2,14.7,3,,6,Women,Mixed,0.204,0.085,1,0
ZC006983,28.0,Female,Italy,Tier 2,16,11,1,104.63,104.63,4,5.2,1,,1,TRF,Mixed,0.427,0.318,0,0
ZC006984,20.0,Male,Italy,Tier 3,21,52,2,154.29,77.14,5,7.1,2,0.317,7,Women,Store,0.437,0.746,0,0
ZC006985,21.0,Female,Mexico,Tier 1,26,70,4,414.54,103.64,1,8.0,5,0.164,4,Women,Online,0.274,0.278,0,0
ZC006986,36.0,Female,France,Tier 1,33,27,1,74.43,74.43,10,3.1,0,0.347,5,Kids,Store,0.285,0.19,0,1
ZC006987,21.0,Male,Spain,Tier 1,14,91,1,105.73,105.73,1,1.7,4,0.382,5,Men,Store,0.436,0.346,0,1
ZC006988,39.0,Female,Germany,Tier 1,9,5,1,60.28,60.28,8,5.4,4,0.746,2,Men,Mixed,0.334,0.113,0,0
ZC006989,25.0,Female,Germany,Tier 2,38,63,4,339.74,84.94,1,3.1,4,0.275,1,Women,Store,0.522,0.249,0,1
ZC006990,20.0,Female,Germany,Tier 1,32,63,5,377.83,75.57,2,1.0,3,0.394,5,TRF,Store,0.096,0.242,0,0
ZC006991,27.0,Male,USA,Tier 3,24,21,1,99.94,99.94,7,7.1,3,0.147,4,Beauty,Store,0.273,0.234,0,0
ZC006992,35.0,Female,Spain,Tier 1,27,30,1,67.59,67.59,8,6.7,3,0.275,5,Women,Store,0.132,0.56,0,0
ZC006993,29.0,Female,USA,Tier 1,17,140,2,122.13,61.06,5,5.3,2,0.599,1,Men,Mixed,0.269,0.187,0,0
ZC006994,32.0,Female,USA,Tier 1,26,160,6,465.53,77.59,4,9.8,2,0.381,3,TRF,Mixed,0.349,0.45,0,0
ZC006995,39.0,Male,USA,Tier 2,42,94,4,164.89,41.22,1,22.5,6,0.361,6,Women,Mixed,0.421,0.041,0,0
ZC006996,43.0,Male,USA,Tier 2,8,41,2,132.54,66.27,6,1.6,4,0.667,2,Kids,Online,0.297,0.335,0,0
ZC006997,29.0,Female,Spain,Tier 3,10,29,5,221.58,44.32,6,6.9,4,0.176,4,TRF,Online,0.421,0.26,0,0
ZC006998,22.0,Male,USA,Tier 1,29,16,4,276.04,69.01,6,5.6,4,0.691,6,Men,Store,0.128,0.232,0,0
ZC006999,33.0,Male,Other,Tier 1,3,74,1,103.6,103.6,3,14.7,3,0.356,5,Men,Mixed,0.244,0.078,0,0
ZC007000,37.0,Male,France,Tier 2,44,43,1,112.18,112.18,3,5.3,5,0.615,8,Women,Online,0.542,0.265,0,0
ZC007001,17.0,Female,USA,Tier 3,50,26,4,159.26,39.82,9,1.3,3,0.507,3,Men,Store,0.336,0.532,0,0
ZC007002,23.0,Female,Italy,Tier 1,9,156,2,191.53,95.76,2,2.1,4,0.355,3,Men,Store,0.355,0.628,1,1
ZC007003,25.0,Male,UK,Tier 1,9,75,1,140.17,140.17,3,6.8,6,0.033,4,Men,Store,0.332,0.084,0,0
ZC007004,30.0,Female,Spain,Tier 1,1,9,2,122.07,61.04,2,6.0,2,0.491,2,TRF,Mixed,0.2,0.346,0,0
ZC007005,24.0,Female,France,Tier 2,9,58,1,83.81,83.81,6,5.2,5,0.173,3,Men,Store,0.267,0.43,0,0
ZC007006,39.0,Female,USA,Tier 1,18,15,1,95.23,95.23,6,1.7,1,0.432,6,Men,Online,0.132,0.175,0,0
ZC007007,16.0,Female,France,Tier 1,4,97,1,39.06,39.06,0,5.4,7,0.517,1,Women,Store,0.332,0.174,0,1
ZC007008,16.0,Female,USA,Tier 1,34,136,3,242.47,80.82,5,2.6,5,0.369,6,Women,Mixed,0.597,0.308,0,1
ZC007009,29.0,Female,France,Tier 2,33,83,4,347.65,86.91,2,4.4,5,0.601,7,Women,Online,0.459,0.437,0,0
ZC007010,30.0,Female,USA,Tier 1,21,50,1,68.17,68.17,12,4.8,5,0.13,7,Women,Mixed,0.517,0.208,0,0
ZC007011,17.0,Male,USA,Tier 1,12,9,2,99.5,49.75,4,1.6,7,0.569,2,Kids,Store,0.344,0.566,0,0
ZC007012,26.0,Female,Italy,Tier 2,11,38,3,282.5,94.17,6,15.1,4,0.63,7,Women,Online,0.686,0.124,0,0
ZC007013,28.0,Female,USA,Tier 1,28,53,4,174.76,43.69,4,2.9,1,0.451,2,Men,Store,0.393,0.488,0,0
ZC007014,28.0,Female,UK,Tier 1,39,73,4,114.26,28.56,1,5.6,2,0.232,4,Women,Mixed,0.527,0.223,0,0
ZC007015,,Female,Spain,Tier 1,12,43,1,52.3,52.3,9,1.5,4,0.443,6,Women,Online,0.311,0.209,0,0
ZC007016,25.0,Male,Italy,Tier 1,40,157,3,196.71,65.57,2,2.9,0,0.457,8,Women,Online,0.262,0.17,0,1
ZC007017,47.0,Female,France,Tier 1,24,84,1,40.28,40.28,2,3.5,4,0.41,2,Women,Mixed,0.741,0.13,0,1
ZC007018,37.0,Male,Mexico,Tier 1,41,13,2,111.48,55.74,4,2.0,5,0.565,7,Kids,Mixed,0.452,0.257,0,0
ZC007019,24.0,Male,France,Tier 1,14,154,1,69.28,69.28,3,4.6,0,0.522,4,Women,Store,0.439,0.551,0,0
ZC007020,33.0,Female,Other,Tier 2,7,85,1,120.23,120.23,0,3.7,2,0.37,8,Men,Store,0.427,0.27,0,0
ZC007021,33.0,Male,USA,Tier 2,41,24,4,400.69,100.17,13,3.5,1,0.485,2,TRF,Store,0.24,0.153,0,0
ZC007022,44.0,Female,Italy,Tier 1,11,81,4,314.97,78.74,2,2.4,3,0.135,4,Women,Mixed,0.204,0.617,0,0
ZC007023,26.0,Female,UK,Tier 2,35,1,6,664.99,110.83,6,1.1,1,0.711,6,Women,Mixed,0.523,0.07,0,0
ZC007024,40.0,Female,UK,Tier 1,3,221,1,129.43,129.43,3,2.5,2,0.287,5,Home,Store,0.374,0.152,1,1
ZC007025,32.0,Female,Italy,Tier 3,19,9,5,327.14,65.43,7,1.7,8,0.278,7,Men,Online,0.435,0.132,0,0
ZC007026,47.0,Male,Other,Tier 1,25,168,4,217.0,54.25,0,3.3,3,0.603,2,Men,Online,0.128,0.1,0,0
ZC007027,45.0,Female,Mexico,Tier 1,21,27,1,64.13,64.13,11,1.5,2,0.186,2,Women,Online,0.379,0.238,0,0
ZC007028,34.0,Female,USA,Tier 1,21,13,3,248.84,82.95,5,6.2,3,0.176,3,Women,Store,0.15,0.219,0,0
ZC007029,29.0,Female,France,Tier 1,17,74,1,118.74,118.74,0,4.6,2,0.389,7,Beauty,Store,0.256,0.515,0,0
ZC007030,37.0,Female,USA,Tier 1,16,78,1,57.39,57.39,2,6.7,4,0.624,3,Kids,Mixed,0.443,0.389,0,0
ZC007031,30.0,Male,Germany,Tier 1,23,29,1,66.97,66.97,4,2.6,3,0.763,7,Women,Mixed,0.125,0.224,0,0
ZC007032,49.0,Female,UK,Tier 2,39,131,5,356.93,71.39,0,3.1,12,0.165,3,Home,Mixed,0.345,0.54,0,1
ZC007033,33.0,Female,USA,Tier 1,11,177,1,111.14,111.14,0,2.4,2,0.242,2,Women,Online,0.4,0.723,0,1
ZC007034,28.0,Female,Spain,Tier 1,28,1,6,628.62,104.77,9,11.7,6,0.217,8,Kids,Store,0.166,0.026,0,0
ZC007035,27.0,Male,Other,Tier 3,7,49,3,186.1,62.03,8,16.4,2,0.238,5,Kids,Online,0.248,0.572,0,0
ZC007036,20.0,Male,Spain,Tier 1,26,84,3,257.9,85.97,2,5.8,4,0.499,8,Women,Mixed,0.156,0.485,0,0
ZC007037,38.0,Female,USA,Tier 1,13,71,1,65.4,65.4,1,5.4,1,0.551,6,Men,Online,0.132,0.326,0,0
ZC007038,24.0,Female,USA,Tier 1,10,32,3,215.28,71.76,5,5.5,5,0.675,4,Kids,Store,0.55,0.395,0,0
ZC007039,43.0,Female,France,Tier 1,23,65,4,174.29,43.57,2,6.5,5,0.122,6,Beauty,Mixed,0.381,0.206,0,0
ZC007040,19.0,Female,USA,Tier 2,43,32,5,153.8,30.76,5,5.3,4,0.408,5,Women,Online,0.378,0.205,0,0
ZC007041,33.0,Female,Italy,Tier 1,9,71,3,194.11,64.7,2,4.6,5,0.262,3,TRF,Store,0.248,0.162,0,0
ZC007042,44.0,Female,USA,Tier 1,7,164,4,245.2,61.3,1,8.5,6,0.429,5,Men,Mixed,0.461,0.072,0,1
ZC007043,16.0,Male,USA,Tier 2,19,70,1,80.69,80.69,0,9.7,0,0.415,7,Kids,Store,0.519,0.67,0,1
ZC007044,52.0,Female,USA,Tier 2,10,30,1,63.38,63.38,6,7.6,3,0.501,2,Men,Online,0.835,0.495,0,0
ZC007045,28.0,Female,USA,Tier 2,19,56,1,71.21,71.21,4,2.7,6,0.215,1,Men,Online,0.166,0.569,0,1
ZC007046,33.0,Female,Germany,Tier 1,14,85,3,240.98,80.33,1,2.6,1,0.712,5,Beauty,Mixed,0.209,0.59,0,0
ZC007047,38.0,Female,USA,Tier 1,7,54,1,82.99,82.99,5,2.1,2,0.24,6,Men,Store,0.293,0.4,0,0
ZC007048,39.0,Male,Italy,Tier 3,11,33,1,87.46,87.46,5,4.0,3,,2,Men,Mixed,0.476,0.176,1,0
ZC007049,35.0,Male,UK,Tier 1,35,44,3,369.97,123.32,3,10.0,3,0.476,4,Men,Online,0.327,0.486,1,0
ZC007050,42.0,Female,USA,Tier 3,15,89,1,81.75,81.75,0,3.6,2,0.13,7,Kids,Online,0.673,0.471,0,1
ZC007051,37.0,Male,USA,Tier 2,18,170,2,106.03,53.02,2,1.0,7,0.333,3,Women,Online,0.268,0.128,0,0
ZC007052,50.0,Female,France,Tier 2,10,21,1,108.06,108.06,8,13.0,7,0.181,5,Home,Mixed,0.331,0.452,0,0
ZC007053,37.0,Female,UK,Tier 1,23,129,1,75.77,75.77,2,10.4,0,0.17,1,Men,Store,0.489,0.206,0,1
ZC007054,52.0,Male,France,Tier 3,29,140,4,426.96,106.74,3,6.6,4,,6,Women,Mixed,0.51,0.182,0,1
ZC007055,41.0,Female,Mexico,Tier 3,20,45,1,110.07,110.07,5,5.7,3,0.819,6,Women,Store,0.426,0.225,0,0
ZC007056,16.0,Female,Spain,Tier 2,15,10,1,73.96,73.96,6,8.5,4,0.364,5,Women,Online,0.308,0.146,0,0
ZC007057,58.0,Female,UK,Tier 3,33,255,3,206.62,68.87,0,3.2,5,0.203,8,Women,Store,0.397,0.092,0,1
ZC007058,,Female,UK,Tier 2,19,58,1,137.76,137.76,5,7.9,5,0.173,7,Women,Online,0.554,0.272,0,1
ZC007059,47.0,Male,USA,Tier 2,38,192,6,299.94,49.99,0,1.3,6,0.275,1,Men,Online,0.365,0.488,0,1
ZC007060,32.0,Female,UK,Tier 2,27,106,1,76.7,76.7,1,2.1,4,0.276,7,Women,Online,0.061,0.485,1,0
ZC007061,43.0,Female,France,Tier 2,15,29,1,98.05,98.05,4,6.5,0,0.152,8,Kids,Online,0.37,0.354,0,0
ZC007062,25.0,Male,Germany,Tier 2,5,220,1,68.78,68.78,4,4.9,3,0.133,1,Women,Store,0.484,0.181,0,1
ZC007063,38.0,Female,Germany,Tier 2,27,11,1,56.78,56.78,2,10.7,5,0.222,4,Men,Store,0.115,0.357,0,0
ZC007064,29.0,Female,Spain,Tier 2,38,29,1,86.09,86.09,8,2.9,3,0.113,6,Women,Store,0.65,0.187,0,0
ZC007065,48.0,Female,UK,Tier 3,8,52,4,412.04,103.01,2,3.9,4,0.535,6,Women,Online,0.144,0.157,0,0
ZC007066,36.0,Female,Mexico,Tier 1,17,54,1,88.6,88.6,6,6.3,5,0.403,1,Women,Store,0.152,0.272,0,0
ZC007067,41.0,Female,UK,Tier 2,27,99,1,42.38,42.38,1,3.1,6,0.639,4,Home,Online,0.17,0.062,0,0
ZC007068,16.0,Female,Germany,Tier 2,15,17,1,84.94,84.94,4,7.3,1,0.396,3,Men,Mixed,0.339,0.405,0,0
ZC007069,31.0,Female,Germany,Tier 2,19,67,2,185.9,92.95,1,7.7,4,0.456,4,Men,Online,0.609,0.08,0,0
ZC007070,36.0,Female,UK,Tier 1,48,58,4,189.29,47.32,7,5.9,0,,2,Women,Mixed,0.708,0.366,0,1
ZC007071,34.0,Male,Spain,Tier 1,22,42,4,385.45,96.36,8,2.2,4,0.668,5,Men,Store,0.387,0.453,0,0
ZC007072,42.0,Male,Germany,Tier 1,10,108,1,98.57,98.57,0,8.1,4,0.432,7,TRF,Store,0.078,0.242,0,1
ZC007073,28.0,Female,France,Tier 2,19,11,2,120.65,60.32,7,5.5,5,,3,TRF,Store,0.315,0.262,0,0
ZC007074,32.0,Male,Spain,Tier 2,19,5,4,381.81,95.45,7,2.0,4,0.55,2,Home,Online,0.194,0.289,0,0
ZC007075,44.0,Male,USA,Tier 2,9,140,3,250.8,83.6,1,5.2,4,0.36,6,Women,Online,0.346,0.5,0,1
ZC007076,16.0,Male,Spain,Tier 2,59,56,5,296.13,59.23,2,2.3,2,0.066,4,Home,Online,0.668,0.283,0,0
ZC007077,38.0,Male,France,Tier 1,2,365,1,42.54,42.54,1,2.4,6,0.422,2,Women,Online,0.262,0.343,0,1
ZC007078,29.0,Female,Spain,Tier 2,5,33,3,199.61,66.54,3,6.6,6,0.626,4,Kids,Store,0.125,0.216,0,0
ZC007079,23.0,Female,Other,Tier 3,8,9,3,219.31,73.1,5,7.4,6,0.512,3,Women,Store,0.16,0.261,0,0
ZC007080,35.0,Male,Other,Tier 2,5,104,1,82.63,82.63,4,2.7,6,0.373,7,Men,Store,0.167,0.267,0,1
ZC007081,44.0,Female,Other,Tier 1,4,114,1,63.6,63.6,1,1.2,4,0.38,6,Women,Online,0.261,0.182,0,1
ZC007082,42.0,Male,USA,Tier 1,48,50,6,543.3,90.55,9,9.5,5,0.509,7,Men,Online,0.499,0.247,0,0
ZC007083,31.0,Male,France,Tier 2,28,36,4,344.59,86.15,2,2.6,2,0.524,1,Men,Online,0.248,0.381,0,1
ZC007084,41.0,Female,Other,Tier 1,34,135,2,179.16,89.58,1,3.9,1,0.555,2,Women,Store,0.064,0.016,0,1
ZC007085,41.0,Female,Italy,Tier 2,14,15,1,81.25,81.25,8,2.6,4,0.505,6,Men,Store,0.546,0.522,0,0
ZC007086,31.0,Male,USA,Tier 3,39,101,6,605.11,100.85,2,3.1,4,0.602,4,Women,Store,0.487,0.151,0,0
ZC007087,25.0,Female,Other,Tier 3,27,92,3,191.66,63.89,2,8.0,5,0.296,2,Kids,Online,0.307,0.395,1,1
ZC007088,26.0,Male,France,Tier 1,14,82,1,100.15,100.15,1,1.8,5,0.685,5,Women,Store,0.459,0.611,0,1
ZC007089,40.0,Male,Italy,Tier 1,25,95,2,253.94,126.97,2,6.0,3,0.31,3,Kids,Mixed,0.437,0.418,1,1
ZC007090,32.0,Female,Other,Tier 2,6,67,1,95.25,95.25,1,7.2,2,0.38,5,Men,Store,0.161,0.243,0,0
ZC007091,22.0,Female,Other,Tier 3,23,25,2,81.43,40.72,11,5.7,3,0.348,3,Women,Store,0.498,0.254,0,0
ZC007092,16.0,Female,France,Tier 1,16,25,4,400.66,100.16,11,4.5,3,0.43,7,Women,Store,0.156,0.326,0,0
ZC007093,40.0,Male,USA,Tier 1,47,28,5,514.59,102.92,4,4.9,0,0.313,5,Men,Store,0.084,0.392,1,0
ZC007094,27.0,Female,Germany,Tier 2,35,91,4,397.54,99.38,3,2.9,5,0.325,6,Men,Mixed,0.114,0.111,0,0
ZC007095,35.0,Female,Germany,Tier 1,6,51,1,64.09,64.09,2,1.0,2,,1,Women,Store,0.561,0.191,1,1
ZC007096,44.0,Female,France,Tier 1,9,120,2,102.25,51.12,1,7.7,5,0.405,1,Beauty,Store,0.596,0.557,0,1
ZC007097,19.0,Female,UK,Tier 3,60,86,3,288.51,96.17,3,9.2,7,0.124,2,Home,Mixed,0.486,0.585,0,1
ZC007098,32.0,Female,Germany,Tier 1,14,1,1,66.48,66.48,8,4.2,4,0.212,3,Home,Online,0.495,0.634,0,1
ZC007099,30.0,Female,France,Tier 1,6,23,1,56.07,56.07,8,2.3,7,0.197,7,Women,Online,0.765,0.384,0,0
ZC007100,36.0,Male,Other,Tier 1,29,89,2,80.58,40.29,2,4.8,6,0.035,8,Men,Store,0.355,0.566,0,0
ZC007101,44.0,Female,Other,Tier 1,43,89,2,73.46,36.73,2,5.4,5,0.189,5,Women,Mixed,0.316,0.103,0,0
ZC007102,19.0,Male,UK,Tier 1,16,38,1,79.87,79.87,5,4.7,5,0.823,7,Men,Store,0.344,0.504,0,0
ZC007103,38.0,Male,France,Tier 1,25,121,1,105.22,105.22,1,2.7,4,0.309,3,Men,Online,0.243,0.155,0,0
ZC007104,42.0,Female,France,Tier 1,17,46,2,188.44,94.22,5,3.4,4,0.482,8,Men,Store,0.37,0.289,0,0
ZC007105,30.0,Female,France,Tier 2,29,72,1,69.02,69.02,1,1.1,2,0.574,7,Men,Online,0.748,0.352,0,1
ZC007106,31.0,Female,Spain,Tier 1,10,74,3,360.46,120.15,1,1.5,5,0.28,2,Women,Mixed,0.173,0.356,0,0
ZC007107,36.0,Female,Italy,Tier 2,22,15,5,565.48,113.1,11,4.0,3,0.259,8,TRF,Online,0.364,0.462,0,0
ZC007108,35.0,Female,Italy,Tier 3,35,15,1,50.95,50.95,5,5.3,7,0.513,5,Women,Store,0.618,0.035,0,0
ZC007109,38.0,Female,France,Tier 3,14,48,2,149.71,74.86,2,10.2,2,0.246,7,Women,Store,0.208,0.199,0,0
ZC007110,38.0,Female,Other,Tier 1,33,83,2,182.6,91.3,1,3.7,4,0.752,8,Home,Store,0.414,0.096,0,0
ZC007111,22.0,Female,Other,Tier 1,28,71,4,290.0,72.5,2,2.6,3,0.449,8,Women,Online,0.367,0.401,0,0
ZC007112,42.0,Female,Mexico,Tier 2,7,29,1,85.4,85.4,3,12.5,7,0.245,7,Home,Store,0.063,0.043,0,0
ZC007113,44.0,Female,Other,Tier 1,10,100,3,319.02,106.34,1,4.7,3,0.151,8,Kids,Store,0.563,0.224,0,1
ZC007114,34.0,Female,France,Tier 2,31,92,2,73.56,36.78,1,5.7,5,0.431,8,TRF,Store,0.719,0.442,0,1
ZC007115,17.0,Female,Other,Tier 2,10,176,1,90.04,90.04,1,1.7,4,,4,Women,Mixed,0.487,0.323,0,1
ZC007116,31.0,Female,Other,Tier 1,2,22,1,69.71,69.71,4,4.4,0,0.506,2,Women,Store,0.297,0.549,0,0
ZC007117,34.0,Female,Germany,Tier 1,21,67,1,78.26,78.26,1,4.6,1,0.617,6,Kids,Online,0.303,0.149,0,0
ZC007118,21.0,Female,USA,Tier 3,19,216,3,267.07,89.02,2,8.0,4,0.82,8,Men,Store,0.233,0.395,0,1
ZC007119,28.0,Female,USA,Tier 2,30,34,1,63.15,63.15,6,3.1,2,0.504,1,Women,Online,0.385,0.405,0,0
ZC007120,18.0,Female,UK,Tier 2,41,63,4,260.21,65.05,1,1.6,1,0.694,6,Women,Online,0.598,0.343,0,0
ZC007121,38.0,Female,Italy,Tier 2,20,58,1,103.6,103.6,6,4.7,1,0.818,1,Women,Mixed,0.289,0.268,0,0
ZC007122,34.0,Male,France,Tier 1,23,56,1,56.31,56.31,4,5.2,9,0.686,4,Men,Online,0.277,0.272,0,0
ZC007123,16.0,Female,Mexico,Tier 1,6,75,2,137.49,68.74,1,3.5,1,0.425,1,Kids,Store,0.171,0.299,0,0
ZC007124,36.0,Female,Mexico,Tier 2,14,108,1,54.51,54.51,4,10.4,1,0.428,1,Beauty,Store,0.531,0.444,1,1
ZC007125,31.0,Female,USA,Tier 1,60,400,1,109.65,109.65,1,8.8,4,0.521,3,Men,Online,0.488,0.373,1,1
ZC007126,37.0,Male,Spain,Tier 2,27,33,1,89.51,89.51,3,2.4,4,0.751,1,Men,Online,0.226,0.132,0,0
ZC007127,28.0,Male,Italy,Tier 1,42,28,3,143.48,47.83,4,3.7,7,0.278,2,Home,Mixed,0.319,0.119,0,1
ZC007128,24.0,Female,USA,Tier 3,14,105,1,81.04,81.04,2,7.2,6,0.313,6,Beauty,Store,0.259,0.091,0,0
ZC007129,24.0,Female,Other,Tier 2,13,25,1,47.94,47.94,5,10.7,2,0.527,5,Women,Store,0.253,0.351,0,0
ZC007130,27.0,Female,Other,Tier 1,12,40,4,294.15,73.54,11,3.4,0,0.263,8,Women,Mixed,0.223,0.113,0,0
ZC007131,32.0,Male,UK,Tier 2,34,45,5,263.61,52.72,6,18.8,2,0.672,6,Women,Mixed,0.528,0.252,0,0
ZC007132,33.0,Female,Germany,Tier 2,16,167,1,41.01,41.01,2,4.1,5,0.652,7,Kids,Store,0.337,0.09,0,1
ZC007133,30.0,Male,Other,Tier 2,5,184,1,99.34,99.34,0,3.0,6,0.658,3,Women,Store,0.482,0.256,0,1
ZC007134,28.0,Female,Other,Tier 1,17,4,2,127.47,63.74,7,6.8,2,0.374,7,Women,Mixed,0.549,0.285,0,0
ZC007135,28.0,Female,France,Tier 1,13,6,2,190.9,95.45,7,1.9,5,0.281,2,Men,Store,0.33,0.206,1,0
ZC007136,57.0,Female,Other,Tier 2,35,60,1,26.32,26.32,2,1.0,4,0.116,4,Women,Online,0.057,0.301,0,0
ZC007137,24.0,Female,France,Tier 1,59,140,7,594.82,84.97,2,3.8,3,0.336,6,Home,Mixed,0.069,0.205,0,0
ZC007138,26.0,Female,Spain,Tier 2,6,63,1,57.13,57.13,4,2.5,3,0.767,7,Women,Online,0.284,0.505,0,0
ZC007139,65.0,Male,France,Tier 1,27,181,2,206.71,103.36,3,3.9,6,0.362,8,Women,Mixed,0.306,0.091,0,0
ZC007140,36.0,Female,Mexico,Tier 3,39,28,3,189.25,63.08,8,7.9,0,0.164,5,Women,Store,0.381,0.098,0,0
ZC007141,18.0,Female,Other,Tier 3,31,45,3,307.85,102.62,5,1.0,4,0.558,3,Men,Online,0.605,0.124,0,0
ZC007142,40.0,Male,Spain,Tier 1,13,71,1,69.7,69.7,1,3.9,2,0.383,6,Women,Mixed,0.37,0.3,0,0
ZC007143,23.0,Male,UK,Tier 1,15,39,2,162.62,81.31,9,5.3,4,0.233,2,Kids,Mixed,0.752,0.453,0,1
ZC007144,41.0,Male,Germany,Tier 1,19,212,1,103.05,103.05,0,3.9,2,0.256,3,Kids,Online,0.091,0.367,0,1
ZC007145,30.0,Male,Other,Tier 3,11,41,2,143.53,71.76,2,9.3,4,0.552,7,Women,Mixed,0.467,0.555,0,0
ZC007146,28.0,Female,Italy,Tier 1,22,78,1,59.81,59.81,2,1.6,6,0.288,8,Kids,Store,0.321,0.079,0,0
ZC007147,48.0,Male,USA,Tier 2,44,34,6,358.59,59.76,3,2.4,1,0.796,6,Women,Online,0.283,0.585,0,0
ZC007148,38.0,Female,Other,Tier 2,27,36,2,185.5,92.75,7,1.5,3,0.586,1,Men,Mixed,0.206,0.452,0,0
ZC007149,42.0,Male,Germany,Tier 1,4,21,1,104.38,104.38,8,2.8,5,0.274,4,TRF,Store,0.29,0.097,1,0
ZC007150,36.0,Male,Other,Tier 2,18,127,4,337.2,84.3,2,3.8,5,0.481,6,Women,Mixed,0.206,0.466,0,0
ZC007151,28.0,Female,Other,Tier 1,55,105,5,533.09,106.62,1,6.7,4,0.457,8,Men,Online,0.283,0.142,0,0
ZC007152,38.0,Female,Spain,Tier 1,10,113,2,143.64,71.82,4,4.7,5,0.36,7,Men,Mixed,0.371,0.417,0,0
ZC007153,44.0,Male,Other,Tier 3,31,38,1,74.47,74.47,9,6.5,5,0.422,6,Men,Online,0.416,0.435,0,0
ZC007154,33.0,Male,UK,Tier 1,7,46,2,216.14,108.07,3,3.7,2,0.756,1,Women,Mixed,0.524,0.197,0,1
ZC007155,50.0,Female,Other,Tier 1,27,95,2,94.2,47.1,2,1.0,5,0.187,8,Women,Store,0.717,0.478,0,1
ZC007156,41.0,Male,USA,Tier 2,15,21,3,164.31,54.77,6,2.9,3,0.353,7,Women,Online,0.321,0.227,0,0
ZC007157,34.0,Female,Mexico,Tier 2,47,51,5,422.57,84.51,5,4.8,3,0.688,2,TRF,Online,0.083,0.621,0,0
ZC007158,35.0,Female,USA,Tier 2,47,95,5,242.15,48.43,1,3.8,2,0.338,6,Women,Online,0.378,0.075,0,1
ZC007159,33.0,Female,Spain,Tier 1,6,29,2,168.28,84.14,10,6.8,4,0.607,5,Men,Mixed,0.361,0.447,0,0
ZC007160,19.0,Female,Other,Tier 2,17,246,3,191.58,63.86,0,2.2,5,0.508,6,Women,Online,0.096,0.314,0,0
ZC007161,31.0,Female,USA,Tier 1,14,88,1,115.86,115.86,3,2.0,4,0.625,6,Men,Store,0.288,0.229,0,0
ZC007162,34.0,Male,Spain,Tier 1,30,55,1,90.92,90.92,5,4.2,5,,5,Women,Mixed,0.2,0.323,0,0
ZC007163,28.0,Female,Other,Tier 1,60,41,5,633.68,126.74,9,1.5,7,0.493,6,Women,Store,0.369,0.275,0,0
ZC007164,35.0,Male,UK,Tier 2,16,101,1,42.59,42.59,3,9.0,6,,4,Women,Online,0.371,0.606,1,0
ZC007165,32.0,Male,France,Tier 2,44,32,3,275.65,91.88,8,3.8,3,0.179,3,Women,Online,0.173,0.313,0,0
ZC007166,40.0,Female,Other,Tier 1,16,104,2,151.51,75.76,1,8.3,2,0.185,2,Men,Online,0.239,0.323,0,1
ZC007167,39.0,Male,France,Tier 1,21,18,5,413.97,82.79,4,1.0,2,0.543,4,Women,Online,0.264,0.202,0,0
ZC007168,34.0,Male,Spain,Tier 2,17,55,3,177.04,59.01,6,4.7,7,0.153,3,TRF,Store,0.188,0.435,0,0
ZC007169,18.0,Female,Italy,Tier 1,30,120,4,329.81,82.45,1,9.7,3,0.256,7,Women,Store,0.308,0.127,0,0
ZC007170,50.0,Female,Italy,Tier 1,49,29,4,122.94,30.74,7,10.1,4,0.132,8,Women,Store,0.703,0.186,0,1
ZC007171,31.0,Female,USA,Tier 2,35,29,1,29.2,29.2,5,7.0,2,0.376,7,Men,Store,0.229,0.301,0,0
ZC007172,31.0,Female,France,Tier 1,15,60,1,61.93,61.93,2,7.0,1,0.453,2,Kids,Mixed,0.199,0.351,0,0
ZC007173,29.0,Female,USA,Tier 1,7,68,1,35.55,35.55,0,4.8,1,0.548,8,Beauty,Online,0.153,0.183,0,0
ZC007174,27.0,Female,Spain,Tier 2,11,139,2,183.73,91.86,1,1.0,1,0.654,8,Kids,Mixed,0.29,0.208,0,1
ZC007175,47.0,Male,USA,Tier 1,42,102,4,211.69,52.92,4,9.4,4,0.424,3,Kids,Store,0.789,0.247,0,1
ZC007176,46.0,Male,Other,Tier 2,21,48,2,139.14,69.57,10,4.6,1,0.263,1,Kids,Mixed,0.689,0.055,0,1
ZC007177,36.0,Male,USA,Tier 2,23,50,3,282.0,94.0,7,4.5,6,,7,TRF,Online,0.284,0.276,0,0
ZC007178,31.0,Male,USA,Tier 1,33,110,2,169.68,84.84,2,2.2,4,0.463,4,Women,Online,0.787,0.261,0,1
ZC007179,38.0,Female,Other,Tier 2,19,16,1,101.31,101.31,6,3.6,5,0.39,2,Men,Online,0.541,0.485,0,1
ZC007180,33.0,Female,UK,Tier 2,36,23,2,152.91,76.46,3,5.6,6,0.244,5,Women,Store,0.572,0.292,0,0
ZC007181,30.0,Female,Other,Tier 3,17,37,2,137.89,68.94,6,2.9,1,0.443,7,Women,Online,0.287,0.442,0,0
ZC007182,35.0,Female,Other,Tier 2,14,9,1,72.11,72.11,4,2.5,0,0.319,6,Men,Online,0.393,0.432,0,0
ZC007183,28.0,Female,UK,Tier 1,8,132,1,87.25,87.25,2,4.4,4,0.68,1,Women,Mixed,0.389,0.515,0,1
ZC007184,35.0,Male,UK,Tier 2,3,15,1,44.1,44.1,7,10.8,2,0.636,7,TRF,Online,0.365,0.199,0,0
ZC007185,34.0,Female,Spain,Tier 2,22,93,3,224.98,74.99,2,2.0,4,0.447,6,Men,Mixed,0.618,0.138,0,1
ZC007186,38.0,Female,USA,Tier 2,32,37,1,123.2,123.2,3,4.5,4,0.836,1,Men,Online,0.35,0.508,0,1
ZC007187,26.0,Female,USA,Tier 1,32,48,4,301.7,75.42,4,3.7,5,0.21,3,Women,Mixed,0.519,0.261,0,0
ZC007188,39.0,Female,UK,Tier 2,43,194,1,56.46,56.46,1,4.4,6,0.231,4,Women,Online,0.43,0.584,0,1
ZC007189,23.0,Female,UK,Tier 1,18,43,1,80.93,80.93,4,11.4,5,0.386,4,Women,Online,0.11,0.272,0,0
ZC007190,26.0,Female,Mexico,Tier 3,42,36,5,356.81,71.36,7,7.0,2,0.454,3,Men,Mixed,0.518,0.059,0,0
ZC007191,27.0,Male,USA,Tier 1,20,47,1,107.91,107.91,6,3.8,4,0.567,1,Home,Online,0.347,0.15,0,0
ZC007192,21.0,Male,UK,Tier 1,8,45,1,80.53,80.53,3,11.7,4,0.629,6,Women,Mixed,0.588,0.258,1,1
ZC007193,42.0,Female,Spain,Tier 1,26,63,3,230.11,76.7,1,3.8,1,,4,Women,Online,0.19,0.085,0,0
ZC007194,22.0,Female,USA,Tier 3,8,44,1,100.8,100.8,7,8.7,2,0.376,6,Men,Online,0.49,0.152,0,0
ZC007195,25.0,Female,Mexico,Tier 2,18,170,1,83.26,83.26,2,13.0,2,0.75,1,Women,Mixed,0.385,0.094,0,0
ZC007196,45.0,Female,Italy,Tier 1,38,55,7,361.44,51.63,4,3.2,4,0.316,3,Beauty,Store,0.305,0.396,0,0
ZC007197,26.0,Female,UK,Tier 3,2,25,1,74.28,74.28,4,5.9,3,0.173,7,Women,Online,0.294,0.23,0,0
ZC007198,30.0,Female,France,Tier 1,21,12,1,63.35,63.35,7,2.2,5,0.566,3,TRF,Store,0.147,0.382,0,0
ZC007199,22.0,Female,UK,Tier 1,11,17,1,81.37,81.37,5,10.4,4,0.337,4,Home,Online,0.147,0.358,0,0
ZC007200,40.0,Female,Other,Tier 1,38,111,1,87.7,87.7,0,2.6,3,0.516,3,Kids,Online,0.333,0.237,0,1
ZC007201,40.0,Female,UK,Tier 1,52,92,5,491.04,98.21,0,2.5,4,0.16,6,Men,Mixed,0.196,0.296,0,0
ZC007202,39.0,Male,Italy,Tier 1,16,74,6,355.12,59.19,1,1.6,5,0.429,8,Women,Online,0.378,0.636,0,0
ZC007203,37.0,Female,USA,Tier 1,29,111,1,83.78,83.78,1,2.0,3,0.489,3,Men,Online,0.471,0.073,0,0
ZC007204,33.0,Female,UK,Tier 1,6,112,1,73.67,73.67,1,7.0,3,0.581,2,Women,Mixed,0.334,0.276,0,0
ZC007205,27.0,Female,France,Tier 1,24,93,3,276.9,92.3,1,5.5,3,0.318,2,Women,Store,0.501,0.256,0,0
ZC007206,,Male,Spain,Tier 1,9,11,2,160.97,80.48,8,3.2,4,0.485,1,Kids,Store,0.696,0.114,0,0
ZC007207,45.0,Female,Germany,Tier 2,10,8,1,80.1,80.1,3,5.2,3,0.319,3,Home,Store,0.236,0.473,0,0
ZC007208,,Female,France,Tier 1,17,53,1,49.68,49.68,6,7.4,0,0.172,2,Women,Online,0.235,0.239,0,0
ZC007209,25.0,Female,USA,Tier 1,10,147,2,146.59,73.3,2,6.3,5,0.468,2,Men,Online,0.437,0.198,0,1
ZC007210,32.0,Male,Other,Tier 1,24,52,1,106.08,106.08,3,9.7,1,,8,Home,Mixed,0.318,0.205,0,0
ZC007211,29.0,Male,Spain,Tier 2,19,56,1,47.22,47.22,5,3.9,3,0.186,1,Women,Online,0.331,0.265,0,0
ZC007212,21.0,Female,Other,Tier 2,12,102,1,94.32,94.32,1,10.0,4,0.562,2,Women,Online,0.567,0.352,0,1
ZC007213,34.0,Female,France,Tier 1,11,1,1,38.49,38.49,5,2.6,3,0.308,3,Home,Store,0.117,0.103,0,0
ZC007214,28.0,Female,USA,Tier 2,27,56,2,178.76,89.38,4,4.4,5,0.177,5,Men,Online,0.112,0.17,0,0
ZC007215,22.0,Female,Spain,Tier 3,32,48,5,325.83,65.17,4,11.2,4,0.505,2,Men,Store,0.265,0.095,0,0
ZC007216,17.0,Female,Italy,Tier 2,21,59,1,86.47,86.47,3,10.8,2,0.652,1,Women,Mixed,0.638,0.311,0,1
ZC007217,16.0,Female,Mexico,Tier 1,30,218,4,359.95,89.99,2,9.9,4,0.245,6,Men,Store,0.665,0.605,0,1
ZC007218,28.0,Female,Italy,Tier 3,8,41,1,93.67,93.67,5,2.9,4,0.562,2,Women,Online,0.189,0.171,0,0
ZC007219,31.0,Male,UK,Tier 1,9,104,2,221.88,110.94,0,1.9,2,0.195,2,Kids,Store,0.38,0.37,0,1
ZC007220,23.0,Female,USA,Tier 1,12,43,3,141.17,47.06,5,2.9,2,0.077,8,Women,Online,0.223,0.363,0,0
ZC007221,39.0,Female,Mexico,Tier 2,8,26,1,52.65,52.65,7,2.3,2,0.248,3,Men,Online,0.27,0.129,0,0
ZC007222,31.0,Male,Other,Tier 1,2,48,1,59.96,59.96,6,1.7,1,,6,Women,Online,0.274,0.335,0,0
ZC007223,38.0,Male,UK,Tier 3,16,157,1,55.14,55.14,1,2.9,7,0.373,8,TRF,Mixed,0.15,0.313,0,1
ZC007224,30.0,Female,Other,Tier 1,11,128,3,244.69,81.56,0,5.9,9,0.471,6,Men,Store,0.218,0.111,0,0
ZC007225,24.0,Female,Germany,Tier 1,14,42,7,588.91,84.13,9,6.1,2,0.728,3,Men,Store,0.691,0.072,0,0
ZC007226,33.0,Female,France,Tier 1,10,16,1,41.21,41.21,7,7.7,3,0.245,2,Women,Online,0.347,0.246,0,0
ZC007227,19.0,Male,Germany,Tier 2,14,120,1,60.66,60.66,1,10.5,3,0.616,3,Kids,Mixed,0.421,0.295,0,1
ZC007228,37.0,Female,Spain,Tier 1,19,115,1,78.9,78.9,1,1.4,5,0.669,5,Women,Store,0.432,0.572,0,1
ZC007229,23.0,Male,Spain,Tier 1,29,57,3,243.95,81.32,8,3.3,2,0.238,8,Men,Online,0.449,0.375,0,0
ZC007230,41.0,Female,Italy,Tier 3,41,16,1,101.68,101.68,8,1.9,4,0.564,3,Women,Store,0.243,0.497,0,0
ZC007231,29.0,Female,Other,Tier 1,16,127,1,44.83,44.83,1,11.3,2,0.252,4,Women,Online,0.466,0.607,0,1
ZC007232,43.0,Female,France,Tier 1,11,66,4,227.82,56.96,0,1.6,2,0.483,8,Kids,Online,0.094,0.262,0,0
ZC007233,21.0,Female,Spain,Tier 2,4,64,3,278.66,92.89,0,7.4,1,0.603,5,Women,Store,0.537,0.571,0,1
ZC007234,25.0,Female,Spain,Tier 1,60,198,2,135.24,67.62,3,8.0,4,0.353,1,Men,Online,0.32,0.686,0,0
ZC007235,36.0,Male,UK,Tier 1,31,67,6,497.75,82.96,3,7.0,4,0.088,3,Men,Online,0.2,0.144,0,1
ZC007236,44.0,Female,Germany,Tier 1,21,120,1,74.83,74.83,1,3.2,3,0.628,4,Women,Store,0.381,0.411,1,1
ZC007237,49.0,Male,USA,Tier 1,6,169,2,137.58,68.79,2,8.5,3,0.257,1,Men,Store,0.275,0.028,0,1
ZC007238,32.0,Female,Spain,Tier 1,2,38,1,76.87,76.87,2,2.0,4,0.294,8,Kids,Store,0.22,0.282,0,0
ZC007239,50.0,Female,Italy,Tier 2,4,22,1,79.38,79.38,2,2.7,3,0.371,1,Home,Mixed,0.524,0.118,0,0
ZC007240,29.0,Female,Spain,Tier 1,13,80,1,67.67,67.67,1,1.0,0,0.454,3,Men,Online,0.269,0.23,0,0
ZC007241,43.0,Female,UK,Tier 1,11,269,3,248.6,82.87,1,6.0,2,0.209,5,Men,Store,0.714,0.28,0,1
ZC007242,23.0,Female,Italy,Tier 1,10,58,1,62.1,62.1,7,11.2,1,0.487,3,Men,Online,0.415,0.258,0,0
ZC007243,36.0,Male,Spain,Tier 3,12,24,5,426.26,85.25,3,3.9,6,0.234,3,Men,Online,0.38,0.276,0,1
ZC007244,16.0,Female,UK,Tier 2,35,28,5,319.03,63.81,7,5.7,6,0.175,6,Men,Online,0.334,0.252,0,0
ZC007245,21.0,Female,Spain,Tier 1,6,44,1,53.27,53.27,4,8.7,3,0.131,6,Women,Online,0.332,0.339,1,0
ZC007246,37.0,Female,USA,Tier 2,8,57,1,100.57,100.57,3,9.1,3,0.531,3,Women,Mixed,0.238,0.377,0,1
ZC007247,19.0,Female,Other,Tier 1,8,102,1,63.21,63.21,3,4.5,6,0.424,5,Women,Mixed,0.191,0.344,0,0
ZC007248,36.0,Female,Italy,Tier 1,12,88,1,64.56,64.56,2,10.1,2,0.509,6,TRF,Online,0.258,0.17,0,0
ZC007249,41.0,Female,Spain,Tier 1,4,179,1,30.56,30.56,1,8.1,4,0.166,6,Men,Online,0.436,0.175,0,1
ZC007250,27.0,Female,Spain,Tier 2,26,63,4,175.05,43.76,1,2.1,2,0.607,1,Women,Online,0.48,0.337,0,0
ZC007251,22.0,Male,USA,Tier 1,10,96,2,176.52,88.26,4,7.1,5,0.248,3,Women,Store,0.291,0.536,0,0
ZC007252,27.0,Female,Other,Tier 1,16,192,1,92.83,92.83,1,8.6,3,0.662,1,TRF,Store,0.608,0.393,0,1
ZC007253,22.0,Female,Italy,Tier 2,19,72,2,195.03,97.52,1,6.1,5,0.445,3,Kids,Online,0.169,0.252,0,0
ZC007254,31.0,Female,Germany,Tier 3,14,52,1,79.57,79.57,5,3.4,5,0.318,2,Kids,Online,0.225,0.605,0,0
ZC007255,33.0,Female,USA,Tier 3,32,60,6,506.91,84.48,2,3.2,4,0.521,8,Kids,Store,0.676,0.554,0,0
ZC007256,29.0,Male,Other,Tier 2,40,25,5,566.43,113.29,2,1.2,2,0.216,3,Men,Mixed,0.079,0.199,0,0
ZC007257,49.0,Male,Mexico,Tier 2,7,11,1,95.67,95.67,4,4.3,6,0.329,8,Kids,Mixed,0.422,0.454,0,0
ZC007258,25.0,Male,USA,Tier 1,10,15,1,117.12,117.12,6,1.0,3,0.677,4,TRF,Store,0.361,0.061,0,0
ZC007259,46.0,Male,UK,Tier 1,9,197,2,150.13,75.06,2,3.0,4,0.277,3,Beauty,Online,0.087,0.255,0,0
ZC007260,,Female,UK,Tier 2,5,107,1,73.64,73.64,2,7.7,2,,2,Women,Online,0.217,0.238,0,1
ZC007261,33.0,Female,Germany,Tier 1,28,13,2,104.54,52.27,5,3.3,2,0.625,6,Women,Online,0.535,0.492,0,0
ZC007262,44.0,Female,UK,Tier 3,24,42,3,242.04,80.68,6,9.1,3,0.348,8,Men,Store,0.353,0.42,0,0
ZC007263,43.0,Male,USA,Tier 1,10,1,1,55.27,55.27,9,1.2,0,0.586,7,Beauty,Mixed,0.42,0.4,0,0
ZC007264,28.0,Male,Germany,Tier 1,10,49,2,256.02,128.01,7,3.8,3,0.641,2,Men,Online,0.678,0.24,1,0
ZC007265,38.0,Female,Italy,Tier 1,21,10,7,322.98,46.14,3,4.9,3,0.798,4,TRF,Mixed,0.317,0.281,0,0
ZC007266,36.0,Female,UK,Tier 2,15,159,1,74.52,74.52,3,8.2,4,0.375,7,Women,Online,0.082,0.136,0,0
ZC007267,27.0,Female,France,Tier 1,21,211,4,235.93,58.98,0,1.0,3,0.327,8,Home,Store,0.166,0.352,0,1
ZC007268,38.0,Male,Spain,Tier 2,12,219,1,78.41,78.41,0,5.9,3,0.336,8,Women,Online,0.242,0.527,0,1
ZC007269,51.0,Female,UK,Tier 1,20,20,1,60.7,60.7,7,9.5,6,0.108,3,Women,Online,0.304,0.599,0,0
ZC007270,37.0,Female,Mexico,Tier 2,33,12,2,154.98,77.49,4,2.8,1,,8,Women,Store,0.515,0.265,0,0
ZC007271,38.0,Female,Germany,Tier 2,16,46,2,149.83,74.92,6,8.7,3,0.359,4,Women,Online,0.247,0.194,0,0
ZC007272,39.0,Female,Other,Tier 3,47,44,5,501.34,100.27,5,1.0,6,0.778,1,Women,Store,0.301,0.081,0,0
ZC007273,17.0,Female,Italy,Tier 1,22,28,2,243.24,121.62,7,1.8,1,0.433,1,Men,Online,0.145,0.646,0,0
ZC007274,37.0,Female,Mexico,Tier 1,3,50,1,83.79,83.79,9,5.5,3,0.257,2,Women,Mixed,0.403,0.476,0,0
ZC007275,22.0,Male,UK,Tier 1,15,10,1,63.29,63.29,7,20.8,4,0.426,8,Kids,Store,0.242,0.116,0,0
ZC007276,26.0,Female,USA,Tier 1,27,20,1,75.81,75.81,5,7.3,4,0.227,1,Home,Online,0.312,0.44,0,0
ZC007277,54.0,Male,Other,Tier 2,23,74,4,178.98,44.74,0,1.6,1,0.257,8,Men,Mixed,0.601,0.485,0,0
ZC007278,29.0,Female,Germany,Tier 1,27,73,1,106.09,106.09,3,1.0,2,0.547,4,Men,Online,0.169,0.237,0,0
ZC007279,25.0,Female,Other,Tier 3,19,136,4,247.47,61.87,1,1.0,3,0.162,6,TRF,Online,0.31,0.209,0,0
ZC007280,44.0,Female,Germany,Tier 1,45,4,2,178.43,89.22,6,8.2,4,0.123,1,Women,Mixed,0.594,0.399,0,0
ZC007281,23.0,Female,UK,Tier 2,29,64,3,180.81,60.27,1,3.4,4,0.533,5,Women,Store,0.586,0.006,0,0
ZC007282,28.0,Female,Spain,Tier 2,18,102,1,40.19,40.19,0,4.9,6,0.114,2,Kids,Mixed,0.123,0.12,0,0
ZC007283,44.0,Female,UK,Tier 3,22,202,4,96.53,24.13,3,3.5,2,0.452,1,Home,Mixed,0.191,0.392,0,1
ZC007284,32.0,Female,Germany,Tier 1,60,39,6,563.42,93.9,5,6.5,3,0.247,7,TRF,Mixed,0.252,0.292,0,0
ZC007285,16.0,Female,Other,Tier 2,43,50,3,273.04,91.01,9,6.7,3,0.393,2,Kids,Online,0.655,0.531,0,0
ZC007286,37.0,Male,Other,Tier 1,15,39,1,80.58,80.58,6,1.2,4,0.602,2,Men,Store,0.538,0.245,0,0
ZC007287,28.0,Female,France,Tier 1,22,58,1,60.63,60.63,6,5.1,1,0.522,1,Kids,Online,0.734,0.413,0,1
ZC007288,47.0,Female,UK,Tier 2,45,143,4,216.65,54.16,2,1.5,5,0.413,1,Men,Mixed,0.413,0.309,0,1
ZC007289,26.0,Female,Spain,Tier 1,8,127,1,73.57,73.57,1,1.3,3,,4,Kids,Mixed,0.302,0.235,1,1
ZC007290,43.0,Female,USA,Tier 2,13,24,1,95.23,95.23,3,1.4,5,0.718,3,Men,Store,0.393,0.063,1,0
ZC007291,50.0,Male,Other,Tier 1,34,53,2,158.86,79.43,4,5.6,3,0.551,3,Women,Online,0.501,0.175,0,0
ZC007292,23.0,Female,Italy,Tier 1,10,38,3,141.36,47.12,6,1.0,2,0.804,5,Men,Online,0.448,0.081,0,0
ZC007293,30.0,Male,France,Tier 2,15,36,1,64.53,64.53,7,6.4,2,0.677,6,Women,Online,0.681,0.618,0,0
ZC007294,36.0,Male,Other,Tier 1,21,94,1,80.94,80.94,0,10.2,4,0.392,4,Kids,Online,0.532,0.322,0,1
ZC007295,23.0,Female,Spain,Tier 2,31,40,2,219.43,109.72,2,1.7,1,0.507,6,Women,Mixed,0.257,0.288,0,1
ZC007296,35.0,Female,Other,Tier 3,6,97,2,165.84,82.92,2,4.0,6,0.247,2,Men,Mixed,0.198,0.46,0,1
ZC007297,30.0,Male,Italy,Tier 1,32,41,3,169.15,56.38,9,3.3,5,0.42,6,Women,Online,0.391,0.411,1,1
ZC007298,30.0,Male,Spain,Tier 1,20,33,2,137.53,68.76,9,6.7,4,0.537,3,Men,Store,0.331,0.535,0,0
ZC007299,32.0,Female,Italy,Tier 1,21,52,2,181.76,90.88,5,3.4,4,0.763,3,Women,Store,0.411,0.143,0,0
ZC007300,33.0,Female,Spain,Tier 1,4,303,1,74.27,74.27,1,4.3,3,0.475,8,Kids,Online,0.239,0.093,0,1
ZC007301,34.0,Female,Germany,Tier 2,17,21,1,40.88,40.88,5,4.1,6,0.533,8,Women,Store,0.27,0.505,0,0
ZC007302,26.0,Male,USA,Tier 3,7,28,1,68.99,68.99,5,2.6,8,0.694,6,Women,Mixed,0.319,0.589,0,0
ZC007303,26.0,Male,USA,Tier 1,48,7,4,79.46,19.86,6,3.5,5,0.143,8,Women,Online,0.134,0.369,0,0
ZC007304,31.0,Female,Germany,Tier 1,14,31,2,150.41,75.2,5,14.1,4,0.36,7,Women,Online,0.457,0.072,0,0
ZC007305,32.0,Female,UK,Tier 1,41,5,3,363.2,121.07,4,4.6,4,0.566,1,Women,Online,0.162,0.067,0,0
ZC007306,28.0,Male,Spain,Tier 1,20,5,1,103.39,103.39,7,4.8,2,0.52,2,Men,Store,0.44,0.276,0,0
ZC007307,35.0,Male,Other,Tier 1,41,80,5,348.63,69.73,2,8.6,3,0.081,7,Women,Mixed,0.451,0.132,0,0
ZC007308,,Female,USA,Tier 3,3,108,1,66.76,66.76,4,3.3,6,0.756,2,Women,Online,0.276,0.226,0,0
ZC007309,25.0,Female,Germany,Tier 1,9,234,1,74.46,74.46,0,4.8,4,0.132,8,TRF,Mixed,0.258,0.193,0,1
ZC007310,29.0,Female,Germany,Tier 2,39,22,1,73.43,73.43,4,6.2,3,0.252,2,Women,Mixed,0.617,0.229,0,1
ZC007311,23.0,Female,Spain,Tier 1,54,21,3,305.71,101.9,1,2.5,2,0.534,3,Kids,Mixed,0.209,0.229,0,0
ZC007312,48.0,Female,Other,Tier 3,16,150,1,79.57,79.57,2,3.9,1,0.769,7,Women,Mixed,0.192,0.25,0,0
ZC007313,32.0,Female,UK,Tier 3,12,63,3,119.05,39.68,1,2.0,3,0.382,8,Men,Mixed,0.601,0.262,0,1
ZC007314,34.0,Male,USA,Tier 3,6,23,2,191.28,95.64,5,8.1,3,,7,Women,Mixed,0.262,0.076,0,0
ZC007315,27.0,Female,UK,Tier 1,4,111,1,36.74,36.74,0,2.9,4,0.463,4,TRF,Mixed,0.424,0.667,0,1
ZC007316,32.0,Female,Germany,Tier 1,3,56,1,76.16,76.16,5,6.0,5,0.491,7,Kids,Online,0.229,0.386,1,0
ZC007317,20.0,Female,Spain,Tier 1,18,55,4,411.63,102.91,12,2.1,3,0.135,6,Men,Mixed,0.741,0.178,0,0
ZC007318,30.0,Female,USA,Tier 1,18,189,1,42.31,42.31,3,4.6,2,0.594,4,Women,Store,0.164,0.253,0,1
ZC007319,23.0,Female,France,Tier 2,7,85,1,77.67,77.67,1,7.6,4,0.448,8,Men,Mixed,0.175,0.113,1,1
ZC007320,29.0,Female,Italy,Tier 3,10,88,2,136.07,68.04,0,6.0,7,0.359,2,Home,Mixed,0.046,0.521,0,0
ZC007321,16.0,Female,USA,Tier 2,14,110,3,234.61,78.2,1,5.9,4,0.424,7,Women,Mixed,0.556,0.294,0,1
ZC007322,21.0,Female,UK,Tier 1,3,54,1,108.94,108.94,7,3.6,0,0.598,8,Women,Mixed,0.144,0.196,0,0
ZC007323,,Male,USA,Tier 1,21,108,1,59.32,59.32,1,9.3,5,0.187,6,TRF,Online,0.121,0.194,0,0
ZC007324,40.0,Male,USA,Tier 2,23,196,1,82.58,82.58,2,1.7,3,0.227,8,Women,Store,0.542,0.242,0,1
ZC007325,45.0,Female,Italy,Tier 1,27,55,3,213.29,71.1,5,13.4,4,0.254,1,Women,Mixed,0.261,0.33,0,1
ZC007326,46.0,Female,USA,Tier 1,25,78,2,158.68,79.34,1,2.6,3,0.202,3,Women,Mixed,0.405,0.187,0,0
ZC007327,39.0,Female,USA,Tier 1,16,24,1,46.96,46.96,10,1.2,4,0.639,1,Women,Online,0.483,0.311,0,0
ZC007328,,Male,USA,Tier 3,47,29,1,94.06,94.06,7,4.3,4,0.528,3,Men,Mixed,0.348,0.343,0,0
ZC007329,22.0,Male,Germany,Tier 1,12,47,1,86.08,86.08,4,1.4,6,0.448,3,Home,Store,0.034,0.198,0,0
ZC007330,43.0,Female,France,Tier 3,25,50,1,82.65,82.65,10,12.4,4,0.584,6,Men,Online,0.36,0.507,0,0
ZC007331,33.0,Female,UK,Tier 1,7,8,1,112.14,112.14,9,1.3,1,,2,Men,Mixed,0.297,0.13,0,0
ZC007332,57.0,Female,Germany,Tier 2,7,206,2,126.11,63.06,2,9.2,2,0.223,3,Women,Store,0.232,0.103,0,1
ZC007333,28.0,Female,Germany,Tier 2,24,114,1,83.27,83.27,2,2.0,5,0.329,2,Women,Mixed,0.611,0.171,1,1
ZC007334,52.0,Female,Spain,Tier 3,8,71,5,174.74,34.95,3,7.4,6,0.35,5,Men,Store,0.375,0.13,0,1
ZC007335,30.0,Female,USA,Tier 1,24,22,2,185.19,92.6,5,3.0,4,0.506,5,Beauty,Online,0.306,0.191,0,0
ZC007336,45.0,Male,USA,Tier 1,24,76,3,313.74,104.58,1,3.0,2,0.21,5,Kids,Store,0.356,0.292,0,1
ZC007337,49.0,Female,Other,Tier 1,50,43,3,223.42,74.47,3,2.7,4,0.344,5,Men,Mixed,0.459,0.091,0,0
ZC007338,22.0,Female,USA,Tier 1,6,94,2,132.58,66.29,1,9.5,4,,4,Kids,Online,0.406,0.465,0,1
ZC007339,27.0,Female,USA,Tier 1,5,15,1,83.52,83.52,9,3.8,3,0.341,5,Kids,Online,0.246,0.288,0,0
ZC007340,22.0,Male,France,Tier 2,19,158,3,128.77,42.92,4,1.4,1,0.296,8,Men,Mixed,0.426,0.479,0,1
ZC007341,20.0,Female,France,Tier 1,39,49,8,451.75,56.47,8,5.6,7,0.625,1,Men,Mixed,0.251,0.18,0,0
ZC007342,39.0,Female,Mexico,Tier 3,19,149,1,72.14,72.14,0,2.0,2,0.365,8,Kids,Store,0.151,0.524,0,1
ZC007343,,Male,UK,Tier 2,60,331,1,101.14,101.14,1,10.0,5,0.227,8,Kids,Store,0.61,0.264,0,1
ZC007344,33.0,Female,USA,Tier 2,23,22,1,82.47,82.47,8,5.1,5,0.274,2,Women,Store,0.239,0.377,0,0
ZC007345,38.0,Female,Germany,Tier 2,22,49,2,125.73,62.86,4,2.2,4,0.305,8,Women,Online,0.223,0.314,0,0
ZC007346,16.0,Female,Italy,Tier 1,14,15,1,74.12,74.12,1,1.2,8,0.307,6,Men,Online,0.366,0.186,0,1
ZC007347,45.0,Female,Other,Tier 1,26,29,1,70.04,70.04,4,10.7,3,0.473,1,Home,Store,0.424,0.349,0,0
ZC007348,29.0,Male,Germany,Tier 1,38,68,5,402.41,80.48,2,2.2,1,0.22,8,Women,Store,0.177,0.257,1,0
ZC007349,37.0,Female,France,Tier 3,20,12,1,79.75,79.75,12,11.4,3,0.372,1,Men,Store,0.473,0.115,0,0
ZC007350,38.0,Female,Spain,Tier 1,35,184,5,276.84,55.37,1,3.3,1,0.453,5,Men,Store,0.184,0.351,1,1
ZC007351,46.0,Female,Other,Tier 1,20,36,1,102.42,102.42,5,13.0,5,0.491,2,Men,Store,0.482,0.123,0,0
ZC007352,31.0,Male,Italy,Tier 2,6,92,1,119.82,119.82,2,10.3,3,,2,Women,Online,0.115,0.395,0,0
ZC007353,16.0,Male,USA,Tier 1,5,196,1,114.74,114.74,3,10.5,4,0.449,1,Men,Mixed,0.121,0.235,0,0
ZC007354,33.0,Female,UK,Tier 3,29,14,3,343.18,114.39,4,2.4,1,,4,Kids,Mixed,0.294,0.093,0,0
ZC007355,34.0,Female,France,Tier 3,21,100,5,620.23,124.05,1,7.6,3,0.452,5,Women,Store,0.463,0.376,0,0
ZC007356,,Female,USA,Tier 1,37,118,4,282.51,70.63,0,1.0,8,0.353,4,Men,Mixed,0.363,0.28,0,0
ZC007357,33.0,Male,Italy,Tier 2,30,13,3,220.15,73.38,4,5.2,2,0.502,2,Women,Store,0.148,0.359,0,0
ZC007358,28.0,Female,Germany,Tier 1,5,18,1,44.32,44.32,6,7.2,4,0.628,1,Men,Online,0.287,0.137,0,0
ZC007359,19.0,Female,USA,Tier 1,13,70,1,81.37,81.37,2,4.0,5,0.221,4,Men,Mixed,0.346,0.204,0,0
ZC007360,39.0,Female,Other,Tier 3,9,181,1,51.54,51.54,2,6.2,3,0.352,7,Men,Store,0.299,0.07,0,1
ZC007361,26.0,Male,Other,Tier 1,18,131,1,111.83,111.83,0,1.7,4,0.673,1,Men,Store,0.293,0.379,0,1
ZC007362,28.0,Female,USA,Tier 3,17,26,2,190.19,95.1,4,4.7,5,0.32,6,Home,Mixed,0.225,0.101,0,0
ZC007363,27.0,Female,UK,Tier 3,4,113,1,64.81,64.81,1,3.3,3,0.555,8,Men,Online,0.534,0.275,0,1
ZC007364,44.0,Male,Other,Tier 2,12,189,1,60.26,60.26,1,3.3,3,0.43,1,Men,Mixed,0.386,0.187,0,1
ZC007365,32.0,Female,UK,Tier 1,12,31,1,51.29,51.29,1,2.3,6,0.41,8,Kids,Store,0.322,0.138,1,1
ZC007366,33.0,Female,Other,Tier 1,25,36,1,73.45,73.45,3,2.2,9,0.847,7,Men,Store,0.397,0.152,0,0
ZC007367,28.0,Female,USA,Tier 1,17,9,2,251.83,125.92,7,3.3,6,0.355,1,Women,Mixed,0.319,0.556,1,1
ZC007368,37.0,Female,Italy,Tier 1,10,22,1,90.6,90.6,8,8.4,0,0.429,8,Women,Online,0.48,0.347,0,0
ZC007369,45.0,Female,Germany,Tier 1,9,65,2,184.8,92.4,1,4.9,4,0.071,8,Women,Mixed,0.243,0.225,0,0
ZC007370,38.0,Female,USA,Tier 1,4,31,1,31.18,31.18,9,5.9,2,0.389,2,Kids,Mixed,0.183,0.249,0,0
ZC007371,39.0,Female,Italy,Tier 2,29,9,7,458.0,65.43,3,11.9,4,0.438,5,Women,Store,0.709,0.204,0,0
ZC007372,38.0,Female,Spain,Tier 1,30,31,2,129.7,64.85,3,11.2,4,0.414,2,Kids,Online,0.284,0.759,0,0
ZC007373,18.0,Male,USA,Tier 1,39,271,4,250.21,62.55,0,3.2,4,0.447,5,Kids,Store,0.483,0.68,0,1
ZC007374,23.0,Female,USA,Tier 2,11,187,1,78.45,78.45,0,8.2,4,0.285,5,Home,Mixed,0.391,0.126,0,1
ZC007375,30.0,Male,Spain,Tier 1,47,85,3,184.0,61.33,2,7.6,2,0.251,4,Men,Mixed,0.262,0.183,0,0
ZC007376,25.0,Female,Spain,Tier 1,30,79,3,208.25,69.42,1,1.4,5,0.149,2,Women,Online,0.401,0.25,1,1
ZC007377,21.0,Female,USA,Tier 1,32,178,3,198.02,66.01,2,3.3,7,0.335,8,Kids,Online,0.045,0.129,0,0
ZC007378,16.0,Female,USA,Tier 1,14,88,3,206.85,68.95,4,1.0,3,0.563,4,Kids,Store,0.462,0.306,0,0
ZC007379,,Female,Spain,Tier 1,13,65,3,56.85,18.95,2,6.4,4,0.471,8,Women,Online,0.091,0.344,0,0
ZC007380,29.0,Female,USA,Tier 1,27,100,6,420.56,70.09,3,5.0,5,0.386,1,Women,Store,0.546,0.38,0,1
ZC007381,31.0,Female,Other,Tier 1,40,26,5,448.49,89.7,8,1.0,3,0.287,3,Kids,Online,0.619,0.264,0,0
ZC007382,24.0,Female,Spain,Tier 1,47,66,4,210.34,52.58,1,3.4,2,0.177,6,Men,Online,0.209,0.492,0,0
ZC007383,33.0,Male,Italy,Tier 1,43,77,3,342.44,114.15,0,7.9,4,0.564,2,TRF,Online,0.451,0.183,0,0
ZC007384,28.0,Female,Spain,Tier 2,24,50,1,62.52,62.52,3,3.5,3,0.128,8,Men,Online,0.468,0.154,0,0
ZC007385,43.0,Male,Spain,Tier 2,6,69,1,56.72,56.72,3,2.2,6,0.175,6,Women,Online,0.383,0.335,0,0
ZC007386,30.0,Female,UK,Tier 1,1,40,1,87.27,87.27,4,3.9,6,0.521,5,Home,Mixed,0.206,0.453,0,1
ZC007387,39.0,Female,UK,Tier 3,31,19,5,286.48,57.3,9,5.9,3,0.159,2,Women,Mixed,0.073,0.249,0,0
ZC007388,34.0,Female,France,Tier 2,9,34,1,81.28,81.28,3,10.8,4,0.585,1,Men,Mixed,0.397,0.529,0,0
ZC007389,18.0,Male,Italy,Tier 2,58,72,4,194.83,48.71,1,5.1,0,0.306,5,Women,Mixed,0.276,0.274,0,0
ZC007390,31.0,Male,USA,Tier 1,42,65,1,75.82,75.82,1,4.1,2,0.226,6,Women,Online,0.295,0.457,0,0
ZC007391,20.0,Male,USA,Tier 1,18,72,1,61.42,61.42,0,5.8,6,0.305,3,Kids,Mixed,0.112,0.253,0,0
ZC007392,31.0,Male,Other,Tier 1,20,47,2,136.37,68.18,5,3.1,3,0.13,2,Kids,Online,0.283,0.067,0,0
ZC007393,25.0,Female,USA,Tier 1,28,6,3,208.7,69.57,6,7.2,6,0.46,8,Women,Online,0.213,0.342,0,0
ZC007394,36.0,Male,Mexico,Tier 3,19,92,3,270.06,90.02,1,2.5,8,0.584,2,Women,Mixed,0.159,0.178,0,0
ZC007395,19.0,Male,Germany,Tier 3,29,56,4,335.65,83.91,5,8.0,5,0.417,1,TRF,Store,0.263,0.415,0,0
ZC007396,32.0,Male,USA,Tier 1,18,93,1,90.21,90.21,0,2.0,1,0.412,8,Kids,Store,0.254,0.228,0,0
ZC007397,38.0,Female,USA,Tier 3,13,68,1,36.3,36.3,2,8.1,1,0.315,3,TRF,Online,0.332,0.064,0,0
ZC007398,41.0,Male,UK,Tier 2,9,34,2,227.52,113.76,5,2.4,5,0.314,8,Beauty,Mixed,0.257,0.183,0,1
ZC007399,24.0,Female,Germany,Tier 2,13,60,3,220.99,73.66,3,3.3,1,0.171,2,Kids,Store,0.26,0.492,0,0
ZC007400,32.0,Male,Other,Tier 3,21,297,2,152.87,76.44,1,2.4,0,,7,Women,Online,0.209,0.087,0,1
ZC007401,34.0,Male,USA,Tier 1,8,141,4,299.81,74.95,5,3.9,4,0.473,2,Men,Online,0.437,0.213,0,0
ZC007402,47.0,Female,Other,Tier 1,34,79,5,410.36,82.07,1,7.4,3,0.077,8,Beauty,Mixed,0.649,0.287,0,0
ZC007403,17.0,Female,USA,Tier 3,21,384,3,238.83,79.61,1,7.8,1,0.287,3,Women,Mixed,0.217,0.404,0,1
ZC007404,23.0,Female,Spain,Tier 1,15,29,2,141.18,70.59,6,10.2,1,0.481,7,Men,Mixed,0.47,0.512,0,0
ZC007405,60.0,Male,France,Tier 2,8,46,1,96.2,96.2,5,3.6,1,0.298,1,Women,Mixed,0.339,0.617,0,0
ZC007406,29.0,Male,Other,Tier 2,36,65,1,42.25,42.25,1,4.6,4,,8,Women,Mixed,0.367,0.426,0,0
ZC007407,16.0,Male,France,Tier 3,46,21,3,245.05,81.68,1,3.0,4,0.392,3,Kids,Mixed,0.415,0.405,0,0
ZC007408,26.0,Male,Mexico,Tier 1,2,250,3,218.8,72.93,1,10.2,3,0.368,7,Kids,Online,0.086,0.053,0,1
ZC007409,16.0,Female,UK,Tier 2,20,268,4,153.99,38.5,2,5.5,3,0.436,1,Women,Online,0.5,0.524,1,1
ZC007410,34.0,Male,Other,Tier 1,41,109,2,234.13,117.06,2,2.4,3,0.307,7,Women,Store,0.208,0.118,0,1
ZC007411,40.0,Female,Mexico,Tier 3,28,5,4,312.8,78.2,4,9.0,5,0.218,6,Women,Mixed,0.549,0.109,0,0
ZC007412,23.0,Female,Italy,Tier 1,5,10,1,102.03,102.03,8,2.5,4,0.586,6,Home,Mixed,0.159,0.186,0,0
ZC007413,27.0,Female,Germany,Tier 2,15,82,1,103.56,103.56,1,3.5,4,0.28,3,Kids,Online,0.333,0.196,0,1
ZC007414,41.0,Female,France,Tier 3,7,188,4,256.32,64.08,3,11.1,1,0.434,7,Men,Online,0.191,0.224,0,1
ZC007415,16.0,Female,Other,Tier 1,8,40,1,101.73,101.73,7,11.8,4,0.265,4,Women,Store,0.4,0.258,0,0
ZC007416,19.0,Male,France,Tier 1,19,90,1,67.51,67.51,3,9.3,2,0.35,3,Men,Mixed,0.676,0.131,0,0
ZC007417,30.0,Female,USA,Tier 1,26,170,3,211.98,70.66,1,8.1,5,0.696,7,Women,Online,0.503,0.253,0,1
ZC007418,24.0,Male,Other,Tier 2,12,26,1,55.2,55.2,5,10.3,7,0.321,7,Home,Online,0.342,0.038,1,0
ZC007419,29.0,Female,Germany,Tier 2,18,158,2,120.7,60.35,0,3.4,3,0.304,1,TRF,Mixed,0.118,0.399,0,0
ZC007420,19.0,Male,France,Tier 2,25,47,6,462.36,77.06,3,7.3,1,0.701,1,Women,Online,0.171,0.691,0,0
ZC007421,34.0,Female,Italy,Tier 1,5,53,2,105.49,52.74,7,2.9,5,0.236,5,Women,Online,0.124,0.475,0,0
ZC007422,31.0,Male,USA,Tier 1,8,78,2,166.23,83.12,3,4.7,3,0.464,8,Women,Store,0.257,0.335,0,0
ZC007423,37.0,Female,UK,Tier 1,10,19,1,63.02,63.02,7,1.0,7,0.224,8,Men,Store,0.543,0.523,0,0
ZC007424,34.0,Female,USA,Tier 1,14,95,1,101.02,101.02,3,1.9,3,,8,Women,Mixed,0.488,0.325,0,0
ZC007425,34.0,Female,Other,Tier 2,15,31,2,145.65,72.82,6,5.6,3,0.648,7,Kids,Online,0.511,0.544,0,0
ZC007426,18.0,Female,Germany,Tier 1,19,23,1,65.08,65.08,7,5.3,4,0.491,4,Kids,Mixed,0.193,0.243,0,0
ZC007427,37.0,Female,Other,Tier 1,12,44,3,235.28,78.43,7,3.2,7,0.448,8,Kids,Mixed,0.489,0.047,0,0
ZC007428,29.0,Female,USA,Tier 2,27,17,3,244.59,81.53,5,9.9,4,0.442,7,Men,Online,0.237,0.261,0,0
ZC007429,30.0,Female,Other,Tier 1,12,20,1,72.26,72.26,5,5.2,3,0.378,5,Women,Online,0.043,0.186,0,0
ZC007430,42.0,Male,USA,Tier 2,7,121,3,182.17,60.72,0,5.2,4,0.351,3,Men,Store,0.147,0.437,0,1
ZC007431,25.0,Female,USA,Tier 1,11,89,1,135.7,135.7,2,4.0,3,,8,Kids,Online,0.411,0.04,0,0
ZC007432,46.0,Female,Other,Tier 1,7,53,1,91.31,91.31,8,8.9,6,0.456,5,TRF,Mixed,0.474,0.165,0,0
ZC007433,46.0,Female,Germany,Tier 1,2,22,3,318.0,106.0,8,18.5,3,0.621,6,Men,Mixed,0.338,0.255,0,0
ZC007434,40.0,Female,Other,Tier 1,54,103,4,477.89,119.47,5,4.3,5,0.734,8,Home,Mixed,0.134,0.627,0,0
ZC007435,22.0,Female,Germany,Tier 2,2,154,1,83.5,83.5,0,1.0,5,0.338,6,Women,Mixed,0.464,0.15,0,0
ZC007436,16.0,Female,USA,Tier 2,13,397,1,94.19,94.19,6,4.4,2,0.418,4,Men,Online,0.386,0.272,0,1
ZC007437,43.0,Female,UK,Tier 1,17,165,1,91.73,91.73,1,3.7,2,0.259,8,Men,Online,0.171,0.509,0,1
ZC007438,33.0,Female,Other,Tier 2,17,40,7,742.1,106.01,1,2.4,5,0.826,2,Home,Store,0.325,0.407,0,0
ZC007439,25.0,Female,France,Tier 1,2,18,1,100.58,100.58,4,4.7,6,0.508,5,Home,Online,0.154,0.192,0,0
ZC007440,44.0,Female,Italy,Tier 2,19,56,2,163.64,81.82,9,6.1,4,0.33,1,Home,Store,0.163,0.573,0,0
ZC007441,23.0,Male,USA,Tier 1,36,153,3,356.47,118.82,1,1.0,2,0.226,8,Kids,Mixed,0.363,0.163,0,0
ZC007442,28.0,Female,UK,Tier 2,5,40,2,110.05,55.02,4,3.4,0,0.406,5,Beauty,Store,0.237,0.255,0,0
ZC007443,37.0,Male,Other,Tier 2,18,8,1,56.38,56.38,5,1.7,4,0.726,2,Beauty,Store,0.08,0.388,0,0
ZC007444,21.0,Female,Other,Tier 2,19,90,4,115.74,28.94,1,5.4,2,0.163,8,Beauty,Store,0.346,0.228,0,1
ZC007445,31.0,Female,USA,Tier 1,16,43,1,76.65,76.65,4,4.9,1,0.467,1,Women,Online,0.384,0.168,0,0
ZC007446,43.0,Female,USA,Tier 1,59,22,4,293.04,73.26,5,4.8,2,0.554,4,Men,Mixed,0.531,0.31,0,0
ZC007447,34.0,Male,Spain,Tier 1,15,169,1,62.47,62.47,2,6.3,3,0.232,5,Beauty,Store,0.311,0.5,0,1
ZC007448,44.0,Female,Spain,Tier 2,11,23,2,160.71,80.36,6,16.3,4,0.086,2,Kids,Online,0.415,0.393,0,0
ZC007449,43.0,Female,Other,Tier 2,4,39,3,150.82,50.27,13,1.0,2,0.301,3,Home,Online,0.332,0.583,0,0
ZC007450,32.0,Male,UK,Tier 2,40,33,1,82.96,82.96,8,6.8,4,0.329,5,Women,Mixed,0.402,0.275,0,0
ZC007451,16.0,Female,USA,Tier 1,7,8,2,167.38,83.69,11,3.9,2,0.304,5,Women,Online,0.265,0.175,0,0
ZC007452,21.0,Female,Mexico,Tier 1,21,51,4,312.65,78.16,6,8.9,0,0.545,8,Women,Store,0.433,0.131,0,0
ZC007453,40.0,Female,Mexico,Tier 1,43,7,5,239.27,47.85,3,4.2,3,0.524,1,TRF,Mixed,0.191,0.474,0,0
ZC007454,16.0,Female,USA,Tier 2,24,17,2,109.8,54.9,6,29.4,4,0.511,2,Men,Mixed,0.291,0.372,0,0
ZC007455,29.0,Male,Other,Tier 1,4,22,1,50.92,50.92,8,3.3,2,0.475,4,Men,Mixed,0.349,0.209,0,0
ZC007456,35.0,Female,UK,Tier 3,28,12,3,293.5,97.83,7,1.0,2,0.221,2,Women,Online,0.425,0.027,0,0
ZC007457,47.0,Female,USA,Tier 1,10,85,1,141.27,141.27,1,12.4,10,0.595,3,Women,Mixed,0.417,0.17,0,0
ZC007458,26.0,Female,Other,Tier 2,26,68,1,82.23,82.23,2,10.4,2,0.151,8,TRF,Online,0.07,0.509,0,0
ZC007459,26.0,Male,USA,Tier 1,54,93,6,580.89,96.82,0,4.6,2,0.319,8,Beauty,Mixed,0.193,0.144,0,0
ZC007460,31.0,Female,Other,Tier 3,25,130,1,91.0,91.0,0,10.9,9,0.778,7,Women,Store,0.52,0.079,0,1
ZC007461,36.0,Female,Germany,Tier 2,17,135,1,42.29,42.29,2,12.5,4,0.302,6,Women,Mixed,0.452,0.126,0,0
ZC007462,30.0,Male,Other,Tier 1,1,147,2,189.43,94.72,2,5.2,9,0.159,3,Men,Online,0.384,0.487,0,1
ZC007463,42.0,Female,USA,Tier 1,9,61,1,92.4,92.4,1,2.3,4,0.461,2,Women,Mixed,0.237,0.321,0,0
ZC007464,24.0,Male,UK,Tier 3,7,57,1,91.28,91.28,4,4.0,1,0.321,7,Men,Store,0.353,0.629,0,0
ZC007465,33.0,Male,Other,Tier 2,24,93,1,57.53,57.53,2,1.8,3,0.401,5,Women,Online,0.198,0.403,0,1
ZC007466,36.0,Female,Other,Tier 1,41,163,3,261.1,87.03,0,1.5,2,0.464,8,Women,Online,0.455,0.193,0,0
ZC007467,28.0,Male,Other,Tier 2,23,56,2,174.67,87.34,5,3.0,2,0.111,2,Women,Online,0.281,0.31,0,0
ZC007468,40.0,Male,USA,Tier 1,19,46,5,433.35,86.67,5,2.3,6,0.283,5,Men,Online,0.315,0.451,0,0
ZC007469,33.0,Female,Germany,Tier 1,18,73,1,55.34,55.34,1,9.8,3,0.337,1,Women,Mixed,0.334,0.089,0,1
ZC007470,40.0,Female,UK,Tier 2,16,57,6,244.25,40.71,11,1.4,6,,1,Home,Mixed,0.385,0.205,0,0
ZC007471,34.0,Male,USA,Tier 3,38,6,8,804.33,100.54,4,10.5,3,0.212,1,Men,Store,0.025,0.571,0,1
ZC007472,36.0,Female,France,Tier 1,29,48,2,196.19,98.1,5,6.0,5,0.274,5,Women,Store,0.386,0.098,0,0
ZC007473,26.0,Female,Italy,Tier 1,46,63,4,213.56,53.39,5,1.0,3,0.507,1,TRF,Online,0.187,0.239,0,0
ZC007474,26.0,Female,France,Tier 1,43,84,4,385.64,96.41,2,1.7,8,0.262,7,Kids,Store,0.618,0.174,0,0
ZC007475,44.0,Male,USA,Tier 3,60,86,7,504.04,72.01,0,2.4,7,0.582,7,Men,Online,0.304,0.25,0,0
ZC007476,38.0,Male,Mexico,Tier 3,33,69,3,147.47,49.16,1,9.5,2,0.591,1,Men,Online,0.378,0.709,0,1
ZC007477,22.0,Male,Other,Tier 3,30,114,3,264.09,88.03,1,3.4,2,0.742,6,Women,Online,0.305,0.322,0,0
ZC007478,34.0,Female,USA,Tier 1,17,239,4,175.06,43.76,1,1.0,2,0.678,2,Women,Store,0.618,0.165,0,1
ZC007479,16.0,Male,Other,Tier 1,19,54,1,88.38,88.38,11,7.2,1,0.515,8,Men,Online,0.327,0.405,0,0
ZC007480,26.0,Female,Other,Tier 2,35,85,2,80.04,40.02,2,6.8,2,0.457,6,Women,Online,0.441,0.589,0,0
ZC007481,42.0,Female,USA,Tier 1,14,179,2,96.14,48.07,1,3.1,3,0.28,3,Women,Online,0.294,0.256,0,1
ZC007482,31.0,Male,Italy,Tier 1,39,54,2,120.69,60.34,8,5.5,5,0.333,4,Kids,Online,0.598,0.076,0,1
ZC007483,33.0,Female,Other,Tier 1,17,65,1,102.29,102.29,1,1.5,7,0.404,4,Men,Mixed,0.167,0.27,0,0
ZC007484,16.0,Female,Italy,Tier 2,20,6,2,75.1,37.55,10,7.8,1,0.656,1,Women,Store,0.445,0.232,0,0
ZC007485,28.0,Female,Spain,Tier 2,51,46,3,288.52,96.17,9,2.5,4,0.424,5,Women,Store,0.128,0.33,0,0
ZC007486,35.0,Female,Germany,Tier 2,30,76,2,233.52,116.76,0,14.0,3,0.263,1,Women,Mixed,0.579,0.506,0,1
ZC007487,37.0,Male,Mexico,Tier 1,20,72,2,166.13,83.06,2,4.9,5,0.596,2,Home,Store,0.285,0.295,0,0
ZC007488,42.0,Female,Germany,Tier 2,60,58,1,67.69,67.69,3,3.7,2,0.177,8,Women,Online,0.45,0.331,0,0
ZC007489,30.0,Male,Spain,Tier 1,12,40,1,66.66,66.66,8,6.8,6,0.7,3,Women,Online,0.582,0.383,0,0
ZC007490,30.0,Female,Spain,Tier 1,10,75,1,49.21,49.21,2,4.3,6,0.239,3,Women,Mixed,0.524,0.555,0,1
ZC007491,19.0,Female,Mexico,Tier 2,9,157,1,76.72,76.72,1,1.2,6,0.401,8,Women,Store,0.123,0.228,0,0
ZC007492,30.0,Male,France,Tier 2,22,42,3,283.55,94.52,6,9.7,1,,5,Women,Online,0.153,0.468,0,0
ZC007493,19.0,Female,Other,Tier 1,19,19,1,144.18,144.18,4,5.0,5,0.588,6,Kids,Online,0.412,0.316,0,0
ZC007494,16.0,Male,UK,Tier 2,25,149,3,354.64,118.21,0,4.5,4,0.166,5,Women,Store,0.224,0.291,0,0
ZC007495,21.0,Male,Other,Tier 2,4,80,2,161.48,80.74,1,1.5,2,0.488,2,Kids,Mixed,0.093,0.527,0,1
ZC007496,47.0,Female,Spain,Tier 2,4,16,1,63.38,63.38,10,7.3,3,0.459,2,Women,Mixed,0.19,0.1,0,0
ZC007497,29.0,Female,Other,Tier 3,10,103,3,281.16,93.72,0,7.2,2,0.567,1,Home,Mixed,0.149,0.559,0,1
ZC007498,34.0,Female,Other,Tier 2,22,116,6,446.31,74.39,2,11.4,1,0.469,4,Men,Online,0.575,0.211,0,1
ZC007499,27.0,Male,USA,Tier 2,14,13,2,186.75,93.38,9,6.1,3,0.814,5,Kids,Store,0.443,0.395,0,0
ZC007500,16.0,Female,USA,Tier 1,7,93,1,57.4,57.4,3,6.1,5,0.331,8,TRF,Online,0.413,0.37,0,0
ZC007501,41.0,Male,Other,Tier 1,9,133,3,139.6,46.53,0,10.0,3,0.192,8,Women,Online,0.12,0.519,0,0
ZC007502,16.0,Male,Mexico,Tier 2,31,24,1,93.52,93.52,8,3.3,6,0.705,8,Women,Online,0.113,0.404,0,0
ZC007503,26.0,Female,Germany,Tier 3,46,40,8,530.56,66.32,7,16.2,1,0.229,6,Men,Online,0.374,0.131,0,0
ZC007504,31.0,Male,UK,Tier 2,14,149,1,87.56,87.56,0,1.4,2,0.51,4,Women,Mixed,0.292,0.292,0,0
ZC007505,34.0,Female,Other,Tier 2,7,126,1,54.5,54.5,3,11.8,6,0.151,7,Women,Online,0.255,0.133,0,1
ZC007506,25.0,Female,Italy,Tier 2,23,49,1,94.66,94.66,4,1.7,2,0.449,5,Women,Mixed,0.09,0.416,0,0
ZC007507,16.0,Female,UK,Tier 2,56,95,6,255.93,42.66,2,2.9,8,0.426,1,Women,Mixed,0.484,0.285,0,0
ZC007508,24.0,Male,France,Tier 1,20,41,2,185.57,92.78,8,6.0,5,0.465,5,Women,Store,0.388,0.427,0,0
ZC007509,25.0,Female,Spain,Tier 1,22,152,1,86.51,86.51,3,2.1,3,0.382,2,Men,Store,0.235,0.139,0,0
ZC007510,,Male,Mexico,Tier 2,17,14,1,79.96,79.96,4,4.5,7,0.123,5,Kids,Mixed,0.414,0.291,0,0
ZC007511,42.0,Female,Other,Tier 1,26,13,1,82.03,82.03,5,5.5,2,0.33,5,TRF,Online,0.411,0.831,0,0
ZC007512,20.0,Female,USA,Tier 2,22,76,1,63.44,63.44,3,4.3,2,0.172,4,Men,Online,0.219,0.351,0,0
ZC007513,35.0,Male,USA,Tier 3,3,64,1,74.0,74.0,0,2.1,2,0.449,8,Women,Mixed,0.35,0.276,0,1
ZC007514,34.0,Male,USA,Tier 3,26,400,2,171.31,85.66,0,7.7,1,0.737,2,Home,Mixed,0.606,0.328,0,1
ZC007515,42.0,Female,USA,Tier 2,21,88,5,303.08,60.62,1,4.6,5,0.607,2,Home,Online,0.338,0.259,0,1
ZC007516,31.0,Female,Other,Tier 2,8,20,1,82.32,82.32,5,1.0,2,0.248,8,Men,Store,0.421,0.071,0,0
ZC007517,40.0,Female,Mexico,Tier 2,11,37,1,120.74,120.74,8,12.9,4,0.434,6,Women,Online,0.229,0.278,0,0
ZC007518,30.0,Female,UK,Tier 2,5,29,1,130.84,130.84,4,1.4,4,0.524,1,Women,Mixed,0.176,0.278,0,0
ZC007519,36.0,Male,Spain,Tier 1,29,26,1,108.65,108.65,5,2.7,3,0.815,6,Kids,Online,0.384,0.247,0,0
ZC007520,17.0,Female,Spain,Tier 3,34,77,6,503.69,83.95,2,2.0,4,0.187,2,Home,Mixed,0.098,0.625,0,0
ZC007521,16.0,Female,Italy,Tier 1,23,49,1,32.3,32.3,7,7.4,2,0.429,4,Kids,Online,0.151,0.199,0,0
ZC007522,36.0,Male,USA,Tier 2,14,40,2,139.5,69.75,6,3.0,3,0.845,3,Women,Online,0.38,0.251,1,0
ZC007523,36.0,Female,USA,Tier 1,19,191,1,57.75,57.75,5,4.5,2,0.159,3,Men,Mixed,0.358,0.156,0,1
ZC007524,37.0,Male,Other,Tier 1,23,68,3,145.47,48.49,1,2.4,6,0.618,5,Kids,Online,0.66,0.25,0,0
ZC007525,27.0,Female,Germany,Tier 1,22,144,6,694.25,115.71,1,3.3,5,0.45,5,Men,Online,0.208,0.32,0,1
ZC007526,47.0,Female,Mexico,Tier 2,30,316,1,41.74,41.74,1,1.4,5,0.339,7,Men,Mixed,0.177,0.471,0,1
ZC007527,27.0,Female,Spain,Tier 3,12,21,1,57.69,57.69,12,13.4,1,0.639,5,Kids,Store,0.184,0.249,0,0
ZC007528,36.0,Female,USA,Tier 1,21,162,2,86.91,43.46,0,2.2,2,0.38,1,TRF,Online,0.265,0.158,0,0
ZC007529,38.0,Male,Other,Tier 1,9,16,1,75.99,75.99,6,2.1,7,0.503,3,Women,Online,0.388,0.237,0,0
ZC007530,49.0,Female,Mexico,Tier 3,29,6,1,103.12,103.12,8,1.0,1,0.197,5,Beauty,Store,0.417,0.62,0,0
ZC007531,29.0,Female,Italy,Tier 1,10,20,3,137.61,45.87,7,1.9,5,0.514,4,Women,Online,0.063,0.581,0,0
ZC007532,25.0,Female,Germany,Tier 2,60,53,5,326.05,65.21,5,2.1,3,0.77,4,Women,Online,0.153,0.392,0,0
ZC007533,17.0,Female,USA,Tier 2,19,105,2,209.78,104.89,2,6.3,3,0.506,4,Women,Mixed,0.17,0.045,0,0
ZC007534,48.0,Female,Germany,Tier 2,14,28,1,103.01,103.01,3,1.0,4,0.319,3,Women,Online,0.413,0.511,0,0
ZC007535,36.0,Female,Spain,Tier 1,12,31,1,70.76,70.76,5,1.8,5,0.145,4,Men,Online,0.277,0.57,0,0
ZC007536,37.0,Female,USA,Tier 2,19,58,3,132.12,44.04,5,7.2,5,0.289,3,Home,Store,0.405,0.546,0,1
ZC007537,63.0,Male,France,Tier 3,52,48,5,382.15,76.43,6,5.2,2,0.194,2,Home,Mixed,0.309,0.022,0,0
ZC007538,35.0,Female,Spain,Tier 1,8,210,1,70.81,70.81,0,8.4,3,0.897,3,Women,Online,0.449,0.121,0,1
ZC007539,19.0,Female,USA,Tier 2,29,84,2,121.76,60.88,1,2.2,4,0.451,1,Kids,Store,0.431,0.423,0,1
ZC007540,30.0,Female,USA,Tier 1,10,51,3,141.91,47.3,10,1.0,6,0.582,4,Women,Online,0.194,0.214,0,0
ZC007541,22.0,Male,USA,Tier 3,7,167,4,356.02,89.0,0,1.0,3,0.418,2,Men,Store,0.359,0.251,0,0
ZC007542,28.0,Female,Other,Tier 1,25,50,5,330.66,66.13,8,5.2,5,0.251,7,Women,Online,0.3,0.281,0,0
ZC007543,28.0,Female,Other,Tier 1,14,165,4,130.38,32.6,1,2.6,2,0.468,4,Women,Mixed,0.301,0.094,0,1
ZC007544,26.0,Female,USA,Tier 1,18,129,2,178.41,89.2,1,7.9,5,,7,Home,Mixed,0.152,0.371,0,1
ZC007545,18.0,Female,USA,Tier 3,24,116,4,508.7,127.18,4,9.9,4,0.451,7,Women,Store,0.279,0.408,0,1
ZC007546,48.0,Female,Other,Tier 2,52,21,5,480.74,96.15,7,3.8,8,,3,TRF,Store,0.57,0.255,0,0
ZC007547,35.0,Female,USA,Tier 1,28,52,1,48.88,48.88,4,3.3,3,0.816,1,Men,Online,0.55,0.254,0,0
ZC007548,30.0,Male,Italy,Tier 1,14,67,1,112.29,112.29,3,6.6,4,0.518,3,Men,Mixed,0.243,0.355,0,0
ZC007549,40.0,Female,Spain,Tier 3,31,43,2,151.22,75.61,5,8.5,3,0.678,1,Women,Online,0.268,0.175,0,0
ZC007550,37.0,Male,Germany,Tier 1,6,59,2,169.09,84.54,5,13.9,3,0.782,6,Women,Store,0.268,0.219,0,0
ZC007551,35.0,Female,USA,Tier 2,16,80,3,215.75,71.92,0,3.7,2,0.462,6,Men,Online,0.43,0.24,0,0
ZC007552,39.0,Female,Italy,Tier 2,13,6,1,67.35,67.35,3,5.5,3,0.483,5,Women,Mixed,0.341,0.285,0,0
ZC007553,33.0,Female,France,Tier 2,60,60,4,398.6,99.65,2,4.9,2,0.264,2,TRF,Store,0.354,0.266,0,0
ZC007554,39.0,Female,USA,Tier 2,10,157,1,64.01,64.01,1,6.6,3,0.248,5,Men,Online,0.545,0.499,0,1
ZC007555,40.0,Male,UK,Tier 2,28,172,2,122.76,61.38,2,6.3,1,0.451,4,Home,Store,0.582,0.529,0,1
ZC007556,34.0,Female,France,Tier 1,12,7,1,81.77,81.77,6,10.9,1,0.456,4,Home,Store,0.36,0.293,0,0
ZC007557,30.0,Male,Other,Tier 1,9,175,1,109.67,109.67,0,4.5,4,0.37,7,Men,Mixed,0.431,0.18,0,0
ZC007558,47.0,Female,France,Tier 1,11,19,1,50.51,50.51,5,4.9,3,0.534,6,Kids,Online,0.472,0.054,0,0
ZC007559,27.0,Female,USA,Tier 1,20,109,1,94.49,94.49,1,6.3,3,0.23,8,Women,Online,0.63,0.653,0,1
ZC007560,36.0,Female,France,Tier 2,18,77,1,86.11,86.11,1,1.4,3,0.291,2,Women,Online,0.318,0.257,0,1
ZC007561,36.0,Male,USA,Tier 2,14,261,1,94.57,94.57,3,3.7,3,0.155,8,Women,Mixed,0.579,0.37,0,1
ZC007562,26.0,Female,Other,Tier 3,35,12,4,348.58,87.14,2,4.5,3,0.248,2,Men,Store,0.293,0.435,0,0
ZC007563,24.0,Male,Other,Tier 3,15,400,1,58.92,58.92,0,7.4,3,0.648,8,Home,Mixed,0.546,0.209,0,1
ZC007564,28.0,Female,Spain,Tier 1,33,118,1,54.15,54.15,0,5.1,1,0.26,3,Home,Store,0.564,0.146,0,1
ZC007565,27.0,Female,Germany,Tier 2,18,84,1,42.0,42.0,0,1.0,2,0.302,5,Women,Online,0.405,0.537,0,0
ZC007566,17.0,Male,Italy,Tier 2,8,28,1,74.17,74.17,5,2.3,3,0.602,2,Women,Online,0.535,0.099,0,0
ZC007567,25.0,Female,USA,Tier 3,20,28,3,284.65,94.88,2,2.9,6,0.362,1,Beauty,Online,0.271,0.485,0,1
ZC007568,35.0,Male,Germany,Tier 1,20,165,1,62.55,62.55,0,8.1,3,0.586,1,Home,Store,0.369,0.276,1,1
ZC007569,45.0,Female,UK,Tier 2,60,83,3,292.25,97.42,4,7.4,0,0.288,6,Beauty,Mixed,0.181,0.375,0,0
ZC007570,38.0,Male,France,Tier 1,43,7,1,75.46,75.46,7,1.0,8,0.184,7,Men,Mixed,0.501,0.035,0,1
ZC007571,16.0,Female,France,Tier 1,48,55,1,87.67,87.67,11,3.8,2,0.437,7,Beauty,Store,0.58,0.155,0,0
ZC007572,,Male,France,Tier 2,17,179,1,84.93,84.93,1,3.8,3,0.621,7,Men,Online,0.369,0.622,0,1
ZC007573,26.0,Female,Italy,Tier 1,12,10,1,77.89,77.89,5,6.6,1,0.465,1,Men,Online,0.354,0.097,0,0
ZC007574,37.0,Male,UK,Tier 1,16,106,2,95.65,47.82,2,4.9,2,0.389,8,Home,Store,0.319,0.37,0,0
ZC007575,32.0,Female,Italy,Tier 2,15,97,2,217.59,108.8,3,7.3,3,0.298,5,Men,Mixed,0.362,0.472,1,1
ZC007576,30.0,Male,France,Tier 1,33,149,1,96.74,96.74,1,1.8,2,0.088,2,Beauty,Store,0.078,0.261,0,0
ZC007577,31.0,Male,Germany,Tier 1,12,66,1,52.13,52.13,3,6.3,2,0.718,1,Women,Store,0.394,0.204,0,0
ZC007578,32.0,Male,USA,Tier 2,31,29,2,128.1,64.05,11,5.6,5,0.766,4,Women,Store,0.357,0.144,0,0
ZC007579,45.0,Female,France,Tier 2,37,142,1,72.5,72.5,2,9.0,3,0.596,3,Kids,Mixed,0.31,0.261,0,0
ZC007580,32.0,Female,UK,Tier 2,26,63,2,93.13,46.56,1,1.0,4,0.531,6,Kids,Mixed,0.145,0.335,0,0
ZC007581,43.0,Male,USA,Tier 3,7,26,3,270.35,90.12,8,4.5,3,0.525,6,Women,Online,0.699,0.358,0,0
ZC007582,41.0,Female,Spain,Tier 1,25,74,2,97.19,48.6,1,10.2,5,0.334,8,Women,Mixed,0.187,0.262,0,0
ZC007583,39.0,Female,France,Tier 1,6,188,1,115.87,115.87,2,8.0,3,0.386,4,Women,Store,0.228,0.549,0,0
ZC007584,16.0,Female,Spain,Tier 1,19,48,2,183.43,91.72,4,8.6,3,0.552,5,Men,Store,0.137,0.435,0,0
ZC007585,43.0,Female,UK,Tier 1,16,69,1,61.23,61.23,1,4.5,2,0.154,1,Women,Online,0.293,0.386,0,0
ZC007586,27.0,Female,UK,Tier 1,27,124,3,165.49,55.16,2,14.5,6,0.482,8,Kids,Store,0.486,0.052,0,0
ZC007587,39.0,Female,Germany,Tier 3,13,38,6,548.39,91.4,7,5.4,3,0.53,3,TRF,Online,0.21,0.448,0,0
ZC007588,22.0,Female,Other,Tier 1,12,35,1,47.59,47.59,7,5.7,1,0.256,4,Men,Online,0.498,0.306,0,1
ZC007589,20.0,Female,Other,Tier 1,14,34,1,75.67,75.67,4,14.5,4,0.387,5,Women,Mixed,0.271,0.302,0,0
ZC007590,52.0,Male,Other,Tier 3,14,43,2,156.15,78.08,8,5.6,3,0.563,8,Kids,Online,0.324,0.198,0,0
ZC007591,22.0,Female,Other,Tier 2,6,111,2,185.85,92.92,2,2.6,5,0.077,3,Men,Online,0.449,0.416,0,0
ZC007592,43.0,Male,Spain,Tier 2,38,39,7,619.91,88.56,6,9.3,4,0.441,1,Women,Store,0.165,0.386,0,0
ZC007593,33.0,Female,USA,Tier 1,15,39,1,108.45,108.45,6,2.7,2,0.467,1,Women,Online,0.434,0.426,0,0
ZC007594,28.0,Female,USA,Tier 1,31,16,1,87.18,87.18,5,6.5,3,0.642,8,Women,Mixed,0.065,0.45,0,0
ZC007595,32.0,Female,Spain,Tier 2,24,26,1,84.86,84.86,5,8.3,2,0.429,4,Kids,Store,0.26,0.389,0,0
ZC007596,19.0,Female,Other,Tier 1,16,84,1,86.01,86.01,2,2.0,5,0.414,3,Men,Online,0.259,0.636,0,0
ZC007597,32.0,Male,Other,Tier 1,13,86,1,62.89,62.89,2,2.9,5,0.336,4,Men,Store,0.32,0.54,0,0
ZC007598,21.0,Female,Germany,Tier 3,5,57,1,29.53,29.53,10,1.0,6,0.16,1,Women,Mixed,0.374,0.404,0,0
ZC007599,28.0,Female,Other,Tier 1,11,59,1,81.9,81.9,8,1.0,5,,1,Women,Store,0.275,0.34,1,0
ZC007600,41.0,Female,Italy,Tier 1,7,22,1,51.35,51.35,6,6.7,5,0.406,2,Women,Mixed,0.085,0.194,0,0
ZC007601,35.0,Female,UK,Tier 1,8,107,1,80.38,80.38,0,2.9,9,0.455,3,TRF,Store,0.566,0.478,0,1
ZC007602,17.0,Male,Spain,Tier 3,30,47,2,49.1,24.55,6,2.3,2,0.363,1,Kids,Store,0.289,0.564,1,0
ZC007603,41.0,Female,Other,Tier 1,13,81,1,49.69,49.69,0,6.4,3,0.171,1,Women,Store,0.361,0.337,0,0
ZC007604,32.0,Female,Italy,Tier 1,10,164,1,52.23,52.23,2,2.5,0,0.192,6,TRF,Store,0.411,0.52,0,1
ZC007605,27.0,Female,USA,Tier 2,13,103,3,400.52,133.51,1,3.8,4,0.194,6,Men,Online,0.268,0.246,0,0
ZC007606,39.0,Male,Spain,Tier 1,7,75,2,126.36,63.18,1,6.5,2,0.791,6,Home,Online,0.52,0.361,0,0
ZC007607,30.0,Female,Mexico,Tier 2,8,61,1,63.21,63.21,3,2.0,3,0.106,6,Women,Online,0.2,0.335,0,0
ZC007608,20.0,Female,Mexico,Tier 1,33,37,5,347.29,69.46,5,3.2,1,0.706,4,Men,Mixed,0.209,0.246,0,0
ZC007609,50.0,Male,France,Tier 2,45,37,6,574.39,95.73,8,2.3,3,0.61,2,TRF,Store,0.466,0.105,0,0
ZC007610,32.0,Female,Other,Tier 1,18,30,4,229.95,57.49,5,5.7,4,0.193,5,Women,Store,0.264,0.36,0,0
ZC007611,31.0,Male,UK,Tier 1,4,147,3,99.17,33.06,1,5.5,2,0.373,8,TRF,Online,0.307,0.472,0,0
ZC007612,28.0,Female,Other,Tier 1,43,23,3,113.52,37.84,8,1.0,5,0.766,7,Women,Store,0.15,0.128,0,0
ZC007613,44.0,Male,Germany,Tier 3,57,42,7,490.46,70.07,5,5.7,2,0.784,5,Women,Online,0.143,0.34,0,0
ZC007614,27.0,Female,Italy,Tier 1,22,64,1,117.09,117.09,3,8.7,5,0.859,3,Women,Mixed,0.302,0.215,0,0
ZC007615,17.0,Female,Other,Tier 2,11,242,3,157.69,52.56,2,3.1,5,0.733,7,Men,Online,0.116,0.298,0,1
ZC007616,25.0,Female,Other,Tier 2,31,15,2,187.26,93.63,8,1.2,6,,7,Women,Mixed,0.381,0.563,0,0
ZC007617,45.0,Female,USA,Tier 2,17,16,1,61.54,61.54,5,9.1,3,0.269,1,Men,Online,0.215,0.617,0,0
ZC007618,40.0,Female,Other,Tier 2,29,142,1,74.34,74.34,2,7.0,5,0.365,3,Home,Mixed,0.201,0.12,0,1
ZC007619,29.0,Female,France,Tier 1,5,93,1,49.28,49.28,1,8.8,5,0.651,2,Women,Online,0.387,0.123,0,1
ZC007620,46.0,Female,Spain,Tier 2,13,75,2,188.69,94.34,2,1.8,2,0.261,6,Home,Mixed,0.25,0.266,0,0
ZC007621,39.0,Male,Italy,Tier 1,6,118,2,165.88,82.94,2,1.0,2,0.508,8,Women,Online,0.094,0.218,0,0
ZC007622,29.0,Female,France,Tier 3,9,24,1,41.58,41.58,5,8.1,5,,1,Home,Online,0.215,0.371,0,0
ZC007623,30.0,Male,France,Tier 3,4,119,3,163.31,54.44,3,3.7,4,0.31,3,Beauty,Store,0.628,0.188,0,1
ZC007624,35.0,Female,UK,Tier 1,9,93,3,194.2,64.73,1,4.0,1,0.496,7,Men,Online,0.211,0.491,0,1
ZC007625,24.0,Female,Spain,Tier 3,38,42,4,396.11,99.03,6,6.7,3,0.342,5,TRF,Mixed,0.62,0.308,0,1
ZC007626,32.0,Male,USA,Tier 1,10,62,3,414.99,138.33,2,1.5,0,0.385,4,Home,Online,0.135,0.412,0,1
ZC007627,35.0,Male,Mexico,Tier 2,4,23,1,54.88,54.88,4,3.4,0,0.12,5,Men,Mixed,0.196,0.541,1,0
ZC007628,16.0,Male,USA,Tier 2,9,112,1,17.4,17.4,2,2.2,4,0.743,3,Men,Mixed,0.325,0.487,0,0
ZC007629,30.0,Female,Germany,Tier 1,5,16,1,74.45,74.45,7,1.5,2,0.428,5,Women,Online,0.266,0.046,0,0
ZC007630,29.0,Female,France,Tier 1,18,18,4,364.85,91.21,5,6.3,5,0.602,5,Beauty,Online,0.354,0.63,0,0
ZC007631,42.0,Male,USA,Tier 2,10,39,3,232.03,77.34,11,1.1,4,0.622,2,Women,Store,0.491,0.404,0,0
ZC007632,16.0,Female,USA,Tier 1,15,3,1,66.13,66.13,5,6.0,1,,4,Women,Store,0.468,0.277,0,0
ZC007633,28.0,Female,UK,Tier 1,11,65,1,53.91,53.91,1,3.5,5,0.224,1,Men,Store,0.25,0.028,0,1
ZC007634,27.0,Female,Other,Tier 2,15,79,1,83.5,83.5,0,5.7,4,0.381,4,Men,Store,0.29,0.204,0,0
ZC007635,42.0,Male,Other,Tier 1,4,163,1,88.98,88.98,1,10.8,5,0.178,1,Women,Online,0.12,0.132,0,1
ZC007636,32.0,Male,UK,Tier 1,9,48,1,87.06,87.06,9,5.6,2,0.431,1,Kids,Mixed,0.226,0.68,0,0
ZC007637,50.0,Male,Spain,Tier 3,25,71,3,212.04,70.68,0,2.3,0,0.48,3,Women,Online,0.295,0.265,0,0
ZC007638,39.0,Male,Germany,Tier 2,27,61,1,90.14,90.14,1,1.8,6,0.652,6,Home,Online,0.117,0.633,1,0
ZC007639,28.0,Female,UK,Tier 2,15,132,1,76.84,76.84,0,2.6,4,0.333,7,Women,Store,0.232,0.148,0,0
ZC007640,,Female,France,Tier 1,16,226,4,317.19,79.3,3,6.8,4,0.608,2,Men,Mixed,0.369,0.409,0,1
ZC007641,28.0,Female,UK,Tier 3,3,73,2,225.36,112.68,0,12.9,3,0.396,1,Men,Online,0.366,0.136,0,1
ZC007642,41.0,Female,Germany,Tier 1,22,47,3,233.85,77.95,9,2.1,1,0.334,6,Home,Online,0.071,0.58,0,0
ZC007643,19.0,Female,USA,Tier 1,37,76,3,293.37,97.79,2,6.4,3,0.482,1,Women,Store,0.248,0.194,0,0
ZC007644,24.0,Male,Other,Tier 1,5,60,3,187.55,62.52,2,4.9,8,0.129,4,Men,Online,0.523,0.046,0,1
ZC007645,37.0,Female,UK,Tier 2,29,17,3,141.06,47.02,4,4.0,2,0.603,6,Women,Online,0.17,0.445,0,0
ZC007646,44.0,Female,USA,Tier 1,5,38,1,82.59,82.59,7,2.8,5,0.251,5,Women,Online,0.374,0.405,0,0
ZC007647,16.0,Female,Other,Tier 1,18,90,3,102.68,34.23,3,3.5,3,0.417,8,Home,Mixed,0.298,0.072,0,0
ZC007648,46.0,Female,USA,Tier 1,4,123,1,89.91,89.91,1,2.8,5,0.66,8,Home,Mixed,0.21,0.143,1,1
ZC007649,31.0,Female,Spain,Tier 2,5,261,2,180.02,90.01,0,3.6,5,0.391,8,Men,Online,0.367,0.209,0,0
ZC007650,16.0,Female,USA,Tier 1,8,11,2,265.25,132.62,8,8.9,1,0.44,2,Men,Store,0.276,0.48,0,0
ZC007651,16.0,Female,Italy,Tier 2,7,90,1,110.9,110.9,1,1.0,0,0.402,5,Kids,Store,0.053,0.222,0,0
ZC007652,17.0,Female,France,Tier 1,35,203,3,376.47,125.49,2,1.4,2,0.601,7,Kids,Online,0.158,0.306,0,1
ZC007653,32.0,Male,France,Tier 1,19,55,5,419.67,83.93,3,2.1,4,0.65,4,TRF,Store,0.692,0.069,0,0
ZC007654,31.0,Male,Spain,Tier 1,8,107,3,355.12,118.37,0,14.3,2,0.631,6,Women,Store,0.646,0.431,0,0
ZC007655,38.0,Male,USA,Tier 3,25,7,5,401.13,80.23,10,8.8,3,0.312,8,Women,Mixed,0.355,0.105,0,0
ZC007656,27.0,Female,UK,Tier 2,28,83,3,340.05,113.35,2,2.8,5,0.386,5,Women,Store,0.338,0.038,0,0
ZC007657,21.0,Female,UK,Tier 1,22,168,4,129.46,32.36,1,4.9,1,0.683,3,Beauty,Online,0.287,0.229,0,1
ZC007658,28.0,Female,UK,Tier 1,20,139,2,119.41,59.7,2,5.6,3,0.037,4,Women,Online,0.536,0.364,0,1
ZC007659,32.0,Male,France,Tier 1,21,71,1,65.38,65.38,0,1.0,4,0.565,7,Kids,Store,0.644,0.423,0,0
ZC007660,34.0,Female,Italy,Tier 1,7,26,2,206.9,103.45,7,1.4,3,0.296,1,Kids,Store,0.35,0.329,0,0
ZC007661,24.0,Female,Germany,Tier 2,18,98,1,85.96,85.96,2,3.6,4,0.251,3,Men,Mixed,0.163,0.516,0,0
ZC007662,41.0,Male,Germany,Tier 1,35,81,5,287.07,57.41,1,5.9,1,0.74,2,Kids,Mixed,0.591,0.186,0,0
ZC007663,26.0,Male,France,Tier 3,49,160,2,93.77,46.88,0,4.0,3,0.517,4,Men,Mixed,0.345,0.306,0,0
ZC007664,23.0,Female,USA,Tier 1,16,26,1,86.01,86.01,9,5.1,5,0.482,7,Women,Mixed,0.384,0.283,0,0
ZC007665,27.0,Male,Germany,Tier 1,10,87,1,62.89,62.89,3,8.8,4,0.52,6,Men,Mixed,0.283,0.415,0,0
ZC007666,43.0,Female,USA,Tier 1,8,108,5,325.67,65.13,3,2.6,6,0.776,5,Men,Online,0.278,0.042,0,0
ZC007667,31.0,Female,Italy,Tier 1,33,7,1,73.98,73.98,8,2.2,4,0.061,5,Women,Mixed,0.384,0.435,0,0
ZC007668,,Female,UK,Tier 2,8,39,1,63.15,63.15,6,4.1,7,0.765,6,Women,Online,0.141,0.155,0,0
ZC007669,41.0,Male,Germany,Tier 1,14,104,1,87.05,87.05,1,3.7,2,0.539,1,Women,Store,0.259,0.206,0,0
ZC007670,53.0,Female,Other,Tier 2,14,31,5,558.16,111.63,2,5.3,1,,3,TRF,Online,0.348,0.473,0,0
ZC007671,34.0,Male,UK,Tier 1,27,165,1,62.09,62.09,1,13.7,3,0.481,1,Women,Online,0.528,0.186,0,1
ZC007672,44.0,Female,Spain,Tier 1,21,176,5,358.31,71.66,0,8.6,2,0.465,7,Men,Mixed,0.154,0.039,0,0
ZC007673,42.0,Female,Other,Tier 1,57,52,2,194.99,97.5,3,11.9,3,0.149,5,Men,Store,0.166,0.05,0,0
ZC007674,26.0,Female,USA,Tier 1,21,4,1,87.38,87.38,4,3.2,8,0.249,2,Kids,Online,0.259,0.639,0,0
ZC007675,32.0,Male,UK,Tier 1,34,54,4,388.68,97.17,3,2.1,2,0.2,6,Women,Mixed,0.444,0.075,0,0
ZC007676,19.0,Male,USA,Tier 1,12,42,1,97.39,97.39,6,1.7,2,0.187,4,Men,Online,0.378,0.125,0,0
ZC007677,30.0,Male,UK,Tier 3,21,231,3,203.45,67.82,1,7.2,3,0.171,7,Men,Store,0.261,0.241,0,1
ZC007678,26.0,Male,France,Tier 2,35,32,1,89.44,89.44,7,12.1,3,0.451,3,Women,Online,0.33,0.631,0,0
ZC007679,28.0,Female,Other,Tier 1,32,46,7,234.86,33.55,7,3.9,4,0.388,4,Men,Online,0.21,0.574,0,0
ZC007680,,Male,Italy,Tier 2,6,49,4,262.49,65.62,10,8.9,4,0.397,4,Home,Store,0.564,0.369,0,0
ZC007681,29.0,Female,France,Tier 1,7,50,3,294.92,98.31,6,6.7,2,0.68,6,Women,Store,0.221,0.19,0,0
ZC007682,37.0,Female,Mexico,Tier 2,22,20,6,532.43,88.74,6,2.2,3,0.787,7,Kids,Online,0.185,0.577,0,0
ZC007683,31.0,Female,Other,Tier 3,14,7,1,74.54,74.54,2,5.8,5,0.676,1,Women,Online,0.155,0.545,0,0
ZC007684,16.0,Female,Spain,Tier 1,17,34,3,142.01,47.34,3,8.4,1,0.509,1,Men,Store,0.164,0.66,0,0
ZC007685,25.0,Female,Germany,Tier 3,14,77,1,84.53,84.53,0,1.0,5,0.073,4,Women,Store,0.433,0.341,0,0
ZC007686,17.0,Female,Spain,Tier 1,31,138,4,127.9,31.98,1,10.0,2,0.461,2,Men,Online,0.124,0.187,0,0
ZC007687,34.0,Female,USA,Tier 1,19,46,2,187.78,93.89,8,4.5,2,0.516,2,Kids,Store,0.602,0.227,0,0
ZC007688,37.0,Male,Mexico,Tier 2,15,55,1,86.05,86.05,8,12.0,4,0.493,5,Women,Online,0.554,0.494,0,0
ZC007689,35.0,Male,Mexico,Tier 2,60,29,5,328.79,65.76,4,2.3,1,0.333,4,Women,Store,0.13,0.308,0,0
ZC007690,24.0,Female,Other,Tier 1,35,88,3,323.11,107.7,2,3.0,4,0.342,5,Women,Online,0.345,0.289,0,0
ZC007691,34.0,Male,France,Tier 1,40,78,3,302.03,100.68,1,3.8,4,0.773,5,Kids,Mixed,0.469,0.443,0,0
ZC007692,27.0,Female,Spain,Tier 1,7,164,4,348.41,87.1,0,1.8,1,0.514,5,Men,Store,0.347,0.019,0,0
ZC007693,21.0,Female,Spain,Tier 1,60,74,3,372.76,124.25,1,1.4,1,0.584,3,Women,Online,0.484,0.264,0,0
ZC007694,39.0,Male,USA,Tier 1,60,121,3,197.82,65.94,1,1.5,4,0.46,6,Women,Store,0.273,0.068,0,0
ZC007695,40.0,Female,UK,Tier 1,30,50,1,63.19,63.19,10,7.5,2,0.504,5,Women,Store,0.182,0.218,0,0
ZC007696,41.0,Male,France,Tier 3,19,13,3,242.81,80.94,10,9.7,5,,6,TRF,Mixed,0.197,0.745,0,0
ZC007697,26.0,Female,Germany,Tier 2,10,40,2,254.9,127.45,7,10.2,0,0.428,7,Men,Online,0.402,0.092,0,0
ZC007698,44.0,Female,USA,Tier 3,32,267,4,150.39,37.6,1,2.8,4,0.523,1,Women,Store,0.423,0.192,1,1
ZC007699,27.0,Female,USA,Tier 1,58,134,5,291.54,58.31,3,7.8,7,0.41,1,Kids,Store,0.508,0.054,0,1
ZC007700,39.0,Male,USA,Tier 1,20,71,1,55.87,55.87,0,2.8,2,0.219,3,Women,Store,0.333,0.157,0,0
ZC007701,,Female,Mexico,Tier 1,7,57,1,78.29,78.29,8,1.2,6,0.804,8,Kids,Online,0.403,0.519,0,0
ZC007702,30.0,Female,USA,Tier 2,18,27,3,181.93,60.64,5,4.9,3,0.097,8,Men,Online,0.237,0.324,0,0
ZC007703,16.0,Female,USA,Tier 2,12,72,1,84.3,84.3,1,6.5,1,0.594,8,Women,Mixed,0.465,0.107,0,0
ZC007704,29.0,Female,UK,Tier 1,8,169,1,121.49,121.49,4,6.0,3,0.455,3,Women,Store,0.178,0.277,0,1
ZC007705,33.0,Female,USA,Tier 2,4,62,2,103.63,51.82,0,4.8,0,0.893,8,Women,Store,0.452,0.336,0,0
ZC007706,28.0,Male,USA,Tier 1,54,170,4,226.12,56.53,2,6.6,6,0.428,7,Women,Mixed,0.214,0.557,0,0
ZC007707,50.0,Female,Other,Tier 1,42,321,4,293.05,73.26,0,4.5,6,0.746,5,Home,Store,0.299,0.167,0,1
ZC007708,20.0,Female,USA,Tier 1,14,35,1,84.84,84.84,7,4.1,7,0.493,3,Men,Mixed,0.395,0.229,0,0
ZC007709,26.0,Female,USA,Tier 1,2,36,1,84.96,84.96,2,4.2,7,0.414,3,Women,Store,0.53,0.04,0,0
ZC007710,23.0,Female,USA,Tier 1,24,22,1,93.92,93.92,2,5.7,5,0.793,3,Men,Store,0.326,0.336,0,0
ZC007711,26.0,Male,Spain,Tier 3,45,38,7,735.39,105.06,4,11.1,2,0.656,5,Home,Online,0.365,0.308,0,0
ZC007712,42.0,Male,Other,Tier 2,58,34,4,224.45,56.11,6,13.9,6,0.319,8,Women,Online,0.5,0.22,0,0
ZC007713,47.0,Female,Italy,Tier 1,24,39,1,85.08,85.08,10,3.5,2,0.344,2,Kids,Online,0.387,0.403,0,0
ZC007714,25.0,Female,UK,Tier 1,10,8,1,30.78,30.78,4,5.9,4,0.224,1,Beauty,Online,0.522,0.093,0,1
ZC007715,25.0,Female,France,Tier 1,22,45,2,203.58,101.79,6,1.0,3,0.482,7,Men,Online,0.23,0.259,0,0
ZC007716,20.0,Male,USA,Tier 3,16,169,4,498.96,124.74,0,1.9,3,0.438,8,Kids,Online,0.55,0.076,0,1
ZC007717,45.0,Male,UK,Tier 2,14,89,1,70.21,70.21,0,3.4,8,0.661,3,Men,Online,0.477,0.425,0,0
ZC007718,43.0,Male,USA,Tier 1,39,43,2,121.26,60.63,3,1.3,1,0.781,1,Women,Online,0.197,0.196,0,0
ZC007719,31.0,Female,Other,Tier 3,25,94,2,133.05,66.53,4,1.0,2,0.167,2,Women,Store,0.579,0.701,0,1
ZC007720,18.0,Female,Italy,Tier 1,6,109,6,632.87,105.48,2,6.8,4,0.711,3,Men,Store,0.375,0.225,0,1
ZC007721,19.0,Male,USA,Tier 3,39,43,4,331.38,82.84,6,4.4,4,0.437,5,Kids,Mixed,0.369,0.136,0,0
ZC007722,34.0,Female,Mexico,Tier 1,54,103,4,285.29,71.32,1,5.0,6,0.359,5,Kids,Store,0.283,0.29,0,1
ZC007723,37.0,Male,Spain,Tier 2,9,1,3,137.82,45.94,10,8.8,5,0.53,2,Home,Online,0.572,0.263,0,0
ZC007724,16.0,Male,USA,Tier 3,24,207,1,76.06,76.06,0,1.0,5,0.296,8,Home,Store,0.423,0.33,0,1
ZC007725,29.0,Male,Spain,Tier 1,15,76,1,49.97,49.97,5,10.8,5,0.416,6,Beauty,Store,0.565,0.086,0,1
ZC007726,48.0,Female,USA,Tier 1,4,119,1,78.34,78.34,2,1.5,2,0.434,3,Men,Store,0.308,0.272,0,1
ZC007727,30.0,Female,USA,Tier 1,22,126,1,81.88,81.88,0,8.1,2,0.762,8,Men,Store,0.598,0.24,0,1
ZC007728,47.0,Male,Other,Tier 1,31,400,5,296.99,59.4,2,6.3,5,0.684,4,Women,Mixed,0.34,0.699,0,1
ZC007729,38.0,Female,USA,Tier 1,22,328,1,72.33,72.33,1,2.6,6,0.302,5,Men,Store,0.019,0.113,0,0
ZC007730,21.0,Male,USA,Tier 1,43,45,4,438.53,109.63,7,1.7,5,,1,Women,Online,0.518,0.15,0,0
ZC007731,29.0,Female,Spain,Tier 1,21,92,1,67.72,67.72,0,9.4,1,0.492,6,Home,Online,0.377,0.236,0,1
ZC007732,31.0,Male,Spain,Tier 1,4,143,1,106.04,106.04,1,5.5,3,0.427,8,Women,Online,0.286,0.196,0,1
ZC007733,22.0,Male,USA,Tier 3,11,105,5,392.62,78.52,2,7.0,4,0.398,7,Kids,Mixed,0.178,0.183,0,0
ZC007734,22.0,Female,Spain,Tier 1,36,14,2,178.9,89.45,5,4.8,3,0.471,2,Women,Store,0.26,0.513,0,1
ZC007735,47.0,Female,USA,Tier 1,1,66,1,85.17,85.17,3,1.0,2,0.739,6,Women,Store,0.286,0.339,0,0
ZC007736,22.0,Female,USA,Tier 1,11,200,1,29.95,29.95,0,7.5,2,0.566,2,Women,Mixed,0.118,0.267,0,1
ZC007737,43.0,Male,USA,Tier 3,21,44,1,85.93,85.93,10,2.4,2,0.141,1,Kids,Online,0.155,0.242,0,0
ZC007738,28.0,Female,Germany,Tier 1,36,61,1,93.25,93.25,2,5.6,9,0.54,8,Women,Online,0.463,0.358,0,0
ZC007739,32.0,Female,Other,Tier 1,47,41,7,557.64,79.66,5,5.6,5,0.476,8,Women,Online,0.252,0.231,0,0
ZC007740,38.0,Male,Spain,Tier 1,15,89,1,48.5,48.5,1,8.3,3,0.605,4,Women,Online,0.299,0.244,1,0
ZC007741,26.0,Male,Italy,Tier 1,18,108,1,100.16,100.16,3,3.6,3,0.526,5,Men,Online,0.428,0.432,0,0
ZC007742,38.0,Male,Germany,Tier 3,12,16,1,52.28,52.28,6,7.4,2,0.642,3,Men,Store,0.445,0.411,0,0
ZC007743,16.0,Female,Germany,Tier 1,19,87,3,271.55,90.52,1,11.9,3,0.309,7,Kids,Store,0.451,0.338,0,0
ZC007744,36.0,Male,Italy,Tier 1,7,22,1,95.93,95.93,5,7.5,7,0.634,7,Women,Online,0.347,0.344,0,0
ZC007745,16.0,Male,France,Tier 1,25,12,4,315.9,78.97,3,2.4,5,0.462,5,Women,Online,0.35,0.409,0,0
ZC007746,30.0,Female,Other,Tier 1,1,157,1,73.99,73.99,2,15.2,2,0.608,5,Women,Store,0.518,0.304,0,1
ZC007747,41.0,Male,USA,Tier 1,24,120,1,77.42,77.42,1,1.5,1,0.448,3,Men,Online,0.444,0.402,0,1
ZC007748,38.0,Female,UK,Tier 1,16,35,1,96.34,96.34,11,14.8,6,0.195,5,Kids,Mixed,0.48,0.373,0,0
ZC007749,19.0,Male,Germany,Tier 2,37,149,3,290.05,96.68,2,2.8,5,0.44,1,Women,Store,0.357,0.176,0,1
ZC007750,20.0,Male,Other,Tier 1,31,7,4,258.08,64.52,8,6.6,3,0.336,1,Men,Mixed,0.12,0.224,0,0
ZC007751,25.0,Female,France,Tier 1,14,24,3,104.45,34.82,5,15.7,3,0.29,5,Women,Store,0.271,0.231,0,0
ZC007752,34.0,Female,Other,Tier 2,29,30,1,117.81,117.81,6,2.2,5,0.468,7,Home,Store,0.522,0.156,0,0
ZC007753,16.0,Female,Germany,Tier 2,7,74,1,45.84,45.84,3,4.8,6,0.613,4,Women,Online,0.153,0.154,0,0
ZC007754,32.0,Female,Italy,Tier 1,5,297,2,117.41,58.7,1,4.2,2,0.226,5,Home,Store,0.685,0.274,0,1
ZC007755,35.0,Male,Mexico,Tier 2,23,14,1,69.69,69.69,2,4.7,2,0.656,8,Kids,Mixed,0.397,0.231,0,0
ZC007756,29.0,Male,Italy,Tier 2,4,22,1,75.52,75.52,4,1.3,3,0.532,8,Men,Store,0.212,0.403,0,0
ZC007757,37.0,Female,France,Tier 3,49,125,5,235.16,47.03,0,7.5,2,0.389,7,Women,Mixed,0.606,0.222,0,0
ZC007758,34.0,Female,Mexico,Tier 1,3,59,4,296.78,74.19,6,2.9,1,0.471,3,Women,Store,0.374,0.256,0,0
ZC007759,27.0,Male,Spain,Tier 3,35,106,7,365.11,52.16,3,7.7,6,0.365,8,Women,Store,0.235,0.565,0,0
ZC007760,16.0,Female,Other,Tier 2,16,80,2,181.22,90.61,0,10.8,6,0.572,2,Women,Online,0.684,0.26,0,1
ZC007761,,Female,Other,Tier 2,26,95,1,86.47,86.47,5,2.8,3,0.229,8,Home,Mixed,0.205,0.473,0,0
ZC007762,22.0,Female,Germany,Tier 2,20,4,1,88.2,88.2,1,7.2,4,0.823,3,TRF,Online,0.199,0.448,0,0
ZC007763,26.0,Female,Spain,Tier 1,11,55,1,90.65,90.65,3,10.0,7,0.678,7,Women,Mixed,0.477,0.147,1,0
ZC007764,37.0,Female,USA,Tier 2,10,180,1,88.54,88.54,2,1.2,4,0.587,6,Men,Store,0.19,0.062,0,1
ZC007765,46.0,Male,USA,Tier 2,27,294,2,83.39,41.7,3,4.2,4,0.417,7,Men,Mixed,0.158,0.576,0,1
ZC007766,32.0,Female,USA,Tier 3,37,95,3,155.51,51.84,4,3.5,3,,8,Kids,Store,0.518,0.607,0,0
ZC007767,38.0,Female,Italy,Tier 1,22,285,1,65.78,65.78,1,4.9,3,0.223,5,Women,Online,0.187,0.278,0,1
ZC007768,18.0,Male,Other,Tier 3,25,88,3,262.51,87.5,0,2.8,1,0.525,8,Beauty,Store,0.214,0.765,1,1
ZC007769,34.0,Male,Italy,Tier 1,21,87,1,66.26,66.26,0,8.5,3,0.513,7,Beauty,Mixed,0.542,0.362,0,0
ZC007770,31.0,Female,UK,Tier 3,6,95,1,64.76,64.76,1,7.6,5,0.264,7,Men,Store,0.373,0.101,0,1
ZC007771,44.0,Male,Other,Tier 2,6,29,4,342.25,85.56,4,12.5,1,0.256,3,Men,Online,0.331,0.482,0,0
ZC007772,27.0,Male,Other,Tier 2,46,33,2,64.45,32.22,6,3.6,5,0.654,8,Men,Store,0.479,0.344,0,0
ZC007773,30.0,Male,Italy,Tier 2,16,24,2,100.5,50.25,9,10.8,3,0.124,3,Men,Mixed,0.581,0.339,0,0
ZC007774,43.0,Female,UK,Tier 3,34,27,2,156.39,78.19,5,4.5,4,0.434,3,Kids,Online,0.338,0.332,0,0
ZC007775,31.0,Female,Italy,Tier 1,13,14,1,74.3,74.3,5,1.9,9,0.071,2,Women,Online,0.362,0.312,0,0
ZC007776,21.0,Female,UK,Tier 1,9,82,1,95.04,95.04,2,4.2,3,0.302,5,Women,Store,0.441,0.036,0,1
ZC007777,58.0,Male,USA,Tier 3,13,29,1,75.67,75.67,5,3.4,4,0.558,8,Women,Store,0.825,0.126,0,0
ZC007778,21.0,Male,Germany,Tier 1,29,51,4,340.59,85.15,6,5.9,6,0.628,2,TRF,Online,0.108,0.291,1,0
ZC007779,31.0,Female,Italy,Tier 2,10,76,2,120.51,60.26,0,2.9,4,0.374,7,Home,Mixed,0.476,0.127,0,0
ZC007780,35.0,Female,USA,Tier 1,21,180,5,567.72,113.54,1,7.8,1,0.395,1,Kids,Mixed,0.222,0.635,0,1
ZC007781,35.0,Female,Other,Tier 2,26,15,4,199.2,49.8,13,1.7,2,0.203,5,Women,Mixed,0.206,0.284,0,0
ZC007782,30.0,Female,Other,Tier 3,18,106,3,218.23,72.74,4,1.8,3,0.154,5,Women,Mixed,0.512,0.078,1,1
ZC007783,30.0,Male,Germany,Tier 1,20,55,1,90.22,90.22,4,9.4,2,0.236,8,Beauty,Online,0.036,0.294,0,0
ZC007784,30.0,Female,Spain,Tier 2,21,22,4,399.53,99.88,8,1.0,2,0.576,7,Women,Online,0.487,0.322,0,0
ZC007785,21.0,Female,Spain,Tier 1,10,55,2,102.16,51.08,6,4.9,2,0.439,7,Kids,Mixed,0.461,0.137,0,0
ZC007786,54.0,Female,Germany,Tier 2,15,123,1,73.75,73.75,1,5.5,2,0.508,6,Women,Online,0.191,0.325,0,0
ZC007787,30.0,Male,Mexico,Tier 1,9,123,4,419.02,104.76,1,5.6,5,0.383,8,Men,Mixed,0.194,0.714,0,0
ZC007788,38.0,Male,France,Tier 1,14,23,3,255.92,85.31,1,3.4,1,0.518,1,Women,Online,0.28,0.305,0,0
ZC007789,29.0,Female,Spain,Tier 1,30,61,3,231.63,77.21,3,2.2,4,0.285,4,TRF,Store,0.257,0.328,0,0
ZC007790,28.0,Male,Spain,Tier 1,30,61,4,312.5,78.12,1,3.7,9,0.364,4,Kids,Online,0.26,0.412,0,0
ZC007791,27.0,Male,USA,Tier 2,21,13,3,206.74,68.91,6,1.5,2,0.17,5,Women,Online,0.568,0.309,0,0
ZC007792,17.0,Male,Germany,Tier 1,18,42,2,140.63,70.32,6,3.3,7,0.419,8,TRF,Online,0.051,0.214,0,0
ZC007793,30.0,Female,France,Tier 3,25,50,2,173.08,86.54,9,16.6,4,0.291,6,Women,Online,0.413,0.77,0,0
ZC007794,28.0,Female,Spain,Tier 3,20,249,4,233.06,58.26,2,1.1,5,0.119,7,Women,Store,0.436,0.127,0,1
ZC007795,44.0,Female,France,Tier 2,14,100,1,83.25,83.25,2,6.4,3,0.631,8,TRF,Mixed,0.526,0.092,0,1
ZC007796,20.0,Female,Other,Tier 3,17,65,2,175.85,87.92,0,2.8,3,0.526,2,Kids,Online,0.52,0.552,1,1
ZC007797,26.0,Female,UK,Tier 3,7,105,4,361.21,90.3,2,1.7,6,0.263,4,Women,Mixed,0.438,0.263,0,1
ZC007798,23.0,Male,Spain,Tier 2,7,42,1,99.26,99.26,7,4.3,5,0.663,5,Men,Store,0.327,0.249,0,0
ZC007799,46.0,Female,France,Tier 2,42,93,5,476.08,95.22,0,10.6,2,0.396,3,Women,Online,0.283,0.425,0,1
ZC007800,23.0,Male,Other,Tier 1,29,18,2,168.97,84.48,4,12.9,6,0.226,4,Men,Store,0.245,0.126,0,0
ZC007801,38.0,Female,Spain,Tier 2,12,32,1,52.51,52.51,8,6.8,2,0.349,6,Men,Online,0.445,0.03,1,0
ZC007802,42.0,Female,USA,Tier 2,17,37,3,228.52,76.17,7,7.2,2,0.692,8,Men,Mixed,0.382,0.31,0,0
ZC007803,31.0,Female,France,Tier 1,13,5,4,158.74,39.68,6,14.0,5,0.674,4,Men,Mixed,0.222,0.457,1,0
ZC007804,18.0,Female,USA,Tier 1,17,134,1,41.65,41.65,0,6.7,5,0.763,2,Women,Online,0.64,0.38,0,1
ZC007805,18.0,Male,Other,Tier 1,29,132,3,208.29,69.43,1,2.4,1,0.467,7,Women,Mixed,0.21,0.228,1,0
ZC007806,41.0,Female,Italy,Tier 2,1,23,1,95.28,95.28,8,1.2,1,0.556,6,Men,Mixed,0.543,0.248,0,0
ZC007807,19.0,Female,Spain,Tier 3,24,10,1,59.92,59.92,8,2.6,2,0.141,6,Men,Online,0.524,0.096,0,0
ZC007808,36.0,Male,Other,Tier 1,6,96,3,332.43,110.81,1,4.7,2,0.412,1,Men,Store,0.246,0.127,0,1
ZC007809,33.0,Female,Germany,Tier 1,60,26,4,321.08,80.27,9,8.0,2,0.482,8,Women,Mixed,0.496,0.196,0,0
ZC007810,36.0,Female,France,Tier 3,34,110,1,112.83,112.83,3,1.8,3,0.46,6,Kids,Store,0.443,0.543,0,0
ZC007811,37.0,Male,USA,Tier 1,5,95,1,101.1,101.1,1,13.5,3,0.309,4,TRF,Mixed,0.363,0.4,1,1
ZC007812,23.0,Female,Germany,Tier 2,5,154,1,107.29,107.29,4,2.5,7,0.487,6,Women,Store,0.34,0.658,0,1
ZC007813,22.0,Female,Other,Tier 1,10,32,1,64.08,64.08,9,5.4,6,0.478,1,Women,Mixed,0.534,0.415,0,1
ZC007814,39.0,Female,Spain,Tier 1,17,40,1,57.34,57.34,7,2.5,2,0.312,1,TRF,Store,0.312,0.407,0,0
ZC007815,26.0,Female,UK,Tier 1,10,26,1,61.99,61.99,5,6.7,4,0.406,4,Women,Online,0.179,0.053,0,0
ZC007816,16.0,Female,Other,Tier 1,11,6,1,68.94,68.94,5,5.9,6,0.515,8,Women,Online,0.112,0.461,0,0
ZC007817,38.0,Male,UK,Tier 2,2,58,1,77.1,77.1,4,4.3,0,0.491,7,Men,Online,0.621,0.188,0,0
ZC007818,22.0,Female,Spain,Tier 1,60,181,3,158.0,52.67,0,1.3,5,0.512,8,Men,Mixed,0.372,0.161,0,1
ZC007819,37.0,Male,Spain,Tier 2,16,55,1,87.79,87.79,4,3.9,5,0.214,5,TRF,Mixed,0.338,0.188,0,0
ZC007820,46.0,Female,Italy,Tier 3,51,26,2,157.07,78.54,10,3.7,6,0.323,4,Home,Online,0.372,0.119,0,0
ZC007821,32.0,Female,Italy,Tier 2,11,30,1,60.26,60.26,10,7.0,3,0.44,1,Men,Mixed,0.497,0.459,0,0
ZC007822,42.0,Female,Spain,Tier 1,60,40,4,256.59,64.15,3,8.3,5,,7,Women,Store,0.056,0.192,0,0
ZC007823,34.0,Female,USA,Tier 1,26,94,1,51.63,51.63,2,5.2,5,0.187,8,Women,Online,0.323,0.334,0,0
ZC007824,48.0,Female,France,Tier 1,18,126,1,75.42,75.42,0,2.3,5,0.735,5,Women,Store,0.029,0.687,0,0
ZC007825,21.0,Male,Italy,Tier 2,46,8,3,173.27,57.76,8,3.6,2,0.232,8,Men,Store,0.224,0.245,0,0
ZC007826,32.0,Male,USA,Tier 1,5,36,1,99.1,99.1,7,14.9,0,,6,TRF,Store,0.323,0.366,0,0
ZC007827,39.0,Male,UK,Tier 3,17,75,1,84.53,84.53,0,4.9,2,0.655,8,Men,Mixed,0.217,0.529,0,0
ZC007828,30.0,Female,France,Tier 2,14,132,4,222.34,55.58,1,1.9,5,0.687,4,Home,Store,0.13,0.19,0,0
ZC007829,44.0,Male,Spain,Tier 1,34,34,3,222.49,74.16,2,2.4,2,0.715,7,Women,Store,0.216,0.273,0,0
ZC007830,28.0,Female,USA,Tier 1,3,143,1,80.29,80.29,0,5.4,3,,3,Men,Store,0.225,0.436,0,1
ZC007831,53.0,Male,Other,Tier 2,12,79,1,54.98,54.98,2,3.7,4,0.301,1,Home,Online,0.112,0.463,0,0
ZC007832,53.0,Male,Other,Tier 3,2,62,1,84.37,84.37,1,14.0,4,0.61,6,Men,Mixed,0.369,0.312,0,1
ZC007833,35.0,Female,USA,Tier 1,13,33,1,49.81,49.81,3,3.0,2,,8,Women,Online,0.402,0.19,0,0
ZC007834,38.0,Female,Other,Tier 2,40,84,1,85.98,85.98,1,3.1,2,0.159,3,Men,Store,0.061,0.505,0,0
ZC007835,44.0,Male,Germany,Tier 1,13,5,3,279.49,93.16,4,5.3,3,0.296,8,Kids,Online,0.104,0.115,0,0
ZC007836,20.0,Female,Other,Tier 3,9,55,1,111.62,111.62,1,13.9,2,0.624,7,Kids,Online,0.131,0.36,0,0
ZC007837,19.0,Male,Other,Tier 2,28,113,1,71.8,71.8,2,2.4,3,0.44,2,Home,Online,0.203,0.125,0,0
ZC007838,45.0,Male,Germany,Tier 2,9,71,1,49.22,49.22,0,9.3,4,0.396,4,Women,Store,0.623,0.246,0,0
ZC007839,35.0,Female,UK,Tier 1,37,65,6,129.78,21.63,0,4.7,3,0.051,1,Men,Online,0.385,0.219,0,0
ZC007840,30.0,Female,Spain,Tier 3,50,32,2,103.71,51.86,6,8.3,1,0.536,3,Women,Online,0.325,0.227,0,0
ZC007841,32.0,Female,France,Tier 2,19,75,1,84.68,84.68,1,4.4,1,0.238,3,Women,Mixed,0.533,0.447,0,0
ZC007842,16.0,Male,UK,Tier 1,25,120,2,220.88,110.44,3,3.7,4,0.372,6,Women,Online,0.175,0.047,0,0
ZC007843,30.0,Female,Germany,Tier 2,39,65,4,344.01,86.0,2,2.7,2,0.351,8,Home,Online,0.032,0.23,0,0
ZC007844,24.0,Female,Spain,Tier 1,18,112,1,67.69,67.69,3,9.4,4,0.543,3,Women,Store,0.275,0.144,0,0
ZC007845,41.0,Female,Other,Tier 2,4,67,1,88.61,88.61,3,6.2,3,0.504,3,Home,Mixed,0.084,0.122,0,0
ZC007846,42.0,Male,Other,Tier 2,42,93,5,139.42,27.88,2,6.8,3,0.649,6,Women,Store,0.174,0.275,0,0
ZC007847,38.0,Male,USA,Tier 1,25,149,7,470.41,67.2,3,15.3,4,0.198,2,Women,Online,0.285,0.457,1,1
ZC007848,36.0,Female,Germany,Tier 1,14,132,1,93.45,93.45,1,14.2,3,0.232,6,Women,Mixed,0.554,0.291,0,1
ZC007849,17.0,Male,Mexico,Tier 3,6,274,1,52.56,52.56,4,13.3,3,0.268,5,Women,Online,0.215,0.422,0,0
ZC007850,38.0,Male,France,Tier 3,13,196,6,680.02,113.34,1,5.5,4,0.553,6,Women,Store,0.19,0.255,0,0
ZC007851,38.0,Male,Other,Tier 1,22,33,1,106.36,106.36,8,13.5,6,0.202,8,Women,Mixed,0.368,0.038,0,0
ZC007852,44.0,Female,France,Tier 2,24,65,1,87.44,87.44,4,1.5,5,0.531,6,Women,Store,0.16,0.138,0,0
ZC007853,53.0,Female,USA,Tier 1,31,14,3,272.9,90.97,5,4.1,2,0.474,2,Women,Online,0.428,0.152,0,0
ZC007854,16.0,Male,UK,Tier 1,44,14,4,87.4,21.85,7,2.2,4,0.082,2,Home,Online,0.233,0.34,0,0
ZC007855,28.0,Female,France,Tier 3,30,22,3,222.4,74.13,6,5.3,7,0.282,1,Men,Mixed,0.121,0.28,0,0
ZC007856,25.0,Female,USA,Tier 2,18,30,3,304.49,101.5,5,1.6,7,0.583,4,Women,Mixed,0.196,0.243,0,0
ZC007857,34.0,Male,Mexico,Tier 1,11,11,1,84.47,84.47,7,4.6,4,0.398,3,Beauty,Store,0.219,0.233,0,1
ZC007858,32.0,Female,Germany,Tier 1,8,79,1,100.66,100.66,3,3.0,5,0.268,1,Kids,Mixed,0.101,0.317,1,0
ZC007859,30.0,Female,UK,Tier 1,32,29,5,364.97,72.99,5,9.3,3,0.428,8,Kids,Online,0.256,0.176,0,0
ZC007860,42.0,Female,UK,Tier 1,17,97,1,74.69,74.69,0,5.8,9,0.313,2,TRF,Mixed,0.226,0.385,0,0
ZC007861,21.0,Female,UK,Tier 3,7,45,1,77.94,77.94,8,4.0,2,0.263,3,Men,Online,0.172,0.322,0,0
ZC007862,22.0,Female,UK,Tier 1,24,21,3,211.39,70.46,5,2.8,1,0.528,4,TRF,Mixed,0.79,0.348,0,0
ZC007863,22.0,Female,France,Tier 1,23,82,2,125.5,62.75,2,1.0,1,0.442,8,Women,Online,0.496,0.203,0,0
ZC007864,28.0,Female,USA,Tier 2,60,378,4,293.1,73.28,1,1.6,1,0.379,6,Kids,Online,0.581,0.22,0,1
ZC007865,20.0,Male,Mexico,Tier 1,2,38,1,71.02,71.02,7,5.5,3,0.366,8,Men,Mixed,0.287,0.265,0,0
ZC007866,32.0,Female,Other,Tier 1,5,130,1,96.4,96.4,4,6.2,5,0.243,6,Men,Store,0.588,0.162,1,1
ZC007867,30.0,Female,France,Tier 2,2,6,1,51.34,51.34,13,5.4,2,0.647,4,Home,Mixed,0.147,0.563,0,0
ZC007868,24.0,Female,Italy,Tier 1,9,50,1,104.43,104.43,7,4.6,3,0.193,6,Women,Online,0.51,0.174,0,0
ZC007869,41.0,Female,Other,Tier 1,17,59,1,75.63,75.63,5,5.6,1,0.541,6,Women,Mixed,0.181,0.258,0,0
ZC007870,31.0,Female,USA,Tier 2,14,155,3,277.82,92.61,3,3.9,3,0.193,2,Women,Online,0.554,0.062,0,0
ZC007871,43.0,Female,USA,Tier 3,47,143,1,75.4,75.4,1,5.0,3,0.607,4,TRF,Online,0.288,0.255,0,0
ZC007872,30.0,Female,Spain,Tier 3,14,36,1,42.44,42.44,10,4.8,3,0.616,8,Men,Online,0.253,0.402,0,0
ZC007873,32.0,Female,UK,Tier 1,3,150,2,94.29,47.14,1,3.8,8,,3,Beauty,Store,0.27,0.439,0,1
ZC007874,26.0,Female,USA,Tier 2,60,23,9,648.86,72.1,7,18.3,2,0.307,8,Women,Online,0.511,0.064,0,0
ZC007875,32.0,Female,France,Tier 2,33,60,2,116.98,58.49,0,12.5,1,0.165,8,TRF,Store,0.167,0.711,0,0
ZC007876,39.0,Male,UK,Tier 1,31,249,8,388.06,48.51,0,4.0,4,0.159,7,Men,Store,0.315,0.266,0,1
ZC007877,28.0,Male,USA,Tier 1,6,28,1,77.8,77.8,3,4.0,2,0.394,6,Women,Online,0.282,0.558,0,0
ZC007878,37.0,Male,UK,Tier 2,19,124,3,288.26,96.09,2,5.8,5,0.225,3,Men,Online,0.646,0.17,0,1
ZC007879,24.0,Male,Spain,Tier 1,41,28,2,155.2,77.6,5,7.9,2,0.524,8,Kids,Online,0.073,0.216,0,0
ZC007880,40.0,Female,France,Tier 3,36,115,6,566.33,94.39,1,7.2,7,0.296,3,Women,Store,0.343,0.102,0,0
ZC007881,26.0,Female,USA,Tier 1,9,73,1,80.22,80.22,3,2.8,4,0.774,2,TRF,Mixed,0.153,0.582,0,1
ZC007882,41.0,Female,Spain,Tier 1,17,47,1,60.83,60.83,7,13.3,1,0.626,3,Men,Store,0.223,0.243,0,0
ZC007883,33.0,Female,Spain,Tier 3,36,12,5,357.09,71.42,4,7.0,3,0.329,5,Men,Online,0.466,0.212,0,0
ZC007884,47.0,Female,Italy,Tier 3,19,39,1,82.68,82.68,8,1.0,4,0.221,3,Home,Mixed,0.367,0.543,1,0
ZC007885,20.0,Female,USA,Tier 1,14,98,1,41.02,41.02,0,3.4,0,0.51,2,Women,Mixed,0.681,0.562,0,1
ZC007886,17.0,Male,Germany,Tier 2,7,364,1,42.05,42.05,2,2.1,6,0.519,3,Women,Store,0.378,0.003,0,1
ZC007887,26.0,Male,Mexico,Tier 2,17,96,3,266.14,88.71,2,1.6,4,0.538,4,Home,Store,0.389,0.53,0,1
ZC007888,18.0,Female,France,Tier 1,44,158,3,228.52,76.17,3,9.3,1,0.122,3,Men,Mixed,0.496,0.173,0,1
ZC007889,18.0,Female,Spain,Tier 2,40,46,2,195.39,97.7,11,5.6,0,0.634,5,Men,Store,0.316,0.615,0,0
ZC007890,38.0,Female,Germany,Tier 2,23,50,2,132.03,66.02,8,6.3,5,,2,TRF,Mixed,0.255,0.148,0,0
ZC007891,32.0,Female,Spain,Tier 1,21,53,1,133.02,133.02,3,5.0,2,0.237,7,Women,Mixed,0.347,0.391,0,1
ZC007892,27.0,Female,Mexico,Tier 3,30,286,8,736.33,92.04,2,5.6,5,0.645,3,Women,Online,0.55,0.37,0,1
ZC007893,28.0,Female,Mexico,Tier 3,22,43,2,57.97,28.98,1,7.6,2,0.406,7,Men,Online,0.369,0.133,0,0
ZC007894,26.0,Female,UK,Tier 1,22,19,4,184.1,46.02,3,4.4,4,0.58,6,Women,Mixed,0.36,0.188,0,0
ZC007895,49.0,Male,USA,Tier 1,4,9,3,112.09,37.36,4,3.1,2,0.148,5,Men,Online,0.246,0.669,0,0
ZC007896,25.0,Female,Italy,Tier 3,7,29,1,73.02,73.02,2,9.3,4,0.322,2,Women,Mixed,0.329,0.514,0,1
ZC007897,19.0,Female,France,Tier 1,28,89,1,92.5,92.5,3,5.8,0,0.356,1,Men,Mixed,0.381,0.325,0,0
ZC007898,40.0,Female,Spain,Tier 1,20,61,5,610.74,122.15,2,9.9,3,0.355,2,Men,Online,0.345,0.244,0,0
ZC007899,30.0,Female,Mexico,Tier 2,18,102,1,53.78,53.78,1,9.3,8,0.348,4,Kids,Mixed,0.206,0.761,0,0
ZC007900,52.0,Female,USA,Tier 2,13,148,1,53.36,53.36,0,2.2,3,0.289,6,Men,Online,0.384,0.395,0,0
ZC007901,27.0,Male,Other,Tier 1,44,25,2,146.19,73.1,5,2.4,4,0.11,1,Women,Mixed,0.447,0.177,0,0
ZC007902,40.0,Female,Other,Tier 1,28,74,1,49.41,49.41,2,3.0,2,0.437,7,Kids,Store,0.277,0.48,0,0
ZC007903,43.0,Female,USA,Tier 3,25,60,2,125.5,62.75,0,3.0,6,0.473,6,Men,Online,0.208,0.463,0,0
ZC007904,27.0,Male,USA,Tier 3,7,29,1,112.32,112.32,8,3.9,6,0.504,3,Kids,Online,0.278,0.547,0,0
ZC007905,25.0,Female,UK,Tier 1,25,28,4,398.6,99.65,8,1.0,5,0.499,5,Home,Mixed,0.42,0.431,0,0
ZC007906,39.0,Female,Mexico,Tier 1,60,146,4,413.39,103.35,3,3.0,4,0.637,8,Home,Online,0.204,0.135,0,0
ZC007907,38.0,Female,Spain,Tier 1,3,68,1,51.67,51.67,0,10.1,2,0.174,6,Women,Online,0.552,0.316,0,1
ZC007908,18.0,Female,USA,Tier 1,32,13,4,382.71,95.68,3,6.7,4,0.303,2,Women,Store,0.515,0.287,0,1
ZC007909,21.0,Male,Germany,Tier 1,18,110,3,239.27,79.76,4,4.5,5,0.453,1,Women,Store,0.473,0.235,0,0
ZC007910,16.0,Female,Spain,Tier 2,18,33,1,141.52,141.52,4,1.2,6,0.371,8,Men,Mixed,0.264,0.452,0,0
ZC007911,38.0,Male,Spain,Tier 1,38,69,1,96.1,96.1,3,5.2,1,0.563,4,Men,Online,0.133,0.03,0,0
ZC007912,29.0,Female,Mexico,Tier 2,9,2,5,349.03,69.81,2,5.7,6,0.28,3,Men,Mixed,0.279,0.39,1,0
ZC007913,30.0,Male,France,Tier 2,13,34,4,359.32,89.83,10,2.7,2,0.696,3,Men,Online,0.123,0.483,0,0
ZC007914,16.0,Male,France,Tier 2,15,88,1,79.54,79.54,2,5.4,4,0.128,7,Home,Store,0.489,0.708,0,0
ZC007915,21.0,Male,USA,Tier 1,9,20,1,86.14,86.14,4,1.9,6,0.481,6,Kids,Store,0.497,0.018,0,0
ZC007916,27.0,Male,France,Tier 2,15,9,1,77.0,77.0,5,5.4,6,0.651,3,Men,Store,0.302,0.3,0,0
ZC007917,25.0,Male,France,Tier 1,10,33,1,68.32,68.32,5,1.3,5,0.561,5,Women,Online,0.158,0.375,0,0
ZC007918,33.0,Female,UK,Tier 1,19,83,1,63.29,63.29,2,1.0,1,0.798,5,Men,Online,0.38,0.329,0,0
ZC007919,38.0,Female,Other,Tier 2,33,137,2,193.69,96.84,2,1.9,3,0.626,6,Women,Online,0.144,0.215,0,0
ZC007920,55.0,Female,Spain,Tier 2,8,125,1,73.44,73.44,1,2.1,2,0.383,1,Kids,Online,0.258,0.257,1,1
ZC007921,32.0,Female,UK,Tier 2,20,113,6,459.89,76.65,3,1.2,3,0.493,5,Women,Online,0.287,0.795,0,0
ZC007922,43.0,Female,Other,Tier 1,17,187,1,77.97,77.97,0,7.4,5,0.269,3,Women,Store,0.389,0.341,0,1
ZC007923,24.0,Male,USA,Tier 2,17,143,1,67.61,67.61,3,3.1,1,0.61,4,Kids,Online,0.496,0.228,0,1
ZC007924,16.0,Male,Other,Tier 1,8,92,2,165.84,82.92,3,3.4,4,0.248,1,Men,Online,0.136,0.149,0,0
ZC007925,28.0,Male,UK,Tier 2,38,71,2,150.69,75.34,1,15.2,3,0.449,2,Home,Online,0.141,0.568,0,0
ZC007926,16.0,Female,USA,Tier 1,38,61,4,320.51,80.13,2,6.0,1,0.345,7,Home,Store,0.324,0.608,0,0
ZC007927,32.0,Male,Spain,Tier 2,17,40,1,90.93,90.93,9,4.2,5,0.31,8,Kids,Online,0.356,0.109,0,0
ZC007928,24.0,Male,USA,Tier 3,31,53,2,95.89,47.94,8,10.1,0,0.437,7,Kids,Online,0.213,0.192,0,0
ZC007929,16.0,Male,Other,Tier 1,11,27,1,45.94,45.94,3,2.1,2,0.545,2,Women,Mixed,0.239,0.258,0,0
ZC007930,49.0,Male,Other,Tier 3,33,109,3,256.24,85.41,0,3.0,6,0.168,2,Men,Store,0.356,0.212,0,0
ZC007931,27.0,Female,France,Tier 2,8,15,3,165.32,55.11,9,1.7,2,0.678,4,Women,Mixed,0.31,0.445,0,0
ZC007932,16.0,Female,Spain,Tier 2,7,115,1,94.19,94.19,0,6.9,0,0.375,5,Men,Store,0.171,0.256,0,1
ZC007933,41.0,Male,UK,Tier 1,19,344,2,154.36,77.18,0,5.2,5,0.137,5,Men,Store,0.419,0.186,0,1
ZC007934,25.0,Male,UK,Tier 1,55,10,3,157.29,52.43,4,1.2,3,0.28,7,Women,Online,0.071,0.142,0,0
ZC007935,43.0,Male,USA,Tier 1,7,108,1,74.63,74.63,1,3.2,3,0.476,5,Kids,Online,0.412,0.564,0,1
ZC007936,25.0,Male,Spain,Tier 1,4,37,1,104.94,104.94,6,2.0,4,0.272,6,Women,Mixed,0.532,0.111,0,0
ZC007937,27.0,Male,UK,Tier 2,33,145,2,123.18,61.59,0,5.1,2,0.294,2,Men,Online,0.705,0.747,0,1
ZC007938,35.0,Male,UK,Tier 1,20,78,1,69.37,69.37,1,5.3,3,0.401,6,Women,Online,0.358,0.077,0,1
ZC007939,38.0,Male,Italy,Tier 1,22,14,1,101.95,101.95,7,4.3,3,0.626,2,TRF,Online,0.406,0.03,0,0
ZC007940,40.0,Male,UK,Tier 3,14,63,1,106.05,106.05,1,7.2,5,0.356,6,Men,Store,0.3,0.537,0,0
ZC007941,31.0,Female,Spain,Tier 2,26,78,1,54.22,54.22,1,14.0,4,0.197,6,Beauty,Mixed,0.175,0.628,0,0
ZC007942,37.0,Female,Spain,Tier 1,31,44,1,61.19,61.19,4,2.5,1,0.597,5,Women,Online,0.495,0.242,0,0
ZC007943,39.0,Female,Italy,Tier 2,5,69,1,45.54,45.54,1,3.6,4,0.356,7,Home,Online,0.232,0.202,0,0
ZC007944,34.0,Female,Germany,Tier 1,4,42,1,77.45,77.45,7,3.9,3,0.339,6,Men,Online,0.285,0.256,0,0
ZC007945,31.0,Male,USA,Tier 2,7,44,1,88.89,88.89,7,2.8,4,0.547,3,Kids,Mixed,0.232,0.101,0,0
ZC007946,18.0,Male,Other,Tier 1,11,3,1,100.54,100.54,4,4.3,1,0.281,3,TRF,Mixed,0.253,0.23,0,0
ZC007947,38.0,Female,Germany,Tier 1,16,8,2,198.22,99.11,5,1.0,1,0.226,1,TRF,Online,0.389,0.368,0,0
ZC007948,32.0,Female,USA,Tier 3,20,9,1,71.8,71.8,6,2.7,4,0.478,8,Home,Mixed,0.244,0.153,0,0
ZC007949,28.0,Female,USA,Tier 1,28,26,3,243.81,81.27,10,2.9,3,,2,Beauty,Store,0.632,0.305,0,1
ZC007950,45.0,Male,Other,Tier 1,11,8,1,77.75,77.75,15,1.1,1,0.699,4,Home,Online,0.443,0.163,0,0
ZC007951,18.0,Female,UK,Tier 1,32,14,2,114.23,57.12,4,6.8,3,0.207,5,Women,Store,0.659,0.226,0,1
ZC007952,48.0,Female,USA,Tier 1,20,70,1,89.46,89.46,2,2.4,5,0.27,2,Women,Mixed,0.335,0.481,0,0
ZC007953,32.0,Female,France,Tier 2,22,102,2,92.92,46.46,1,7.7,2,0.645,7,TRF,Mixed,0.2,0.041,0,1
ZC007954,35.0,Female,USA,Tier 1,5,45,1,110.05,110.05,5,7.8,2,0.141,8,Women,Mixed,0.359,0.057,0,0
ZC007955,28.0,Female,Mexico,Tier 1,9,68,1,119.75,119.75,2,5.0,1,0.339,4,Men,Mixed,0.291,0.31,0,0
ZC007956,16.0,Male,Mexico,Tier 3,13,73,1,70.27,70.27,4,2.0,3,0.48,6,Men,Online,0.154,0.104,0,0
ZC007957,31.0,Male,Mexico,Tier 1,60,251,4,328.73,82.18,1,5.9,1,0.319,3,Home,Store,0.394,0.289,0,1
ZC007958,35.0,Female,Germany,Tier 1,32,8,3,272.61,90.87,6,8.4,6,0.134,2,Men,Online,0.269,0.197,0,1
ZC007959,39.0,Female,Italy,Tier 1,16,50,1,127.42,127.42,7,3.3,6,0.763,2,Women,Online,0.212,0.322,0,0
ZC007960,30.0,Female,USA,Tier 3,11,9,1,69.04,69.04,4,6.1,4,0.789,1,Men,Store,0.52,0.566,0,1
ZC007961,16.0,Female,Other,Tier 1,57,70,5,281.32,56.26,1,3.5,6,0.506,3,Women,Mixed,0.487,0.309,0,0
ZC007962,17.0,Female,Spain,Tier 2,21,15,3,260.28,86.76,5,5.9,1,0.421,8,Women,Online,0.178,0.272,0,0
ZC007963,53.0,Female,USA,Tier 2,9,34,1,93.31,93.31,5,1.0,5,0.643,6,Men,Online,0.497,0.335,0,0
ZC007964,21.0,Female,Other,Tier 1,7,8,1,78.24,78.24,9,8.0,7,0.44,1,Men,Store,0.388,0.151,0,0
ZC007965,46.0,Male,Other,Tier 2,25,43,1,116.36,116.36,6,13.3,4,0.418,1,Women,Mixed,0.554,0.452,0,0
ZC007966,,Female,France,Tier 3,16,46,3,286.96,95.65,6,7.5,4,0.349,5,Women,Online,0.315,0.738,0,1
ZC007967,30.0,Male,France,Tier 2,36,44,1,89.04,89.04,3,3.6,2,0.174,8,Home,Online,0.102,0.214,0,0
ZC007968,38.0,Female,Spain,Tier 2,7,111,2,149.25,74.62,2,1.3,3,0.532,7,Women,Online,0.32,0.328,0,1
ZC007969,24.0,Female,Germany,Tier 1,32,63,1,73.9,73.9,0,2.6,1,0.584,5,Women,Store,0.205,0.341,0,0
ZC007970,48.0,Female,Spain,Tier 1,34,26,5,661.1,132.22,5,8.4,4,,4,Women,Online,0.475,0.364,0,0
ZC007971,33.0,Female,USA,Tier 2,42,54,4,216.2,54.05,6,1.0,4,0.591,5,Men,Mixed,0.643,0.114,0,0
ZC007972,37.0,Female,UK,Tier 1,10,29,2,185.73,92.86,8,3.8,6,0.323,4,Men,Store,0.275,0.198,0,0
ZC007973,29.0,Male,Other,Tier 1,32,15,4,365.26,91.32,10,4.2,2,0.54,5,Women,Online,0.449,0.496,0,0
ZC007974,39.0,Male,Other,Tier 1,13,28,3,268.15,89.38,14,3.0,5,0.267,1,Women,Mixed,0.319,0.244,0,0
ZC007975,48.0,Female,Other,Tier 1,8,20,2,118.89,59.44,3,2.5,3,0.171,3,Women,Mixed,0.254,0.017,0,0
ZC007976,31.0,Female,Mexico,Tier 2,16,104,1,75.12,75.12,0,1.0,5,0.486,2,Beauty,Online,0.414,0.196,0,0
ZC007977,49.0,Female,USA,Tier 1,2,158,2,118.51,59.26,1,6.5,3,0.513,3,Women,Mixed,0.623,0.547,0,1
ZC007978,26.0,Male,Spain,Tier 2,22,56,1,97.63,97.63,6,1.9,2,0.335,1,Kids,Online,0.433,0.031,0,0
ZC007979,40.0,Female,UK,Tier 1,17,18,1,93.99,93.99,0,2.0,3,0.297,7,Men,Mixed,0.552,0.315,0,0
ZC007980,37.0,Female,USA,Tier 2,5,188,1,109.1,109.1,0,2.3,4,0.568,5,Men,Mixed,0.334,0.183,0,1
ZC007981,21.0,Male,Germany,Tier 1,23,325,4,438.22,109.56,2,2.2,4,0.174,7,Women,Online,0.296,0.079,0,1
ZC007982,34.0,Male,UK,Tier 1,31,5,2,131.54,65.77,4,3.5,3,0.28,3,Women,Store,0.32,0.178,0,0
ZC007983,32.0,Male,Other,Tier 1,15,48,1,124.58,124.58,6,2.5,5,0.223,7,Home,Mixed,0.657,0.244,0,0
ZC007984,23.0,Female,UK,Tier 1,12,23,2,128.87,64.44,13,9.7,6,0.216,8,TRF,Store,0.325,0.545,0,0
ZC007985,36.0,Female,UK,Tier 1,26,9,1,122.9,122.9,9,1.0,5,0.395,8,Kids,Online,0.172,0.636,0,0
ZC007986,33.0,Female,Mexico,Tier 2,46,78,4,210.79,52.7,3,9.7,1,0.625,3,Women,Online,0.676,0.293,0,1
ZC007987,31.0,Male,Germany,Tier 3,15,19,1,125.81,125.81,8,6.2,6,0.179,3,Women,Store,0.446,0.668,0,0
ZC007988,31.0,Male,USA,Tier 2,60,17,3,185.54,61.85,11,1.7,7,0.277,6,Home,Store,0.457,0.378,0,0
ZC007989,31.0,Female,Italy,Tier 1,38,138,5,301.91,60.38,2,3.3,2,,7,Women,Store,0.265,0.694,1,1
ZC007990,28.0,Male,France,Tier 2,13,51,1,71.07,71.07,3,3.7,5,0.59,4,Women,Online,0.405,0.458,0,1
ZC007991,33.0,Female,Spain,Tier 1,9,110,1,62.04,62.04,2,4.5,5,0.336,1,Women,Online,0.244,0.129,0,0
ZC007992,26.0,Male,UK,Tier 2,26,160,3,356.26,118.75,1,2.8,2,0.546,5,Women,Mixed,0.641,0.027,0,1
ZC007993,59.0,Female,Other,Tier 2,7,332,6,268.46,44.74,0,3.7,1,0.416,4,Women,Store,0.122,0.672,0,1
ZC007994,18.0,Female,USA,Tier 1,7,56,1,99.99,99.99,7,2.2,6,0.407,2,Women,Store,0.304,0.185,0,0
ZC007995,26.0,Female,UK,Tier 2,13,176,1,83.66,83.66,1,2.6,5,0.234,7,Kids,Store,0.209,0.623,0,1
ZC007996,27.0,Male,USA,Tier 1,13,100,1,58.71,58.71,1,8.6,3,0.307,5,Men,Mixed,0.404,0.177,1,1
ZC007997,52.0,Female,France,Tier 1,53,71,4,270.42,67.6,2,17.5,6,0.235,1,Men,Online,0.37,0.41,0,0
ZC007998,19.0,Female,Other,Tier 2,34,69,1,49.56,49.56,2,3.5,4,0.076,4,Home,Online,0.207,0.208,0,1
ZC007999,36.0,Male,USA,Tier 2,35,78,3,215.68,71.89,1,1.7,3,0.187,7,Men,Mixed,0.143,0.391,0,0
ZC008000,34.0,Male,Other,Tier 2,26,54,5,419.41,83.88,6,4.5,7,0.682,6,TRF,Online,0.274,0.299,0,0
ZC008001,35.0,Female,Other,Tier 1,13,9,3,220.68,73.56,3,5.3,1,0.392,1,Home,Mixed,0.569,0.578,0,1
ZC008002,44.0,Male,USA,Tier 2,15,23,1,91.6,91.6,9,21.0,2,,4,Kids,Store,0.348,0.206,0,0
ZC008003,44.0,Female,Mexico,Tier 3,24,2,3,242.02,80.67,6,1.5,4,0.584,8,Women,Store,0.221,0.125,0,0
ZC008004,27.0,Female,Other,Tier 1,8,92,1,117.25,117.25,1,2.8,3,0.322,4,Women,Store,0.393,0.174,0,0
ZC008005,34.0,Female,Other,Tier 1,8,8,1,79.0,79.0,5,12.3,6,0.781,7,Women,Store,0.32,0.276,0,0
ZC008006,16.0,Female,Germany,Tier 1,31,16,2,125.26,62.63,8,3.4,5,0.764,4,Kids,Store,0.164,0.117,0,0
ZC008007,33.0,Female,USA,Tier 2,28,21,3,223.3,74.43,3,2.4,4,0.656,1,Men,Online,0.046,0.488,0,0
ZC008008,24.0,Female,Spain,Tier 1,7,56,8,678.58,84.82,5,2.6,3,0.547,8,Home,Mixed,0.116,0.112,0,0
ZC008009,30.0,Female,USA,Tier 2,7,96,3,211.47,70.49,3,3.6,5,0.784,6,TRF,Store,0.35,0.109,0,0
ZC008010,16.0,Female,Germany,Tier 1,8,79,2,190.81,95.4,1,5.4,2,0.327,4,Women,Store,0.518,0.198,0,1
ZC008011,36.0,Female,UK,Tier 1,31,123,1,43.38,43.38,1,4.0,2,0.551,7,Beauty,Online,0.217,0.212,0,0
ZC008012,16.0,Male,Italy,Tier 1,37,136,3,183.21,61.07,0,5.2,1,0.216,2,Home,Mixed,0.303,0.345,0,1
ZC008013,33.0,Male,Mexico,Tier 1,8,85,3,227.6,75.87,2,5.1,6,0.269,7,Home,Mixed,0.183,0.15,0,0
ZC008014,20.0,Female,USA,Tier 2,20,37,3,294.92,98.31,8,4.1,2,0.682,8,Kids,Store,0.146,0.282,0,0
ZC008015,24.0,Male,Other,Tier 1,8,8,3,361.89,120.63,7,5.4,8,0.382,5,Kids,Online,0.524,0.24,0,0
ZC008016,44.0,Female,Spain,Tier 1,43,31,4,422.53,105.63,3,2.3,4,0.409,5,Men,Mixed,0.328,0.045,0,0
ZC008017,38.0,Female,USA,Tier 3,4,21,2,167.07,83.54,4,1.2,5,0.513,2,Men,Online,0.293,0.393,0,0
ZC008018,43.0,Female,Mexico,Tier 1,22,60,1,93.59,93.59,2,7.0,2,,2,Women,Store,0.138,0.528,0,0
ZC008019,48.0,Female,USA,Tier 2,13,124,4,375.81,93.95,1,5.3,5,0.825,7,Women,Online,0.327,0.316,0,0
ZC008020,24.0,Female,USA,Tier 1,8,30,2,160.87,80.44,9,6.5,3,0.285,7,TRF,Online,0.285,0.42,0,0
ZC008021,47.0,Male,Other,Tier 3,5,305,3,200.28,66.76,5,10.4,2,0.26,8,Women,Store,0.571,0.673,1,1
ZC008022,17.0,Female,Other,Tier 1,7,20,1,92.51,92.51,5,4.3,6,0.43,2,Women,Online,0.592,0.083,0,0
ZC008023,39.0,Female,Mexico,Tier 1,15,44,2,231.96,115.98,6,7.6,7,0.609,6,Kids,Mixed,0.37,0.568,0,0
ZC008024,27.0,Female,USA,Tier 2,11,18,2,167.57,83.78,7,8.1,1,0.482,6,Men,Online,0.633,0.329,0,0
ZC008025,23.0,Female,USA,Tier 1,20,25,1,79.3,79.3,4,3.3,5,0.472,3,Women,Online,0.259,0.075,0,0
ZC008026,38.0,Male,USA,Tier 1,55,68,3,329.32,109.77,0,2.2,6,0.42,6,Women,Online,0.318,0.143,0,0
ZC008027,41.0,Male,USA,Tier 1,33,54,1,78.28,78.28,5,4.4,5,0.64,3,Men,Online,0.302,0.33,0,0
ZC008028,41.0,Male,Other,Tier 1,31,93,2,196.47,98.24,1,1.1,3,0.249,7,Women,Store,0.253,0.395,0,0
ZC008029,34.0,Female,USA,Tier 2,31,94,1,97.67,97.67,0,4.8,2,0.653,6,Kids,Mixed,0.335,0.311,0,0
ZC008030,33.0,Female,Italy,Tier 1,25,129,1,92.68,92.68,1,1.9,3,0.445,6,Men,Online,0.089,0.184,0,0
ZC008031,37.0,Female,Spain,Tier 2,37,75,6,531.16,88.53,4,3.9,3,0.534,3,Men,Mixed,0.308,0.223,0,0
ZC008032,35.0,Male,France,Tier 1,12,41,4,405.52,101.38,4,5.1,1,0.53,8,Women,Store,0.207,0.274,0,0
ZC008033,37.0,Female,Spain,Tier 2,25,43,1,68.17,68.17,9,2.7,4,0.73,6,Kids,Store,0.084,0.329,0,0
ZC008034,34.0,Female,Spain,Tier 1,4,67,3,189.2,63.07,2,2.1,3,0.296,4,Women,Store,0.316,0.314,0,1
ZC008035,40.0,Female,USA,Tier 1,31,52,2,176.0,88.0,4,1.3,1,0.114,6,Men,Online,0.343,0.377,0,0
ZC008036,16.0,Male,Other,Tier 2,19,66,1,72.36,72.36,1,1.0,1,0.338,7,Kids,Online,0.452,0.713,0,1
ZC008037,31.0,Female,Germany,Tier 2,17,10,2,284.7,142.35,6,4.8,1,0.174,6,Women,Store,0.595,0.528,0,1
ZC008038,18.0,Male,Germany,Tier 2,7,38,1,75.17,75.17,3,2.9,3,0.507,5,Men,Online,0.109,0.395,0,0
ZC008039,35.0,Female,USA,Tier 1,6,4,1,70.84,70.84,2,8.8,6,0.772,5,Women,Online,0.182,0.785,0,0
ZC008040,48.0,Female,Italy,Tier 3,13,199,4,234.53,58.63,0,11.0,6,0.225,3,Women,Store,0.525,0.395,0,1
ZC008041,27.0,Female,Italy,Tier 3,19,57,2,127.0,63.5,7,2.9,5,0.598,2,Women,Store,0.234,0.193,0,0
ZC008042,33.0,Female,UK,Tier 3,33,103,3,115.35,38.45,1,8.1,1,0.466,4,Kids,Online,0.406,0.411,0,1
ZC008043,40.0,Female,Italy,Tier 1,37,110,3,144.16,48.05,0,6.6,6,0.499,3,Women,Online,0.37,0.057,0,0
ZC008044,16.0,Male,Other,Tier 1,34,158,2,133.07,66.54,1,1.5,2,0.822,2,Women,Store,0.15,0.149,0,1
ZC008045,27.0,Female,Other,Tier 2,26,64,2,222.81,111.4,1,11.9,6,0.581,7,Women,Store,0.275,0.204,0,0
ZC008046,36.0,Female,Other,Tier 1,5,29,2,167.28,83.64,6,6.0,4,0.497,6,Women,Store,0.415,0.229,0,0
ZC008047,16.0,Female,France,Tier 2,17,68,2,127.98,63.99,1,3.2,2,0.443,5,Men,Online,0.532,0.178,0,1
ZC008048,22.0,Female,Spain,Tier 1,46,121,5,291.79,58.36,0,1.4,8,0.173,1,Men,Online,0.148,0.053,0,0
ZC008049,43.0,Male,USA,Tier 2,55,28,1,68.6,68.6,6,5.7,4,0.805,1,Kids,Mixed,0.269,0.469,0,0
ZC008050,42.0,Female,USA,Tier 1,5,42,1,61.03,61.03,8,4.9,2,0.335,2,Home,Store,0.56,0.293,0,0
ZC008051,36.0,Male,USA,Tier 3,13,26,1,53.4,53.4,5,1.1,6,0.253,2,TRF,Online,0.284,0.393,0,0
ZC008052,41.0,Female,USA,Tier 2,48,52,5,133.37,26.67,7,9.2,4,0.32,6,TRF,Mixed,0.211,0.233,0,0
ZC008053,34.0,Female,Germany,Tier 1,38,105,4,214.29,53.57,2,7.5,8,0.188,7,Women,Store,0.362,0.478,0,1
ZC008054,38.0,Male,France,Tier 1,19,71,3,173.61,57.87,3,14.8,5,0.731,3,Women,Store,0.41,0.318,0,0
ZC008055,29.0,Female,Germany,Tier 1,23,29,1,96.33,96.33,10,9.5,4,0.375,2,Kids,Mixed,0.336,0.081,0,0
ZC008056,33.0,Male,Other,Tier 3,25,106,2,197.07,98.54,0,3.7,2,0.272,8,Women,Store,0.482,0.045,0,0
ZC008057,26.0,Female,Spain,Tier 1,38,18,7,257.44,36.78,13,8.2,8,0.332,2,Women,Store,0.284,0.551,0,0
ZC008058,45.0,Female,Spain,Tier 2,38,216,3,246.47,82.16,3,15.1,4,0.555,5,Women,Mixed,0.264,0.274,0,1
ZC008059,47.0,Male,Germany,Tier 1,14,184,1,118.15,118.15,3,8.1,5,0.32,2,Women,Store,0.388,0.302,0,1
ZC008060,46.0,Female,France,Tier 2,46,231,5,306.57,61.31,0,4.4,0,0.152,1,Kids,Online,0.313,0.203,0,1
ZC008061,28.0,Male,France,Tier 1,49,28,6,237.34,39.56,7,6.4,6,0.256,5,TRF,Online,0.295,0.538,0,0
ZC008062,22.0,Male,Other,Tier 3,16,18,4,389.33,97.33,7,3.7,4,0.255,7,Women,Mixed,0.297,0.565,0,0
ZC008063,45.0,Female,USA,Tier 2,48,144,3,192.88,64.29,2,3.3,0,0.682,2,Women,Mixed,0.632,0.381,0,1
ZC008064,37.0,Female,France,Tier 2,16,177,1,98.98,98.98,2,3.9,3,0.501,1,Home,Store,0.457,0.318,0,0
ZC008065,35.0,Male,Other,Tier 2,30,81,4,288.17,72.04,3,1.5,4,0.543,2,Women,Mixed,0.047,0.177,0,0
ZC008066,26.0,Female,UK,Tier 1,52,235,4,440.45,110.11,1,5.6,3,0.646,8,Kids,Mixed,0.279,0.404,0,0
ZC008067,36.0,Male,France,Tier 1,41,17,4,353.12,88.28,7,9.0,1,0.571,7,Home,Mixed,0.419,0.544,0,0
ZC008068,21.0,Female,Spain,Tier 1,11,143,1,62.34,62.34,2,8.1,3,,6,Men,Mixed,0.388,0.635,0,1
ZC008069,38.0,Female,USA,Tier 1,25,88,3,211.32,70.44,3,3.9,6,0.46,7,Women,Store,0.171,0.3,1,0
ZC008070,46.0,Female,Spain,Tier 1,28,14,1,73.6,73.6,7,4.1,5,0.393,1,TRF,Store,0.586,0.094,0,0
ZC008071,48.0,Male,France,Tier 2,22,160,1,76.74,76.74,4,3.2,4,0.697,2,Men,Online,0.15,0.414,0,1
ZC008072,39.0,Male,Germany,Tier 1,11,13,1,76.09,76.09,4,4.6,7,0.208,3,Women,Online,0.519,0.4,0,1
ZC008073,18.0,Female,Other,Tier 2,11,114,1,77.93,77.93,1,3.2,2,0.557,6,Women,Online,0.122,0.301,0,1
ZC008074,34.0,Female,Germany,Tier 1,16,158,1,69.93,69.93,3,7.6,1,0.469,5,Men,Store,0.277,0.209,0,1
ZC008075,53.0,Female,Spain,Tier 1,6,155,1,130.26,130.26,0,1.0,5,0.463,1,Men,Mixed,0.298,0.184,0,1
ZC008076,23.0,Female,Other,Tier 1,27,51,1,123.02,123.02,4,1.0,1,0.256,8,Women,Store,0.268,0.66,0,0
ZC008077,31.0,Female,USA,Tier 1,3,44,1,83.7,83.7,5,4.5,5,0.079,6,Men,Online,0.304,0.125,0,0
ZC008078,46.0,Female,Italy,Tier 3,58,37,5,592.93,118.59,6,2.2,2,0.363,1,Beauty,Online,0.257,0.344,0,0
ZC008079,38.0,Female,USA,Tier 2,18,90,3,368.06,122.69,3,1.0,2,0.061,4,Men,Store,0.292,0.5,0,0
ZC008080,57.0,Female,Mexico,Tier 1,11,28,1,63.51,63.51,6,4.6,5,0.549,7,Men,Online,0.107,0.351,0,0
ZC008081,25.0,Female,Other,Tier 2,7,213,1,82.04,82.04,1,1.0,3,0.567,5,Men,Online,0.636,0.152,0,1
ZC008082,22.0,Male,Spain,Tier 1,39,175,4,272.88,68.22,4,10.8,1,0.292,5,Men,Mixed,0.411,0.669,0,1
ZC008083,44.0,Female,France,Tier 1,25,81,2,236.46,118.23,0,4.0,2,0.243,6,TRF,Online,0.304,0.046,0,0
ZC008084,20.0,Male,France,Tier 1,22,86,1,62.34,62.34,3,1.3,2,,3,Women,Mixed,0.353,0.154,0,0
ZC008085,30.0,Female,USA,Tier 1,25,6,1,50.56,50.56,7,2.9,3,0.412,3,Men,Mixed,0.56,0.339,0,0
ZC008086,31.0,Female,USA,Tier 2,26,38,1,80.25,80.25,8,7.2,4,0.09,1,Women,Online,0.411,0.344,0,0
ZC008087,42.0,Male,Italy,Tier 2,28,22,4,258.51,64.63,5,3.9,3,0.414,6,Women,Online,0.235,0.303,0,0
ZC008088,38.0,Female,USA,Tier 2,24,64,1,65.31,65.31,3,6.6,4,0.338,5,Men,Online,0.108,0.317,0,0
ZC008089,37.0,Male,Spain,Tier 1,31,42,1,82.35,82.35,4,1.0,5,0.279,8,Women,Store,0.115,0.333,0,0
ZC008090,28.0,Female,Mexico,Tier 1,26,55,2,119.73,59.86,5,6.9,5,0.175,5,Women,Store,0.345,0.397,0,1
ZC008091,44.0,Female,Germany,Tier 1,3,76,1,62.4,62.4,2,7.5,2,0.696,4,Kids,Mixed,0.131,0.17,0,0
ZC008092,70.0,Female,USA,Tier 1,10,6,2,146.82,73.41,9,4.0,5,0.446,4,Women,Mixed,0.328,0.374,0,0
ZC008093,39.0,Female,Other,Tier 2,10,26,1,73.85,73.85,7,12.3,3,,6,Men,Store,0.123,0.132,0,0
ZC008094,33.0,Female,Other,Tier 1,11,117,1,57.86,57.86,0,13.4,3,0.49,4,Women,Online,0.321,0.556,0,1
ZC008095,19.0,Female,Other,Tier 1,8,41,1,65.12,65.12,10,1.9,7,0.587,4,Beauty,Online,0.507,0.32,0,1
ZC008096,26.0,Female,France,Tier 2,24,102,2,218.94,109.47,4,6.5,8,0.396,1,Women,Store,0.279,0.294,0,1
ZC008097,30.0,Female,USA,Tier 1,32,202,2,196.05,98.02,1,8.5,2,0.375,5,Men,Store,0.656,0.137,0,1
ZC008098,27.0,Male,USA,Tier 2,4,130,1,134.25,134.25,1,8.0,6,0.08,7,Men,Mixed,0.288,0.501,0,1
ZC008099,32.0,Female,Other,Tier 2,8,12,3,264.52,88.17,7,1.8,6,0.371,5,Beauty,Mixed,0.207,0.29,0,0
ZC008100,50.0,Male,Other,Tier 2,5,3,1,104.27,104.27,8,2.8,0,0.362,8,Women,Mixed,0.646,0.544,0,0
ZC008101,44.0,Female,Italy,Tier 3,3,67,3,214.73,71.58,3,11.3,3,0.227,2,Home,Online,0.445,0.504,0,1
ZC008102,30.0,Female,France,Tier 2,20,28,1,96.43,96.43,8,8.7,5,0.284,1,Women,Online,0.411,0.217,0,0
ZC008103,20.0,Female,UK,Tier 2,3,65,2,138.88,69.44,0,2.0,1,0.206,6,Men,Online,0.416,0.161,0,0
ZC008104,45.0,Male,Italy,Tier 2,19,30,3,326.67,108.89,6,1.8,4,0.264,5,Women,Store,0.262,0.317,0,0
ZC008105,32.0,Male,Spain,Tier 2,22,12,1,60.2,60.2,4,4.6,3,0.49,1,Women,Online,0.493,0.331,0,0
ZC008106,16.0,Female,France,Tier 1,18,149,1,53.04,53.04,0,2.6,5,0.471,4,Women,Mixed,0.408,0.422,0,1
ZC008107,39.0,Female,Italy,Tier 1,18,71,2,136.83,68.42,4,2.8,3,0.555,5,Women,Online,0.146,0.409,0,0
ZC008108,42.0,Male,Mexico,Tier 1,17,36,1,38.74,38.74,7,3.1,4,0.348,7,Kids,Store,0.581,0.273,0,0
ZC008109,16.0,Female,UK,Tier 2,33,306,2,139.56,69.78,2,1.0,3,0.402,1,Women,Store,0.217,0.263,0,1
ZC008110,24.0,Female,Italy,Tier 1,50,0,6,144.64,24.11,7,2.1,1,0.31,4,Kids,Online,0.18,0.198,0,0
ZC008111,31.0,Male,Spain,Tier 3,23,21,1,60.97,60.97,7,15.5,4,0.622,3,TRF,Online,0.544,0.078,0,0
ZC008112,39.0,Female,USA,Tier 2,11,157,1,78.04,78.04,4,4.4,2,0.447,6,Women,Store,0.141,0.111,0,0
ZC008113,27.0,Female,Spain,Tier 1,8,24,3,134.98,44.99,5,5.5,2,0.618,7,TRF,Mixed,0.358,0.308,0,0
ZC008114,24.0,Male,USA,Tier 1,3,43,1,76.32,76.32,6,2.8,6,,7,Women,Mixed,0.157,0.193,1,0
ZC008115,39.0,Female,USA,Tier 2,43,141,7,239.36,34.19,2,7.3,6,0.662,4,Home,Store,0.633,0.705,0,1
ZC008116,27.0,Female,UK,Tier 2,15,41,1,67.89,67.89,2,4.9,2,0.356,8,Women,Store,0.384,0.539,0,0
ZC008117,37.0,Female,UK,Tier 2,16,102,3,313.43,104.48,4,2.3,5,0.286,2,Women,Store,0.153,0.304,0,1
ZC008118,21.0,Male,UK,Tier 1,19,84,1,102.42,102.42,0,1.5,3,0.453,5,Kids,Online,0.117,0.571,0,0
ZC008119,18.0,Female,France,Tier 3,13,199,2,201.22,100.61,3,8.5,1,0.336,2,Men,Store,0.192,0.189,0,1
ZC008120,40.0,Female,Mexico,Tier 3,22,62,1,62.83,62.83,3,3.9,3,0.261,5,Women,Mixed,0.425,0.717,0,0
ZC008121,35.0,Female,Spain,Tier 3,23,49,2,133.37,66.68,3,2.9,4,0.614,8,Women,Store,0.344,0.334,1,0
ZC008122,41.0,Female,USA,Tier 2,25,223,3,170.66,56.89,1,2.1,3,0.414,2,Men,Mixed,0.175,0.257,0,1
ZC008123,27.0,Female,Spain,Tier 1,5,36,1,107.32,107.32,8,3.9,5,0.27,3,Women,Store,0.608,0.699,0,0
ZC008124,24.0,Female,Spain,Tier 3,2,101,1,73.57,73.57,1,2.2,1,0.425,1,Kids,Online,0.187,0.218,0,1
ZC008125,46.0,Female,Germany,Tier 1,32,64,5,444.74,88.95,1,3.8,2,0.394,1,Home,Store,0.309,0.322,0,0
ZC008126,17.0,Female,Other,Tier 1,15,124,2,172.06,86.03,2,6.5,5,0.167,3,Women,Store,0.199,0.292,0,1
ZC008127,45.0,Female,USA,Tier 2,9,63,2,157.19,78.6,2,2.8,5,,3,TRF,Store,0.26,0.282,0,0
ZC008128,45.0,Female,UK,Tier 1,35,44,6,354.71,59.12,4,8.9,3,0.287,7,TRF,Mixed,0.209,0.538,0,0
ZC008129,41.0,Female,USA,Tier 2,10,144,1,100.24,100.24,1,12.3,2,0.331,3,Women,Store,0.524,0.097,0,1
ZC008130,25.0,Female,Spain,Tier 2,9,57,2,185.93,92.96,7,3.7,4,0.492,2,Women,Online,0.562,0.118,0,0
ZC008131,24.0,Female,Other,Tier 1,12,128,2,221.37,110.68,0,11.8,3,0.055,1,Kids,Mixed,0.103,0.464,0,1
ZC008132,30.0,Female,France,Tier 2,10,185,1,60.28,60.28,2,3.5,2,0.294,6,Home,Store,0.145,0.189,0,0
ZC008133,19.0,Male,Italy,Tier 3,11,137,1,84.61,84.61,2,10.8,5,0.067,3,Women,Store,0.326,0.45,0,1
ZC008134,22.0,Female,Other,Tier 3,30,14,1,87.1,87.1,2,1.6,3,0.422,5,Women,Online,0.309,0.375,0,0
ZC008135,38.0,Female,Germany,Tier 1,45,45,1,58.91,58.91,3,4.2,4,0.259,2,Women,Online,0.367,0.575,0,0
ZC008136,38.0,Female,USA,Tier 1,8,55,1,115.47,115.47,5,4.7,7,0.271,4,Men,Store,0.193,0.439,0,0
ZC008137,22.0,Male,Italy,Tier 1,19,116,1,71.12,71.12,1,1.9,4,0.533,3,TRF,Online,0.248,0.188,0,1
ZC008138,39.0,Female,Italy,Tier 2,11,67,1,106.06,106.06,0,5.8,6,0.358,6,Women,Online,0.328,0.146,0,0
ZC008139,37.0,Male,UK,Tier 2,37,180,2,195.05,97.52,1,6.8,3,0.285,2,Men,Store,0.494,0.424,0,1
ZC008140,47.0,Female,Germany,Tier 1,23,34,7,576.06,82.29,5,5.1,3,0.677,7,Kids,Store,0.302,0.604,0,0
ZC008141,38.0,Female,France,Tier 1,19,141,1,79.71,79.71,1,3.5,3,0.437,8,Home,Online,0.198,0.125,0,0
ZC008142,43.0,Female,USA,Tier 2,29,86,3,123.67,41.22,0,3.1,4,0.373,4,Men,Store,0.482,0.499,0,0
ZC008143,37.0,Male,Italy,Tier 2,35,44,1,38.57,38.57,7,3.9,3,0.553,3,Men,Store,0.097,0.398,0,0
ZC008144,42.0,Female,USA,Tier 1,29,85,3,228.02,76.01,2,3.9,2,0.618,5,Women,Online,0.31,0.325,0,0
ZC008145,19.0,Male,USA,Tier 1,28,286,4,362.78,90.7,1,2.6,5,0.39,6,TRF,Store,0.172,0.089,0,1
ZC008146,31.0,Male,UK,Tier 1,49,79,2,168.17,84.08,0,1.4,0,0.046,4,Women,Mixed,0.249,0.316,0,0
ZC008147,32.0,Female,Germany,Tier 3,25,57,1,36.87,36.87,5,1.0,4,,3,Men,Store,0.244,0.278,0,0
ZC008148,30.0,Female,Other,Tier 2,9,101,1,66.88,66.88,2,2.9,1,0.791,6,Men,Store,0.286,0.277,0,0
ZC008149,36.0,Female,Germany,Tier 2,21,71,3,191.86,63.95,0,2.0,2,0.545,3,Women,Mixed,0.331,0.092,0,0
ZC008150,38.0,Female,Italy,Tier 1,13,42,2,158.41,79.2,8,2.5,2,0.226,2,Women,Online,0.189,0.507,0,0
ZC008151,36.0,Female,USA,Tier 1,47,51,5,256.12,51.22,6,25.6,2,0.402,6,Women,Online,0.239,0.311,0,0
ZC008152,30.0,Female,Germany,Tier 1,14,0,1,71.17,71.17,12,11.6,2,0.186,1,Men,Mixed,0.196,0.111,0,0
ZC008153,25.0,Male,Spain,Tier 1,14,258,1,44.85,44.85,2,6.5,5,0.451,6,Women,Online,0.257,0.133,0,1
ZC008154,43.0,Female,UK,Tier 1,16,144,1,118.24,118.24,4,4.1,5,0.666,3,Home,Store,0.412,0.412,0,0
ZC008155,35.0,Male,Italy,Tier 1,22,28,1,123.94,123.94,5,1.1,5,0.127,3,TRF,Mixed,0.391,0.537,0,0
ZC008156,22.0,Male,USA,Tier 1,11,43,1,64.27,64.27,10,5.9,5,0.314,1,Men,Store,0.548,0.502,0,0
ZC008157,30.0,Female,Other,Tier 2,11,94,1,86.45,86.45,2,11.1,3,0.317,6,Men,Mixed,0.116,0.141,0,0
ZC008158,16.0,Female,UK,Tier 1,9,104,1,69.1,69.1,3,6.5,2,0.269,4,Men,Mixed,0.568,0.187,0,1
ZC008159,32.0,Female,Italy,Tier 1,44,54,3,197.24,65.75,3,5.7,3,0.169,1,Women,Online,0.165,0.125,0,0
ZC008160,30.0,Male,UK,Tier 1,27,33,1,77.11,77.11,4,1.0,5,0.315,4,Kids,Online,0.604,0.279,0,0
ZC008161,26.0,Female,Italy,Tier 1,15,12,3,273.3,91.1,6,14.1,5,0.607,1,Kids,Mixed,0.253,0.167,0,0
ZC008162,,Male,Germany,Tier 2,12,101,1,103.64,103.64,4,10.1,3,0.453,3,Home,Store,0.265,0.318,1,1
ZC008163,20.0,Female,Spain,Tier 2,9,25,1,70.52,70.52,4,2.7,6,0.472,5,Women,Mixed,0.511,0.276,0,0
ZC008164,39.0,Female,Other,Tier 2,14,99,1,83.58,83.58,0,5.9,0,0.757,1,Women,Store,0.273,0.133,0,1
ZC008165,54.0,Male,Germany,Tier 3,16,178,1,20.84,20.84,2,6.5,4,0.652,1,Women,Online,0.631,0.556,0,1
ZC008166,43.0,Female,UK,Tier 1,38,75,2,152.65,76.32,5,4.6,5,0.623,8,Women,Online,0.476,0.442,0,0
ZC008167,32.0,Male,Italy,Tier 1,8,20,2,68.98,34.49,5,5.9,4,0.058,5,Women,Mixed,0.516,0.375,0,0
ZC008168,21.0,Female,USA,Tier 1,21,1,1,57.24,57.24,0,1.8,1,0.79,5,Women,Mixed,0.378,0.187,0,1
ZC008169,18.0,Female,Mexico,Tier 1,26,11,3,360.94,120.31,9,2.0,3,0.442,1,Kids,Mixed,0.344,0.773,0,0
ZC008170,28.0,Female,UK,Tier 1,10,163,1,94.5,94.5,2,5.4,2,0.631,7,Women,Store,0.26,0.239,0,1
ZC008171,25.0,Female,Mexico,Tier 2,4,308,1,56.66,56.66,0,7.1,4,0.486,8,TRF,Store,0.471,0.462,0,1
ZC008172,25.0,Male,USA,Tier 2,21,14,1,102.21,102.21,6,5.1,0,0.359,6,Women,Mixed,0.093,0.132,0,0
ZC008173,29.0,Female,Mexico,Tier 1,9,83,3,289.31,96.44,0,1.5,2,0.231,3,Women,Store,0.171,0.227,0,1
ZC008174,31.0,Female,Other,Tier 1,23,116,3,273.52,91.17,2,2.2,3,0.755,2,Women,Mixed,0.233,0.241,0,0
ZC008175,37.0,Female,Other,Tier 3,21,148,4,190.64,47.66,2,18.8,6,0.673,6,Women,Mixed,0.508,0.506,0,1
ZC008176,,Female,Mexico,Tier 2,33,3,2,270.31,135.16,3,1.0,4,0.39,2,Beauty,Online,0.146,0.352,0,0
ZC008177,25.0,Male,Italy,Tier 2,35,25,3,261.48,87.16,7,2.2,2,0.404,7,Men,Mixed,0.359,0.44,1,0
ZC008178,30.0,Female,France,Tier 1,5,20,1,67.33,67.33,5,4.8,6,0.264,7,Women,Online,0.336,0.865,0,0
ZC008179,30.0,Male,Spain,Tier 1,26,200,3,92.34,30.78,4,6.5,3,0.577,2,Women,Store,0.299,0.252,0,0
ZC008180,50.0,Female,France,Tier 2,23,118,5,299.21,59.84,1,6.0,3,0.362,4,Home,Online,0.519,0.425,0,1
ZC008181,34.0,Female,France,Tier 1,22,184,5,434.91,86.98,1,2.4,3,0.54,2,Home,Mixed,0.467,0.078,0,1
ZC008182,16.0,Female,Spain,Tier 1,35,21,3,237.6,79.2,8,6.4,4,0.256,8,Women,Online,0.129,0.324,1,0
ZC008183,36.0,Female,Italy,Tier 1,9,226,2,210.92,105.46,0,5.8,6,0.284,1,Men,Store,0.408,0.376,0,1
ZC008184,37.0,Male,Spain,Tier 2,35,95,4,210.7,52.68,2,7.6,2,0.404,7,Kids,Mixed,0.207,0.579,0,0
ZC008185,31.0,Male,Germany,Tier 2,26,27,2,193.22,96.61,7,8.8,3,0.356,3,Beauty,Online,0.052,0.387,0,0
ZC008186,20.0,Female,UK,Tier 1,4,85,1,88.21,88.21,0,2.2,6,,3,Women,Store,0.596,0.132,0,1
ZC008187,50.0,Male,Other,Tier 1,12,101,1,49.04,49.04,2,4.2,3,0.755,4,Women,Mixed,0.399,0.524,0,0
ZC008188,21.0,Female,USA,Tier 1,18,87,1,84.44,84.44,2,1.0,3,0.511,2,Kids,Store,0.352,0.508,0,0
ZC008189,39.0,Male,USA,Tier 2,5,158,1,70.04,70.04,1,8.1,6,0.436,8,Kids,Online,0.158,0.264,0,1
ZC008190,34.0,Female,France,Tier 3,26,76,1,61.8,61.8,0,1.1,3,0.327,4,Men,Mixed,0.344,0.385,0,0
ZC008191,38.0,Female,UK,Tier 1,35,50,1,32.27,32.27,2,1.0,4,0.439,7,Home,Store,0.357,0.087,0,0
ZC008192,49.0,Female,USA,Tier 1,31,23,2,185.54,92.77,6,4.5,2,0.585,4,Women,Store,0.487,0.49,0,0
ZC008193,38.0,Male,Germany,Tier 3,29,111,5,312.93,62.59,2,17.9,4,0.079,7,Women,Online,0.412,0.085,0,1
ZC008194,26.0,Male,Other,Tier 2,13,107,1,68.3,68.3,0,6.3,3,0.406,1,Women,Mixed,0.527,0.376,0,1
ZC008195,43.0,Female,Italy,Tier 2,26,33,1,103.16,103.16,5,5.2,7,0.673,7,TRF,Online,0.226,0.447,0,0
ZC008196,26.0,Female,USA,Tier 1,48,79,1,83.34,83.34,2,7.4,3,0.529,2,Women,Mixed,0.332,0.274,0,0
ZC008197,34.0,Female,USA,Tier 1,7,42,1,74.46,74.46,7,5.3,6,0.082,2,Women,Store,0.172,0.107,0,0
ZC008198,19.0,Female,France,Tier 3,6,35,1,111.05,111.05,10,3.9,3,0.49,8,Women,Mixed,0.258,0.153,0,0
ZC008199,22.0,Female,Italy,Tier 1,9,238,1,80.23,80.23,1,3.3,3,0.427,3,Home,Mixed,0.416,0.276,0,1
ZC008200,33.0,Female,Other,Tier 1,18,33,2,109.04,54.52,8,1.7,4,0.587,7,Women,Mixed,0.183,0.234,0,0
ZC008201,36.0,Male,Spain,Tier 2,8,239,1,107.82,107.82,4,6.5,2,0.134,3,Beauty,Store,0.407,0.152,0,1
ZC008202,16.0,Female,France,Tier 2,29,105,1,74.88,74.88,2,6.0,4,0.389,7,Men,Online,0.215,0.096,0,1
ZC008203,37.0,Female,Other,Tier 1,19,116,4,281.88,70.47,2,3.7,1,0.402,1,Women,Store,0.339,0.09,0,1
ZC008204,24.0,Male,Spain,Tier 3,18,26,1,49.71,49.71,3,1.2,3,0.632,5,Men,Store,0.348,0.651,0,0
ZC008205,45.0,Female,Other,Tier 2,35,196,3,216.15,72.05,1,5.4,4,0.691,7,Men,Mixed,0.541,0.215,0,1
ZC008206,28.0,Female,UK,Tier 1,5,22,1,113.27,113.27,3,2.7,1,0.367,7,Men,Store,0.463,0.174,0,0
ZC008207,21.0,Male,Italy,Tier 1,23,82,5,358.88,71.78,4,2.0,2,0.234,5,TRF,Store,0.431,0.424,0,0
ZC008208,33.0,Female,UK,Tier 2,23,330,5,362.1,72.42,2,1.5,3,0.26,8,Women,Store,0.23,0.358,0,1
ZC008209,,Female,Other,Tier 2,43,63,5,282.13,56.43,1,6.0,5,0.43,8,Home,Store,0.302,0.548,0,0
ZC008210,45.0,Female,Other,Tier 1,60,40,3,364.16,121.39,5,1.7,3,0.331,5,Women,Online,0.475,0.183,0,0
ZC008211,32.0,Male,USA,Tier 1,6,44,1,41.54,41.54,3,1.0,2,,1,Men,Store,0.382,0.289,0,1
ZC008212,30.0,Female,Italy,Tier 1,12,41,1,59.92,59.92,6,4.6,2,0.314,1,Kids,Online,0.443,0.12,0,0
ZC008213,38.0,Female,Spain,Tier 1,3,31,5,276.99,55.4,2,5.9,3,0.494,4,Women,Online,0.482,0.381,0,0
ZC008214,22.0,Female,USA,Tier 3,8,146,2,88.92,44.46,0,1.0,2,0.236,8,Women,Online,0.274,0.224,0,1
ZC008215,19.0,Female,France,Tier 1,45,109,3,307.71,102.57,2,5.6,4,0.429,2,Men,Store,0.333,0.163,0,1
ZC008216,36.0,Female,Germany,Tier 3,31,61,3,311.23,103.74,3,2.1,3,0.498,8,Men,Store,0.64,0.168,0,0
ZC008217,21.0,Female,USA,Tier 1,15,79,4,357.13,89.28,1,1.9,7,0.17,3,Home,Online,0.308,0.045,0,0
ZC008218,21.0,Male,USA,Tier 1,17,8,1,98.04,98.04,4,5.3,4,0.499,7,Kids,Store,0.483,0.145,0,0
ZC008219,40.0,Female,USA,Tier 1,6,5,1,44.76,44.76,6,6.1,6,0.384,2,Home,Mixed,0.157,0.149,0,0
ZC008220,37.0,Male,USA,Tier 3,7,89,1,72.16,72.16,0,2.1,0,0.354,2,Kids,Online,0.611,0.454,0,1
ZC008221,19.0,Male,Spain,Tier 1,18,30,1,119.29,119.29,3,4.8,2,0.334,3,Men,Store,0.427,0.079,0,0
ZC008222,26.0,Male,USA,Tier 1,12,157,1,76.63,76.63,4,5.0,1,0.406,3,Women,Online,0.659,0.543,0,1
ZC008223,23.0,Male,Other,Tier 1,30,22,3,347.21,115.74,5,1.0,3,0.331,8,Men,Mixed,0.453,0.501,0,0
ZC008224,50.0,Female,USA,Tier 2,34,2,3,195.55,65.18,8,4.6,4,0.74,6,Home,Online,0.34,0.123,1,0
ZC008225,41.0,Male,Other,Tier 1,12,12,4,274.21,68.55,3,11.7,4,0.596,7,Women,Mixed,0.523,0.527,0,0
ZC008226,28.0,Female,USA,Tier 1,23,86,1,48.17,48.17,1,4.6,3,0.535,2,Women,Mixed,0.305,0.271,0,0
ZC008227,38.0,Female,France,Tier 1,17,11,2,139.73,69.86,6,4.5,4,0.601,8,Home,Store,0.164,0.603,0,0
ZC008228,18.0,Female,USA,Tier 3,17,66,1,120.9,120.9,2,1.7,5,0.392,7,Women,Store,0.194,0.147,0,0
ZC008229,25.0,Female,Spain,Tier 3,44,10,3,210.82,70.27,4,3.5,3,0.347,6,Women,Mixed,0.159,0.599,0,0
ZC008230,33.0,Female,Germany,Tier 3,5,35,1,133.35,133.35,3,3.4,5,0.656,3,Women,Mixed,0.513,0.184,0,0
ZC008231,37.0,Male,USA,Tier 1,43,63,4,340.66,85.16,2,16.6,3,0.384,8,Women,Mixed,0.348,0.472,0,0
ZC008232,31.0,Female,USA,Tier 1,31,99,6,692.74,115.46,0,1.0,3,,3,Men,Online,0.423,0.314,0,1
ZC008233,34.0,Female,UK,Tier 1,23,29,4,313.37,78.34,6,2.1,6,0.293,2,Women,Online,0.254,0.224,0,0
ZC008234,33.0,Female,Mexico,Tier 3,29,42,2,49.53,24.76,3,2.7,2,0.199,3,Men,Store,0.4,0.21,0,0
ZC008235,30.0,Male,UK,Tier 2,16,23,3,175.68,58.56,10,5.2,2,0.21,5,Home,Mixed,0.4,0.221,0,0
ZC008236,29.0,Female,Spain,Tier 2,12,35,1,64.32,64.32,6,3.6,4,0.467,7,Beauty,Mixed,0.182,0.157,0,0
ZC008237,,Female,USA,Tier 1,9,57,2,142.22,71.11,2,1.7,3,0.44,5,Women,Store,0.256,0.097,0,1
ZC008238,34.0,Male,France,Tier 1,32,76,8,399.55,49.94,2,8.6,3,0.46,7,Beauty,Store,0.316,0.403,0,0
ZC008239,36.0,Male,Other,Tier 1,21,100,3,168.82,56.27,1,1.9,4,,3,Women,Mixed,0.262,0.226,0,0
ZC008240,34.0,Female,Spain,Tier 1,52,72,4,368.65,92.16,2,2.7,4,0.073,1,TRF,Store,0.307,0.087,0,0
ZC008241,20.0,Female,USA,Tier 1,30,24,2,298.04,149.02,2,4.4,5,0.442,8,Men,Mixed,0.41,0.138,0,0
ZC008242,22.0,Female,France,Tier 1,23,61,2,172.46,86.23,3,19.3,2,0.487,3,Home,Online,0.087,0.693,0,0
ZC008243,36.0,Male,Other,Tier 1,12,221,1,70.32,70.32,3,11.0,2,0.503,5,TRF,Store,0.265,0.104,0,1
ZC008244,47.0,Female,Spain,Tier 1,13,14,1,24.4,24.4,1,3.4,7,0.308,4,Women,Store,0.402,0.263,0,0
ZC008245,34.0,Male,Mexico,Tier 3,11,81,1,108.93,108.93,1,10.1,3,0.668,6,Women,Online,0.335,0.302,0,0
ZC008246,28.0,Female,Italy,Tier 3,25,194,1,87.02,87.02,1,5.9,2,0.112,3,Beauty,Mixed,0.252,0.21,0,1
ZC008247,34.0,Female,USA,Tier 2,16,54,3,193.76,64.59,2,5.9,2,0.658,2,Kids,Store,0.304,0.296,0,0
ZC008248,21.0,Female,Mexico,Tier 2,12,77,3,291.02,97.01,2,3.6,8,0.602,2,Women,Store,0.371,0.157,0,0
ZC008249,45.0,Female,France,Tier 1,55,51,6,424.8,70.8,7,2.9,9,0.408,1,Women,Mixed,0.328,0.428,0,0
ZC008250,34.0,Male,USA,Tier 1,37,103,2,91.21,45.6,1,1.0,4,0.409,7,Women,Mixed,0.159,0.453,0,1
ZC008251,25.0,Male,USA,Tier 1,18,70,2,139.46,69.73,1,3.1,0,0.642,4,Men,Mixed,0.208,0.442,0,0
ZC008252,30.0,Female,USA,Tier 1,20,35,2,172.79,86.4,9,7.7,4,0.191,6,Kids,Online,0.335,0.214,0,0
ZC008253,27.0,Male,USA,Tier 2,31,25,2,182.61,91.3,9,5.0,4,0.943,7,Kids,Online,0.077,0.112,0,0
ZC008254,45.0,Female,Italy,Tier 1,16,155,4,299.7,74.92,2,3.0,5,0.448,8,TRF,Online,0.268,0.153,1,0
ZC008255,30.0,Female,Germany,Tier 3,7,18,2,194.54,97.27,3,3.0,2,0.482,4,Home,Mixed,0.231,0.177,0,0
ZC008256,34.0,Female,Mexico,Tier 2,11,120,3,229.13,76.38,2,2.6,2,0.397,2,Women,Mixed,0.171,0.512,0,1
ZC008257,38.0,Female,France,Tier 1,20,24,2,205.08,102.54,5,5.2,0,0.469,2,Men,Online,0.263,0.374,0,0
ZC008258,25.0,Male,USA,Tier 2,20,49,1,50.82,50.82,6,5.1,2,0.416,2,Kids,Mixed,0.184,0.093,0,0
ZC008259,34.0,Female,Spain,Tier 2,4,333,1,61.29,61.29,2,10.1,7,0.719,7,Kids,Online,0.554,0.079,1,1
ZC008260,35.0,Male,Mexico,Tier 2,31,8,1,107.92,107.92,1,4.8,1,0.714,4,Women,Store,0.431,0.176,0,0
ZC008261,16.0,Female,Spain,Tier 1,5,103,1,80.15,80.15,0,9.0,3,0.313,4,Women,Mixed,0.531,0.139,0,1
ZC008262,35.0,Male,USA,Tier 1,8,189,1,67.7,67.7,0,7.0,1,0.658,2,Women,Online,0.298,0.393,0,1
ZC008263,32.0,Female,Germany,Tier 1,33,35,1,65.88,65.88,7,6.0,1,0.404,7,Women,Online,0.497,0.547,0,0
ZC008264,33.0,Female,Mexico,Tier 2,16,92,1,88.89,88.89,4,1.3,7,0.651,4,Women,Store,0.395,0.045,0,0
ZC008265,32.0,Male,Spain,Tier 1,40,71,1,93.44,93.44,1,6.1,2,0.381,3,Women,Store,0.342,0.066,0,0
ZC008266,35.0,Female,Germany,Tier 3,35,81,1,103.06,103.06,3,7.5,4,0.343,7,Women,Store,0.219,0.479,0,1
ZC008267,45.0,Female,Spain,Tier 1,6,58,1,47.79,47.79,6,5.9,2,0.546,4,Home,Mixed,0.742,0.176,0,0
ZC008268,20.0,Male,Mexico,Tier 3,14,34,1,59.33,59.33,4,1.0,3,0.475,8,Women,Online,0.261,0.383,0,1
ZC008269,29.0,Male,Italy,Tier 1,12,182,3,164.91,54.97,3,8.5,1,0.206,3,Men,Online,0.265,0.185,0,0
ZC008270,39.0,Female,Italy,Tier 2,13,136,1,98.03,98.03,2,1.7,3,0.656,1,Women,Store,0.416,0.045,0,1
ZC008271,37.0,Female,Spain,Tier 1,11,35,1,72.93,72.93,4,5.6,7,0.551,8,Men,Mixed,0.125,0.08,0,0
ZC008272,37.0,Female,France,Tier 2,8,81,1,74.75,74.75,1,3.8,3,0.815,2,Home,Store,0.414,0.575,0,0
ZC008273,60.0,Male,USA,Tier 3,37,70,4,355.57,88.89,1,1.4,1,0.504,7,Men,Store,0.302,0.203,0,0
ZC008274,38.0,Female,France,Tier 1,8,47,1,99.08,99.08,2,4.4,2,0.731,4,Women,Mixed,0.188,0.557,0,0
ZC008275,43.0,Female,Other,Tier 1,15,62,4,290.99,72.75,2,5.5,1,0.335,8,Women,Store,0.397,0.234,0,0
ZC008276,,Male,Spain,Tier 3,8,98,1,73.45,73.45,2,2.7,5,0.463,2,Women,Store,0.382,0.275,0,1
ZC008277,22.0,Female,Germany,Tier 3,20,64,4,283.37,70.84,2,3.0,2,0.422,2,Men,Store,0.071,0.456,0,0
ZC008278,29.0,Female,USA,Tier 2,15,14,2,248.13,124.06,6,1.0,3,0.507,5,Women,Mixed,0.524,0.081,0,0
ZC008279,39.0,Male,France,Tier 1,12,19,1,79.93,79.93,8,8.9,6,0.394,4,Women,Store,0.292,0.353,0,0
ZC008280,36.0,Female,France,Tier 1,37,115,3,232.99,77.66,3,5.8,3,0.453,3,Kids,Mixed,0.335,0.269,0,1
ZC008281,36.0,Female,UK,Tier 1,16,8,1,66.11,66.11,3,2.5,5,0.262,1,Women,Store,0.245,0.167,0,0
ZC008282,30.0,Male,Germany,Tier 2,18,67,3,177.66,59.22,3,3.2,2,0.539,8,Women,Online,0.615,0.373,0,1
ZC008283,28.0,Male,Other,Tier 1,4,93,1,76.48,76.48,1,5.8,6,,6,Women,Online,0.337,0.211,0,1
ZC008284,30.0,Male,Mexico,Tier 1,20,71,2,107.93,53.96,1,5.9,4,0.595,5,Women,Store,0.337,0.268,0,0
ZC008285,39.0,Female,Other,Tier 3,30,14,5,401.86,80.37,4,4.0,2,0.363,1,Beauty,Online,0.533,0.168,0,0
ZC008286,40.0,Female,USA,Tier 2,10,3,1,71.67,71.67,6,1.2,1,0.592,8,Kids,Store,0.234,0.18,0,0
ZC008287,22.0,Female,Other,Tier 2,15,8,1,104.07,104.07,10,10.3,3,0.431,7,Home,Mixed,0.66,0.147,0,0
ZC008288,40.0,Female,USA,Tier 3,42,74,4,141.25,35.31,0,1.7,6,0.542,5,Home,Online,0.45,0.07,0,0
ZC008289,25.0,Male,Spain,Tier 1,12,3,1,125.47,125.47,5,12.2,1,0.691,2,Men,Store,0.305,0.279,0,0
ZC008290,37.0,Female,UK,Tier 1,27,46,1,41.48,41.48,5,2.8,5,0.297,1,Women,Online,0.144,0.059,0,0
ZC008291,30.0,Female,USA,Tier 3,15,117,1,121.56,121.56,2,7.9,6,0.135,2,Women,Online,0.425,0.307,0,1
ZC008292,48.0,Female,Mexico,Tier 3,38,125,1,85.02,85.02,1,3.3,0,0.335,5,Women,Store,0.463,0.041,0,1
ZC008293,28.0,Female,Spain,Tier 1,22,46,2,164.36,82.18,6,9.2,2,0.441,3,Women,Mixed,0.248,0.085,0,0
ZC008294,34.0,Female,France,Tier 1,11,100,1,85.3,85.3,0,6.5,3,0.649,2,Women,Online,0.172,0.348,0,1
ZC008295,38.0,Female,USA,Tier 1,6,23,1,67.89,67.89,10,4.4,4,0.35,7,Women,Store,0.39,0.129,0,0
ZC008296,23.0,Female,USA,Tier 1,48,112,5,303.53,60.71,3,2.0,2,0.242,5,Men,Online,0.339,0.064,0,0
ZC008297,31.0,Male,Other,Tier 1,25,103,3,281.43,93.81,1,8.1,3,0.88,3,Women,Online,0.159,0.231,1,1
ZC008298,29.0,Male,France,Tier 1,22,51,4,381.54,95.38,10,16.6,3,,7,Women,Store,0.137,0.186,0,0
ZC008299,27.0,Female,USA,Tier 2,13,24,1,99.28,99.28,3,3.8,3,0.22,4,Men,Online,0.398,0.251,0,0
ZC008300,28.0,Male,Italy,Tier 1,5,46,1,118.55,118.55,7,1.5,7,,2,Women,Online,0.217,0.085,0,0
ZC008301,43.0,Female,Other,Tier 3,23,64,6,267.93,44.66,1,4.8,7,0.389,8,Kids,Mixed,0.468,0.268,0,0
ZC008302,26.0,Female,UK,Tier 2,22,138,3,271.08,90.36,2,2.7,4,0.874,5,Women,Online,0.32,0.505,0,0
ZC008303,38.0,Female,USA,Tier 1,27,37,1,40.7,40.7,6,2.1,4,0.515,6,Men,Online,0.303,0.122,1,0
ZC008304,35.0,Male,Other,Tier 2,40,100,5,513.35,102.67,2,15.0,1,0.284,3,Women,Online,0.448,0.288,0,0
ZC008305,18.0,Female,USA,Tier 2,21,38,2,162.23,81.11,10,2.5,3,0.447,3,Men,Mixed,0.273,0.333,0,0
ZC008306,37.0,Female,USA,Tier 2,5,97,3,218.84,72.95,0,8.1,3,0.368,7,Men,Mixed,0.52,0.182,1,1
ZC008307,18.0,Male,Spain,Tier 3,28,30,3,303.48,101.16,6,11.5,5,,4,Women,Mixed,0.428,0.112,1,0
ZC008308,38.0,Male,Spain,Tier 2,49,181,3,288.05,96.02,1,7.1,6,0.349,5,Women,Store,0.288,0.465,0,1
ZC008309,27.0,Male,Other,Tier 2,17,146,2,82.34,41.17,2,5.3,7,0.218,1,Women,Online,0.356,0.361,0,0
ZC008310,32.0,Female,Other,Tier 2,16,55,3,318.66,106.22,8,1.0,4,0.149,1,Women,Online,0.154,0.583,0,0
ZC008311,19.0,Male,France,Tier 1,15,10,1,55.99,55.99,8,7.6,2,0.62,7,Men,Online,0.333,0.39,0,0
ZC008312,33.0,Female,Italy,Tier 2,19,34,2,164.94,82.47,3,4.0,2,,1,Men,Mixed,0.458,0.432,0,0
ZC008313,41.0,Female,Other,Tier 2,23,74,1,111.4,111.4,2,3.0,3,0.293,1,Home,Mixed,0.557,0.071,0,0
ZC008314,24.0,Male,France,Tier 3,26,147,3,241.5,80.5,3,9.3,7,0.292,4,Women,Store,0.559,0.231,0,1
ZC008315,26.0,Female,Germany,Tier 1,12,19,1,71.89,71.89,3,4.7,0,0.203,1,Women,Mixed,0.164,0.196,0,0
ZC008316,37.0,Male,Other,Tier 1,12,103,2,213.12,106.56,2,8.5,4,0.454,4,Kids,Store,0.24,0.029,0,0
ZC008317,37.0,Male,USA,Tier 1,1,72,2,151.67,75.83,1,11.3,2,0.359,8,Women,Online,0.355,0.307,0,1
ZC008318,16.0,Female,Spain,Tier 1,5,38,1,61.81,61.81,4,10.1,5,0.61,3,Kids,Online,0.538,0.098,0,1
ZC008319,52.0,Female,Mexico,Tier 1,14,57,1,39.88,39.88,8,2.3,5,0.321,2,Men,Store,0.289,0.427,0,0
ZC008320,37.0,Male,Italy,Tier 2,23,23,2,167.92,83.96,6,1.6,2,,2,TRF,Online,0.425,0.223,0,0
ZC008321,39.0,Male,USA,Tier 3,13,92,1,81.01,81.01,1,9.0,3,0.27,4,Men,Online,0.607,0.123,0,1
ZC008322,31.0,Male,USA,Tier 1,30,66,1,119.53,119.53,3,9.7,2,0.783,1,Women,Online,0.37,0.079,0,0
ZC008323,16.0,Female,Italy,Tier 3,11,33,4,182.82,45.7,4,3.8,8,0.627,3,TRF,Online,0.592,0.399,0,0
ZC008324,39.0,Female,France,Tier 2,12,214,1,94.88,94.88,5,8.6,3,0.069,5,Kids,Store,0.439,0.232,0,1
ZC008325,26.0,Female,Other,Tier 1,36,97,2,178.87,89.44,2,9.4,3,0.406,7,Women,Mixed,0.394,0.05,0,1
ZC008326,37.0,Male,Other,Tier 1,23,91,1,70.45,70.45,1,16.0,5,0.041,1,Home,Store,0.496,0.277,0,1
ZC008327,30.0,Female,France,Tier 3,32,55,4,508.86,127.22,6,1.0,1,0.203,1,TRF,Mixed,0.514,0.347,0,0
ZC008328,34.0,Male,Germany,Tier 2,23,66,1,58.55,58.55,3,13.8,5,0.393,3,Men,Store,0.579,0.175,0,1
ZC008329,24.0,Female,Germany,Tier 1,20,17,1,128.33,128.33,6,3.4,2,0.612,4,Men,Store,0.628,0.428,0,0
ZC008330,41.0,Female,Spain,Tier 2,23,36,2,178.72,89.36,7,11.8,3,0.615,2,Kids,Store,0.589,0.089,0,0
ZC008331,20.0,Female,UK,Tier 1,7,114,2,200.64,100.32,0,4.5,6,0.708,2,Men,Online,0.271,0.079,0,1
ZC008332,54.0,Female,UK,Tier 2,3,109,1,70.96,70.96,0,9.9,4,0.236,7,Women,Mixed,0.416,0.385,0,1
ZC008333,54.0,Female,Other,Tier 1,7,17,1,38.84,38.84,3,1.5,2,,3,Kids,Mixed,0.424,0.271,0,0
ZC008334,48.0,Female,Other,Tier 1,4,23,1,79.91,79.91,7,6.6,2,0.47,1,TRF,Mixed,0.379,0.122,0,0
ZC008335,45.0,Male,Spain,Tier 1,22,98,1,94.03,94.03,4,9.8,3,0.3,8,Men,Store,0.146,0.211,0,0
ZC008336,31.0,Female,Other,Tier 1,36,99,4,245.01,61.25,0,3.3,3,0.46,2,TRF,Mixed,0.133,0.293,0,0
ZC008337,44.0,Male,Germany,Tier 1,7,25,2,144.59,72.3,3,5.7,4,0.531,7,Kids,Mixed,0.188,0.133,0,0
ZC008338,31.0,Female,Spain,Tier 2,21,115,1,81.89,81.89,1,8.7,1,0.501,1,Women,Online,0.12,0.51,0,0
ZC008339,,Female,UK,Tier 2,45,26,3,127.88,42.63,3,3.3,5,0.271,6,TRF,Online,0.214,0.237,0,0
ZC008340,47.0,Male,Other,Tier 2,31,49,1,66.29,66.29,4,1.0,3,0.447,4,Women,Online,0.62,0.262,0,0
ZC008341,43.0,Female,USA,Tier 3,24,53,2,183.31,91.66,7,13.4,4,0.733,2,Home,Online,0.67,0.251,0,0
ZC008342,32.0,Female,Italy,Tier 2,18,109,3,187.93,62.64,1,7.4,3,0.402,6,Women,Online,0.757,0.489,0,1
ZC008343,20.0,Female,France,Tier 1,23,134,1,112.54,112.54,1,5.2,1,0.314,4,Women,Store,0.248,0.054,0,1
ZC008344,26.0,Female,Germany,Tier 1,20,39,4,345.66,86.42,5,1.8,4,0.467,6,Women,Store,0.367,0.074,0,0
ZC008345,16.0,Male,France,Tier 2,16,86,1,27.21,27.21,1,5.8,7,0.737,7,Women,Online,0.338,0.676,0,0
ZC008346,41.0,Female,France,Tier 2,8,248,1,76.74,76.74,0,6.6,3,0.657,5,TRF,Store,0.245,0.192,0,1
ZC008347,16.0,Female,Other,Tier 3,11,155,1,60.08,60.08,2,2.3,5,0.664,1,Men,Store,0.827,0.577,0,1
ZC008348,35.0,Male,UK,Tier 1,22,19,2,119.1,59.55,6,7.6,2,0.775,4,TRF,Mixed,0.155,0.263,0,0
ZC008349,24.0,Female,USA,Tier 1,34,60,2,211.29,105.64,2,1.1,2,0.575,3,Women,Mixed,0.044,0.386,0,0
ZC008350,18.0,Male,UK,Tier 2,7,75,1,91.49,91.49,5,1.3,5,0.617,8,Women,Online,0.164,0.408,0,0
ZC008351,34.0,Female,Italy,Tier 3,58,54,5,379.33,75.87,12,3.8,5,0.626,1,Women,Store,0.363,0.251,0,0
ZC008352,29.0,Female,UK,Tier 1,4,63,3,226.62,75.54,2,1.0,3,0.7,1,Women,Store,0.545,0.293,1,1
ZC008353,40.0,Female,Italy,Tier 1,9,103,1,70.35,70.35,2,1.2,4,0.547,1,Women,Mixed,0.22,0.21,0,1
ZC008354,19.0,Female,USA,Tier 3,22,132,1,71.67,71.67,0,5.2,1,0.26,8,Women,Store,0.083,0.486,0,1
ZC008355,24.0,Female,Germany,Tier 1,28,123,3,188.85,62.95,1,5.5,3,,8,TRF,Online,0.372,0.415,0,0
ZC008356,16.0,Female,Other,Tier 2,12,105,1,89.31,89.31,2,2.4,3,0.477,6,Kids,Store,0.056,0.382,0,1
ZC008357,16.0,Female,France,Tier 3,19,18,1,31.11,31.11,2,4.7,4,0.704,3,Women,Mixed,0.523,0.477,0,0
ZC008358,50.0,Female,Germany,Tier 1,16,101,3,274.44,91.48,2,4.0,4,0.446,8,Men,Online,0.206,0.117,0,0
ZC008359,53.0,Female,Italy,Tier 1,14,28,1,49.5,49.5,9,10.1,5,0.194,1,Men,Store,0.476,0.273,0,0
ZC008360,33.0,Female,Italy,Tier 3,9,18,1,76.41,76.41,8,1.4,5,,4,Men,Store,0.36,0.341,0,0
ZC008361,24.0,Female,USA,Tier 1,22,38,3,265.03,88.34,7,6.6,0,0.379,5,Women,Mixed,0.376,0.389,0,0
ZC008362,29.0,Female,Germany,Tier 1,23,12,2,96.29,48.14,9,4.7,5,0.478,3,Men,Online,0.352,0.27,0,0
ZC008363,41.0,Female,UK,Tier 1,18,30,3,213.41,71.14,7,4.1,5,0.531,6,Men,Mixed,0.309,0.357,0,0
ZC008364,27.0,Female,UK,Tier 2,30,70,2,181.98,90.99,2,1.0,6,0.187,5,Men,Store,0.387,0.3,0,0
ZC008365,34.0,Female,UK,Tier 1,22,133,4,324.78,81.19,1,3.5,6,0.37,6,Men,Online,0.44,0.242,0,1
ZC008366,32.0,Female,UK,Tier 2,10,113,1,69.02,69.02,2,1.7,7,0.234,5,Home,Online,0.467,0.258,0,1
ZC008367,26.0,Male,Spain,Tier 1,45,49,5,342.97,68.59,7,1.1,6,0.478,5,Kids,Online,0.161,0.244,0,0
ZC008368,27.0,Female,Italy,Tier 1,26,39,2,259.14,129.57,10,6.3,3,0.358,6,Women,Store,0.049,0.167,0,0
ZC008369,,Female,Germany,Tier 1,15,6,1,69.54,69.54,6,9.0,7,0.723,6,Women,Online,0.422,0.354,0,0
ZC008370,22.0,Female,Spain,Tier 1,13,190,1,80.89,80.89,3,2.3,2,0.562,6,Women,Mixed,0.291,0.359,0,0
ZC008371,37.0,Female,USA,Tier 3,13,155,1,88.67,88.67,0,4.6,6,0.461,3,Women,Mixed,0.582,0.234,0,1
ZC008372,27.0,Female,Germany,Tier 1,8,74,1,108.33,108.33,3,2.5,4,0.414,6,Women,Mixed,0.557,0.242,0,1
ZC008373,33.0,Male,France,Tier 2,11,127,1,111.29,111.29,2,3.1,2,0.214,3,Women,Store,0.431,0.335,0,0
ZC008374,46.0,Male,Italy,Tier 1,20,64,4,145.81,36.45,3,4.7,4,0.365,4,Women,Mixed,0.15,0.195,0,0
ZC008375,30.0,Male,France,Tier 1,26,17,3,320.51,106.84,3,4.4,3,0.471,8,Women,Online,0.75,0.33,0,0
ZC008376,41.0,Male,Other,Tier 1,41,10,1,86.36,86.36,3,5.5,3,0.553,2,Home,Mixed,0.189,0.505,0,1
ZC008377,16.0,Female,Spain,Tier 2,15,71,2,125.83,62.92,0,6.4,3,0.075,7,Women,Mixed,0.367,0.47,0,1
ZC008378,27.0,Male,Germany,Tier 2,21,74,3,300.73,100.24,2,2.0,3,0.172,1,Kids,Online,0.187,0.342,0,0
ZC008379,32.0,Female,UK,Tier 2,21,59,1,52.23,52.23,5,4.0,4,,1,Men,Store,0.176,0.176,0,0
ZC008380,51.0,Male,USA,Tier 1,11,83,1,96.72,96.72,1,1.1,0,0.457,7,Men,Store,0.364,0.269,0,0
ZC008381,16.0,Female,Other,Tier 3,25,57,4,306.01,76.5,6,15.7,5,0.388,6,Men,Mixed,0.467,0.123,0,0
ZC008382,31.0,Female,Other,Tier 2,6,272,1,86.81,86.81,4,2.6,7,0.706,2,Women,Mixed,0.45,0.081,0,1
ZC008383,47.0,Female,USA,Tier 3,17,8,2,166.39,83.2,5,3.8,2,0.321,7,Women,Online,0.553,0.557,0,1
ZC008384,24.0,Female,Spain,Tier 1,15,35,1,53.12,53.12,6,3.5,6,0.453,5,Men,Online,0.219,0.711,0,0
ZC008385,30.0,Female,Other,Tier 1,12,49,1,51.9,51.9,3,1.0,1,0.239,1,Women,Mixed,0.593,0.293,0,1
ZC008386,35.0,Male,USA,Tier 2,23,12,1,86.94,86.94,6,6.1,2,0.278,5,Women,Online,0.333,0.524,0,0
ZC008387,34.0,Female,Other,Tier 1,42,112,1,60.5,60.5,3,6.5,7,0.313,5,Women,Online,0.158,0.096,1,0
ZC008388,48.0,Male,USA,Tier 2,32,40,1,104.5,104.5,8,3.3,4,0.675,6,Men,Online,0.258,0.429,0,0
ZC008389,36.0,Female,UK,Tier 1,21,32,6,444.43,74.07,2,3.3,4,0.412,8,Women,Online,0.41,0.072,0,0
ZC008390,45.0,Female,Spain,Tier 2,30,117,1,60.52,60.52,4,9.7,4,0.293,4,Men,Mixed,0.527,0.693,0,1
ZC008391,28.0,Female,France,Tier 1,50,52,5,459.34,91.87,8,3.3,2,0.709,3,Beauty,Mixed,0.13,0.556,0,0
ZC008392,25.0,Female,USA,Tier 1,11,18,3,98.9,32.97,8,4.9,2,0.051,7,Kids,Mixed,0.501,0.56,0,1
ZC008393,30.0,Female,UK,Tier 1,17,17,2,107.58,53.79,5,3.5,4,0.629,8,Men,Mixed,0.423,0.793,0,0
ZC008394,20.0,Female,Other,Tier 3,24,55,2,102.96,51.48,6,2.8,2,0.531,4,Men,Store,0.214,0.282,0,0
ZC008395,37.0,Female,USA,Tier 1,26,133,3,66.7,22.23,2,2.6,2,0.548,5,Women,Mixed,0.357,0.071,0,0
ZC008396,28.0,Male,Germany,Tier 2,15,26,5,395.67,79.13,3,8.7,7,0.384,3,TRF,Store,0.178,0.135,0,0
ZC008397,25.0,Female,USA,Tier 1,21,83,2,119.47,59.74,6,4.1,3,0.472,2,Home,Store,0.063,0.165,0,0
ZC008398,37.0,Male,Germany,Tier 1,16,120,1,88.61,88.61,1,3.8,1,0.574,4,Kids,Mixed,0.32,0.272,0,1
ZC008399,21.0,Male,USA,Tier 1,18,102,1,107.19,107.19,2,1.9,2,0.512,8,Home,Store,0.512,0.157,0,1
ZC008400,40.0,Female,Italy,Tier 1,5,32,1,95.71,95.71,7,3.8,6,0.656,1,Women,Online,0.408,0.199,0,0
ZC008401,27.0,Male,Mexico,Tier 1,42,101,3,285.34,95.11,1,10.6,6,0.393,7,Women,Store,0.208,0.152,0,0
ZC008402,44.0,Male,Other,Tier 1,4,115,1,47.48,47.48,1,2.5,4,0.315,8,Women,Store,0.265,0.768,0,0
ZC008403,28.0,Male,Other,Tier 2,12,11,1,63.08,63.08,3,5.0,2,0.449,8,Women,Online,0.152,0.124,0,0
ZC008404,38.0,Male,USA,Tier 3,26,29,2,83.31,41.66,8,2.9,3,0.555,4,Women,Online,0.266,0.472,0,0
ZC008405,34.0,Female,Spain,Tier 2,34,48,5,258.2,51.64,6,1.0,4,0.427,5,Men,Mixed,0.582,0.378,0,0
ZC008406,39.0,Male,Spain,Tier 1,15,32,1,112.23,112.23,3,6.2,3,0.43,1,Men,Store,0.674,0.269,0,0
ZC008407,33.0,Female,Italy,Tier 1,28,14,3,235.46,78.49,1,7.4,4,0.823,5,Home,Online,0.278,0.578,0,0
ZC008408,16.0,Female,USA,Tier 1,17,19,2,195.6,97.8,7,1.0,5,0.361,7,Home,Mixed,0.17,0.064,0,0
ZC008409,42.0,Male,Mexico,Tier 1,22,44,3,130.8,43.6,3,2.4,2,0.538,2,TRF,Online,0.475,0.447,0,0
ZC008410,31.0,Female,Other,Tier 2,13,48,1,74.24,74.24,9,3.3,2,0.472,2,Kids,Store,0.373,0.49,0,0
ZC008411,40.0,Female,Spain,Tier 1,27,92,1,91.25,91.25,1,3.2,3,0.542,5,Kids,Online,0.282,0.2,0,0
ZC008412,39.0,Female,USA,Tier 1,7,49,1,50.28,50.28,7,16.5,1,0.561,4,Kids,Online,0.712,0.061,0,0
ZC008413,24.0,Female,France,Tier 2,57,14,7,437.92,62.56,6,3.8,4,0.209,6,Women,Online,0.371,0.178,0,0
ZC008414,23.0,Male,UK,Tier 1,11,111,1,96.63,96.63,2,2.3,3,0.488,5,Men,Mixed,0.424,0.095,0,0
ZC008415,39.0,Female,UK,Tier 1,8,45,1,93.12,93.12,6,3.6,2,0.169,3,Women,Online,0.436,0.189,0,0
ZC008416,29.0,Female,USA,Tier 3,18,73,1,85.12,85.12,0,1.0,2,0.404,4,Kids,Store,0.285,0.458,0,0
ZC008417,41.0,Female,Other,Tier 1,14,46,5,417.72,83.54,2,6.1,3,0.371,6,Women,Mixed,0.411,0.628,0,0
ZC008418,30.0,Male,Italy,Tier 2,41,28,2,145.48,72.74,8,6.8,3,0.34,7,Kids,Store,0.411,0.079,0,0
ZC008419,42.0,Male,USA,Tier 1,51,44,3,144.57,48.19,6,2.4,6,0.191,8,Women,Online,0.191,0.302,0,0
ZC008420,36.0,Female,Spain,Tier 3,12,101,3,356.4,118.8,1,7.5,2,0.34,2,Women,Online,0.261,0.177,0,0
ZC008421,35.0,Male,Mexico,Tier 2,24,140,2,106.78,53.39,2,10.5,5,0.307,4,Men,Online,0.478,0.332,0,0
ZC008422,28.0,Female,Spain,Tier 1,23,43,2,217.75,108.88,7,2.7,5,0.502,3,Men,Mixed,0.14,0.14,0,0
ZC008423,34.0,Male,Other,Tier 3,24,74,1,39.96,39.96,1,1.9,4,0.868,6,Men,Store,0.291,0.285,0,0
ZC008424,44.0,Female,France,Tier 1,9,9,1,77.37,77.37,6,9.3,4,0.155,5,Men,Mixed,0.296,0.117,0,0
ZC008425,31.0,Female,Other,Tier 3,9,7,1,84.51,84.51,7,7.0,2,0.137,4,Men,Online,0.354,0.49,0,0
ZC008426,37.0,Female,Mexico,Tier 2,19,87,2,118.36,59.18,1,4.9,3,0.318,5,Women,Store,0.095,0.18,1,0
ZC008427,32.0,Female,Other,Tier 1,23,98,1,50.09,50.09,0,5.0,2,0.391,7,Kids,Store,0.366,0.202,1,0
ZC008428,33.0,Female,Italy,Tier 1,6,24,3,205.75,68.58,6,1.0,4,0.058,5,Women,Online,0.509,0.159,0,0
ZC008429,49.0,Female,France,Tier 1,13,28,3,226.1,75.37,8,1.8,6,0.548,1,Women,Online,0.244,0.113,0,0
ZC008430,44.0,Female,USA,Tier 2,17,159,3,259.86,86.62,0,7.0,1,0.706,8,Kids,Online,0.219,0.475,0,0
ZC008431,33.0,Female,Italy,Tier 2,36,70,7,517.2,73.89,2,5.8,3,0.314,2,Kids,Mixed,0.443,0.608,0,0
ZC008432,34.0,Female,Germany,Tier 1,30,38,8,663.9,82.99,8,3.8,8,0.3,6,Women,Mixed,0.35,0.454,0,0
ZC008433,25.0,Female,UK,Tier 2,41,127,3,267.92,89.31,1,5.2,4,0.347,6,Kids,Mixed,0.223,0.13,0,0
ZC008434,30.0,Male,France,Tier 3,18,19,1,106.49,106.49,4,2.2,3,0.541,1,Women,Online,0.559,0.533,0,1
ZC008435,35.0,Female,USA,Tier 1,14,174,3,195.13,65.04,0,3.6,4,0.818,3,Women,Online,0.671,0.278,0,1
ZC008436,,Female,UK,Tier 2,39,57,4,350.85,87.71,3,1.4,9,0.407,2,Women,Store,0.712,0.143,0,0
ZC008437,39.0,Male,Spain,Tier 1,18,25,1,44.6,44.6,3,2.1,4,0.398,4,Beauty,Mixed,0.295,0.176,0,0
ZC008438,21.0,Female,UK,Tier 3,26,185,1,47.71,47.71,0,1.0,3,0.321,8,Home,Store,0.43,0.148,0,1
ZC008439,42.0,Female,UK,Tier 3,4,11,1,77.5,77.5,2,8.3,1,0.673,3,Men,Store,0.195,0.484,0,0
ZC008440,31.0,Female,Other,Tier 3,17,34,2,300.39,150.2,7,2.7,2,0.456,2,Kids,Mixed,0.628,0.257,0,0
ZC008441,22.0,Male,France,Tier 2,18,144,2,150.75,75.38,1,2.6,4,0.376,8,Home,Mixed,0.263,0.55,0,1
ZC008442,45.0,Female,Other,Tier 1,17,38,1,105.51,105.51,11,5.3,3,0.178,4,Women,Store,0.221,0.456,0,0
ZC008443,47.0,Female,Other,Tier 1,19,23,1,90.48,90.48,7,9.7,4,0.569,3,Men,Store,0.235,0.337,0,0
ZC008444,35.0,Female,Spain,Tier 1,38,103,2,146.59,73.3,1,4.6,3,0.832,1,Women,Store,0.336,0.414,0,1
ZC008445,39.0,Male,Germany,Tier 1,13,83,5,529.52,105.9,3,8.1,4,0.688,5,Kids,Store,0.43,0.225,0,0
ZC008446,40.0,Female,USA,Tier 2,30,107,1,80.74,80.74,1,2.1,4,0.371,4,Men,Store,0.456,0.507,0,1
ZC008447,46.0,Male,Other,Tier 1,6,92,7,636.04,90.86,2,7.4,1,0.403,2,Men,Online,0.406,0.348,0,0
ZC008448,39.0,Female,France,Tier 2,6,124,4,353.96,88.49,4,3.3,2,0.158,8,Beauty,Online,0.263,0.098,0,1
ZC008449,19.0,Female,Spain,Tier 2,9,78,1,84.41,84.41,0,5.3,2,0.497,7,Home,Store,0.307,0.138,0,0
ZC008450,52.0,Female,USA,Tier 1,11,65,2,246.39,123.2,1,6.7,4,0.402,2,Women,Mixed,0.201,0.314,0,0
ZC008451,43.0,Male,Italy,Tier 2,29,148,2,137.01,68.5,0,2.4,4,0.375,3,Women,Mixed,0.182,0.155,0,1
ZC008452,27.0,Female,Spain,Tier 1,19,251,1,75.57,75.57,1,2.9,5,0.267,7,Kids,Online,0.285,0.249,0,1
ZC008453,22.0,Female,UK,Tier 1,5,73,1,76.81,76.81,3,1.7,4,0.507,8,Women,Mixed,0.525,0.207,0,1
ZC008454,37.0,Male,Other,Tier 1,21,24,1,77.16,77.16,9,1.6,8,0.422,2,Women,Mixed,0.297,0.312,0,0
ZC008455,29.0,Female,Spain,Tier 1,21,45,3,276.86,92.29,8,2.0,2,0.215,8,Women,Mixed,0.573,0.288,0,0
ZC008456,35.0,Female,Italy,Tier 1,1,15,1,83.56,83.56,7,2.2,6,0.359,6,Kids,Store,0.577,0.68,0,1
ZC008457,39.0,Female,Italy,Tier 1,41,167,3,202.03,67.34,2,3.2,3,0.54,7,Home,Online,0.565,0.284,0,1
ZC008458,26.0,Female,USA,Tier 1,10,38,1,114.8,114.8,5,6.7,3,0.622,3,Men,Mixed,0.641,0.254,1,1
ZC008459,21.0,Female,Spain,Tier 1,29,37,6,546.76,91.13,4,1.0,3,0.624,4,Women,Mixed,0.201,0.152,0,0
ZC008460,36.0,Female,Spain,Tier 1,25,68,4,220.21,55.05,2,3.3,3,0.663,5,Men,Store,0.476,0.569,0,0
ZC008461,27.0,Female,Other,Tier 2,8,25,1,67.47,67.47,4,7.2,2,0.298,2,Kids,Store,0.364,0.066,0,0
ZC008462,33.0,Male,Italy,Tier 1,36,26,5,406.37,81.27,5,2.1,4,0.721,6,Beauty,Online,0.55,0.402,1,0
ZC008463,19.0,Female,UK,Tier 1,23,14,3,203.22,67.74,1,7.3,1,0.43,5,Kids,Online,0.153,0.751,1,0
ZC008464,29.0,Male,Other,Tier 1,36,17,5,359.6,71.92,7,7.2,2,0.427,5,Men,Store,0.487,0.117,0,0
ZC008465,39.0,Female,Spain,Tier 1,47,84,6,480.95,80.16,0,2.0,3,0.798,3,TRF,Mixed,0.342,0.426,1,1
ZC008466,38.0,Female,Spain,Tier 1,9,74,1,98.59,98.59,4,1.3,5,0.353,2,Men,Online,0.457,0.335,0,0
ZC008467,24.0,Female,USA,Tier 1,22,36,3,157.28,52.43,3,7.9,4,0.295,4,Women,Mixed,0.073,0.571,0,0
ZC008468,20.0,Male,Mexico,Tier 2,6,283,1,97.48,97.48,1,6.7,3,0.557,3,Home,Mixed,0.402,0.486,0,1
ZC008469,32.0,Male,UK,Tier 2,35,62,7,464.43,66.35,2,3.2,2,0.331,1,Home,Online,0.247,0.236,0,1
ZC008470,38.0,Female,Germany,Tier 3,5,162,1,46.26,46.26,1,6.1,3,0.541,1,Women,Mixed,0.495,0.285,0,1
ZC008471,36.0,Female,USA,Tier 3,7,46,2,161.87,80.94,3,2.3,2,0.677,2,Kids,Store,0.446,0.541,0,0
ZC008472,27.0,Female,Mexico,Tier 1,12,8,1,90.89,90.89,4,1.0,4,0.092,8,Women,Store,0.211,0.146,0,0
ZC008473,35.0,Female,Mexico,Tier 1,18,207,6,610.46,101.74,1,3.1,3,0.42,2,Women,Store,0.213,0.075,0,0
ZC008474,47.0,Female,UK,Tier 1,30,257,4,361.5,90.38,0,6.5,4,0.353,7,Women,Mixed,0.258,0.643,0,1
ZC008475,34.0,Male,USA,Tier 2,5,185,1,116.68,116.68,3,3.3,6,0.305,2,Women,Store,0.328,0.562,0,1
ZC008476,16.0,Male,Germany,Tier 2,22,71,5,409.38,81.88,0,10.2,5,0.568,3,Women,Online,0.632,0.143,0,0
ZC008477,34.0,Female,USA,Tier 1,12,83,4,323.28,80.82,0,5.3,1,0.537,2,Men,Store,0.335,0.401,0,0
ZC008478,52.0,Female,Spain,Tier 3,17,48,2,138.58,69.29,5,1.6,3,0.078,6,Women,Online,0.361,0.296,0,0
ZC008479,19.0,Female,Germany,Tier 1,40,141,3,221.71,73.9,2,6.2,6,0.474,8,Women,Mixed,0.401,0.191,0,0
ZC008480,32.0,Female,France,Tier 3,19,70,1,73.03,73.03,6,10.6,1,0.301,2,Men,Online,0.191,0.668,0,0
ZC008481,30.0,Female,Mexico,Tier 3,25,110,1,68.53,68.53,2,2.4,3,0.388,6,Women,Online,0.451,0.27,0,0
ZC008482,33.0,Male,USA,Tier 1,3,16,1,40.99,40.99,5,3.4,7,0.308,2,Women,Store,0.138,0.14,0,0
ZC008483,34.0,Female,USA,Tier 1,10,37,3,258.73,86.24,5,2.4,5,0.437,4,Men,Mixed,0.233,0.145,1,0
ZC008484,43.0,Female,Germany,Tier 1,18,114,4,366.73,91.68,2,1.9,2,0.428,5,Women,Online,0.306,0.312,0,0
ZC008485,33.0,Female,Italy,Tier 1,6,23,1,104.75,104.75,8,3.3,5,0.31,2,Men,Mixed,0.359,0.098,0,0
ZC008486,45.0,Female,UK,Tier 3,4,41,3,155.43,51.81,1,1.1,2,,2,Men,Store,0.257,0.521,0,0
ZC008487,31.0,Male,UK,Tier 3,10,57,1,96.63,96.63,6,6.7,2,0.174,3,Women,Store,0.197,0.525,0,0
ZC008488,28.0,Male,Spain,Tier 1,18,79,1,104.82,104.82,1,2.8,2,0.425,5,Kids,Online,0.235,0.106,0,0
ZC008489,25.0,Male,UK,Tier 1,29,28,3,176.85,58.95,4,2.1,2,0.467,3,Men,Mixed,0.525,0.571,0,0
ZC008490,16.0,Male,Other,Tier 2,29,115,2,103.34,51.67,3,11.2,1,,1,Home,Online,0.295,0.365,0,1
ZC008491,35.0,Female,Spain,Tier 2,16,67,1,96.5,96.5,1,1.5,3,0.212,5,Women,Online,0.321,0.477,0,0
ZC008492,53.0,Male,France,Tier 2,19,0,1,78.29,78.29,11,6.6,8,0.778,5,TRF,Online,0.58,0.382,0,0
ZC008493,37.0,Male,Spain,Tier 1,5,13,1,88.12,88.12,7,5.0,4,0.584,8,Men,Mixed,0.552,0.407,0,0
ZC008494,39.0,Female,USA,Tier 1,54,12,1,65.59,65.59,4,1.8,3,0.442,4,Women,Store,0.259,0.1,0,0
ZC008495,28.0,Female,Mexico,Tier 1,43,18,2,297.91,148.96,11,4.8,5,0.514,2,TRF,Store,0.151,0.26,0,0
ZC008496,30.0,Female,France,Tier 1,23,108,2,119.97,59.98,1,3.2,6,0.137,4,TRF,Store,0.375,0.056,0,1
ZC008497,42.0,Male,Spain,Tier 1,14,12,1,111.31,111.31,3,8.0,9,0.387,8,Men,Online,0.535,0.303,0,0
ZC008498,52.0,Female,UK,Tier 1,35,292,3,120.01,40.0,2,6.1,3,0.548,5,Women,Online,0.702,0.442,0,1
ZC008499,47.0,Male,Spain,Tier 1,55,18,5,300.33,60.07,4,8.7,4,0.427,6,Women,Online,0.129,0.407,1,0
ZC008500,40.0,Male,UK,Tier 2,25,38,3,312.28,104.09,5,6.1,4,0.189,5,Women,Online,0.466,0.545,0,0
ZC008501,32.0,Male,Mexico,Tier 1,29,68,2,246.34,123.17,2,6.7,6,0.346,5,Men,Mixed,0.354,0.19,0,0
ZC008502,34.0,Female,USA,Tier 3,12,25,2,199.78,99.89,5,7.9,3,0.645,7,Home,Mixed,0.874,0.225,0,0
ZC008503,24.0,Female,UK,Tier 1,6,38,2,166.82,83.41,8,2.9,7,,4,Women,Online,0.259,0.297,0,0
ZC008504,18.0,Male,France,Tier 2,16,21,1,58.06,58.06,2,10.0,7,0.367,1,Women,Online,0.401,0.034,0,0
ZC008505,21.0,Female,Other,Tier 1,27,32,6,731.92,121.99,3,3.2,4,0.641,8,Women,Online,0.244,0.601,0,0
ZC008506,32.0,Female,Spain,Tier 2,5,25,3,216.76,72.25,8,4.9,4,0.16,4,Men,Online,0.595,0.333,0,1
ZC008507,29.0,Male,France,Tier 1,52,62,4,403.32,100.83,0,3.7,6,0.7,6,Women,Mixed,0.44,0.587,0,0
ZC008508,17.0,Female,Spain,Tier 1,25,34,1,94.45,94.45,4,6.8,4,0.639,1,Women,Mixed,0.728,0.318,0,1
ZC008509,32.0,Female,Spain,Tier 3,29,3,4,375.97,93.99,9,5.8,5,0.644,2,Home,Online,0.265,0.064,0,0
ZC008510,29.0,Male,USA,Tier 1,3,257,1,55.24,55.24,1,8.4,5,0.169,5,Home,Mixed,0.475,0.45,0,1
ZC008511,20.0,Female,Italy,Tier 2,13,6,1,66.48,66.48,9,5.9,2,0.379,2,Men,Online,0.507,0.173,0,1
ZC008512,28.0,Male,Spain,Tier 2,19,88,1,104.15,104.15,1,12.5,3,0.318,1,Women,Online,0.485,0.286,0,1
ZC008513,29.0,Female,Other,Tier 1,7,24,3,211.39,70.46,3,3.0,5,0.594,3,Men,Store,0.369,0.402,0,0
ZC008514,26.0,Female,UK,Tier 1,60,65,8,1070.42,133.8,2,2.6,2,0.226,1,Women,Online,0.596,0.007,0,0
ZC008515,41.0,Female,Other,Tier 2,41,6,7,593.63,84.8,3,2.3,4,0.476,4,Women,Store,0.111,0.254,0,0
ZC008516,16.0,Female,USA,Tier 3,20,71,1,91.86,91.86,3,2.4,7,0.242,1,Women,Store,0.294,0.419,0,0
ZC008517,16.0,Female,USA,Tier 1,32,102,2,210.27,105.14,1,7.9,4,0.08,8,Women,Mixed,0.18,0.262,0,1
ZC008518,32.0,Male,Italy,Tier 2,14,59,1,61.14,61.14,5,7.3,3,0.533,3,Women,Mixed,0.106,0.039,0,1
ZC008519,33.0,Male,UK,Tier 2,37,60,2,198.57,99.28,3,3.9,6,,6,Men,Online,0.349,0.221,0,1
ZC008520,36.0,Female,France,Tier 2,17,20,1,56.47,56.47,5,12.4,4,0.447,3,Men,Online,0.299,0.431,0,0
ZC008521,27.0,Female,Mexico,Tier 2,50,40,3,326.26,108.75,8,4.0,6,0.529,4,Women,Store,0.286,0.034,0,0
ZC008522,23.0,Female,Germany,Tier 1,11,4,5,538.49,107.7,4,5.0,5,0.091,1,Women,Online,0.74,0.409,0,1
ZC008523,32.0,Female,Other,Tier 1,6,11,1,76.63,76.63,3,4.5,4,0.45,6,Women,Online,0.45,0.454,0,0
ZC008524,28.0,Female,Spain,Tier 3,18,119,2,90.6,45.3,0,8.3,3,0.863,8,Men,Online,0.472,0.281,0,1
ZC008525,48.0,Female,Germany,Tier 2,11,362,2,190.6,95.3,2,2.4,3,0.834,2,Home,Online,0.195,0.472,0,1
ZC008526,29.0,Female,Germany,Tier 1,25,84,6,578.45,96.41,1,2.3,4,,5,Home,Online,0.652,0.269,0,0
ZC008527,31.0,Female,Germany,Tier 2,9,63,1,57.92,57.92,0,1.5,3,0.235,2,Kids,Store,0.3,0.339,0,1
ZC008528,57.0,Female,Germany,Tier 1,60,2,4,282.22,70.56,8,4.3,3,0.459,6,TRF,Online,0.095,0.087,0,0
ZC008529,30.0,Male,Italy,Tier 1,6,59,1,104.39,104.39,8,1.0,3,0.475,7,Women,Mixed,0.673,0.425,0,0
ZC008530,38.0,Female,Other,Tier 1,25,12,1,57.18,57.18,6,11.8,4,0.824,5,Women,Mixed,0.492,0.37,0,0
ZC008531,38.0,Female,USA,Tier 1,14,75,1,55.11,55.11,0,1.7,6,0.447,4,Women,Online,0.125,0.156,0,0
ZC008532,39.0,Female,Spain,Tier 1,45,177,3,161.63,53.88,2,2.6,0,0.412,6,Women,Store,0.261,0.172,0,1
ZC008533,35.0,Female,Spain,Tier 1,15,21,1,64.47,64.47,5,4.3,6,0.427,8,Women,Store,0.163,0.218,0,0
ZC008534,34.0,Male,USA,Tier 2,15,51,2,167.51,83.76,5,1.8,4,0.052,4,Beauty,Online,0.349,0.325,0,0
ZC008535,33.0,Male,Germany,Tier 3,14,52,1,77.26,77.26,6,9.3,5,0.511,8,Women,Mixed,0.343,0.271,0,0
ZC008536,26.0,Male,UK,Tier 1,26,56,3,279.16,93.05,7,6.4,3,0.208,5,Men,Online,0.427,0.541,0,0
ZC008537,35.0,Female,USA,Tier 1,14,79,3,270.39,90.13,2,7.2,1,0.042,1,TRF,Online,0.341,0.432,0,1
ZC008538,52.0,Female,Other,Tier 3,12,21,1,113.72,113.72,8,3.6,2,0.365,3,Women,Online,0.392,0.122,0,0
ZC008539,44.0,Female,Other,Tier 1,6,12,1,104.4,104.4,5,1.6,3,,3,Men,Online,0.394,0.134,0,0
ZC008540,35.0,Female,France,Tier 1,10,203,4,236.64,59.16,0,6.2,3,0.278,6,Beauty,Store,0.358,0.492,0,1
ZC008541,41.0,Female,UK,Tier 1,31,74,3,200.04,66.68,1,3.4,2,0.106,6,Men,Mixed,0.483,0.163,0,0
ZC008542,23.0,Female,USA,Tier 3,11,149,1,96.97,96.97,2,6.6,4,0.419,3,Men,Online,0.189,0.223,0,1
ZC008543,29.0,Female,UK,Tier 1,21,134,3,279.86,93.29,2,8.5,4,0.381,1,Men,Mixed,0.567,0.09,0,1
ZC008544,,Female,UK,Tier 3,4,22,1,59.09,59.09,4,5.1,2,0.685,8,Kids,Store,0.221,0.558,0,0
ZC008545,47.0,Female,Spain,Tier 3,30,89,4,250.01,62.5,0,1.9,2,0.512,4,Women,Mixed,0.281,0.747,0,0
ZC008546,24.0,Female,Mexico,Tier 3,60,94,6,632.96,105.49,3,3.1,5,0.272,1,Women,Online,0.603,0.026,0,1
ZC008547,27.0,Female,UK,Tier 2,7,38,4,314.4,78.6,2,1.0,3,0.495,4,Kids,Store,0.393,0.135,0,0
ZC008548,54.0,Male,USA,Tier 2,9,23,1,89.96,89.96,4,5.6,4,0.512,6,Women,Mixed,0.279,0.235,0,0
ZC008549,,Female,Germany,Tier 3,15,38,2,139.99,70.0,9,9.7,4,0.51,7,TRF,Online,0.561,0.353,0,0
ZC008550,50.0,Female,UK,Tier 1,4,40,1,108.3,108.3,5,4.5,1,0.304,6,Men,Online,0.58,0.388,0,0
ZC008551,34.0,Female,USA,Tier 2,8,31,1,101.15,101.15,6,3.2,3,0.43,6,Men,Store,0.417,0.333,0,0
ZC008552,34.0,Female,USA,Tier 1,29,17,1,74.47,74.47,4,6.7,2,0.503,6,TRF,Store,0.383,0.493,0,0
ZC008553,29.0,Male,Spain,Tier 1,18,84,4,355.88,88.97,3,2.1,3,0.596,6,Women,Store,0.256,0.182,1,0
ZC008554,41.0,Female,France,Tier 1,18,12,2,111.54,55.77,5,9.5,4,0.451,4,Men,Store,0.462,0.381,0,0
ZC008555,46.0,Male,UK,Tier 3,4,106,1,75.44,75.44,1,3.9,4,0.022,4,Women,Online,0.288,0.074,0,1
ZC008556,22.0,Male,Spain,Tier 1,6,272,2,135.41,67.7,2,4.0,4,0.232,1,Women,Store,0.608,0.338,0,1
ZC008557,28.0,Female,Mexico,Tier 2,13,60,4,156.54,39.14,0,8.3,3,0.308,4,Women,Store,0.641,0.227,0,1
ZC008558,41.0,Male,Mexico,Tier 2,41,55,8,315.19,39.4,7,1.2,4,0.25,2,Men,Store,0.508,0.197,1,0
ZC008559,31.0,Female,France,Tier 2,12,32,1,109.17,109.17,2,11.0,2,0.228,3,Women,Store,0.084,0.196,0,0
ZC008560,27.0,Male,Other,Tier 1,21,120,3,242.13,80.71,1,7.3,2,0.346,3,Kids,Online,0.382,0.27,0,0
ZC008561,42.0,Female,France,Tier 2,11,45,3,229.03,76.34,9,5.1,3,0.585,1,Women,Store,0.175,0.173,0,0
ZC008562,43.0,Male,USA,Tier 2,18,55,1,81.56,81.56,5,1.0,2,0.404,4,Women,Online,0.32,0.058,0,0
ZC008563,28.0,Female,France,Tier 3,54,76,3,275.28,91.76,0,3.1,3,0.081,5,Women,Online,0.48,0.111,0,0
ZC008564,34.0,Female,USA,Tier 3,24,19,4,185.3,46.32,5,1.3,1,0.708,4,Home,Online,0.425,0.233,0,0
ZC008565,20.0,Male,UK,Tier 1,15,19,1,99.9,99.9,4,1.4,2,0.578,6,Kids,Mixed,0.25,0.692,0,0
ZC008566,23.0,Female,Other,Tier 1,28,34,3,346.32,115.44,11,6.0,4,0.637,6,Women,Online,0.474,0.171,0,0
ZC008567,33.0,Female,USA,Tier 2,27,29,1,65.12,65.12,11,2.1,4,0.386,2,Women,Mixed,0.267,0.446,0,0
ZC008568,32.0,Female,USA,Tier 1,25,185,2,105.68,52.84,3,8.7,5,0.178,7,Kids,Online,0.279,0.435,0,1
ZC008569,22.0,Female,Spain,Tier 2,12,57,1,79.64,79.64,4,8.7,2,0.508,8,Men,Online,0.132,0.563,0,0
ZC008570,25.0,Female,Other,Tier 2,5,15,1,96.79,96.79,8,6.6,0,0.258,3,TRF,Store,0.29,0.313,0,0
ZC008571,21.0,Female,Spain,Tier 1,16,37,1,50.96,50.96,10,3.7,3,0.445,8,Kids,Store,0.301,0.24,0,0
ZC008572,37.0,Female,Other,Tier 3,8,93,6,451.27,75.21,1,3.7,4,0.364,2,Women,Mixed,0.241,0.167,1,0
ZC008573,16.0,Male,Spain,Tier 1,7,162,1,111.59,111.59,0,7.8,4,0.307,7,Kids,Online,0.05,0.619,0,1
ZC008574,22.0,Female,Mexico,Tier 3,21,400,3,310.72,103.57,0,7.0,4,0.789,7,Women,Mixed,0.264,0.243,0,1
ZC008575,16.0,Male,USA,Tier 1,18,10,1,71.67,71.67,8,5.5,2,0.296,5,Women,Mixed,0.466,0.341,0,1
ZC008576,36.0,Female,USA,Tier 3,28,262,1,81.37,81.37,3,8.0,3,0.589,6,Men,Online,0.116,0.11,0,1
ZC008577,16.0,Male,USA,Tier 1,25,73,3,287.19,95.73,3,9.4,6,0.166,6,Women,Mixed,0.443,0.286,0,0
ZC008578,32.0,Male,Spain,Tier 1,27,160,7,136.15,19.45,3,3.8,3,0.51,8,Men,Store,0.391,0.239,0,1
ZC008579,48.0,Male,Spain,Tier 1,60,31,3,158.3,52.77,10,12.1,3,0.831,5,Kids,Online,0.172,0.187,0,0
ZC008580,49.0,Female,USA,Tier 2,13,152,5,433.13,86.63,6,8.6,4,0.733,8,Home,Mixed,0.45,0.298,0,1
ZC008581,16.0,Female,Germany,Tier 3,24,170,6,863.95,143.99,0,3.2,2,0.269,1,Men,Mixed,0.36,0.41,0,1
ZC008582,35.0,Male,France,Tier 2,21,109,1,89.7,89.7,3,8.1,4,0.316,5,Men,Online,0.226,0.717,0,1
ZC008583,22.0,Male,USA,Tier 2,3,228,1,112.95,112.95,2,7.0,1,0.429,8,Men,Mixed,0.329,0.327,0,1
ZC008584,20.0,Female,Italy,Tier 1,16,19,1,84.12,84.12,7,7.0,3,0.158,6,Men,Mixed,0.656,0.123,0,0
ZC008585,31.0,Female,Mexico,Tier 3,7,32,3,236.03,78.68,12,2.4,5,0.315,5,Women,Store,0.594,0.363,0,0
ZC008586,44.0,Male,Other,Tier 1,31,42,1,60.52,60.52,10,3.0,1,0.57,2,Men,Online,0.298,0.394,0,0
ZC008587,38.0,Female,UK,Tier 2,12,15,2,82.17,41.08,6,1.9,2,0.82,3,Women,Mixed,0.313,0.321,0,0
ZC008588,25.0,Female,UK,Tier 1,10,94,1,45.6,45.6,2,4.1,1,0.476,5,Women,Store,0.147,0.322,0,0
ZC008589,39.0,Male,Other,Tier 2,40,103,2,121.22,60.61,0,1.0,1,0.363,3,Women,Online,0.263,0.318,0,1
ZC008590,16.0,Female,Other,Tier 1,22,7,1,67.22,67.22,7,1.0,6,0.666,3,Women,Mixed,0.296,0.172,0,0
ZC008591,24.0,Female,Other,Tier 1,26,137,2,108.77,54.38,1,7.9,3,0.339,4,Women,Online,0.377,0.306,0,1
ZC008592,24.0,Female,Germany,Tier 1,21,108,2,53.16,26.58,1,4.7,2,0.43,8,Women,Store,0.069,0.568,0,0
ZC008593,33.0,Female,Germany,Tier 2,8,93,4,391.35,97.84,3,5.1,2,0.476,7,Men,Mixed,0.214,0.517,1,0
ZC008594,30.0,Female,Other,Tier 1,6,70,1,63.14,63.14,2,2.4,4,0.508,8,Women,Store,0.49,0.251,0,0
ZC008595,31.0,Male,UK,Tier 3,26,260,2,140.93,70.46,0,2.7,4,0.356,1,Men,Online,0.315,0.09,0,1
ZC008596,30.0,Female,USA,Tier 2,37,88,4,232.38,58.1,0,2.4,5,0.229,3,Women,Store,0.377,0.369,0,0
ZC008597,32.0,Male,Other,Tier 3,15,36,1,92.97,92.97,4,7.9,5,0.41,3,Kids,Store,0.147,0.307,0,0
ZC008598,37.0,Male,Other,Tier 1,38,28,6,217.23,36.2,7,8.3,1,0.503,3,Men,Online,0.087,0.071,0,0
ZC008599,33.0,Male,Spain,Tier 2,15,156,1,109.02,109.02,3,4.0,4,0.134,3,Women,Store,0.35,0.45,0,1
ZC008600,29.0,Female,Spain,Tier 1,13,32,2,127.71,63.86,2,1.7,1,,6,Men,Online,0.394,0.584,0,0
ZC008601,36.0,Female,Other,Tier 3,20,87,1,66.94,66.94,2,13.9,5,0.102,7,Women,Mixed,0.211,0.662,0,0
ZC008602,40.0,Male,USA,Tier 1,9,17,1,84.17,84.17,7,6.5,1,,7,Men,Mixed,0.285,0.076,0,0
ZC008603,26.0,Female,Italy,Tier 1,29,227,6,444.16,74.03,1,9.3,2,0.367,1,Women,Mixed,0.284,0.305,0,1
ZC008604,31.0,Female,Spain,Tier 1,39,146,4,414.44,103.61,4,4.1,9,0.487,7,Home,Store,0.209,0.285,0,0
ZC008605,44.0,Female,USA,Tier 1,8,155,1,80.22,80.22,3,5.0,10,0.464,2,Women,Store,0.075,0.565,0,1
ZC008606,21.0,Female,Italy,Tier 3,12,125,1,111.18,111.18,1,5.5,3,,4,Women,Mixed,0.389,0.028,0,0
ZC008607,50.0,Male,Other,Tier 1,39,61,6,545.12,90.85,2,3.2,1,0.446,7,Women,Store,0.314,0.303,0,0
ZC008608,19.0,Female,France,Tier 2,10,14,2,161.22,80.61,7,2.9,6,0.154,7,Women,Mixed,0.214,0.497,0,0
ZC008609,29.0,Female,Spain,Tier 1,10,16,1,73.81,73.81,6,2.6,0,0.265,5,Kids,Store,0.403,0.394,0,0
ZC008610,22.0,Female,USA,Tier 1,49,116,6,212.85,35.48,2,14.5,3,0.746,8,Women,Store,0.586,0.601,0,1
ZC008611,54.0,Female,USA,Tier 3,55,50,3,385.59,128.53,4,1.0,3,0.666,2,Men,Mixed,0.436,0.068,0,0
ZC008612,27.0,Female,Other,Tier 2,21,63,1,63.18,63.18,2,3.1,2,0.225,1,Women,Online,0.216,0.642,0,0
ZC008613,27.0,Male,UK,Tier 3,20,71,1,33.83,33.83,4,13.4,4,0.382,6,Women,Mixed,0.692,0.212,0,1
ZC008614,28.0,Male,Other,Tier 1,56,5,4,215.24,53.81,3,2.4,2,0.592,2,Women,Mixed,0.392,0.225,0,0
ZC008615,33.0,Male,Other,Tier 2,41,104,1,40.59,40.59,2,1.1,2,0.224,8,TRF,Store,0.376,0.072,0,0
ZC008616,29.0,Female,UK,Tier 2,57,52,4,249.07,62.27,6,4.0,3,0.48,7,Kids,Online,0.316,0.072,0,0
ZC008617,31.0,Female,Spain,Tier 2,12,198,2,178.38,89.19,1,3.5,4,0.664,8,Men,Online,0.685,0.544,0,1
ZC008618,16.0,Female,Other,Tier 1,14,52,1,30.09,30.09,4,1.0,4,0.722,1,Women,Mixed,0.304,0.574,0,0
ZC008619,33.0,Female,Spain,Tier 1,3,142,1,106.4,106.4,0,8.0,3,0.582,5,TRF,Mixed,0.54,0.305,0,1
ZC008620,32.0,Male,Other,Tier 1,4,133,1,57.86,57.86,2,5.1,4,0.365,2,Men,Store,0.107,0.334,0,1
ZC008621,,Male,UK,Tier 2,4,62,1,78.75,78.75,2,1.7,1,0.203,4,Women,Online,0.441,0.189,0,1
ZC008622,45.0,Female,USA,Tier 2,14,20,2,137.55,68.78,3,10.9,3,0.519,1,Women,Store,0.494,0.385,0,0
ZC008623,30.0,Female,UK,Tier 2,9,92,4,200.05,50.01,3,7.1,8,0.797,7,Home,Online,0.205,0.432,0,0
ZC008624,40.0,Male,USA,Tier 1,21,119,1,101.68,101.68,1,2.8,3,0.577,4,Women,Store,0.293,0.358,0,0
ZC008625,21.0,Female,Italy,Tier 2,11,272,1,38.57,38.57,1,9.2,5,0.313,6,TRF,Store,0.239,0.227,0,1
ZC008626,40.0,Male,France,Tier 1,45,129,5,546.47,109.29,1,6.3,3,0.15,1,Kids,Store,0.581,0.166,0,1
ZC008627,26.0,Male,USA,Tier 3,9,77,1,47.0,47.0,1,7.1,6,0.746,1,TRF,Online,0.465,0.739,0,0
ZC008628,20.0,Female,France,Tier 1,3,84,1,80.0,80.0,3,6.4,3,0.651,8,Men,Online,0.303,0.269,0,1
ZC008629,30.0,Male,UK,Tier 2,6,86,2,117.17,58.58,4,5.7,1,0.633,5,Men,Mixed,0.066,0.206,0,1
ZC008630,46.0,Male,Other,Tier 1,41,122,1,111.15,111.15,1,10.9,5,0.25,8,Beauty,Online,0.424,0.362,0,0
ZC008631,34.0,Male,Other,Tier 1,9,42,1,48.0,48.0,3,7.5,1,0.182,8,Home,Online,0.329,0.378,0,0
ZC008632,47.0,Female,Germany,Tier 1,30,76,1,119.59,119.59,1,2.2,2,0.476,2,Men,Store,0.575,0.572,0,1
ZC008633,25.0,Female,Other,Tier 1,21,7,1,119.3,119.3,4,1.5,4,0.143,2,Women,Online,0.275,0.354,0,0
ZC008634,42.0,Male,UK,Tier 1,37,24,7,356.59,50.94,10,12.0,3,0.15,7,Women,Store,0.213,0.612,0,0
ZC008635,25.0,Female,Spain,Tier 1,48,84,1,30.97,30.97,0,5.8,8,0.628,3,Women,Online,0.328,0.317,0,0
ZC008636,34.0,Female,Spain,Tier 1,22,167,4,276.56,69.14,0,3.2,2,0.214,5,Women,Store,0.498,0.137,0,1
ZC008637,34.0,Female,Other,Tier 3,22,74,1,80.24,80.24,0,1.7,0,0.3,4,Men,Mixed,0.012,0.337,0,0
ZC008638,39.0,Female,UK,Tier 1,2,132,2,152.01,76.0,1,11.4,6,0.305,7,TRF,Mixed,0.344,0.223,0,1
ZC008639,,Male,Other,Tier 1,19,137,4,242.18,60.54,2,3.3,4,0.16,5,Women,Store,0.354,0.189,0,0
ZC008640,25.0,Female,UK,Tier 2,13,128,1,95.85,95.85,1,13.4,3,0.616,7,Men,Store,0.401,0.088,0,1
ZC008641,41.0,Female,Spain,Tier 2,28,12,2,159.28,79.64,5,8.2,6,0.356,5,Women,Store,0.283,0.484,0,0
ZC008642,49.0,Female,France,Tier 1,30,35,6,231.06,38.51,7,1.8,2,0.267,5,Men,Store,0.212,0.252,1,0
ZC008643,26.0,Female,Germany,Tier 2,6,169,1,52.51,52.51,1,4.8,3,0.297,5,Kids,Online,0.185,0.252,1,1
ZC008644,16.0,Female,UK,Tier 3,16,59,3,283.89,94.63,9,7.3,3,0.303,1,Home,Store,0.306,0.465,0,0
ZC008645,37.0,Female,Other,Tier 1,43,66,4,327.18,81.8,0,3.3,0,0.139,8,TRF,Online,0.374,0.455,0,0
ZC008646,29.0,Female,Germany,Tier 1,30,75,4,255.57,63.89,2,11.1,1,0.771,3,Women,Online,0.368,0.465,0,0
ZC008647,31.0,Female,USA,Tier 1,24,204,4,161.35,40.34,0,2.7,3,0.175,2,Kids,Online,0.255,0.156,0,1
ZC008648,38.0,Female,Italy,Tier 3,26,29,2,206.19,103.1,10,2.6,3,0.585,7,TRF,Mixed,0.49,0.217,0,0
ZC008649,27.0,Female,USA,Tier 1,1,123,1,63.97,63.97,2,4.3,2,0.268,5,Men,Online,0.142,0.123,0,1
ZC008650,29.0,Female,Other,Tier 1,18,82,1,67.01,67.01,2,5.0,3,0.463,2,Women,Online,0.255,0.392,0,0
ZC008651,31.0,Female,USA,Tier 3,11,73,1,97.11,97.11,7,7.7,4,0.492,3,Women,Online,0.63,0.311,0,0
ZC008652,47.0,Male,Germany,Tier 3,48,38,5,240.32,48.06,7,7.9,5,0.166,4,Women,Online,0.169,0.277,0,0
ZC008653,32.0,Female,UK,Tier 1,60,103,5,492.84,98.57,1,8.7,3,0.148,3,Women,Store,0.106,0.637,1,1
ZC008654,20.0,Female,Spain,Tier 1,11,57,3,256.76,85.59,2,2.7,1,0.579,4,Kids,Mixed,0.592,0.391,0,0
ZC008655,20.0,Male,Germany,Tier 2,52,180,8,754.2,94.28,0,2.4,5,0.263,1,Men,Mixed,0.331,0.526,0,0
ZC008656,33.0,Male,UK,Tier 2,29,125,1,61.28,61.28,1,1.0,3,0.137,8,Beauty,Store,0.23,0.09,0,0
ZC008657,21.0,Female,Germany,Tier 1,1,109,1,93.47,93.47,2,1.0,2,,7,Women,Mixed,0.393,0.57,0,1
ZC008658,16.0,Female,France,Tier 1,44,151,2,35.43,17.72,1,8.4,3,0.431,5,Kids,Store,0.491,0.436,0,1
ZC008659,38.0,Male,Spain,Tier 3,37,31,6,272.84,45.47,5,6.8,2,0.778,5,Kids,Mixed,0.411,0.501,0,0
ZC008660,39.0,Female,USA,Tier 2,19,232,1,48.7,48.7,1,2.1,3,0.12,4,Women,Store,0.436,0.299,0,0
ZC008661,28.0,Male,Italy,Tier 1,29,84,3,171.25,57.08,0,8.6,4,0.191,5,Women,Online,0.287,0.317,0,0
ZC008662,35.0,Female,UK,Tier 3,31,62,1,89.59,89.59,0,1.8,3,0.569,7,TRF,Store,0.187,0.241,0,1
ZC008663,34.0,Male,UK,Tier 2,48,154,7,263.93,37.7,6,5.6,1,0.346,5,Women,Mixed,0.151,0.118,0,0
ZC008664,38.0,Male,Spain,Tier 3,49,30,5,527.0,105.4,5,3.6,3,0.642,2,Men,Store,0.467,0.065,0,0
ZC008665,38.0,Male,USA,Tier 1,13,70,1,81.82,81.82,1,2.3,8,0.118,1,Men,Online,0.447,0.359,0,0
ZC008666,16.0,Female,Germany,Tier 1,10,65,4,216.61,54.15,3,1.9,4,0.073,4,Men,Mixed,0.787,0.156,0,0
ZC008667,30.0,Male,Other,Tier 2,11,50,1,129.52,129.52,3,7.0,1,0.711,4,Women,Online,0.329,0.077,1,0
ZC008668,37.0,Female,France,Tier 1,10,127,1,42.47,42.47,1,5.6,4,0.557,1,Women,Mixed,0.239,0.24,0,1
ZC008669,28.0,Female,France,Tier 1,14,105,1,107.48,107.48,1,13.1,3,0.512,4,Women,Mixed,0.173,0.539,0,0
ZC008670,32.0,Male,UK,Tier 2,14,59,2,206.71,103.36,6,7.3,2,0.698,6,Women,Store,0.343,0.356,0,0
ZC008671,40.0,Female,Italy,Tier 2,9,173,1,30.53,30.53,1,6.0,6,0.389,5,Women,Store,0.434,0.532,1,1
ZC008672,33.0,Male,Mexico,Tier 1,16,84,1,53.76,53.76,4,20.0,3,0.348,5,Women,Online,0.31,0.27,0,0
ZC008673,47.0,Female,USA,Tier 1,44,98,2,227.39,113.7,0,1.0,4,0.674,5,Women,Online,0.2,0.366,0,0
ZC008674,43.0,Female,Italy,Tier 2,19,109,1,85.14,85.14,1,6.7,5,0.422,2,Men,Online,0.491,0.258,0,0
ZC008675,31.0,Female,USA,Tier 2,6,23,1,88.08,88.08,2,5.6,4,0.393,4,Women,Online,0.497,0.203,0,0
ZC008676,30.0,Female,Spain,Tier 1,11,61,3,228.18,76.06,2,7.6,4,0.53,1,Home,Online,0.425,0.506,0,0
ZC008677,16.0,Female,Spain,Tier 1,57,51,5,488.4,97.68,6,1.1,3,0.714,4,Women,Mixed,0.021,0.486,0,0
ZC008678,29.0,Female,Spain,Tier 1,42,42,2,94.3,47.15,3,10.4,7,0.501,2,Home,Online,0.141,0.295,0,0
ZC008679,18.0,Male,USA,Tier 2,9,48,1,101.08,101.08,5,2.7,5,0.465,3,Women,Store,0.306,0.22,1,0
ZC008680,34.0,Male,Spain,Tier 2,48,293,8,561.48,70.18,1,1.6,3,0.485,4,Men,Store,0.538,0.452,0,0
ZC008681,34.0,Male,Spain,Tier 2,32,38,1,65.05,65.05,5,3.5,9,0.308,7,Women,Store,0.146,0.483,0,0
ZC008682,39.0,Female,Spain,Tier 2,53,156,7,280.95,40.14,0,1.7,2,0.239,3,Kids,Store,0.166,0.064,0,0
ZC008683,46.0,Female,Spain,Tier 1,4,101,1,37.47,37.47,2,1.0,1,0.729,4,Women,Mixed,0.23,0.202,0,1
ZC008684,32.0,Male,USA,Tier 1,12,80,1,74.23,74.23,3,8.0,4,0.357,8,Women,Mixed,0.601,0.169,0,0
ZC008685,55.0,Female,Other,Tier 1,33,47,1,91.36,91.36,6,1.2,2,0.337,2,Home,Mixed,0.487,0.864,0,0
ZC008686,34.0,Female,France,Tier 1,26,10,4,310.36,77.59,6,5.3,4,0.137,7,Women,Store,0.42,0.195,0,0
ZC008687,19.0,Male,Spain,Tier 1,50,37,6,321.76,53.63,6,2.5,2,0.158,2,TRF,Store,0.359,0.378,0,0
ZC008688,26.0,Female,UK,Tier 1,38,48,5,319.13,63.83,6,8.6,1,0.116,7,Women,Online,0.385,0.504,0,0
ZC008689,28.0,Male,UK,Tier 3,4,63,3,209.39,69.8,3,3.1,3,0.499,5,Women,Mixed,0.231,0.198,0,0
ZC008690,38.0,Female,USA,Tier 2,28,181,1,62.08,62.08,0,7.4,6,0.576,4,Women,Store,0.238,0.373,0,1
ZC008691,23.0,Female,UK,Tier 3,39,55,2,179.99,90.0,4,2.1,1,,5,Home,Online,0.466,0.402,0,0
ZC008692,29.0,Female,USA,Tier 2,8,0,1,48.34,48.34,9,3.2,3,0.448,5,Men,Store,0.121,0.521,0,0
ZC008693,30.0,Male,France,Tier 2,21,127,2,117.92,58.96,2,23.0,1,0.348,2,Men,Store,0.222,0.13,0,0
ZC008694,28.0,Female,Italy,Tier 1,9,99,1,47.4,47.4,1,2.7,2,0.545,3,Women,Mixed,0.414,0.211,0,1
ZC008695,40.0,Male,UK,Tier 1,25,84,4,203.26,50.82,1,6.7,1,0.448,4,Home,Mixed,0.428,0.234,0,0
ZC008696,38.0,Female,Spain,Tier 2,16,131,1,118.06,118.06,1,2.2,4,0.528,1,Women,Online,0.261,0.226,0,1
ZC008697,44.0,Male,Spain,Tier 1,19,76,3,199.19,66.4,3,1.4,2,0.217,2,Women,Online,0.477,0.384,0,0
ZC008698,29.0,Female,Other,Tier 1,39,150,2,121.89,60.94,0,1.0,2,0.365,3,Men,Store,0.438,0.425,0,1
ZC008699,44.0,Female,Italy,Tier 2,13,135,5,432.02,86.4,0,1.2,6,0.563,2,Kids,Online,0.248,0.329,0,1
ZC008700,18.0,Male,Germany,Tier 1,15,101,1,93.3,93.3,2,8.5,5,0.512,1,TRF,Online,0.205,0.496,0,0
ZC008701,18.0,Male,Other,Tier 1,16,214,1,68.06,68.06,6,1.8,3,0.448,6,Kids,Store,0.488,0.198,0,1
ZC008702,20.0,Male,France,Tier 3,23,72,2,236.35,118.18,2,3.2,7,0.24,1,Men,Store,0.566,0.482,0,1
ZC008703,32.0,Female,Spain,Tier 2,13,42,3,168.75,56.25,6,3.9,6,0.418,2,Women,Store,0.602,0.65,0,1
ZC008704,44.0,Male,Italy,Tier 1,10,104,1,104.59,104.59,1,6.5,7,0.622,2,Home,Mixed,0.214,0.189,0,1
ZC008705,26.0,Female,USA,Tier 1,34,28,2,143.72,71.86,6,1.9,2,0.467,7,Men,Store,0.177,0.266,0,0
ZC008706,27.0,Male,Germany,Tier 3,15,19,1,75.12,75.12,7,5.9,4,0.538,2,Women,Online,0.602,0.292,0,0
ZC008707,30.0,Female,UK,Tier 3,18,42,1,92.51,92.51,7,5.1,3,0.236,8,Home,Online,0.615,0.343,0,0
ZC008708,38.0,Female,Spain,Tier 1,30,72,1,70.42,70.42,1,1.3,4,0.18,8,Beauty,Mixed,0.324,0.189,0,1
ZC008709,27.0,Female,Spain,Tier 1,12,32,1,94.63,94.63,6,2.2,3,0.437,1,Men,Store,0.133,0.309,0,0
ZC008710,27.0,Female,UK,Tier 2,6,66,3,265.26,88.42,0,3.4,3,0.738,2,Men,Online,0.068,0.364,1,0
ZC008711,19.0,Female,Germany,Tier 1,47,8,4,161.91,40.48,5,5.3,3,0.283,1,Women,Online,0.273,0.302,0,0
ZC008712,26.0,Male,USA,Tier 1,25,101,1,55.59,55.59,4,3.8,4,0.394,1,Women,Online,0.29,0.157,0,0
ZC008713,44.0,Male,Spain,Tier 1,19,69,5,517.41,103.48,1,1.0,2,0.367,7,Women,Online,0.28,0.302,1,0
ZC008714,,Female,UK,Tier 1,20,92,5,189.3,37.86,1,11.8,4,0.361,6,Women,Store,0.104,0.353,0,0
ZC008715,25.0,Female,Mexico,Tier 2,54,56,8,369.27,46.16,3,11.8,5,0.683,8,Men,Mixed,0.337,0.307,0,0
ZC008716,44.0,Male,Mexico,Tier 1,30,19,2,253.18,126.59,12,10.0,6,,1,Home,Mixed,0.234,0.157,0,0
ZC008717,26.0,Male,Italy,Tier 2,1,46,2,142.28,71.14,6,7.4,5,0.26,2,Women,Mixed,0.169,0.586,0,0
ZC008718,46.0,Female,UK,Tier 1,19,243,6,525.91,87.65,3,14.4,3,0.797,7,Women,Online,0.326,0.404,0,1
ZC008719,46.0,Male,UK,Tier 1,20,20,1,76.33,76.33,5,4.4,3,0.46,4,Women,Online,0.367,0.256,0,0
ZC008720,33.0,Female,USA,Tier 3,19,98,1,80.98,80.98,0,8.1,5,0.172,1,Kids,Store,0.24,0.309,0,1
ZC008721,17.0,Male,Spain,Tier 1,3,172,1,74.8,74.8,3,2.5,3,0.313,4,Men,Store,0.575,0.327,0,1
ZC008722,55.0,Male,Spain,Tier 1,7,12,1,67.19,67.19,6,9.1,5,0.408,8,Home,Online,0.128,0.399,0,1
ZC008723,36.0,Female,Other,Tier 1,4,157,4,440.36,110.09,1,4.7,3,0.182,1,TRF,Online,0.621,0.214,0,1
ZC008724,29.0,Female,France,Tier 3,59,121,5,222.35,44.47,2,2.3,0,,8,Kids,Store,0.305,0.082,0,0
ZC008725,42.0,Male,Spain,Tier 2,19,27,1,69.48,69.48,7,7.0,7,0.317,6,Kids,Mixed,0.413,0.139,0,0
ZC008726,39.0,Female,France,Tier 1,22,11,2,91.95,45.98,3,1.2,8,0.115,7,Men,Store,0.446,0.057,0,0
ZC008727,45.0,Female,USA,Tier 1,17,209,4,299.76,74.94,2,9.8,1,0.525,8,Women,Mixed,0.164,0.174,0,1
ZC008728,25.0,Female,UK,Tier 2,5,20,1,58.46,58.46,3,5.6,6,0.13,5,Women,Store,0.279,0.609,0,0
ZC008729,35.0,Male,Italy,Tier 2,9,36,1,100.98,100.98,8,1.8,3,0.577,6,Kids,Store,0.497,0.233,0,0
ZC008730,20.0,Female,Mexico,Tier 1,10,297,1,115.16,115.16,1,2.8,3,0.755,3,Kids,Mixed,0.541,0.272,0,1
ZC008731,39.0,Female,Italy,Tier 1,60,48,4,302.79,75.7,6,4.2,3,0.466,8,Women,Store,0.116,0.368,1,0
ZC008732,32.0,Male,Other,Tier 2,17,10,1,61.48,61.48,9,7.5,2,0.28,4,Men,Online,0.271,0.3,0,0
ZC008733,35.0,Male,USA,Tier 1,12,6,2,251.43,125.72,5,8.5,3,0.304,3,Women,Mixed,0.241,0.162,0,0
ZC008734,31.0,Female,Germany,Tier 2,38,61,2,131.61,65.81,0,3.1,3,0.22,3,Women,Store,0.29,0.109,0,0
ZC008735,29.0,Female,Other,Tier 1,15,52,2,141.31,70.66,7,3.3,4,0.312,3,Men,Online,0.167,0.045,0,1
ZC008736,23.0,Female,USA,Tier 2,6,22,1,82.2,82.2,5,13.0,0,0.199,6,TRF,Mixed,0.129,0.378,0,0
ZC008737,40.0,Female,Mexico,Tier 2,9,6,1,55.39,55.39,12,1.7,2,0.735,1,Kids,Mixed,0.368,0.129,0,0
ZC008738,47.0,Female,Other,Tier 3,38,61,1,66.56,66.56,3,6.2,6,0.242,3,Beauty,Mixed,0.671,0.345,0,0
ZC008739,26.0,Female,Germany,Tier 2,13,11,1,114.36,114.36,3,2.0,4,0.16,3,Women,Store,0.275,0.212,0,0
ZC008740,38.0,Female,USA,Tier 1,23,35,1,93.37,93.37,9,1.0,2,0.336,5,Women,Store,0.532,0.095,0,0
ZC008741,36.0,Female,USA,Tier 2,17,29,2,183.79,91.9,13,1.5,2,0.557,8,Women,Mixed,0.325,0.043,0,0
ZC008742,32.0,Female,Italy,Tier 2,31,25,6,609.7,101.62,6,5.7,3,0.638,5,Women,Store,0.213,0.223,0,0
ZC008743,17.0,Female,Other,Tier 1,15,13,1,86.79,86.79,4,5.7,4,0.603,1,Women,Online,0.206,0.228,0,0
ZC008744,19.0,Male,Spain,Tier 1,10,13,1,101.79,101.79,5,6.6,5,0.316,3,Women,Store,0.602,0.637,0,1
ZC008745,24.0,Female,USA,Tier 1,9,103,1,98.98,98.98,1,3.2,3,0.253,3,Kids,Mixed,0.349,0.229,0,0
ZC008746,16.0,Male,USA,Tier 2,34,90,2,162.42,81.21,1,8.1,4,0.418,5,Women,Online,0.353,0.519,0,0
ZC008747,46.0,Female,UK,Tier 1,12,3,4,524.95,131.24,5,4.8,4,0.56,2,Women,Online,0.214,0.484,0,0
ZC008748,36.0,Female,Mexico,Tier 1,22,149,1,66.12,66.12,1,2.2,5,0.345,6,Men,Store,0.271,0.265,0,0
ZC008749,32.0,Female,France,Tier 2,42,22,3,215.23,71.74,4,7.2,6,0.426,7,Women,Store,0.204,0.306,0,0
ZC008750,16.0,Female,France,Tier 3,19,19,1,92.04,92.04,4,3.2,3,0.247,8,Women,Mixed,0.255,0.113,0,0
ZC008751,16.0,Male,Germany,Tier 1,25,38,3,290.46,96.82,5,1.1,3,0.612,2,Men,Online,0.263,0.367,0,0
ZC008752,32.0,Female,France,Tier 1,12,30,4,296.81,74.2,4,6.5,4,0.635,2,Women,Store,0.496,0.249,0,0
ZC008753,52.0,Female,Italy,Tier 3,15,162,1,60.78,60.78,4,5.0,4,0.311,6,Women,Mixed,0.117,0.129,0,0
ZC008754,25.0,Female,Spain,Tier 3,42,68,6,432.33,72.05,4,4.2,1,0.48,5,Men,Store,0.288,0.171,0,0
ZC008755,41.0,Female,Spain,Tier 1,31,24,3,278.19,92.73,4,5.7,5,0.382,7,Men,Store,0.318,0.401,0,0
ZC008756,27.0,Female,Other,Tier 1,16,52,1,79.64,79.64,8,9.5,6,0.191,5,Men,Mixed,0.48,0.648,1,0
ZC008757,33.0,Female,UK,Tier 1,19,6,4,297.92,74.48,4,5.0,2,0.15,4,TRF,Store,0.435,0.531,0,0
ZC008758,44.0,Female,USA,Tier 1,16,51,1,103.27,103.27,6,1.9,2,0.417,7,Women,Online,0.242,0.706,0,0
ZC008759,29.0,Female,UK,Tier 1,29,12,5,336.45,67.29,7,4.0,4,0.453,6,Kids,Mixed,0.306,0.545,0,0
ZC008760,25.0,Male,Germany,Tier 2,12,133,3,269.62,89.87,2,7.1,5,0.692,3,Women,Online,0.181,0.317,0,0
ZC008761,46.0,Female,Spain,Tier 2,29,80,4,290.9,72.72,1,5.9,4,0.661,8,TRF,Store,0.411,0.396,0,0
ZC008762,32.0,Male,France,Tier 2,52,47,3,119.3,39.77,9,2.6,6,0.274,5,Women,Online,0.398,0.514,0,0
ZC008763,43.0,Female,Spain,Tier 3,21,137,1,93.79,93.79,2,2.5,2,0.552,2,Kids,Store,0.398,0.202,1,0
ZC008764,25.0,Female,Other,Tier 2,7,66,1,102.34,102.34,4,5.3,3,0.22,7,Men,Store,0.29,0.195,0,0
ZC008765,46.0,Female,France,Tier 1,17,158,1,90.07,90.07,0,4.5,6,0.525,5,Kids,Online,0.266,0.173,0,0
ZC008766,35.0,Female,Mexico,Tier 1,50,63,2,92.58,46.29,1,1.2,6,0.817,1,Women,Store,0.532,0.372,0,0
ZC008767,36.0,Female,Italy,Tier 2,19,84,1,74.38,74.38,2,3.2,6,0.55,5,Men,Online,0.248,0.349,0,0
ZC008768,,Male,Mexico,Tier 2,8,115,1,63.86,63.86,1,22.5,2,0.467,3,Beauty,Mixed,0.406,0.224,0,1
ZC008769,27.0,Male,USA,Tier 1,17,114,1,75.43,75.43,5,2.6,1,0.408,6,Women,Online,0.464,0.064,0,1
ZC008770,32.0,Female,Spain,Tier 1,45,10,4,313.05,78.26,13,5.0,6,0.391,5,Home,Mixed,0.189,0.456,0,0
ZC008771,28.0,Female,Other,Tier 2,12,24,1,79.32,79.32,6,4.5,4,0.342,3,Kids,Store,0.271,0.123,0,0
ZC008772,42.0,Male,Other,Tier 1,45,25,1,100.68,100.68,6,5.7,3,0.436,5,Women,Online,0.591,0.289,0,0
ZC008773,30.0,Male,Other,Tier 2,16,73,1,95.58,95.58,1,2.9,4,0.196,1,Women,Store,0.356,0.397,0,0
ZC008774,17.0,Female,Other,Tier 1,60,38,5,380.22,76.04,11,9.1,2,0.15,6,Kids,Mixed,0.414,0.212,0,0
ZC008775,16.0,Female,Germany,Tier 2,13,7,1,65.65,65.65,5,9.0,8,0.181,5,Women,Store,0.487,0.642,0,0
ZC008776,16.0,Male,France,Tier 1,10,23,1,91.35,91.35,5,3.3,2,0.363,7,Men,Mixed,0.141,0.318,0,0
ZC008777,38.0,Female,Mexico,Tier 1,2,20,1,123.13,123.13,7,3.7,3,0.325,2,Women,Store,0.461,0.268,0,0
ZC008778,20.0,Male,Spain,Tier 2,18,231,2,156.01,78.0,2,4.0,3,0.69,3,Kids,Online,0.17,0.248,0,1
ZC008779,35.0,Female,Mexico,Tier 1,15,190,3,181.55,60.52,1,7.6,2,0.098,1,Men,Online,0.27,0.583,0,1
ZC008780,33.0,Female,Mexico,Tier 1,49,117,1,62.63,62.63,1,9.4,4,0.559,3,Men,Store,0.259,0.37,0,0
ZC008781,31.0,Female,France,Tier 1,34,45,2,177.18,88.59,7,2.4,2,0.278,8,Kids,Mixed,0.207,0.399,0,0
ZC008782,36.0,Female,UK,Tier 1,44,93,1,85.02,85.02,1,2.3,5,0.121,2,Men,Store,0.468,0.088,1,0
ZC008783,34.0,Female,Germany,Tier 1,37,100,5,366.52,73.3,1,2.3,3,0.569,2,Women,Mixed,0.4,0.44,0,0
ZC008784,16.0,Female,Other,Tier 1,18,24,6,403.5,67.25,3,6.4,2,0.262,6,Women,Online,0.201,0.279,0,0
ZC008785,29.0,Female,USA,Tier 1,60,54,7,621.58,88.8,2,6.5,4,0.365,8,Men,Online,0.398,0.405,0,0
ZC008786,36.0,Female,USA,Tier 2,17,24,1,90.61,90.61,9,7.1,7,0.253,1,Women,Online,0.385,0.624,0,0
ZC008787,48.0,Male,Italy,Tier 3,25,6,2,155.91,77.96,6,8.1,2,0.461,3,Women,Online,0.219,0.023,0,0
ZC008788,49.0,Female,Other,Tier 1,60,73,6,553.75,92.29,2,7.2,4,0.82,1,Women,Online,0.449,0.514,0,0
ZC008789,18.0,Female,Germany,Tier 3,35,98,1,94.36,94.36,3,2.4,6,0.684,6,Men,Store,0.301,0.168,0,0
ZC008790,29.0,Female,Germany,Tier 3,21,44,2,195.81,97.9,5,2.0,2,0.529,6,Kids,Store,0.05,0.523,0,0
ZC008791,16.0,Male,Spain,Tier 2,28,158,2,127.26,63.63,2,5.9,3,0.387,4,Women,Online,0.534,0.276,0,1
ZC008792,47.0,Female,UK,Tier 2,12,99,1,55.21,55.21,3,1.5,1,0.088,6,TRF,Online,0.447,0.481,0,1
ZC008793,42.0,Female,Other,Tier 1,14,18,1,58.7,58.7,6,2.1,4,0.535,5,Kids,Store,0.378,0.106,0,0
ZC008794,36.0,Female,USA,Tier 1,25,43,2,164.17,82.08,5,4.4,3,0.188,1,Beauty,Online,0.589,0.241,0,1
ZC008795,34.0,Female,UK,Tier 3,8,9,1,76.02,76.02,4,13.2,4,0.895,7,Women,Store,0.381,0.367,0,0
ZC008796,46.0,Male,USA,Tier 3,11,131,1,65.79,65.79,4,3.7,3,0.083,1,Men,Mixed,0.109,0.475,0,1
ZC008797,44.0,Female,USA,Tier 1,3,112,1,86.56,86.56,0,8.4,2,0.46,3,Women,Mixed,0.164,0.087,0,1
ZC008798,44.0,Male,UK,Tier 1,19,72,1,51.42,51.42,2,2.3,5,0.221,4,Women,Online,0.074,0.192,0,1
ZC008799,37.0,Male,Mexico,Tier 1,21,76,2,124.91,62.46,0,2.5,4,,2,Men,Mixed,0.393,0.154,0,0
ZC008800,29.0,Male,UK,Tier 1,39,75,5,334.97,66.99,1,2.2,2,0.14,5,Home,Online,0.395,0.372,0,0
ZC008801,40.0,Male,Germany,Tier 3,9,91,1,104.9,104.9,1,5.4,3,0.73,3,Kids,Store,0.173,0.666,0,1
ZC008802,40.0,Female,UK,Tier 1,14,93,1,90.41,90.41,1,9.3,5,0.433,7,Women,Online,0.17,0.072,0,1
ZC008803,30.0,Female,Other,Tier 2,32,24,4,343.09,85.77,5,1.5,5,0.461,2,Beauty,Mixed,0.288,0.262,1,0
ZC008804,28.0,Female,USA,Tier 2,36,9,6,310.74,51.79,4,12.2,3,0.26,5,Women,Store,0.073,0.286,0,0
ZC008805,43.0,Female,Spain,Tier 1,35,113,2,116.52,58.26,0,15.3,2,,8,Women,Mixed,0.142,0.126,0,0
ZC008806,49.0,Male,UK,Tier 2,10,139,2,44.08,22.04,1,3.8,2,0.159,4,Women,Store,0.154,0.238,0,1
ZC008807,25.0,Female,Other,Tier 1,4,140,1,75.76,75.76,3,1.1,5,0.707,7,TRF,Store,0.184,0.401,0,1
ZC008808,29.0,Female,Italy,Tier 1,20,180,1,56.77,56.77,3,16.2,2,0.541,1,Home,Store,0.422,0.183,0,1
ZC008809,36.0,Male,Germany,Tier 1,18,174,1,39.88,39.88,1,1.7,3,0.321,2,Women,Mixed,0.165,0.169,0,0
ZC008810,37.0,Female,UK,Tier 1,21,108,3,288.44,96.15,1,8.7,2,0.639,5,Women,Mixed,0.585,0.232,0,1
ZC008811,27.0,Female,USA,Tier 2,24,30,1,53.13,53.13,8,3.1,3,0.234,4,Beauty,Mixed,0.427,0.598,0,0
ZC008812,51.0,Male,Other,Tier 1,27,8,4,349.87,87.47,6,8.1,6,,7,Men,Online,0.296,0.124,0,0
ZC008813,36.0,Female,UK,Tier 2,27,37,1,79.85,79.85,6,1.0,2,0.496,1,Women,Mixed,0.222,0.352,0,0
ZC008814,,Female,Italy,Tier 2,15,4,1,122.34,122.34,7,6.1,1,0.365,1,Women,Online,0.362,0.157,0,0
ZC008815,50.0,Female,Mexico,Tier 3,16,142,3,192.3,64.1,1,4.1,3,0.279,6,Kids,Store,0.339,0.388,0,1
ZC008816,28.0,Female,Germany,Tier 2,13,11,2,151.81,75.9,7,1.0,5,0.514,7,Women,Store,0.292,0.461,1,0
ZC008817,31.0,Female,USA,Tier 2,33,63,1,86.52,86.52,1,17.1,5,0.521,7,Men,Online,0.269,0.321,0,0
ZC008818,19.0,Female,USA,Tier 1,8,59,1,54.14,54.14,4,4.2,7,0.265,8,TRF,Store,0.434,0.51,0,0
ZC008819,30.0,Female,Spain,Tier 1,57,141,8,612.61,76.58,2,2.1,5,0.424,4,TRF,Mixed,0.062,0.36,0,0
ZC008820,17.0,Male,Other,Tier 2,19,88,2,190.33,95.16,0,6.8,1,0.452,8,Women,Mixed,0.426,0.398,0,0
ZC008821,39.0,Female,Other,Tier 2,18,32,5,407.81,81.56,6,2.8,2,0.148,3,Kids,Online,0.356,0.307,0,0
ZC008822,36.0,Female,UK,Tier 2,16,65,1,89.71,89.71,1,3.3,4,0.571,3,Home,Store,0.376,0.386,0,0
ZC008823,29.0,Female,Other,Tier 1,34,62,3,161.45,53.82,1,5.1,5,0.495,5,Beauty,Online,0.432,0.407,0,0
ZC008824,31.0,Female,USA,Tier 1,20,18,1,81.33,81.33,3,9.8,5,0.6,2,Kids,Store,0.317,0.274,0,0
ZC008825,40.0,Female,Spain,Tier 1,13,48,1,40.39,40.39,5,2.9,3,,7,Women,Mixed,0.299,0.44,0,0
ZC008826,21.0,Female,Spain,Tier 1,32,125,2,80.98,40.49,3,9.5,5,0.296,3,Home,Store,0.303,0.457,0,0
ZC008827,,Female,Other,Tier 2,12,69,4,413.37,103.34,1,5.8,5,,1,Women,Store,0.152,0.33,0,1
ZC008828,39.0,Male,USA,Tier 1,34,46,3,263.6,87.87,7,5.1,6,0.161,8,Men,Online,0.158,0.134,0,0
ZC008829,16.0,Female,Spain,Tier 1,5,72,3,282.21,94.07,0,3.2,4,0.511,1,Beauty,Online,0.465,0.736,0,0
ZC008830,39.0,Male,USA,Tier 1,44,12,8,646.09,80.76,2,5.5,4,0.098,2,Home,Store,0.219,0.253,0,0
ZC008831,16.0,Female,UK,Tier 2,11,140,3,227.37,75.79,0,3.5,4,0.161,5,Women,Store,0.362,0.13,0,1
ZC008832,31.0,Male,France,Tier 1,7,228,2,241.83,120.92,1,4.9,1,0.294,1,Women,Store,0.231,0.409,0,1
ZC008833,20.0,Female,USA,Tier 1,15,5,1,72.13,72.13,2,7.2,0,0.687,3,Women,Mixed,0.563,0.513,0,0
ZC008834,46.0,Male,Mexico,Tier 2,14,64,4,131.91,32.98,2,4.0,2,0.148,1,Home,Online,0.12,0.198,0,0
ZC008835,20.0,Male,Other,Tier 2,24,8,3,230.58,76.86,9,8.4,4,0.294,8,Women,Online,0.328,0.084,0,0
ZC008836,16.0,Female,USA,Tier 1,7,63,3,260.57,86.86,4,2.5,3,0.419,2,Women,Mixed,0.717,0.464,0,0
ZC008837,33.0,Female,Other,Tier 1,24,73,1,51.26,51.26,1,1.9,5,,1,Women,Mixed,0.536,0.535,0,1
ZC008838,28.0,Male,Mexico,Tier 1,15,97,3,184.23,61.41,4,9.8,3,0.691,1,Women,Store,0.124,0.119,0,0
ZC008839,17.0,Male,Other,Tier 2,20,62,2,230.83,115.42,2,6.3,3,0.756,1,Women,Online,0.631,0.152,0,1
ZC008840,37.0,Male,Spain,Tier 1,8,184,1,108.57,108.57,2,1.8,3,0.466,1,Women,Mixed,0.211,0.396,0,1
ZC008841,16.0,Female,Other,Tier 2,19,92,1,81.52,81.52,0,13.8,4,0.347,6,Men,Online,0.441,0.533,0,1
ZC008842,22.0,Female,Germany,Tier 1,11,30,2,107.96,53.98,5,10.5,6,0.366,5,Women,Mixed,0.306,0.166,0,0
ZC008843,26.0,Female,Spain,Tier 2,5,36,1,84.66,84.66,3,12.9,2,0.384,3,Home,Online,0.309,0.445,0,0
ZC008844,40.0,Male,Mexico,Tier 2,29,34,1,93.37,93.37,1,6.1,3,0.495,4,Kids,Mixed,0.487,0.461,0,0
ZC008845,45.0,Female,USA,Tier 2,10,18,1,81.24,81.24,9,2.8,5,0.333,5,Kids,Store,0.078,0.185,0,0
ZC008846,43.0,Female,Mexico,Tier 1,24,62,3,247.45,82.48,1,5.4,2,0.263,8,Women,Online,0.643,0.162,0,1
ZC008847,30.0,Female,Germany,Tier 1,10,37,3,373.52,124.51,8,4.3,4,0.235,1,Women,Mixed,0.347,0.358,0,0
ZC008848,16.0,Female,France,Tier 1,19,110,2,145.17,72.58,1,5.6,10,0.419,1,Kids,Mixed,0.381,0.184,0,0
ZC008849,36.0,Male,Spain,Tier 1,60,74,6,433.31,72.22,2,4.4,1,0.618,8,Men,Store,0.226,0.143,0,0
ZC008850,47.0,Female,Other,Tier 1,38,278,3,214.49,71.5,1,4.6,5,0.217,2,Kids,Mixed,0.704,0.184,0,1
ZC008851,44.0,Male,Spain,Tier 1,53,25,4,200.34,50.08,5,6.5,3,0.576,1,Kids,Store,0.248,0.159,0,0
ZC008852,37.0,Female,Other,Tier 2,39,124,3,282.34,94.11,2,7.5,2,0.452,7,Men,Store,0.391,0.032,0,0
ZC008853,20.0,Female,Italy,Tier 2,18,29,1,83.74,83.74,8,2.8,4,0.255,2,Women,Store,0.41,0.309,0,0
ZC008854,27.0,Female,Spain,Tier 2,34,42,2,36.6,18.3,5,6.3,3,0.325,2,Women,Store,0.218,0.231,0,0
ZC008855,51.0,Female,France,Tier 1,16,12,2,123.88,61.94,8,4.4,3,0.424,8,Women,Store,0.166,0.439,0,0
ZC008856,18.0,Female,Other,Tier 2,7,46,2,239.5,119.75,2,7.6,6,0.323,1,Beauty,Online,0.227,0.5,1,0
ZC008857,21.0,Male,Other,Tier 2,22,20,3,186.43,62.14,6,2.0,0,0.403,5,Men,Mixed,0.125,0.572,0,0
ZC008858,41.0,Female,Spain,Tier 2,5,332,1,50.09,50.09,3,3.9,1,0.246,3,Kids,Store,0.411,0.593,0,1
ZC008859,28.0,Female,USA,Tier 1,16,76,4,289.52,72.38,2,7.0,2,0.513,8,Kids,Store,0.453,0.249,0,0
ZC008860,20.0,Male,USA,Tier 3,41,94,6,462.09,77.02,3,3.9,4,0.182,6,Kids,Online,0.171,0.244,0,0
ZC008861,47.0,Female,Mexico,Tier 1,36,38,3,218.22,72.74,5,4.5,4,0.757,1,Women,Online,0.458,0.369,0,0
ZC008862,37.0,Female,USA,Tier 1,16,251,4,197.02,49.26,2,2.7,4,0.648,2,Women,Online,0.417,0.104,0,1
ZC008863,28.0,Female,Spain,Tier 1,53,136,7,705.44,100.78,0,2.6,3,0.392,2,Men,Mixed,0.496,0.556,0,0
ZC008864,21.0,Female,UK,Tier 1,26,84,2,186.76,93.38,2,2.4,5,0.382,4,Women,Store,0.506,0.585,0,1
ZC008865,52.0,Female,Other,Tier 3,30,38,1,119.6,119.6,1,1.0,2,0.358,5,Women,Online,0.134,0.275,0,0
ZC008866,32.0,Female,USA,Tier 2,14,205,1,69.83,69.83,0,5.8,4,0.369,8,Women,Mixed,0.491,0.315,0,1
ZC008867,46.0,Female,Italy,Tier 3,33,77,3,213.06,71.02,2,2.6,2,0.401,3,Women,Store,0.555,0.327,0,0
ZC008868,41.0,Female,Spain,Tier 3,17,81,1,96.77,96.77,2,1.0,4,0.277,8,Men,Mixed,0.397,0.086,0,1
ZC008869,27.0,Female,Germany,Tier 2,9,100,1,118.7,118.7,4,4.8,3,0.68,5,Men,Store,0.279,0.438,0,1
ZC008870,27.0,Female,Germany,Tier 2,26,175,1,110.49,110.49,4,4.1,6,0.507,3,Men,Online,0.682,0.158,0,1
ZC008871,46.0,Female,Other,Tier 3,19,170,1,84.64,84.64,2,7.7,7,0.33,2,Men,Store,0.295,0.035,0,0
ZC008872,47.0,Female,Italy,Tier 1,18,25,1,54.25,54.25,8,3.4,5,0.583,1,Women,Online,0.378,0.337,0,0
ZC008873,16.0,Female,Spain,Tier 1,28,75,1,87.92,87.92,2,1.0,4,0.294,4,Men,Mixed,0.321,0.198,0,0
ZC008874,37.0,Female,UK,Tier 1,5,63,2,143.0,71.5,2,2.0,3,0.17,1,Home,Store,0.265,0.399,0,1
ZC008875,31.0,Male,Spain,Tier 2,12,77,3,294.04,98.01,2,4.2,0,0.682,5,Men,Mixed,0.258,0.362,0,0
ZC008876,22.0,Female,USA,Tier 2,24,154,3,138.78,46.26,1,4.4,3,0.461,4,Women,Mixed,0.217,0.481,0,1
ZC008877,35.0,Female,Other,Tier 1,8,194,1,65.63,65.63,1,7.6,2,0.64,4,Women,Mixed,0.321,0.241,0,0
ZC008878,19.0,Female,UK,Tier 2,10,26,1,91.96,91.96,6,3.0,0,0.285,7,Women,Online,0.434,0.297,0,0
ZC008879,27.0,Female,Other,Tier 2,33,35,4,310.67,77.67,4,2.2,7,0.276,8,TRF,Online,0.578,0.355,0,0
ZC008880,24.0,Female,Spain,Tier 1,7,45,3,164.34,54.78,5,3.2,4,0.19,7,Home,Mixed,0.034,0.578,0,0
ZC008881,27.0,Female,Other,Tier 2,38,158,7,671.81,95.97,1,4.3,2,0.395,7,Women,Online,0.427,0.134,0,1
ZC008882,31.0,Female,Other,Tier 3,28,144,2,136.99,68.5,0,6.6,2,0.286,7,Beauty,Mixed,0.252,0.236,0,0
ZC008883,22.0,Male,Germany,Tier 1,30,1,3,222.93,74.31,7,1.2,5,0.425,5,Men,Online,0.218,0.417,0,0
ZC008884,,Female,Spain,Tier 1,7,85,2,152.5,76.25,2,1.0,4,0.206,7,Women,Online,0.548,0.21,0,0
ZC008885,37.0,Female,Other,Tier 2,39,11,2,171.89,85.94,5,11.4,3,0.135,7,Women,Store,0.441,0.294,0,0
ZC008886,50.0,Female,Other,Tier 1,22,48,1,95.13,95.13,6,1.1,0,0.327,2,Women,Online,0.359,0.344,0,0
ZC008887,30.0,Female,USA,Tier 1,54,5,6,719.4,119.9,14,1.0,6,0.186,8,Men,Store,0.485,0.267,0,0
ZC008888,27.0,Female,Other,Tier 3,29,59,4,435.39,108.85,2,6.5,2,0.584,3,Women,Mixed,0.131,0.246,0,0
ZC008889,50.0,Male,Other,Tier 1,18,61,1,72.03,72.03,0,1.6,2,0.631,3,Women,Online,0.154,0.145,0,1
ZC008890,26.0,Female,USA,Tier 1,6,25,1,84.34,84.34,5,1.5,6,0.478,2,Women,Online,0.312,0.107,0,0
ZC008891,30.0,Female,UK,Tier 3,25,58,1,42.52,42.52,2,7.1,3,0.646,5,Women,Online,0.685,0.14,0,0
ZC008892,39.0,Male,USA,Tier 2,35,45,3,287.46,95.82,5,1.0,4,0.528,4,Kids,Mixed,0.314,0.115,0,0
ZC008893,20.0,Female,France,Tier 1,32,73,2,217.18,108.59,4,10.8,6,0.235,7,Men,Store,0.159,0.388,0,0
ZC008894,39.0,Female,Other,Tier 1,8,19,1,43.63,43.63,5,13.9,4,0.722,6,Kids,Online,0.242,0.274,0,0
ZC008895,38.0,Female,Other,Tier 1,52,86,6,383.06,63.84,2,1.3,3,0.482,6,Home,Mixed,0.408,0.267,1,0
ZC008896,45.0,Male,USA,Tier 1,12,33,1,76.24,76.24,4,1.1,7,0.494,4,Men,Online,0.336,0.194,0,0
ZC008897,41.0,Female,France,Tier 3,37,15,1,75.97,75.97,10,4.6,1,0.315,3,Women,Mixed,0.192,0.145,0,0
ZC008898,45.0,Male,France,Tier 1,10,21,5,481.79,96.36,5,7.7,4,0.27,3,Women,Mixed,0.394,0.342,0,0
ZC008899,31.0,Male,UK,Tier 1,9,221,1,94.29,94.29,2,1.3,2,0.362,3,Women,Mixed,0.551,0.362,0,1
ZC008900,23.0,Female,Italy,Tier 2,10,8,1,35.68,35.68,5,2.9,0,0.264,3,Women,Mixed,0.429,0.128,0,0
ZC008901,53.0,Female,Germany,Tier 3,10,25,1,53.51,53.51,8,4.2,4,0.269,1,Home,Online,0.165,0.493,0,0
ZC008902,17.0,Male,USA,Tier 2,6,66,1,75.25,75.25,2,1.1,5,0.575,8,Home,Online,0.2,0.028,0,0
ZC008903,18.0,Male,USA,Tier 1,8,63,1,61.69,61.69,3,9.7,3,0.472,4,Women,Mixed,0.124,0.522,0,1
ZC008904,38.0,Male,Other,Tier 1,2,55,1,92.14,92.14,13,1.4,3,0.572,2,Men,Store,0.774,0.595,0,1
ZC008905,48.0,Female,USA,Tier 3,4,27,1,88.02,88.02,9,5.9,4,0.46,7,TRF,Mixed,0.513,0.076,0,0
ZC008906,34.0,Male,UK,Tier 2,60,35,6,183.61,30.6,4,6.2,3,0.262,8,Women,Store,0.163,0.514,0,0
ZC008907,42.0,Male,Other,Tier 2,23,45,1,61.44,61.44,13,5.2,3,0.402,7,Women,Store,0.34,0.106,0,0
ZC008908,16.0,Male,Other,Tier 1,18,11,1,55.47,55.47,7,2.8,4,0.417,5,Home,Mixed,0.382,0.368,0,0
ZC008909,27.0,Female,Italy,Tier 2,23,206,3,260.61,86.87,2,3.8,1,0.466,8,Men,Mixed,0.345,0.684,0,1
ZC008910,16.0,Male,USA,Tier 3,13,29,1,85.0,85.0,8,3.1,2,0.211,5,Women,Mixed,0.18,0.355,0,0
ZC008911,40.0,Male,Germany,Tier 1,18,119,2,132.19,66.1,1,1.0,5,,8,Men,Online,0.221,0.22,0,1
ZC008912,17.0,Male,Germany,Tier 1,14,68,2,111.93,55.96,1,1.0,4,0.245,6,Men,Online,0.155,0.301,0,1
ZC008913,19.0,Male,UK,Tier 1,27,84,3,342.33,114.11,2,9.0,2,0.407,4,Women,Online,0.427,0.502,0,0
ZC008914,37.0,Male,Spain,Tier 2,34,80,2,119.91,59.96,0,4.9,6,0.541,7,Men,Store,0.483,0.257,0,1
ZC008915,43.0,Female,USA,Tier 1,11,15,2,137.35,68.68,7,3.5,3,0.918,7,TRF,Online,0.492,0.127,0,0
ZC008916,30.0,Female,France,Tier 1,8,152,1,39.98,39.98,0,3.6,2,0.234,7,Women,Online,0.081,0.709,0,1
ZC008917,38.0,Female,Other,Tier 2,12,6,2,167.18,83.59,7,1.0,1,0.086,6,Men,Store,0.125,0.508,0,0
ZC008918,37.0,Male,Italy,Tier 2,11,24,1,71.51,71.51,5,4.6,4,0.492,5,Women,Store,0.311,0.398,0,0
ZC008919,30.0,Female,Spain,Tier 1,27,64,1,91.06,91.06,0,13.9,2,0.255,1,Women,Store,0.475,0.616,0,0
ZC008920,21.0,Female,USA,Tier 3,19,44,2,111.32,55.66,5,4.4,4,0.274,5,Men,Online,0.563,0.336,0,1
ZC008921,38.0,Male,France,Tier 1,9,26,1,85.9,85.9,6,2.0,5,0.441,1,Beauty,Online,0.374,0.374,0,0
ZC008922,38.0,Male,UK,Tier 1,60,141,8,971.54,121.44,2,3.0,7,0.858,5,Women,Online,0.467,0.49,0,0
ZC008923,41.0,Male,Spain,Tier 2,3,91,4,96.89,24.22,0,5.5,3,0.552,4,Kids,Online,0.39,0.321,0,1
ZC008924,,Male,Other,Tier 2,30,74,1,88.48,88.48,1,9.0,5,0.262,5,Women,Mixed,0.5,0.358,0,0
ZC008925,20.0,Female,Other,Tier 2,11,48,1,44.09,44.09,8,9.8,4,0.496,5,Men,Store,0.168,0.563,0,0
ZC008926,39.0,Female,Other,Tier 2,14,90,2,181.81,90.9,1,2.4,6,0.623,6,Men,Store,0.703,0.286,0,1
ZC008927,32.0,Female,UK,Tier 2,25,119,3,274.04,91.35,1,3.0,3,0.203,5,Kids,Store,0.187,0.307,0,1
ZC008928,27.0,Male,Other,Tier 2,1,32,1,56.64,56.64,5,10.5,4,0.328,8,Women,Online,0.387,0.206,0,0
ZC008929,29.0,Female,Italy,Tier 3,25,14,3,193.43,64.48,6,3.4,5,0.297,4,Kids,Online,0.208,0.065,0,0
ZC008930,25.0,Female,France,Tier 3,33,11,4,313.98,78.5,4,5.9,4,0.336,8,TRF,Store,0.138,0.394,0,0
ZC008931,41.0,Male,Spain,Tier 1,39,161,2,142.46,71.23,1,5.3,4,0.409,8,Women,Online,0.528,0.211,0,1
ZC008932,18.0,Female,USA,Tier 2,10,17,1,49.59,49.59,5,7.3,4,0.675,7,Men,Online,0.372,0.303,0,0
ZC008933,22.0,Male,USA,Tier 1,30,18,1,74.45,74.45,4,8.1,3,0.517,2,Beauty,Online,0.183,0.255,0,0
ZC008934,29.0,Female,Other,Tier 2,36,116,1,70.17,70.17,0,13.7,2,0.439,2,Women,Mixed,0.43,0.414,0,0
ZC008935,48.0,Male,Germany,Tier 1,35,62,1,64.69,64.69,1,7.6,3,0.549,7,Women,Online,0.125,0.42,0,0
ZC008936,43.0,Female,Other,Tier 1,21,218,1,99.6,99.6,0,5.7,3,0.694,3,Women,Store,0.263,0.423,0,0
ZC008937,16.0,Male,France,Tier 3,41,40,5,417.69,83.54,6,1.7,8,0.096,5,Kids,Online,0.266,0.148,0,0
ZC008938,46.0,Male,Spain,Tier 2,60,62,6,306.14,51.02,0,11.7,1,0.504,4,Kids,Mixed,0.45,0.116,0,0
ZC008939,45.0,Female,UK,Tier 1,18,48,2,182.38,91.19,6,2.9,3,0.24,2,Women,Online,0.214,0.05,0,0
ZC008940,20.0,Female,Spain,Tier 1,10,159,1,79.91,79.91,0,6.9,1,0.446,7,Beauty,Online,0.392,0.371,0,1
ZC008941,16.0,Male,Other,Tier 1,22,56,6,626.59,104.43,8,5.1,3,0.542,4,Women,Mixed,0.281,0.408,0,0
ZC008942,31.0,Female,USA,Tier 2,13,47,1,77.74,77.74,4,8.0,0,0.587,7,Beauty,Online,0.434,0.162,0,0
ZC008943,43.0,Male,USA,Tier 1,12,52,1,67.4,67.4,4,2.1,8,0.254,4,Women,Store,0.399,0.316,0,0
ZC008944,48.0,Female,France,Tier 2,55,1,5,456.93,91.39,4,4.7,2,0.103,1,Home,Store,0.302,0.246,0,0
ZC008945,23.0,Male,Mexico,Tier 2,15,6,1,56.89,56.89,7,2.2,3,0.427,1,Beauty,Online,0.354,0.566,0,0
ZC008946,50.0,Female,France,Tier 2,14,22,1,56.29,56.29,6,4.3,5,,3,Women,Online,0.224,0.356,0,0
ZC008947,16.0,Female,Spain,Tier 1,12,67,1,94.27,94.27,2,5.9,4,0.524,6,Kids,Store,0.205,0.047,0,0
ZC008948,28.0,Female,Italy,Tier 2,24,93,1,89.14,89.14,2,3.7,6,0.587,7,Men,Online,0.293,0.405,0,0
ZC008949,28.0,Female,Spain,Tier 2,28,101,5,271.58,54.32,1,2.8,4,0.315,2,Women,Online,0.285,0.29,0,0
ZC008950,44.0,Female,Germany,Tier 1,44,91,4,129.89,32.47,0,11.0,0,0.392,6,Kids,Online,0.385,0.367,0,0
ZC008951,45.0,Male,Germany,Tier 1,8,81,5,471.1,94.22,1,2.0,3,0.341,3,Men,Mixed,0.621,0.49,0,1
ZC008952,42.0,Male,USA,Tier 2,43,50,6,560.54,93.42,8,1.8,3,0.328,1,TRF,Store,0.347,0.183,0,0
ZC008953,18.0,Male,UK,Tier 1,9,93,1,95.35,95.35,0,3.4,4,0.638,4,Home,Store,0.384,0.269,0,1
ZC008954,41.0,Male,Spain,Tier 1,8,49,1,111.99,111.99,10,1.0,5,0.482,2,Men,Mixed,0.201,0.36,0,0
ZC008955,37.0,Female,USA,Tier 1,17,196,4,303.72,75.93,1,5.3,6,,5,Kids,Mixed,0.41,0.143,0,1
ZC008956,16.0,Female,Germany,Tier 1,9,58,1,73.37,73.37,5,7.5,5,0.28,6,Men,Store,0.804,0.135,0,1
ZC008957,16.0,Male,USA,Tier 2,24,21,1,86.59,86.59,8,10.7,4,0.675,7,Home,Store,0.362,0.274,0,0
ZC008958,42.0,Female,Spain,Tier 3,12,380,3,244.95,81.65,2,4.6,4,0.302,4,Women,Mixed,0.055,0.021,0,1
ZC008959,30.0,Female,Italy,Tier 2,33,2,6,234.37,39.06,6,7.7,3,0.396,2,Women,Online,0.183,0.198,0,0
ZC008960,19.0,Male,Italy,Tier 1,27,38,5,356.89,71.38,4,2.0,4,0.359,8,Women,Online,0.594,0.199,0,0
ZC008961,30.0,Male,Other,Tier 1,29,61,3,242.57,80.86,1,3.0,4,0.852,8,Men,Online,0.432,0.39,0,0
ZC008962,36.0,Female,Other,Tier 1,23,62,4,213.12,53.28,0,2.5,9,0.666,4,Women,Online,0.198,0.261,0,0
ZC008963,31.0,Female,France,Tier 2,22,29,3,311.86,103.95,11,1.7,4,0.102,7,Women,Online,0.587,0.146,0,0
ZC008964,16.0,Female,UK,Tier 2,11,33,1,78.75,78.75,6,1.7,5,0.679,8,Women,Online,0.223,0.291,0,0
ZC008965,51.0,Male,Germany,Tier 3,12,83,3,339.88,113.29,3,2.0,3,0.093,5,Women,Online,0.355,0.151,0,1
ZC008966,42.0,Female,Mexico,Tier 1,13,6,1,57.4,57.4,4,2.3,5,0.675,6,TRF,Mixed,0.454,0.406,0,0
ZC008967,29.0,Male,UK,Tier 1,32,72,6,545.93,90.99,2,2.9,4,0.386,3,Home,Mixed,0.206,0.572,0,0
ZC008968,29.0,Female,Other,Tier 2,24,168,1,100.37,100.37,0,5.3,3,0.365,7,TRF,Mixed,0.292,0.556,0,0
ZC008969,36.0,Female,Germany,Tier 1,13,48,1,59.7,59.7,6,1.0,5,0.112,8,Women,Online,0.398,0.399,0,0
ZC008970,21.0,Female,USA,Tier 1,19,122,1,95.13,95.13,5,5.0,7,0.457,7,Men,Online,0.448,0.48,0,0
ZC008971,35.0,Female,Mexico,Tier 1,43,70,5,381.16,76.23,1,4.5,1,0.402,6,Women,Online,0.619,0.138,1,0
ZC008972,19.0,Male,USA,Tier 1,1,11,4,247.91,61.98,5,4.9,3,0.482,1,TRF,Store,0.452,0.425,0,0
ZC008973,31.0,Female,Other,Tier 1,17,3,3,251.29,83.76,8,8.0,3,0.208,8,Women,Mixed,0.362,0.225,0,0
ZC008974,20.0,Male,USA,Tier 1,19,57,2,130.0,65.0,4,5.1,1,0.28,2,Women,Online,0.228,0.295,1,0
ZC008975,21.0,Female,Italy,Tier 2,12,10,1,65.61,65.61,7,6.4,4,0.423,3,Kids,Online,0.663,0.648,0,1
ZC008976,48.0,Male,Germany,Tier 3,6,118,1,55.04,55.04,3,1.5,5,,4,Women,Online,0.514,0.304,0,1
ZC008977,33.0,Male,Spain,Tier 1,11,66,3,296.12,98.71,2,7.0,2,0.476,1,Home,Online,0.157,0.312,0,0
ZC008978,34.0,Female,Italy,Tier 1,10,195,1,65.5,65.5,2,4.9,5,0.364,6,Women,Online,0.25,0.402,0,1
ZC008979,16.0,Male,USA,Tier 2,20,23,1,66.55,66.55,8,3.4,3,0.479,2,Kids,Online,0.562,0.144,0,1
ZC008980,26.0,Female,UK,Tier 3,10,16,7,430.25,61.46,6,2.3,4,0.116,2,Women,Mixed,0.511,0.182,0,0
ZC008981,37.0,Female,Spain,Tier 2,19,91,2,209.87,104.94,3,11.2,4,0.493,5,Home,Mixed,0.475,0.376,0,1
ZC008982,34.0,Male,Mexico,Tier 1,49,148,3,168.78,56.26,3,5.1,2,0.176,7,Women,Mixed,0.374,0.354,0,0
ZC008983,16.0,Male,Other,Tier 3,8,133,1,42.7,42.7,3,1.3,3,0.838,1,TRF,Mixed,0.275,0.511,1,1
ZC008984,34.0,Male,Spain,Tier 2,35,181,4,326.84,81.71,0,7.2,3,0.127,6,Men,Online,0.424,0.099,0,1
ZC008985,36.0,Male,Mexico,Tier 1,16,94,1,70.37,70.37,3,7.5,1,0.496,6,Home,Mixed,0.251,0.156,0,1
ZC008986,45.0,Female,Other,Tier 1,2,42,1,98.82,98.82,3,1.0,8,0.414,4,Men,Store,0.392,0.373,0,0
ZC008987,25.0,Female,Spain,Tier 3,34,40,4,508.29,127.07,6,7.7,6,,2,TRF,Mixed,0.31,0.313,0,0
ZC008988,16.0,Female,Other,Tier 3,33,144,1,90.54,90.54,2,1.3,6,0.346,8,TRF,Store,0.256,0.316,0,1
ZC008989,22.0,Female,Spain,Tier 1,8,149,1,90.36,90.36,0,2.0,1,0.148,6,Men,Online,0.406,0.66,0,1
ZC008990,21.0,Female,Other,Tier 2,24,130,1,55.84,55.84,0,1.0,5,0.522,8,Women,Mixed,0.313,0.625,0,1
ZC008991,39.0,Female,France,Tier 1,16,46,1,104.18,104.18,2,4.6,6,0.336,6,Women,Store,0.488,0.096,0,0
ZC008992,16.0,Female,Other,Tier 2,21,105,1,58.13,58.13,2,7.1,5,0.23,5,Women,Store,0.497,0.061,0,0
ZC008993,28.0,Female,USA,Tier 1,11,94,1,58.7,58.7,0,3.9,3,0.607,6,Women,Online,0.537,0.273,0,1
ZC008994,46.0,Female,USA,Tier 1,9,92,1,94.56,94.56,1,2.5,1,0.631,8,Men,Store,0.348,0.467,0,1
ZC008995,32.0,Male,Other,Tier 1,7,88,1,71.69,71.69,2,6.5,5,0.733,6,Men,Online,0.551,0.275,0,0
ZC008996,41.0,Female,Italy,Tier 1,40,59,4,320.43,80.11,10,2.4,4,0.905,4,Women,Online,0.44,0.279,0,0
ZC008997,16.0,Male,Germany,Tier 3,8,35,1,88.46,88.46,7,8.2,4,0.096,3,Men,Online,0.458,0.268,0,0
ZC008998,16.0,Male,Germany,Tier 3,24,14,2,202.78,101.39,6,6.5,2,0.673,8,Kids,Mixed,0.325,0.303,0,0
ZC008999,46.0,Female,Italy,Tier 1,8,392,1,65.76,65.76,1,9.5,2,0.215,7,Women,Online,0.209,0.124,0,1
ZC009000,33.0,Male,Spain,Tier 1,60,33,1,74.53,74.53,7,4.0,2,0.521,4,Women,Online,0.237,0.554,0,0
ZC009001,33.0,Male,Spain,Tier 1,8,95,1,109.0,109.0,0,1.5,2,0.233,7,Kids,Online,0.306,0.157,0,0
ZC009002,21.0,Female,USA,Tier 1,8,17,3,169.46,56.49,5,6.5,3,0.044,7,Men,Online,0.31,0.421,0,0
ZC009003,33.0,Male,USA,Tier 1,44,68,4,190.52,47.63,0,14.6,3,0.345,6,Kids,Online,0.247,0.252,0,0
ZC009004,21.0,Female,Other,Tier 1,15,76,1,67.01,67.01,3,8.5,7,0.71,7,Women,Online,0.609,0.155,0,1
ZC009005,44.0,Female,UK,Tier 1,6,5,1,61.83,61.83,5,3.5,3,,4,Women,Online,0.551,0.427,0,0
ZC009006,59.0,Female,France,Tier 3,17,5,3,201.42,67.14,7,7.3,4,0.275,5,Women,Store,0.445,0.362,0,0
ZC009007,37.0,Male,Spain,Tier 2,9,90,2,240.0,120.0,0,1.7,4,0.144,7,Women,Online,0.176,0.065,1,0
ZC009008,26.0,Male,Other,Tier 1,60,44,5,322.25,64.45,6,1.9,8,0.338,3,Men,Online,0.335,0.456,0,0
ZC009009,16.0,Male,Spain,Tier 2,4,5,2,150.12,75.06,9,14.2,2,0.106,1,Women,Mixed,0.397,0.291,0,0
ZC009010,16.0,Male,Spain,Tier 1,28,61,4,270.85,67.71,4,2.5,1,0.291,2,Home,Online,0.49,0.113,0,0
ZC009011,48.0,Female,Mexico,Tier 2,45,164,4,381.54,95.38,0,6.0,5,0.665,1,Women,Store,0.176,0.397,0,1
ZC009012,22.0,Female,Spain,Tier 1,30,81,5,421.13,84.23,1,1.6,4,0.493,1,Women,Online,0.426,0.361,0,1
ZC009013,28.0,Female,Mexico,Tier 1,11,76,4,364.12,91.03,0,3.4,6,0.932,5,Women,Online,0.419,0.192,0,0
ZC009014,39.0,Female,USA,Tier 1,37,75,6,428.45,71.41,2,3.0,4,0.102,5,Women,Store,0.359,0.504,0,0
ZC009015,47.0,Male,Mexico,Tier 3,20,13,3,243.46,81.15,6,3.7,3,0.497,8,Women,Store,0.393,0.545,0,0
ZC009016,30.0,Female,Spain,Tier 2,27,1,2,44.15,22.08,6,1.3,0,0.346,7,TRF,Online,0.161,0.307,0,0
ZC009017,28.0,Female,USA,Tier 2,31,28,3,272.97,90.99,8,9.3,3,,4,Men,Online,0.141,0.304,0,0
ZC009018,33.0,Female,France,Tier 2,8,14,2,202.65,101.32,7,11.2,2,0.334,5,TRF,Mixed,0.407,0.171,0,0
ZC009019,26.0,Female,Germany,Tier 2,26,16,1,62.59,62.59,11,3.1,2,0.692,3,Kids,Online,0.2,0.263,0,0
ZC009020,26.0,Female,Other,Tier 3,30,111,2,108.72,54.36,2,4.2,1,0.243,4,Women,Mixed,0.417,0.372,0,1
ZC009021,36.0,Female,USA,Tier 1,17,145,1,52.89,52.89,1,5.2,4,0.341,2,Men,Mixed,0.416,0.028,0,1
ZC009022,34.0,Female,Germany,Tier 1,11,3,1,91.21,91.21,10,7.2,1,0.31,3,Women,Store,0.097,0.257,0,0
ZC009023,53.0,Female,USA,Tier 2,16,2,1,52.52,52.52,9,5.1,2,0.729,3,Women,Online,0.078,0.33,0,0
ZC009024,36.0,Female,Mexico,Tier 3,54,115,4,296.74,74.18,2,4.7,6,0.307,3,Beauty,Mixed,0.536,0.263,0,1
ZC009025,44.0,Male,Other,Tier 2,24,92,1,43.31,43.31,0,2.5,2,0.197,8,Women,Store,0.457,0.061,0,1
ZC009026,21.0,Female,Spain,Tier 3,19,50,4,330.77,82.69,5,1.0,5,0.407,4,Women,Online,0.329,0.273,0,0
ZC009027,37.0,Female,Spain,Tier 2,8,277,3,193.22,64.41,3,1.0,4,0.351,8,Men,Mixed,0.609,0.192,0,1
ZC009028,25.0,Female,Mexico,Tier 1,36,143,4,340.85,85.21,4,2.6,5,0.445,2,Kids,Store,0.318,0.276,0,1
ZC009029,36.0,Female,Other,Tier 3,26,100,1,58.3,58.3,3,4.3,7,0.263,5,Men,Store,0.383,0.279,0,0
ZC009030,39.0,Female,Germany,Tier 2,13,51,2,127.2,63.6,5,2.3,6,0.668,2,Women,Online,0.541,0.15,0,0
ZC009031,32.0,Female,UK,Tier 1,11,11,3,215.45,71.82,5,1.0,4,0.249,3,Home,Online,0.583,0.169,0,0
ZC009032,56.0,Male,Mexico,Tier 2,7,157,1,56.78,56.78,1,6.5,2,0.295,3,Men,Mixed,0.223,0.277,0,1
ZC009033,46.0,Male,USA,Tier 1,26,16,4,202.16,50.54,6,7.6,5,0.163,2,Women,Online,0.471,0.192,0,0
ZC009034,44.0,Female,Other,Tier 2,4,83,2,106.61,53.3,1,2.0,2,0.606,7,Women,Online,0.293,0.27,0,0
ZC009035,40.0,Female,Other,Tier 1,27,192,1,84.58,84.58,2,1.2,2,0.702,5,Women,Mixed,0.301,0.216,0,1
ZC009036,50.0,Female,Other,Tier 1,4,17,2,165.29,82.64,8,1.0,4,0.271,6,Women,Store,0.332,0.1,0,0
ZC009037,18.0,Female,Other,Tier 2,15,42,1,59.31,59.31,3,1.0,2,0.606,3,Women,Mixed,0.166,0.565,0,0
ZC009038,46.0,Female,Other,Tier 1,37,32,1,81.4,81.4,11,1.0,6,0.559,6,Women,Mixed,0.648,0.213,0,0
ZC009039,22.0,Male,Spain,Tier 1,3,52,1,101.06,101.06,6,10.9,2,0.317,6,Men,Store,0.374,0.504,0,0
ZC009040,26.0,Female,Other,Tier 1,43,132,3,177.32,59.11,2,5.6,5,0.695,1,TRF,Online,0.223,0.082,0,0
ZC009041,,Female,USA,Tier 2,11,14,3,263.48,87.83,8,5.7,2,0.418,7,Women,Mixed,0.274,0.31,0,0
ZC009042,44.0,Female,USA,Tier 1,16,36,3,217.36,72.45,8,3.9,4,0.327,5,Beauty,Online,0.297,0.342,0,0
ZC009043,20.0,Female,UK,Tier 1,11,6,2,122.89,61.44,4,6.0,3,0.655,2,Beauty,Online,0.537,0.319,1,1
ZC009044,27.0,Female,USA,Tier 1,12,74,1,51.01,51.01,0,8.1,3,0.338,5,Men,Online,0.438,0.406,0,1
ZC009045,33.0,Female,UK,Tier 1,9,33,1,145.79,145.79,5,4.6,1,0.831,5,Men,Online,0.217,0.282,0,0
ZC009046,30.0,Female,France,Tier 2,35,3,2,163.73,81.86,8,2.0,3,0.383,7,Men,Online,0.591,0.073,0,0
ZC009047,41.0,Female,Spain,Tier 2,29,72,4,288.09,72.02,1,5.8,3,0.555,1,Men,Store,0.252,0.114,0,0
ZC009048,66.0,Female,USA,Tier 2,8,95,3,293.72,97.91,0,5.2,1,0.612,7,Women,Mixed,0.292,0.176,0,0
ZC009049,36.0,Male,USA,Tier 1,24,36,3,422.36,140.79,5,6.5,4,0.474,3,Women,Online,0.423,0.319,0,0
ZC009050,25.0,Female,Italy,Tier 2,21,117,1,70.18,70.18,3,11.0,5,0.255,1,Beauty,Mixed,0.552,0.303,0,1
ZC009051,19.0,Female,Germany,Tier 1,14,37,1,80.3,80.3,4,17.3,2,0.2,4,Beauty,Online,0.588,0.298,0,0
ZC009052,29.0,Male,Italy,Tier 2,25,26,3,260.55,86.85,3,4.1,7,0.447,5,Kids,Online,0.476,0.405,0,0
ZC009053,23.0,Male,Mexico,Tier 1,16,12,4,388.07,97.02,10,3.0,4,0.207,3,Women,Store,0.171,0.472,0,0
ZC009054,37.0,Female,Germany,Tier 2,32,400,2,156.56,78.28,1,7.2,3,0.622,2,TRF,Mixed,0.18,0.289,0,1
ZC009055,37.0,Female,USA,Tier 3,9,84,2,75.17,37.58,1,14.0,3,0.769,5,Men,Mixed,0.213,0.547,0,0
ZC009056,27.0,Female,France,Tier 3,30,70,1,36.6,36.6,3,2.0,4,0.511,6,Men,Mixed,0.409,0.74,0,0
ZC009057,52.0,Female,UK,Tier 3,3,59,1,111.32,111.32,6,4.6,3,0.806,5,Women,Mixed,0.258,0.183,0,0
ZC009058,25.0,Male,Spain,Tier 1,20,117,3,280.17,93.39,1,11.6,4,0.369,5,Women,Online,0.487,0.128,0,0
ZC009059,31.0,Female,Other,Tier 1,18,166,1,66.37,66.37,2,4.2,1,0.143,4,Women,Online,0.203,0.512,0,1
ZC009060,,Female,Spain,Tier 1,9,70,3,207.72,69.24,4,1.0,4,0.574,4,Men,Mixed,0.317,0.142,0,0
ZC009061,41.0,Female,Other,Tier 1,26,122,3,401.06,133.69,3,8.5,2,0.395,4,Men,Store,0.613,0.381,0,0
ZC009062,45.0,Female,Spain,Tier 2,27,145,2,156.74,78.37,3,4.5,1,0.385,1,Kids,Store,0.238,0.442,0,1
ZC009063,36.0,Female,Italy,Tier 2,11,157,1,76.67,76.67,1,2.2,3,0.4,6,Women,Mixed,0.354,0.351,0,0
ZC009064,43.0,Female,USA,Tier 3,14,49,3,308.13,102.71,2,7.7,8,0.718,5,Women,Mixed,0.373,0.295,0,0
ZC009065,25.0,Female,Other,Tier 3,23,38,6,457.05,76.18,8,13.9,6,0.192,7,Women,Store,0.328,0.057,1,0
ZC009066,41.0,Male,Other,Tier 1,4,50,1,59.02,59.02,5,14.2,2,0.713,3,Women,Online,0.298,0.389,0,0
ZC009067,41.0,Male,Spain,Tier 3,12,64,1,76.51,76.51,3,4.2,4,0.573,2,Men,Store,0.292,0.303,0,0
ZC009068,47.0,Male,Spain,Tier 3,12,81,1,103.1,103.1,2,1.3,3,0.295,7,Women,Store,0.356,0.475,0,0
ZC009069,16.0,Male,Germany,Tier 2,14,4,3,252.54,84.18,10,2.1,3,0.516,8,Women,Online,0.265,0.072,0,0
ZC009070,23.0,Male,Spain,Tier 1,31,119,5,540.16,108.03,4,4.9,9,0.67,3,Men,Online,0.317,0.306,0,0
ZC009071,40.0,Male,Spain,Tier 1,29,21,3,194.76,64.92,9,7.4,0,0.448,8,Men,Store,0.388,0.298,0,0
ZC009072,16.0,Female,Other,Tier 1,9,145,1,75.36,75.36,0,9.8,7,0.206,6,Kids,Store,0.43,0.354,0,1
ZC009073,37.0,Female,Germany,Tier 1,19,19,4,218.0,54.5,7,3.1,4,0.167,4,Men,Store,0.608,0.073,0,0
ZC009074,,Female,Spain,Tier 1,22,60,1,86.18,86.18,0,2.6,8,0.348,1,Beauty,Online,0.382,0.363,0,0
ZC009075,26.0,Female,France,Tier 1,25,41,4,262.26,65.56,5,3.5,3,0.345,4,Kids,Store,0.485,0.312,0,0
ZC009076,28.0,Male,USA,Tier 1,7,23,3,220.09,73.36,7,3.9,4,0.632,3,Women,Online,0.591,0.138,0,0
ZC009077,21.0,Female,Mexico,Tier 2,2,181,1,90.28,90.28,0,6.0,5,0.255,5,Women,Mixed,0.32,0.251,0,1
ZC009078,27.0,Male,Spain,Tier 1,59,26,8,443.06,55.38,2,7.4,3,0.505,5,Women,Store,0.478,0.287,0,0
ZC009079,27.0,Male,UK,Tier 3,10,24,3,360.75,120.25,6,3.9,3,0.3,1,Women,Mixed,0.287,0.182,0,0
ZC009080,25.0,Female,USA,Tier 1,17,181,1,98.68,98.68,1,3.9,4,0.544,6,Women,Store,0.541,0.206,0,1
ZC009081,25.0,Female,Other,Tier 1,22,83,1,38.89,38.89,3,2.6,0,0.457,3,TRF,Mixed,0.387,0.179,0,0
ZC009082,,Female,Spain,Tier 1,16,22,3,282.96,94.32,2,11.2,7,0.742,8,Men,Online,0.665,0.477,0,0
ZC009083,29.0,Female,Italy,Tier 2,17,47,1,50.74,50.74,11,4.0,3,0.385,3,Kids,Online,0.165,0.106,0,0
ZC009084,51.0,Female,UK,Tier 1,22,156,5,416.03,83.21,1,2.4,2,0.58,3,Women,Online,0.243,0.184,0,0
ZC009085,28.0,Female,Mexico,Tier 2,9,26,1,43.84,43.84,6,3.1,4,0.471,3,Women,Online,0.247,0.062,0,0
ZC009086,35.0,Female,USA,Tier 1,10,61,6,531.51,88.58,3,3.4,4,0.692,8,Kids,Online,0.155,0.426,0,0
ZC009087,26.0,Female,Other,Tier 1,10,45,1,101.49,101.49,6,3.5,4,0.428,5,Women,Mixed,0.237,0.414,1,1
ZC009088,26.0,Female,Other,Tier 1,24,46,1,69.46,69.46,7,11.9,6,0.555,8,Women,Online,0.371,0.257,0,0
ZC009089,16.0,Female,USA,Tier 1,28,56,5,367.37,73.47,8,4.9,3,0.582,6,Men,Online,0.051,0.267,0,0
ZC009090,16.0,Female,USA,Tier 3,9,7,1,56.94,56.94,11,9.0,3,0.419,7,Men,Mixed,0.494,0.18,0,0
ZC009091,20.0,Male,Other,Tier 2,9,17,1,74.92,74.92,8,1.6,6,0.621,6,Women,Store,0.324,0.258,0,0
ZC009092,34.0,Female,UK,Tier 1,26,129,6,480.83,80.14,2,1.1,1,0.741,2,Beauty,Mixed,0.545,0.607,0,1
ZC009093,43.0,Male,Other,Tier 2,31,138,8,357.76,44.72,0,9.3,5,0.663,1,Women,Mixed,0.201,0.186,0,1
ZC009094,16.0,Female,Other,Tier 2,33,57,4,409.26,102.32,7,3.6,1,0.161,6,TRF,Online,0.385,0.145,0,0
ZC009095,27.0,Female,USA,Tier 1,10,40,2,162.5,81.25,6,16.9,3,0.488,2,Kids,Store,0.161,0.557,0,0
ZC009096,18.0,Male,USA,Tier 3,24,43,3,313.56,104.52,10,3.8,1,0.786,1,Men,Online,0.446,0.284,0,0
ZC009097,29.0,Male,USA,Tier 1,49,177,5,334.43,66.89,2,10.5,3,0.246,4,Men,Mixed,0.655,0.207,0,1
ZC009098,43.0,Female,Germany,Tier 1,12,197,1,67.08,67.08,4,4.8,2,0.62,7,Women,Online,0.113,0.234,0,1
ZC009099,28.0,Male,France,Tier 2,29,157,2,146.16,73.08,3,4.1,4,0.439,6,Home,Mixed,0.251,0.422,0,0
ZC009100,32.0,Female,Italy,Tier 3,20,65,1,86.91,86.91,1,4.1,5,0.438,4,Women,Store,0.533,0.606,0,1
ZC009101,47.0,Male,France,Tier 1,60,40,5,350.16,70.03,6,4.1,5,0.607,7,Women,Online,0.436,0.265,0,0
ZC009102,37.0,Female,Mexico,Tier 1,2,96,1,92.11,92.11,4,4.7,2,0.255,4,Men,Store,0.378,0.132,0,1
ZC009103,24.0,Male,Spain,Tier 2,22,34,4,271.96,67.99,8,1.7,1,,8,TRF,Store,0.39,0.051,0,0
ZC009104,34.0,Male,UK,Tier 2,42,59,4,108.93,27.23,10,2.8,4,0.327,8,Men,Online,0.562,0.501,0,0
ZC009105,,Male,Spain,Tier 1,8,58,2,119.38,59.69,2,6.2,3,0.534,8,TRF,Store,0.469,0.202,0,0
ZC009106,36.0,Male,Spain,Tier 3,29,52,3,214.71,71.57,7,7.5,4,0.233,3,Women,Store,0.17,0.472,0,0
ZC009107,37.0,Female,USA,Tier 1,13,26,1,81.76,81.76,11,1.0,2,0.433,8,Women,Mixed,0.307,0.243,0,0
ZC009108,18.0,Female,Other,Tier 2,4,71,1,63.07,63.07,1,1.2,5,0.54,1,TRF,Online,0.4,0.385,0,0
ZC009109,34.0,Female,UK,Tier 3,12,35,3,236.2,78.73,7,6.1,6,0.691,1,Women,Online,0.187,0.257,0,0
ZC009110,31.0,Male,USA,Tier 1,9,7,1,59.13,59.13,7,8.3,6,,4,Women,Online,0.493,0.54,0,0
ZC009111,37.0,Female,Italy,Tier 1,36,44,3,229.79,76.6,5,7.6,3,0.338,7,Women,Mixed,0.505,0.508,0,0
ZC009112,40.0,Female,Italy,Tier 1,60,17,4,289.22,72.31,3,2.0,1,0.288,8,TRF,Mixed,0.236,0.5,0,0
ZC009113,37.0,Male,France,Tier 2,13,44,2,214.54,107.27,7,5.5,7,0.586,8,Women,Store,0.429,0.085,0,0
ZC009114,29.0,Female,USA,Tier 1,12,134,1,44.84,44.84,1,5.1,2,0.581,3,Women,Online,0.394,0.339,0,1
ZC009115,41.0,Male,USA,Tier 2,3,37,1,82.75,82.75,4,6.2,8,0.341,6,Women,Online,0.558,0.561,0,0
ZC009116,23.0,Male,USA,Tier 1,33,80,1,76.5,76.5,0,11.5,3,0.311,2,Kids,Store,0.31,0.085,0,1
ZC009117,19.0,Female,USA,Tier 1,46,145,5,472.19,94.44,2,1.6,6,0.119,5,Kids,Online,0.247,0.58,0,1
ZC009118,16.0,Female,USA,Tier 1,26,132,3,168.12,56.04,2,9.7,5,0.478,5,Men,Store,0.493,0.212,0,0
ZC009119,31.0,Male,Germany,Tier 1,12,70,6,689.55,114.92,1,6.9,3,,8,Men,Online,0.068,0.137,0,0
ZC009120,24.0,Female,Other,Tier 1,22,141,2,152.68,76.34,1,5.0,4,0.287,2,Men,Online,0.393,0.201,0,1
ZC009121,36.0,Male,USA,Tier 3,33,14,1,122.28,122.28,2,12.1,3,0.512,5,Women,Online,0.453,0.23,0,0
ZC009122,16.0,Female,USA,Tier 2,16,27,4,156.62,39.16,3,3.5,4,0.319,2,Men,Mixed,0.183,0.224,0,0
ZC009123,26.0,Female,Other,Tier 1,28,245,4,358.02,89.5,0,5.2,6,0.402,5,Men,Store,0.286,0.569,0,1
ZC009124,37.0,Female,France,Tier 3,14,70,1,87.6,87.6,1,11.2,2,0.475,2,Kids,Store,0.396,0.238,0,0
ZC009125,22.0,Male,Italy,Tier 1,6,83,2,171.59,85.8,2,2.5,4,0.476,4,Kids,Mixed,0.363,0.165,0,1
ZC009126,36.0,Female,Other,Tier 3,32,44,3,254.55,84.85,6,2.2,7,0.453,3,TRF,Online,0.214,0.445,0,0
ZC009127,26.0,Male,Germany,Tier 1,20,39,1,106.19,106.19,3,2.6,10,0.843,1,TRF,Online,0.339,0.444,0,0
ZC009128,32.0,Male,Italy,Tier 1,22,28,2,160.78,80.39,7,6.1,6,0.187,4,Men,Online,0.21,0.221,0,0
ZC009129,38.0,Female,UK,Tier 3,35,90,2,83.6,41.8,2,3.6,4,0.493,7,Women,Online,0.307,0.142,0,0
ZC009130,42.0,Female,Other,Tier 1,9,86,1,59.93,59.93,2,1.2,2,0.389,5,Kids,Store,0.228,0.596,0,0
ZC009131,33.0,Female,Italy,Tier 3,13,95,1,164.94,164.94,1,1.0,3,0.819,6,Men,Online,0.391,0.058,0,0
ZC009132,24.0,Male,Spain,Tier 2,46,66,5,258.86,51.77,3,6.7,5,0.452,8,Men,Mixed,0.352,0.214,0,1
ZC009133,27.0,Female,Germany,Tier 1,22,18,2,171.93,85.96,7,2.3,4,0.454,8,Beauty,Store,0.367,0.573,0,0
ZC009134,38.0,Male,Spain,Tier 1,33,22,1,92.46,92.46,7,12.1,3,0.338,2,Home,Store,0.524,0.395,0,0
ZC009135,22.0,Male,France,Tier 1,19,33,3,329.72,109.91,5,3.5,2,0.297,8,Women,Store,0.517,0.556,0,0
ZC009136,30.0,Female,Spain,Tier 2,27,138,2,135.98,67.99,1,3.3,1,0.407,1,Men,Store,0.336,0.362,0,1
ZC009137,28.0,Female,Germany,Tier 1,28,75,1,124.92,124.92,1,1.7,5,0.352,4,Kids,Mixed,0.225,0.144,0,0
ZC009138,31.0,Male,UK,Tier 1,11,113,1,114.76,114.76,0,3.0,4,,7,Women,Store,0.267,0.407,0,1
ZC009139,22.0,Male,France,Tier 1,60,50,4,322.64,80.66,4,6.5,2,0.372,4,Home,Online,0.28,0.113,0,0
ZC009140,16.0,Male,Germany,Tier 1,22,89,5,242.28,48.46,4,3.7,4,0.388,2,Women,Mixed,0.31,0.172,0,0
ZC009141,37.0,Female,USA,Tier 1,5,36,2,127.11,63.56,2,2.4,3,0.174,6,Women,Mixed,0.284,0.194,0,0
ZC009142,42.0,Female,USA,Tier 1,6,27,2,118.66,59.33,5,1.7,4,0.577,1,Women,Mixed,0.174,0.013,0,0
ZC009143,16.0,Female,France,Tier 1,13,28,1,62.32,62.32,5,9.5,6,0.63,5,Kids,Online,0.425,0.073,0,0
ZC009144,36.0,Male,France,Tier 3,4,15,2,222.11,111.06,6,5.4,3,0.131,4,Women,Store,0.165,0.27,0,0
ZC009145,43.0,Female,Other,Tier 2,42,95,5,478.33,95.67,3,3.3,4,0.387,3,Men,Mixed,0.312,0.389,0,0
ZC009146,38.0,Male,USA,Tier 1,11,96,1,86.91,86.91,1,5.7,2,0.516,2,Men,Online,0.207,0.268,0,0
ZC009147,28.0,Female,Germany,Tier 2,7,101,1,72.06,72.06,0,1.0,3,0.114,8,Kids,Mixed,0.671,0.37,0,1
ZC009148,23.0,Male,Other,Tier 1,23,41,1,109.73,109.73,6,1.0,4,0.319,7,Women,Online,0.5,0.199,0,0
ZC009149,33.0,Female,Italy,Tier 1,28,85,4,175.92,43.98,1,7.3,5,0.347,3,Men,Online,0.528,0.467,0,0
ZC009150,34.0,Male,USA,Tier 1,14,79,4,90.58,22.64,3,2.2,1,0.425,4,Women,Mixed,0.203,0.612,0,0
ZC009151,33.0,Female,UK,Tier 1,28,13,1,66.58,66.58,10,10.3,1,0.063,5,Women,Mixed,0.221,0.1,0,0
ZC009152,30.0,Male,Other,Tier 3,32,31,1,66.76,66.76,5,7.5,5,0.584,4,Women,Mixed,0.266,0.197,0,0
ZC009153,21.0,Female,UK,Tier 1,13,67,1,82.96,82.96,1,4.7,2,0.652,5,Kids,Mixed,0.403,0.152,0,1
ZC009154,36.0,Female,USA,Tier 2,6,7,1,68.26,68.26,5,1.8,6,0.263,1,Women,Mixed,0.43,0.298,0,0
ZC009155,37.0,Female,France,Tier 1,12,40,1,50.27,50.27,3,4.5,4,0.418,5,Men,Mixed,0.095,0.52,0,0
ZC009156,34.0,Female,USA,Tier 1,16,69,1,81.17,81.17,2,5.9,5,0.673,7,Men,Store,0.371,0.449,1,0
ZC009157,33.0,Female,Germany,Tier 1,19,71,2,117.8,58.9,1,16.1,3,0.428,8,Women,Store,0.192,0.319,0,0
ZC009158,49.0,Female,Other,Tier 1,33,216,4,368.71,92.18,2,5.8,5,0.22,8,Women,Online,0.39,0.349,0,0
ZC009159,26.0,Female,Other,Tier 1,16,96,2,192.6,96.3,3,3.5,1,0.126,7,Women,Store,0.253,0.342,0,0
ZC009160,,Female,Germany,Tier 1,10,3,1,115.33,115.33,6,1.6,2,0.254,1,Home,Mixed,0.228,0.124,0,0
ZC009161,25.0,Female,Other,Tier 1,12,172,1,94.12,94.12,2,7.4,2,0.499,1,Kids,Online,0.578,0.516,0,1
ZC009162,43.0,Male,Mexico,Tier 3,21,35,1,83.83,83.83,4,1.4,6,0.709,6,Home,Store,0.255,0.027,0,0
ZC009163,44.0,Female,Other,Tier 2,23,15,1,97.4,97.4,6,3.1,1,0.449,6,Women,Store,0.386,0.042,0,0
ZC009164,29.0,Female,Other,Tier 3,51,35,4,182.17,45.54,6,2.4,4,0.7,7,Men,Online,0.346,0.327,0,0
ZC009165,49.0,Male,Other,Tier 3,15,18,3,148.9,49.63,9,2.8,3,0.546,7,Women,Store,0.355,0.162,0,0
ZC009166,37.0,Female,USA,Tier 1,10,1,3,326.64,108.88,6,16.4,1,0.457,1,Women,Mixed,0.457,0.271,0,0
ZC009167,23.0,Female,USA,Tier 3,3,25,1,92.98,92.98,4,3.0,3,0.223,2,Home,Online,0.291,0.098,0,0
ZC009168,28.0,Male,Spain,Tier 3,4,71,1,38.37,38.37,2,13.7,3,0.575,4,Men,Store,0.368,0.148,0,0
ZC009169,43.0,Male,Germany,Tier 1,26,27,4,280.75,70.19,4,3.1,6,0.433,2,Men,Mixed,0.281,0.515,0,0
ZC009170,41.0,Female,Other,Tier 2,12,21,1,125.41,125.41,9,4.5,2,0.33,2,Women,Online,0.306,0.066,0,1
ZC009171,21.0,Female,Other,Tier 1,39,125,2,108.71,54.36,2,3.7,8,,7,Women,Mixed,0.563,0.223,0,1
ZC009172,31.0,Male,Other,Tier 1,3,83,2,83.03,41.52,1,2.5,3,0.283,5,TRF,Mixed,0.503,0.36,0,1
ZC009173,34.0,Male,Other,Tier 1,13,95,2,120.29,60.14,2,5.3,4,0.163,5,Women,Online,0.659,0.387,0,1
ZC009174,27.0,Female,France,Tier 1,32,22,2,145.45,72.72,2,6.7,4,0.516,3,Men,Store,0.228,0.409,0,0
ZC009175,56.0,Female,UK,Tier 1,42,105,2,192.09,96.04,1,10.7,2,0.259,5,Home,Store,0.462,0.504,0,0
ZC009176,34.0,Male,Germany,Tier 2,27,43,1,94.82,94.82,3,5.5,3,0.318,3,Women,Store,0.408,0.08,0,0
ZC009177,31.0,Male,Spain,Tier 1,34,68,3,196.43,65.48,1,3.5,3,0.394,2,Men,Store,0.698,0.374,0,0
ZC009178,44.0,Female,Mexico,Tier 1,10,101,2,150.85,75.42,2,4.8,2,0.311,8,Women,Online,0.431,0.129,0,1
ZC009179,28.0,Female,Germany,Tier 1,15,80,1,85.08,85.08,0,11.1,1,0.304,4,Women,Store,0.398,0.376,0,0
ZC009180,42.0,Female,USA,Tier 3,44,68,5,402.22,80.44,0,3.2,0,0.572,8,Women,Mixed,0.613,0.305,0,0
ZC009181,16.0,Female,Germany,Tier 2,9,24,1,79.3,79.3,4,3.3,3,0.778,1,Home,Mixed,0.322,0.415,0,0
ZC009182,27.0,Male,Germany,Tier 1,18,47,1,85.91,85.91,5,3.1,3,0.225,7,Home,Mixed,0.369,0.074,0,0
ZC009183,42.0,Female,Mexico,Tier 2,29,56,3,327.08,109.03,12,5.0,2,0.406,2,Kids,Online,0.418,0.28,0,0
ZC009184,48.0,Female,Other,Tier 2,40,47,3,204.21,68.07,6,5.2,3,0.259,7,Men,Store,0.28,0.427,0,0
ZC009185,24.0,Female,USA,Tier 2,17,57,1,75.53,75.53,4,6.5,2,0.206,6,Beauty,Store,0.33,0.458,0,0
ZC009186,23.0,Male,Mexico,Tier 3,14,51,3,312.43,104.14,5,5.0,3,0.318,5,Men,Online,0.359,0.305,0,0
ZC009187,38.0,Male,USA,Tier 1,24,207,5,284.9,56.98,2,10.1,5,0.339,7,Men,Online,0.337,0.559,0,1
ZC009188,26.0,Male,UK,Tier 1,54,20,5,316.73,63.35,7,4.8,3,0.268,2,Men,Online,0.425,0.319,0,0
ZC009189,29.0,Male,France,Tier 3,24,5,1,99.06,99.06,7,16.0,8,0.403,6,Women,Store,0.47,0.418,0,0
ZC009190,41.0,Male,Mexico,Tier 2,25,24,1,92.89,92.89,7,4.2,4,0.117,5,Home,Store,0.079,0.168,0,0
ZC009191,27.0,Female,Other,Tier 1,17,121,3,236.73,78.91,1,5.6,2,0.143,5,Kids,Online,0.139,0.524,0,0
ZC009192,16.0,Female,Spain,Tier 2,9,76,1,65.11,65.11,1,1.6,3,0.535,4,Women,Mixed,0.289,0.185,0,0
ZC009193,19.0,Male,Italy,Tier 2,14,16,1,66.85,66.85,4,2.2,4,0.441,5,Men,Online,0.253,0.165,0,0
ZC009194,32.0,Female,Other,Tier 1,17,55,1,81.06,81.06,6,3.0,3,0.743,2,Men,Online,0.44,0.298,0,0
ZC009195,16.0,Female,Other,Tier 2,14,128,4,198.53,49.63,0,1.0,2,0.257,8,Kids,Online,0.241,0.107,0,1
ZC009196,29.0,Male,USA,Tier 1,18,103,3,258.21,86.07,2,7.8,2,0.497,1,Women,Online,0.292,0.2,0,1
ZC009197,18.0,Female,USA,Tier 1,25,6,4,397.49,99.37,5,5.9,5,0.067,2,Women,Store,0.191,0.481,0,0
ZC009198,48.0,Male,France,Tier 1,12,97,3,146.53,48.84,1,1.0,4,0.7,5,Women,Mixed,0.151,0.067,0,0
ZC009199,54.0,Female,Other,Tier 1,33,120,3,293.78,97.93,1,4.0,4,0.434,1,Kids,Store,0.693,0.273,0,1
ZC009200,21.0,Female,USA,Tier 1,24,37,1,87.38,87.38,11,2.1,5,0.268,5,Women,Online,0.182,0.212,0,0
ZC009201,35.0,Male,France,Tier 1,19,48,2,204.26,102.13,13,4.8,1,0.189,5,Men,Online,0.29,0.382,0,0
ZC009202,22.0,Male,Other,Tier 1,16,51,3,136.31,45.44,8,5.8,1,0.278,4,Women,Online,0.652,0.521,0,0
ZC009203,29.0,Female,UK,Tier 1,9,256,1,66.52,66.52,1,5.6,3,0.565,4,Men,Mixed,0.547,0.48,0,1
ZC009204,50.0,Female,Germany,Tier 1,26,85,3,217.08,72.36,1,2.1,2,0.404,3,Women,Online,0.547,0.112,1,1
ZC009205,27.0,Female,Other,Tier 1,60,58,6,396.99,66.17,1,7.2,3,0.807,7,Kids,Online,0.553,0.593,0,0
ZC009206,29.0,Female,USA,Tier 1,41,65,5,255.24,51.05,2,3.5,8,0.654,4,Beauty,Mixed,0.132,0.282,0,0
ZC009207,23.0,Female,USA,Tier 2,28,5,4,419.57,104.89,5,2.6,2,0.583,6,Home,Mixed,0.196,0.312,0,0
ZC009208,43.0,Female,USA,Tier 2,45,101,3,229.49,76.5,0,4.4,2,0.214,4,Women,Online,0.355,0.278,0,1
ZC009209,16.0,Female,Germany,Tier 1,12,179,1,47.63,47.63,2,2.7,3,0.415,1,Women,Store,0.159,0.63,0,0
ZC009210,28.0,Female,USA,Tier 2,11,172,4,242.86,60.72,1,2.7,6,0.337,3,Men,Mixed,0.291,0.317,0,1
ZC009211,32.0,Female,USA,Tier 1,18,26,2,217.54,108.77,8,4.5,3,0.877,4,Women,Online,0.414,0.195,0,0
ZC009212,25.0,Female,USA,Tier 1,19,84,1,82.25,82.25,1,5.5,6,0.201,7,Women,Online,0.185,0.129,1,0
ZC009213,41.0,Female,France,Tier 1,39,8,1,94.57,94.57,9,14.2,5,0.413,1,Kids,Store,0.272,0.064,0,0
ZC009214,44.0,Female,Other,Tier 2,32,112,4,398.44,99.61,3,5.3,6,0.242,5,Women,Store,0.27,0.215,0,0
ZC009215,18.0,Male,France,Tier 2,3,18,1,42.54,42.54,8,8.9,2,0.246,8,Women,Store,0.458,0.355,0,0
ZC009216,53.0,Male,Mexico,Tier 2,33,135,2,105.93,52.96,2,6.5,3,0.589,6,Men,Online,0.166,0.382,0,1
ZC009217,18.0,Male,Other,Tier 3,16,87,2,107.02,53.51,1,3.5,4,0.047,8,Beauty,Online,0.455,0.136,0,0
ZC009218,45.0,Female,Italy,Tier 1,23,5,5,419.14,83.83,1,4.9,5,0.419,4,Men,Online,0.619,0.453,0,0
ZC009219,33.0,Male,Germany,Tier 3,17,126,1,114.81,114.81,4,8.2,3,0.622,3,Home,Online,0.324,0.047,0,0
ZC009220,27.0,Female,Spain,Tier 2,11,2,3,277.48,92.49,9,8.4,1,0.247,2,TRF,Store,0.678,0.112,0,0
ZC009221,28.0,Female,UK,Tier 2,23,22,1,74.19,74.19,2,8.4,4,0.521,7,Men,Store,0.433,0.662,0,0
ZC009222,32.0,Male,USA,Tier 1,11,10,1,90.27,90.27,7,9.4,4,0.514,1,Men,Online,0.646,0.55,0,0
ZC009223,34.0,Female,France,Tier 1,16,280,1,81.39,81.39,1,1.7,1,0.475,8,Home,Mixed,0.398,0.414,0,1
ZC009224,23.0,Male,Other,Tier 1,10,84,4,261.78,65.44,2,7.2,3,0.285,8,Women,Mixed,0.131,0.323,0,0
ZC009225,30.0,Male,USA,Tier 1,7,61,1,94.53,94.53,0,3.0,4,0.538,5,Women,Mixed,0.424,0.086,0,0
ZC009226,24.0,Female,USA,Tier 1,60,39,5,407.69,81.54,7,30.0,4,,2,Men,Store,0.491,0.194,0,0
ZC009227,20.0,Female,Other,Tier 1,13,338,1,57.01,57.01,2,4.7,4,0.291,3,Kids,Online,0.232,0.246,0,1
ZC009228,24.0,Male,Other,Tier 1,16,52,2,103.31,51.66,4,3.9,3,0.154,8,Women,Store,0.278,0.227,0,0
ZC009229,21.0,Female,Mexico,Tier 1,41,326,2,211.96,105.98,1,5.6,6,0.539,3,Home,Online,0.191,0.315,0,1
ZC009230,28.0,Female,Spain,Tier 3,20,58,1,30.71,30.71,14,2.8,2,0.135,8,Beauty,Mixed,0.383,0.303,0,0
ZC009231,36.0,Female,France,Tier 1,9,161,3,133.35,44.45,1,7.3,4,0.703,5,Beauty,Mixed,0.207,0.538,0,1
ZC009232,33.0,Male,UK,Tier 3,9,182,1,78.11,78.11,3,11.9,4,0.277,2,Women,Online,0.348,0.125,0,1
ZC009233,52.0,Female,Germany,Tier 1,9,27,2,184.46,92.23,2,1.2,3,0.646,3,Men,Mixed,0.448,0.324,0,0
ZC009234,16.0,Male,Germany,Tier 1,53,85,5,398.47,79.69,1,3.1,3,0.372,5,Men,Store,0.618,0.717,0,0
ZC009235,37.0,Male,Mexico,Tier 1,3,151,1,66.16,66.16,2,1.8,5,0.557,3,Men,Store,0.689,0.095,1,1
ZC009236,32.0,Female,USA,Tier 1,8,3,1,100.13,100.13,9,3.7,10,0.511,1,Women,Online,0.381,0.265,0,0
ZC009237,40.0,Female,Other,Tier 1,13,121,1,58.7,58.7,1,6.6,1,0.687,8,Men,Store,0.342,0.651,0,0
ZC009238,39.0,Male,USA,Tier 1,13,104,1,100.86,100.86,2,4.1,3,0.282,3,Men,Online,0.169,0.237,0,0
ZC009239,30.0,Female,Spain,Tier 2,12,98,1,59.26,59.26,1,1.0,0,0.265,5,Women,Online,0.35,0.489,0,0
ZC009240,34.0,Female,Other,Tier 1,26,24,4,220.54,55.14,5,2.4,3,0.497,7,TRF,Mixed,0.358,0.239,0,0
ZC009241,25.0,Female,UK,Tier 1,22,2,1,95.96,95.96,9,7.0,5,0.41,3,Men,Mixed,0.325,0.152,0,0
ZC009242,38.0,Male,France,Tier 1,10,37,1,119.65,119.65,6,3.9,2,0.14,7,Women,Store,0.35,0.174,0,0
ZC009243,16.0,Male,USA,Tier 2,13,37,1,76.99,76.99,5,2.4,2,0.471,6,Women,Mixed,0.248,0.008,0,0
ZC009244,40.0,Female,Spain,Tier 3,60,104,8,834.81,104.35,3,7.1,2,,5,Home,Online,0.215,0.469,0,0
ZC009245,32.0,Female,USA,Tier 1,22,29,1,32.33,32.33,4,2.4,1,0.268,2,Home,Mixed,0.209,0.204,0,0
ZC009246,27.0,Female,Mexico,Tier 1,1,112,1,44.37,44.37,5,6.4,4,0.125,5,Women,Mixed,0.304,0.334,0,1
ZC009247,30.0,Male,USA,Tier 3,9,3,1,53.28,53.28,3,1.7,5,0.486,7,Kids,Online,0.085,0.31,0,0
ZC009248,30.0,Female,Other,Tier 3,12,123,2,131.32,65.66,1,3.7,2,0.132,5,Women,Online,0.249,0.382,0,0
ZC009249,45.0,Male,Mexico,Tier 2,60,34,3,291.34,97.11,4,1.0,7,0.352,6,Men,Store,0.587,0.275,0,0
ZC009250,64.0,Male,Other,Tier 2,13,77,1,45.4,45.4,0,3.3,4,0.462,7,Women,Store,0.55,0.449,0,0
ZC009251,44.0,Female,Other,Tier 1,14,15,1,50.74,50.74,10,4.2,3,0.507,1,Women,Store,0.547,0.293,0,0
ZC009252,26.0,Male,Italy,Tier 1,4,96,1,84.13,84.13,1,1.2,4,0.571,6,Women,Online,0.217,0.11,0,1
ZC009253,38.0,Male,UK,Tier 1,19,65,3,173.77,57.92,1,5.3,4,0.528,2,Men,Mixed,0.322,0.434,0,0
ZC009254,39.0,Female,Other,Tier 2,31,89,3,362.75,120.92,2,1.3,4,0.445,7,Men,Mixed,0.559,0.056,0,1
ZC009255,23.0,Female,UK,Tier 2,18,241,1,53.28,53.28,3,5.7,3,0.092,3,Women,Online,0.568,0.028,1,1
ZC009256,19.0,Male,Spain,Tier 1,13,34,3,354.0,118.0,8,3.4,3,0.455,2,Men,Online,0.199,0.263,0,0
ZC009257,31.0,Female,Germany,Tier 1,16,15,6,636.17,106.03,6,4.9,2,0.198,2,TRF,Online,0.585,0.217,0,0
ZC009258,40.0,Male,Spain,Tier 2,30,74,1,78.97,78.97,2,1.0,4,0.317,8,Beauty,Online,0.465,0.357,0,0
ZC009259,16.0,Female,Germany,Tier 1,15,29,2,173.59,86.8,8,7.8,2,0.398,2,Women,Store,0.37,0.111,0,0
ZC009260,25.0,Female,Other,Tier 2,15,51,1,71.16,71.16,6,2.3,4,0.39,4,Men,Store,0.139,0.34,0,0
ZC009261,38.0,Male,Italy,Tier 2,24,54,4,435.41,108.85,5,8.0,4,0.124,2,Women,Online,0.361,0.177,0,0
ZC009262,32.0,Female,USA,Tier 1,11,296,1,32.27,32.27,2,3.7,3,0.49,7,Women,Store,0.254,0.343,0,0
ZC009263,46.0,Female,Spain,Tier 1,9,41,3,179.28,59.76,3,2.3,2,0.236,7,Women,Mixed,0.401,0.435,0,0
ZC009264,18.0,Male,USA,Tier 1,4,140,1,85.06,85.06,1,13.8,1,0.537,6,Women,Mixed,0.302,0.118,0,1
ZC009265,56.0,Female,Spain,Tier 1,16,38,1,91.15,91.15,4,4.0,2,0.264,6,Kids,Store,0.383,0.024,0,0
ZC009266,17.0,Male,France,Tier 1,11,57,1,57.36,57.36,6,4.4,3,0.796,4,Women,Mixed,0.659,0.245,0,0
ZC009267,16.0,Male,Mexico,Tier 2,33,43,3,85.29,28.43,7,1.0,3,0.564,7,Home,Online,0.213,0.451,0,0
ZC009268,31.0,Female,Germany,Tier 1,15,54,1,19.48,19.48,5,5.1,3,0.584,3,Women,Online,0.478,0.124,0,0
ZC009269,21.0,Female,Germany,Tier 2,30,23,2,172.73,86.36,5,2.4,6,0.3,8,Men,Online,0.459,0.375,0,1
ZC009270,32.0,Male,UK,Tier 1,27,132,5,207.31,41.46,6,2.0,1,0.512,4,Women,Mixed,0.478,0.359,0,0
ZC009271,31.0,Male,USA,Tier 2,4,26,1,62.27,62.27,8,7.0,1,,1,Women,Store,0.374,0.198,0,0
ZC009272,30.0,Female,Germany,Tier 1,7,18,2,105.06,52.53,11,3.2,3,0.534,6,Women,Mixed,0.142,0.152,0,0
ZC009273,24.0,Male,UK,Tier 2,56,72,7,441.55,63.08,1,4.9,6,0.398,7,TRF,Store,0.119,0.172,0,0
ZC009274,36.0,Female,USA,Tier 1,11,90,1,136.07,136.07,0,10.4,4,0.351,1,Women,Store,0.069,0.164,0,0
ZC009275,29.0,Female,Germany,Tier 2,23,56,1,99.81,99.81,5,2.5,4,0.135,5,Women,Mixed,0.499,0.224,0,1
ZC009276,43.0,Female,UK,Tier 1,16,15,1,86.12,86.12,5,4.7,3,0.405,6,Women,Online,0.236,0.418,0,0
ZC009277,30.0,Female,USA,Tier 3,4,147,1,68.84,68.84,2,2.9,2,0.815,8,Women,Mixed,0.337,0.276,0,1
ZC009278,22.0,Female,France,Tier 1,9,63,1,49.54,49.54,1,8.3,4,,3,Men,Mixed,0.023,0.107,0,0
ZC009279,16.0,Female,USA,Tier 3,8,53,4,410.59,102.65,5,5.2,2,0.513,5,Women,Online,0.565,0.378,0,0
ZC009280,30.0,Male,Italy,Tier 1,29,58,2,156.36,78.18,10,7.4,6,0.543,1,Men,Store,0.128,0.213,0,0
ZC009281,19.0,Female,Spain,Tier 1,9,207,1,102.84,102.84,2,10.7,1,0.396,3,Women,Store,0.791,0.399,0,1
ZC009282,19.0,Female,Other,Tier 2,25,19,1,72.09,72.09,7,1.4,5,0.333,1,TRF,Online,0.198,0.814,0,0
ZC009283,37.0,Female,UK,Tier 1,6,134,1,81.81,81.81,2,4.2,3,0.367,1,Women,Store,0.034,0.158,0,1
ZC009284,16.0,Female,Spain,Tier 2,2,13,1,44.13,44.13,5,16.4,3,0.348,8,Women,Store,0.373,0.321,0,0
ZC009285,46.0,Male,Spain,Tier 1,19,92,1,61.67,61.67,1,5.0,4,0.638,7,Women,Store,0.16,0.163,0,0
ZC009286,34.0,Female,Other,Tier 2,24,15,1,118.1,118.1,10,1.8,5,0.182,2,Beauty,Online,0.292,0.144,0,0
ZC009287,32.0,Female,France,Tier 1,13,166,1,41.54,41.54,5,1.0,4,0.548,7,Kids,Online,0.098,0.083,0,0
ZC009288,22.0,Male,Mexico,Tier 1,18,91,2,141.97,70.98,2,3.4,2,0.715,6,Home,Store,0.165,0.203,0,1
ZC009289,40.0,Female,Other,Tier 2,5,4,1,80.05,80.05,8,6.3,6,0.602,4,Women,Online,0.062,0.187,0,0
ZC009290,32.0,Female,USA,Tier 2,14,99,1,71.61,71.61,3,2.3,5,0.155,8,Women,Online,0.234,0.166,0,1
ZC009291,25.0,Male,France,Tier 2,33,62,1,73.6,73.6,1,5.4,2,0.098,7,Men,Online,0.371,0.105,0,0
ZC009292,34.0,Male,Germany,Tier 2,57,7,6,410.73,68.46,4,1.2,3,0.242,3,Beauty,Store,0.378,0.533,0,0
ZC009293,16.0,Female,Other,Tier 2,17,242,1,101.97,101.97,1,8.3,3,0.512,5,Men,Online,0.162,0.286,0,0
ZC009294,16.0,Male,UK,Tier 2,22,62,5,298.76,59.75,4,4.4,3,0.231,7,Kids,Mixed,0.655,0.083,0,0
ZC009295,21.0,Female,Other,Tier 1,34,71,6,540.09,90.02,2,5.6,3,0.284,8,Men,Mixed,0.388,0.108,1,0
ZC009296,35.0,Male,Germany,Tier 1,19,50,2,81.13,40.56,4,1.0,3,0.454,5,Women,Online,0.391,0.296,0,0
ZC009297,32.0,Female,Other,Tier 2,23,76,5,257.78,51.56,2,5.2,2,0.487,4,Men,Mixed,0.35,0.462,0,0
ZC009298,42.0,Male,Spain,Tier 1,46,20,7,342.93,48.99,6,3.7,3,0.68,7,Men,Store,0.506,0.218,0,0
ZC009299,23.0,Female,UK,Tier 3,22,15,3,227.63,75.88,9,8.7,3,0.311,5,Beauty,Mixed,0.189,0.298,0,0
ZC009300,38.0,Male,USA,Tier 3,14,65,1,86.4,86.4,1,4.8,1,0.273,1,Men,Mixed,0.19,0.1,0,0
ZC009301,31.0,Male,Other,Tier 3,45,8,4,247.42,61.86,3,8.5,7,0.263,3,Men,Mixed,0.368,0.079,0,0
ZC009302,23.0,Male,USA,Tier 1,21,40,2,141.66,70.83,5,1.7,3,0.653,5,Kids,Store,0.6,0.205,0,0
ZC009303,36.0,Male,Italy,Tier 2,6,18,1,55.92,55.92,7,3.0,3,0.396,5,TRF,Mixed,0.236,0.443,0,0
ZC009304,31.0,Female,Spain,Tier 1,15,26,5,480.66,96.13,3,11.7,2,0.184,4,Kids,Store,0.36,0.36,0,0
ZC009305,26.0,Female,USA,Tier 1,60,157,6,649.21,108.2,1,4.4,0,0.258,5,Men,Mixed,0.546,0.143,0,1
ZC009306,32.0,Female,USA,Tier 2,35,80,1,53.13,53.13,0,2.3,6,0.462,1,Women,Store,0.175,0.18,0,0
ZC009307,31.0,Female,Mexico,Tier 2,11,176,2,86.96,43.48,0,1.3,2,0.563,4,Kids,Online,0.452,0.253,0,1
ZC009308,30.0,Male,USA,Tier 1,39,30,3,220.51,73.5,11,10.4,2,0.314,8,Women,Mixed,0.088,0.469,0,0
ZC009309,28.0,Male,Mexico,Tier 3,15,114,2,164.29,82.14,1,1.0,3,0.475,7,Men,Online,0.195,0.446,0,1
ZC009310,19.0,Female,Mexico,Tier 3,9,139,1,82.79,82.79,1,2.3,2,0.569,2,Kids,Store,0.263,0.124,0,1
ZC009311,33.0,Female,Other,Tier 1,34,8,1,58.32,58.32,1,3.4,4,0.288,6,Kids,Online,0.143,0.231,0,0
ZC009312,24.0,Male,Italy,Tier 1,7,30,3,201.46,67.15,7,2.9,0,0.387,4,TRF,Store,0.3,0.193,1,1
ZC009313,,Female,Germany,Tier 3,10,103,4,312.94,78.24,1,8.7,1,0.597,1,Women,Online,0.761,0.387,0,1
ZC009314,30.0,Female,Germany,Tier 1,19,38,1,74.47,74.47,4,12.7,6,,7,Men,Mixed,0.678,0.346,0,1
ZC009315,39.0,Female,Spain,Tier 1,22,18,1,81.23,81.23,5,6.3,1,0.474,6,Women,Mixed,0.284,0.243,0,0
ZC009316,34.0,Female,France,Tier 1,30,305,5,521.33,104.27,3,3.6,1,0.234,1,Men,Store,0.559,0.36,0,1
ZC009317,27.0,Male,Other,Tier 2,8,5,1,58.84,58.84,6,1.0,9,0.258,8,Home,Store,0.361,0.356,0,0
ZC009318,26.0,Female,Spain,Tier 2,19,23,3,322.23,107.41,5,3.2,1,0.3,4,Men,Mixed,0.246,0.724,0,1
ZC009319,38.0,Female,Spain,Tier 2,2,38,1,75.94,75.94,7,8.7,3,0.187,7,Men,Store,0.099,0.471,0,0
ZC009320,16.0,Female,Germany,Tier 2,3,53,1,78.28,78.28,8,4.4,3,0.61,2,Men,Mixed,0.352,0.779,0,0
ZC009321,40.0,Female,Other,Tier 2,10,49,1,47.77,47.77,5,5.5,5,0.195,8,Women,Store,0.159,0.611,0,0
ZC009322,16.0,Female,USA,Tier 2,30,41,2,164.23,82.12,5,4.2,7,0.164,1,Beauty,Online,0.148,0.379,0,1
ZC009323,18.0,Female,Other,Tier 1,25,35,2,236.95,118.48,6,3.0,2,0.472,7,TRF,Store,0.623,0.584,0,1
ZC009324,27.0,Male,USA,Tier 1,15,32,1,59.23,59.23,7,3.5,2,0.44,5,Beauty,Online,0.324,0.526,0,0
ZC009325,54.0,Male,UK,Tier 1,4,84,1,63.32,63.32,0,8.0,2,,7,Women,Online,0.306,0.16,0,1
ZC009326,49.0,Female,Other,Tier 1,21,50,1,125.21,125.21,5,2.6,6,0.179,1,Women,Mixed,0.102,0.093,0,1
ZC009327,39.0,Female,UK,Tier 1,60,11,6,528.42,88.07,7,2.6,3,0.458,3,Women,Mixed,0.594,0.578,0,0
ZC009328,36.0,Male,Germany,Tier 1,17,48,3,173.23,57.74,4,1.7,5,0.522,2,Women,Store,0.352,0.436,0,0
ZC009329,16.0,Female,Other,Tier 1,7,70,1,101.16,101.16,1,6.6,10,0.312,3,Men,Mixed,0.136,0.281,0,0
ZC009330,34.0,Female,USA,Tier 1,16,375,1,77.72,77.72,0,2.7,6,0.534,4,Men,Store,0.353,0.612,0,1
ZC009331,27.0,Female,Spain,Tier 1,4,37,1,81.71,81.71,6,3.4,4,0.105,4,Kids,Mixed,0.71,0.429,0,0
ZC009332,24.0,Female,Other,Tier 1,11,110,1,84.5,84.5,2,1.7,4,0.262,2,Kids,Online,0.472,0.333,0,0
ZC009333,34.0,Male,France,Tier 2,29,131,2,201.75,100.88,1,1.0,4,0.104,5,Men,Online,0.178,0.051,0,1
ZC009334,27.0,Female,Other,Tier 2,43,39,3,237.12,79.04,5,3.2,6,0.425,5,Home,Mixed,0.315,0.207,0,0
ZC009335,41.0,Male,Other,Tier 2,14,140,1,127.06,127.06,3,1.1,3,0.283,7,Kids,Mixed,0.292,0.373,0,1
ZC009336,16.0,Male,Germany,Tier 1,6,112,1,113.66,113.66,0,8.7,1,0.154,4,Men,Online,0.115,0.071,0,1
ZC009337,33.0,Male,UK,Tier 2,30,122,5,517.1,103.42,2,3.6,4,0.503,1,Men,Online,0.127,0.071,0,0
ZC009338,23.0,Male,France,Tier 2,21,25,3,181.69,60.56,13,7.0,4,0.359,3,Women,Store,0.333,0.271,0,0
ZC009339,28.0,Male,USA,Tier 1,16,296,1,72.72,72.72,0,8.1,6,0.868,6,Men,Store,0.197,0.47,0,1
ZC009340,35.0,Female,UK,Tier 1,19,110,4,512.13,128.03,2,7.3,5,0.488,4,Women,Mixed,0.292,0.109,1,0
ZC009341,21.0,Male,Other,Tier 1,14,18,3,200.3,66.77,9,1.0,6,0.597,7,Women,Online,0.348,0.219,0,0
ZC009342,34.0,Female,Other,Tier 1,17,40,3,200.0,66.67,7,4.4,2,0.682,1,Kids,Online,0.184,0.182,0,0
ZC009343,30.0,Male,Other,Tier 1,20,76,2,189.85,94.92,5,3.4,3,0.263,4,Women,Mixed,0.478,0.219,0,0
ZC009344,25.0,Female,Other,Tier 1,21,78,3,304.59,101.53,2,1.4,0,0.325,2,Women,Mixed,0.337,0.373,0,0
ZC009345,27.0,Female,Spain,Tier 1,18,109,3,234.72,78.24,2,4.1,5,0.512,8,Men,Mixed,0.123,0.124,0,0
ZC009346,30.0,Female,France,Tier 1,9,94,3,253.92,84.64,4,3.2,3,0.206,2,Men,Mixed,0.112,0.454,0,1
ZC009347,24.0,Female,USA,Tier 1,55,28,3,114.32,38.11,8,4.4,3,0.112,7,Women,Online,0.323,0.493,0,0
ZC009348,32.0,Female,Germany,Tier 3,17,157,1,62.69,62.69,0,13.9,7,0.359,6,Men,Mixed,0.23,0.304,0,0
ZC009349,29.0,Female,Other,Tier 1,3,166,2,119.18,59.59,4,7.2,3,0.467,1,Men,Store,0.345,0.316,0,1
ZC009350,26.0,Female,Other,Tier 2,15,100,1,102.28,102.28,3,4.1,2,0.621,2,Men,Mixed,0.573,0.363,0,1
ZC009351,48.0,Female,Other,Tier 1,16,126,1,74.09,74.09,0,6.5,7,,8,Women,Store,0.141,0.014,0,1
ZC009352,36.0,Female,USA,Tier 2,10,42,3,250.81,83.6,5,2.9,1,0.348,1,Women,Mixed,0.187,0.312,0,0
ZC009353,28.0,Female,France,Tier 2,7,31,1,108.48,108.48,4,6.9,2,0.428,1,Women,Store,0.213,0.418,0,0
ZC009354,33.0,Female,USA,Tier 2,20,40,3,313.18,104.39,5,4.9,7,0.619,3,Men,Mixed,0.343,0.479,0,1
ZC009355,22.0,Female,France,Tier 2,20,191,1,72.29,72.29,0,1.0,3,0.525,8,Home,Online,0.1,0.371,0,1
ZC009356,28.0,Female,USA,Tier 2,6,44,1,58.28,58.28,2,2.9,7,0.164,1,Men,Store,0.112,0.354,0,0
ZC009357,29.0,Female,Mexico,Tier 2,20,67,1,58.57,58.57,1,8.5,4,0.375,6,Men,Store,0.293,0.085,0,0
ZC009358,20.0,Male,UK,Tier 1,24,34,1,75.96,75.96,4,4.4,5,0.376,1,Women,Online,0.367,0.417,0,0
ZC009359,36.0,Female,Italy,Tier 1,6,10,2,192.86,96.43,5,2.3,2,0.128,2,Women,Mixed,0.347,0.463,0,0
ZC009360,27.0,Female,Other,Tier 2,14,26,2,128.51,64.26,6,9.1,3,0.664,2,Beauty,Store,0.249,0.106,0,0
ZC009361,28.0,Female,USA,Tier 1,55,49,4,113.21,28.3,3,7.6,1,0.33,8,Men,Online,0.142,0.163,0,0
ZC009362,26.0,Male,Germany,Tier 1,27,85,3,121.8,40.6,2,6.0,8,0.342,6,Beauty,Store,0.606,0.137,0,1
ZC009363,62.0,Female,Other,Tier 3,27,119,3,135.26,45.09,0,8.3,4,0.518,8,Women,Online,0.184,0.547,0,1
ZC009364,,Female,Other,Tier 3,28,10,1,78.34,78.34,6,1.0,1,0.474,7,Women,Store,0.258,0.265,0,0
ZC009365,16.0,Female,USA,Tier 1,38,80,5,399.07,79.81,3,2.5,3,0.179,8,Women,Mixed,0.166,0.11,0,0
ZC009366,16.0,Female,Italy,Tier 1,10,13,2,94.73,47.36,5,5.4,6,0.378,8,Home,Store,0.396,0.036,0,0
ZC009367,40.0,Female,UK,Tier 1,4,20,1,64.89,64.89,4,7.2,3,0.2,6,TRF,Online,0.295,0.197,0,0
ZC009368,45.0,Male,USA,Tier 1,14,105,4,490.22,122.56,1,3.9,3,,2,Men,Mixed,0.344,0.153,0,1
ZC009369,25.0,Male,USA,Tier 3,12,18,1,75.45,75.45,9,2.0,1,0.625,4,Women,Online,0.241,0.217,0,0
ZC009370,45.0,Female,Germany,Tier 1,13,53,1,136.86,136.86,6,2.3,6,0.55,5,Home,Mixed,0.04,0.288,0,0
ZC009371,,Female,USA,Tier 1,29,30,1,69.35,69.35,10,5.0,4,0.783,2,Women,Online,0.257,0.088,0,0
ZC009372,30.0,Female,Germany,Tier 3,10,107,1,66.15,66.15,1,1.3,4,0.303,6,Women,Mixed,0.388,0.829,0,0
ZC009373,29.0,Male,USA,Tier 1,57,87,4,306.12,76.53,1,2.2,1,0.407,6,TRF,Online,0.182,0.303,0,0
ZC009374,34.0,Male,Spain,Tier 3,3,80,1,105.02,105.02,2,4.3,4,0.313,1,Women,Mixed,0.487,0.505,0,0
ZC009375,41.0,Female,Mexico,Tier 1,40,21,1,100.18,100.18,10,4.9,6,0.424,6,Women,Store,0.324,0.604,0,0
ZC009376,36.0,Female,USA,Tier 1,5,66,1,102.14,102.14,0,5.2,4,0.488,8,Men,Store,0.273,0.086,0,0
ZC009377,25.0,Female,USA,Tier 3,28,92,5,456.17,91.23,1,1.6,3,0.439,6,Men,Store,0.135,0.392,0,0
ZC009378,30.0,Male,USA,Tier 1,27,44,1,50.72,50.72,7,5.9,2,,4,Men,Store,0.263,0.483,0,0
ZC009379,52.0,Female,USA,Tier 2,14,21,1,46.87,46.87,4,3.3,2,0.629,4,Women,Store,0.656,0.003,0,0
ZC009380,35.0,Female,France,Tier 1,30,54,4,272.26,68.06,3,3.7,4,0.473,6,Men,Mixed,0.434,0.163,0,0
ZC009381,41.0,Female,Mexico,Tier 2,9,54,4,433.13,108.28,6,4.7,2,0.212,6,Women,Mixed,0.369,0.098,0,0
ZC009382,37.0,Female,Germany,Tier 1,8,176,1,105.48,105.48,2,5.2,1,0.511,7,Women,Online,0.183,0.363,0,0
ZC009383,35.0,Male,Spain,Tier 2,28,63,3,137.61,45.87,0,2.3,2,0.297,8,Women,Online,0.128,0.306,0,0
ZC009384,33.0,Female,USA,Tier 3,12,42,3,311.13,103.71,6,6.3,2,0.651,2,Beauty,Store,0.293,0.339,0,0
ZC009385,41.0,Female,Other,Tier 1,52,53,5,511.0,102.2,3,5.3,3,0.445,5,Kids,Online,0.714,0.01,0,0
ZC009386,39.0,Male,USA,Tier 1,28,32,1,118.23,118.23,7,6.3,1,0.701,1,Women,Online,0.35,0.45,0,0
ZC009387,35.0,Female,USA,Tier 2,22,27,1,66.86,66.86,12,3.6,4,0.35,8,Kids,Online,0.069,0.383,1,0
ZC009388,25.0,Male,Spain,Tier 3,13,42,2,185.8,92.9,7,9.2,1,0.779,1,Men,Online,0.149,0.412,0,0
ZC009389,36.0,Male,Mexico,Tier 1,7,47,1,45.67,45.67,5,9.6,4,0.559,7,Men,Online,0.376,0.224,0,0
ZC009390,31.0,Female,Italy,Tier 3,35,39,1,43.47,43.47,5,3.9,7,0.602,3,Men,Online,0.38,0.198,0,0
ZC009391,29.0,Female,USA,Tier 3,35,28,2,260.58,130.29,3,4.0,6,0.31,8,Women,Mixed,0.29,0.429,0,0
ZC009392,59.0,Female,Spain,Tier 2,10,192,2,137.11,68.56,2,2.2,6,0.284,1,Home,Mixed,0.461,0.198,0,1
ZC009393,17.0,Male,Mexico,Tier 1,6,30,1,50.32,50.32,11,2.2,2,0.686,8,Women,Online,0.015,0.378,0,0
ZC009394,42.0,Male,Spain,Tier 1,19,151,2,151.49,75.74,2,3.7,0,0.6,2,Women,Mixed,0.253,0.133,0,1
ZC009395,23.0,Female,UK,Tier 2,18,44,1,102.8,102.8,7,4.6,7,,8,Women,Online,0.272,0.537,0,0
ZC009396,33.0,Male,Other,Tier 2,31,25,3,306.97,102.32,5,3.9,7,0.264,2,Kids,Store,0.376,0.295,0,0
ZC009397,58.0,Male,USA,Tier 1,14,35,1,60.66,60.66,5,1.0,4,0.386,4,Women,Online,0.24,0.447,0,0
ZC009398,22.0,Male,UK,Tier 2,48,8,5,440.48,88.1,4,5.6,5,0.547,7,Women,Mixed,0.462,0.202,0,0
ZC009399,25.0,Female,Germany,Tier 2,25,70,3,294.52,98.17,3,4.6,3,0.301,8,Men,Mixed,0.211,0.625,0,0
ZC009400,32.0,Female,Italy,Tier 1,53,123,3,309.04,103.01,2,1.5,4,0.59,3,Men,Store,0.715,0.54,0,0
ZC009401,24.0,Male,UK,Tier 2,5,78,1,86.96,86.96,0,3.9,6,0.112,6,Women,Store,0.196,0.134,0,1
ZC009402,41.0,Male,UK,Tier 1,20,61,4,205.63,51.41,3,2.4,6,0.272,7,Women,Store,0.191,0.44,0,0
ZC009403,27.0,Male,UK,Tier 1,46,325,4,322.24,80.56,3,2.8,2,0.344,5,Women,Store,0.277,0.463,0,1
ZC009404,39.0,Male,France,Tier 1,6,23,1,55.41,55.41,3,1.6,4,0.085,7,Women,Online,0.18,0.128,0,0
ZC009405,19.0,Female,USA,Tier 1,33,138,6,606.47,101.08,3,5.1,4,0.9,6,Men,Store,0.673,0.241,0,1
ZC009406,16.0,Male,USA,Tier 2,4,84,1,87.19,87.19,1,6.2,1,0.307,8,Men,Store,0.324,0.325,0,0
ZC009407,30.0,Female,USA,Tier 2,6,10,1,78.79,78.79,1,2.9,4,0.662,1,Kids,Store,0.174,0.611,0,0
ZC009408,16.0,Female,UK,Tier 1,6,28,3,207.69,69.23,7,11.6,3,0.299,4,Women,Online,0.383,0.459,0,0
ZC009409,47.0,Female,UK,Tier 1,7,22,2,157.6,78.8,5,3.4,2,0.142,1,Kids,Store,0.299,0.204,0,1
ZC009410,17.0,Female,Germany,Tier 2,30,101,4,324.37,81.09,0,9.7,2,0.475,6,Home,Online,0.149,0.521,0,0
ZC009411,22.0,Female,Germany,Tier 1,14,63,2,105.23,52.62,3,1.0,4,0.652,2,Women,Online,0.507,0.418,1,1
ZC009412,36.0,Male,Other,Tier 3,17,47,1,96.96,96.96,7,3.0,2,0.506,7,Women,Mixed,0.341,0.093,0,0
ZC009413,26.0,Male,Germany,Tier 2,9,35,1,52.69,52.69,5,4.2,4,0.502,6,TRF,Store,0.621,0.312,0,0
ZC009414,17.0,Female,Italy,Tier 3,18,3,1,67.08,67.08,4,2.4,2,0.086,5,Home,Store,0.164,0.433,0,0
ZC009415,52.0,Female,Spain,Tier 2,44,97,1,113.24,113.24,1,11.0,6,0.502,7,Women,Mixed,0.483,0.506,0,1
ZC009416,22.0,Female,Mexico,Tier 3,6,242,1,64.95,64.95,0,9.4,5,0.341,5,Women,Mixed,0.05,0.449,1,0
ZC009417,30.0,Female,France,Tier 2,60,152,5,376.32,75.26,5,7.6,2,0.296,1,Women,Online,0.296,0.115,0,0
ZC009418,30.0,Female,Other,Tier 1,15,58,1,75.79,75.79,8,1.3,2,0.429,2,Women,Online,0.142,0.48,0,0
ZC009419,39.0,Female,Other,Tier 2,9,144,4,168.5,42.12,1,5.3,5,0.248,3,Women,Mixed,0.29,0.078,0,1
ZC009420,37.0,Male,USA,Tier 1,6,91,1,104.64,104.64,2,10.4,2,0.165,7,Kids,Online,0.363,0.119,0,0
ZC009421,24.0,Female,Other,Tier 2,23,198,2,205.65,102.82,2,4.1,4,,2,Women,Online,0.205,0.214,0,0
ZC009422,29.0,Male,Italy,Tier 1,21,7,1,91.77,91.77,3,4.0,2,0.433,4,Women,Store,0.452,0.461,0,0
ZC009423,30.0,Male,Italy,Tier 2,7,51,3,222.87,74.29,10,1.7,2,0.091,3,Men,Online,0.4,0.4,0,0
ZC009424,39.0,Female,UK,Tier 2,39,213,1,87.49,87.49,1,1.6,8,0.174,2,Men,Online,0.347,0.231,0,1
ZC009425,20.0,Female,USA,Tier 3,26,14,6,685.53,114.26,5,4.3,3,0.199,3,Women,Online,0.486,0.65,0,0
ZC009426,52.0,Female,Mexico,Tier 1,38,58,1,74.4,74.4,3,14.8,5,0.435,3,Home,Store,0.253,0.445,0,0
ZC009427,24.0,Female,Spain,Tier 3,42,44,4,236.95,59.24,10,8.6,5,0.488,2,Women,Store,0.269,0.345,0,0
ZC009428,32.0,Male,France,Tier 2,6,25,2,145.27,72.64,5,1.0,4,,6,Women,Store,0.361,0.333,0,0
ZC009429,20.0,Female,Spain,Tier 1,41,201,5,134.28,26.86,2,11.9,2,0.259,3,Home,Store,0.309,0.116,0,0
ZC009430,19.0,Female,USA,Tier 1,29,25,1,85.25,85.25,4,5.0,6,0.517,8,Women,Online,0.308,0.331,0,0
ZC009431,23.0,Female,Italy,Tier 1,26,44,1,85.7,85.7,8,3.7,1,0.869,8,Men,Online,0.346,0.389,0,0
ZC009432,22.0,Female,Mexico,Tier 1,15,45,1,106.66,106.66,6,1.0,8,0.37,2,Women,Store,0.333,0.406,0,0
ZC009433,28.0,Male,Other,Tier 2,40,38,5,321.04,64.21,6,3.8,4,0.442,8,Men,Mixed,0.187,0.359,0,0
ZC009434,22.0,Female,Italy,Tier 1,44,37,4,161.18,40.3,1,4.9,2,0.414,8,Kids,Store,0.374,0.718,0,1
ZC009435,39.0,Male,Italy,Tier 1,24,18,4,305.91,76.48,7,13.5,2,0.271,5,Men,Online,0.136,0.564,0,0
ZC009436,24.0,Female,Other,Tier 2,26,33,1,48.34,48.34,13,7.8,3,0.443,3,Women,Store,0.339,0.276,0,0
ZC009437,23.0,Female,France,Tier 1,60,194,4,359.68,89.92,5,3.0,2,0.254,8,Home,Mixed,0.233,0.19,0,0
ZC009438,28.0,Female,Germany,Tier 3,1,62,1,79.98,79.98,4,7.2,1,0.44,2,Kids,Online,0.415,0.121,0,0
ZC009439,42.0,Male,Other,Tier 1,47,52,4,459.29,114.82,4,7.5,3,,2,Women,Mixed,0.424,0.205,0,0
ZC009440,34.0,Female,Mexico,Tier 1,19,125,3,314.8,104.93,2,1.0,3,0.157,3,Men,Mixed,0.503,0.147,0,1
ZC009441,31.0,Male,Mexico,Tier 3,50,38,6,535.37,89.23,6,2.6,6,0.187,4,Women,Mixed,0.537,0.702,0,0
ZC009442,18.0,Female,France,Tier 1,9,6,1,63.4,63.4,6,3.0,6,0.27,4,Men,Mixed,0.364,0.165,0,0
ZC009443,21.0,Female,France,Tier 1,24,112,1,85.62,85.62,4,13.0,4,0.742,5,Men,Store,0.291,0.281,1,0
ZC009444,19.0,Female,Germany,Tier 3,23,17,2,149.15,74.58,8,5.1,3,0.287,7,Women,Store,0.397,0.207,0,0
ZC009445,45.0,Female,Italy,Tier 1,27,35,3,192.33,64.11,7,7.4,2,0.458,4,Women,Mixed,0.566,0.409,0,1
ZC009446,37.0,Female,France,Tier 3,15,9,3,85.49,28.5,5,2.0,6,0.215,7,Women,Online,0.254,0.592,0,0
ZC009447,23.0,Female,USA,Tier 3,12,21,1,148.7,148.7,7,3.6,2,0.157,3,Men,Store,0.189,0.168,0,0
ZC009448,26.0,Male,USA,Tier 1,27,21,2,192.33,96.16,6,4.3,5,0.263,6,Men,Mixed,0.234,0.487,0,0
ZC009449,24.0,Female,France,Tier 2,30,70,6,523.22,87.2,1,1.1,2,0.162,7,Men,Store,0.383,0.048,0,0
ZC009450,23.0,Female,USA,Tier 2,17,6,2,163.05,81.53,7,8.1,1,0.232,2,Kids,Mixed,0.389,0.328,0,0
ZC009451,37.0,Female,UK,Tier 3,26,126,4,481.51,120.38,2,1.6,5,0.27,6,Women,Online,0.39,0.06,0,0
ZC009452,29.0,Female,Spain,Tier 2,56,38,1,104.53,104.53,2,4.5,1,0.17,6,Kids,Store,0.174,0.262,1,0
ZC009453,53.0,Female,Spain,Tier 2,20,42,1,47.46,47.46,7,13.9,6,0.371,8,Women,Mixed,0.515,0.06,0,0
ZC009454,45.0,Female,Other,Tier 1,2,51,2,130.22,65.11,7,8.0,1,0.469,8,Home,Online,0.143,0.152,0,0
ZC009455,45.0,Female,France,Tier 2,25,10,2,193.49,96.74,6,2.3,3,0.588,5,Home,Online,0.356,0.134,1,0
ZC009456,39.0,Female,Mexico,Tier 2,7,93,1,117.95,117.95,3,2.2,3,0.167,6,Women,Store,0.245,0.39,0,0
ZC009457,28.0,Female,Spain,Tier 3,23,90,1,61.53,61.53,0,3.9,4,0.522,5,Women,Online,0.215,0.281,0,0
ZC009458,38.0,Male,USA,Tier 1,35,89,3,293.76,97.92,0,1.8,7,0.552,8,Women,Mixed,0.366,0.434,0,0
ZC009459,29.0,Male,Spain,Tier 1,17,14,4,225.39,56.35,6,1.0,4,0.183,5,TRF,Store,0.316,0.405,0,0
ZC009460,48.0,Female,Spain,Tier 3,32,15,3,230.67,76.89,8,4.7,6,0.319,5,Men,Store,0.433,0.062,0,0
ZC009461,36.0,Male,Spain,Tier 2,33,58,4,310.79,77.7,1,5.0,5,0.255,8,Men,Store,0.304,0.459,0,0
ZC009462,35.0,Female,France,Tier 1,42,31,3,254.69,84.9,4,2.8,3,0.137,3,Women,Store,0.179,0.199,0,0
ZC009463,33.0,Female,Spain,Tier 1,60,44,4,408.79,102.2,6,3.1,4,0.117,2,Women,Mixed,0.258,0.034,0,0
ZC009464,49.0,Female,Mexico,Tier 3,50,35,4,433.39,108.35,6,1.4,4,0.254,5,Women,Mixed,0.292,0.351,0,0
ZC009465,18.0,Female,France,Tier 3,2,184,1,43.37,43.37,1,6.1,4,0.617,5,Women,Online,0.449,0.142,0,0
ZC009466,50.0,Female,USA,Tier 1,12,90,3,216.42,72.14,4,4.4,2,0.232,1,Men,Store,0.272,0.181,0,0
ZC009467,30.0,Female,Other,Tier 2,9,20,2,96.15,48.08,12,6.4,5,0.588,3,Women,Store,0.537,0.73,0,0
ZC009468,18.0,Male,France,Tier 1,29,45,2,143.93,71.96,5,12.6,6,0.312,6,Men,Store,0.295,0.222,0,0
ZC009469,24.0,Female,USA,Tier 1,17,17,2,257.69,128.84,6,1.4,1,0.466,4,Men,Store,0.083,0.089,0,0
ZC009470,,Female,France,Tier 2,10,33,1,123.72,123.72,1,2.2,2,0.446,4,Women,Online,0.243,0.123,0,0
ZC009471,39.0,Female,Italy,Tier 1,12,39,1,78.98,78.98,5,8.5,2,0.633,8,Women,Mixed,0.317,0.312,0,0
ZC009472,22.0,Female,France,Tier 1,13,27,1,86.7,86.7,2,1.8,9,0.574,3,Home,Mixed,0.19,0.434,0,1
ZC009473,34.0,Male,Other,Tier 1,32,54,1,71.87,71.87,10,4.1,2,0.252,5,Men,Online,0.376,0.471,0,0
ZC009474,43.0,Male,USA,Tier 1,4,79,1,85.88,85.88,2,5.0,8,0.629,5,Men,Mixed,0.326,0.67,0,1
ZC009475,25.0,Female,UK,Tier 1,10,38,2,245.87,122.94,7,2.9,2,0.462,6,Home,Online,0.681,0.337,0,1
ZC009476,29.0,Male,Other,Tier 3,1,16,1,53.75,53.75,7,10.9,5,0.494,3,Women,Online,0.325,0.207,0,0
ZC009477,19.0,Female,Germany,Tier 1,32,45,4,280.26,70.06,3,5.0,5,0.294,5,Home,Online,0.292,0.599,0,0
ZC009478,28.0,Female,Other,Tier 2,39,49,3,209.71,69.9,9,2.7,4,0.379,7,TRF,Store,0.362,0.324,0,1
ZC009479,58.0,Female,Mexico,Tier 1,26,234,4,255.34,63.84,3,6.2,5,0.268,8,Women,Online,0.313,0.614,0,1
ZC009480,40.0,Female,France,Tier 3,29,80,5,481.65,96.33,0,3.6,4,0.427,2,Women,Online,0.111,0.167,0,0
ZC009481,29.0,Female,Germany,Tier 2,22,5,1,127.65,127.65,6,14.4,3,0.718,4,Kids,Store,0.267,0.48,0,0
ZC009482,26.0,Female,UK,Tier 3,26,53,6,611.83,101.97,5,5.2,6,0.31,1,Women,Online,0.241,0.121,0,0
ZC009483,32.0,Male,Spain,Tier 1,3,122,2,122.23,61.12,1,1.0,7,0.69,7,Women,Store,0.292,0.645,0,1
ZC009484,33.0,Male,UK,Tier 1,25,75,3,199.68,66.56,0,4.2,2,0.332,6,Women,Store,0.159,0.154,0,0
ZC009485,28.0,Male,USA,Tier 1,9,56,1,55.18,55.18,5,7.0,4,0.368,8,Women,Mixed,0.56,0.291,0,0
ZC009486,37.0,Female,Italy,Tier 1,29,23,3,232.45,77.48,12,6.8,6,0.213,5,Women,Store,0.392,0.423,0,0
ZC009487,22.0,Female,Germany,Tier 2,16,76,2,117.82,58.91,1,3.5,2,0.754,6,Men,Online,0.27,0.274,0,0
ZC009488,22.0,Male,Other,Tier 2,46,34,5,439.73,87.95,7,2.1,9,0.562,6,Men,Store,0.219,0.173,0,0
ZC009489,36.0,Female,Spain,Tier 1,22,81,3,170.3,56.77,2,6.7,2,0.416,2,Men,Mixed,0.284,0.166,0,0
ZC009490,20.0,Female,UK,Tier 2,8,109,2,88.54,44.27,0,16.7,2,0.281,1,Home,Store,0.346,0.778,0,1
ZC009491,39.0,Female,UK,Tier 2,6,137,2,60.9,30.45,2,1.0,7,0.49,8,Kids,Store,0.464,0.565,0,1
ZC009492,32.0,Female,France,Tier 1,9,110,1,104.68,104.68,1,3.1,9,0.261,4,Women,Store,0.367,0.231,0,0
ZC009493,16.0,Female,Spain,Tier 2,18,64,1,45.18,45.18,1,8.1,4,0.434,6,Men,Mixed,0.301,0.112,0,0
ZC009494,33.0,Female,France,Tier 2,44,12,4,330.45,82.61,4,14.1,3,0.654,7,Women,Online,0.276,0.564,0,0
ZC009495,16.0,Female,Germany,Tier 3,13,18,1,68.78,68.78,5,3.8,2,0.311,3,Men,Mixed,0.289,0.105,0,0
ZC009496,39.0,Male,USA,Tier 2,24,46,4,286.06,71.52,6,3.5,2,0.392,3,Kids,Mixed,0.383,0.449,0,0
ZC009497,30.0,Female,Germany,Tier 3,6,97,4,275.24,68.81,1,3.5,3,0.406,6,Women,Online,0.116,0.607,0,1
ZC009498,51.0,Female,USA,Tier 1,29,55,3,215.35,71.78,5,9.0,2,0.385,3,Men,Online,0.146,0.487,0,0
ZC009499,43.0,Female,USA,Tier 2,16,74,2,205.81,102.9,1,2.3,0,0.497,3,Women,Online,0.64,0.294,0,1
ZC009500,21.0,Male,Other,Tier 3,24,127,2,126.25,63.12,0,9.8,2,0.286,5,Kids,Online,0.366,0.328,0,0
ZC009501,16.0,Female,Spain,Tier 1,49,79,1,126.88,126.88,2,4.5,4,0.53,2,Women,Store,0.305,0.399,0,0
ZC009502,24.0,Female,USA,Tier 1,20,35,1,82.14,82.14,7,3.7,4,0.366,7,Home,Mixed,0.44,0.369,0,0
ZC009503,20.0,Female,Other,Tier 3,6,207,1,79.13,79.13,2,6.3,5,0.393,3,Men,Store,0.385,0.415,0,1
ZC009504,50.0,Male,Spain,Tier 1,21,95,3,208.64,69.55,0,8.7,3,0.237,8,Women,Online,0.143,0.333,0,1
ZC009505,32.0,Female,UK,Tier 1,21,104,1,79.03,79.03,1,7.0,4,0.838,5,Women,Online,0.258,0.591,0,1
ZC009506,41.0,Female,UK,Tier 2,32,71,2,129.28,64.64,2,3.6,6,0.583,3,Men,Online,0.379,0.15,0,0
ZC009507,29.0,Female,Germany,Tier 2,20,170,1,44.17,44.17,2,6.4,5,0.257,1,Women,Mixed,0.468,0.245,0,1
ZC009508,30.0,Male,Germany,Tier 1,48,205,3,173.02,57.67,0,1.0,3,0.707,6,Kids,Online,0.328,0.077,0,0
ZC009509,32.0,Female,Germany,Tier 1,33,94,7,359.89,51.41,0,3.4,3,0.323,3,Kids,Mixed,0.352,0.164,0,0
ZC009510,43.0,Female,Other,Tier 1,20,143,2,132.33,66.17,1,5.4,4,0.314,4,Women,Store,0.37,0.304,0,1
ZC009511,35.0,Female,UK,Tier 1,18,45,4,227.01,56.75,13,9.2,4,0.483,6,Men,Store,0.185,0.237,0,0
ZC009512,21.0,Female,France,Tier 1,8,135,1,100.82,100.82,2,3.2,5,0.392,6,Men,Online,0.395,0.343,0,1
ZC009513,48.0,Female,Other,Tier 2,14,116,1,80.49,80.49,5,2.0,3,0.27,8,TRF,Mixed,0.149,0.052,0,0
ZC009514,29.0,Female,Spain,Tier 3,4,14,2,140.02,70.01,6,2.6,1,0.388,1,Men,Store,0.512,0.385,0,1
ZC009515,27.0,Female,Other,Tier 3,17,107,2,132.78,66.39,1,3.9,3,0.158,3,Women,Store,0.448,0.514,0,1
ZC009516,16.0,Male,Other,Tier 3,3,3,2,145.51,72.76,8,4.3,3,0.388,1,Women,Mixed,0.419,0.206,0,0
ZC009517,38.0,Female,Other,Tier 3,20,16,5,463.48,92.7,4,6.9,3,0.151,6,Women,Mixed,0.088,0.336,0,0
ZC009518,33.0,Male,Spain,Tier 1,7,123,1,34.0,34.0,3,2.0,1,0.417,1,Men,Store,0.248,0.618,0,0
ZC009519,33.0,Female,France,Tier 1,25,8,3,132.22,44.07,3,3.7,3,0.484,3,Women,Online,0.116,0.428,0,0
ZC009520,28.0,Male,Other,Tier 1,19,17,1,62.95,62.95,8,6.7,1,0.373,3,Women,Mixed,0.189,0.122,0,0
ZC009521,26.0,Female,USA,Tier 2,12,115,1,56.36,56.36,2,2.2,4,0.385,8,Women,Store,0.338,0.454,0,0
ZC009522,28.0,Female,Germany,Tier 3,5,61,1,46.35,46.35,1,6.0,2,0.27,5,Women,Online,0.349,0.204,0,0
ZC009523,37.0,Female,USA,Tier 1,18,22,2,171.65,85.82,12,2.4,5,0.235,3,Home,Mixed,0.171,0.216,0,0
ZC009524,38.0,Female,Spain,Tier 1,17,44,2,154.78,77.39,10,1.0,4,0.197,7,Women,Store,0.404,0.123,0,0
ZC009525,30.0,Male,Other,Tier 1,59,77,2,123.24,61.62,5,2.1,5,0.627,5,Kids,Store,0.324,0.755,0,0
ZC009526,41.0,Female,Other,Tier 1,14,40,4,293.02,73.26,9,1.0,5,0.128,6,Women,Mixed,0.202,0.362,0,0
ZC009527,31.0,Male,Spain,Tier 2,31,285,3,222.8,74.27,0,4.8,0,0.368,2,Women,Online,0.502,0.079,0,1
ZC009528,27.0,Female,Spain,Tier 1,10,164,4,236.79,59.2,1,3.0,2,0.139,3,Beauty,Mixed,0.451,0.688,0,1
ZC009529,34.0,Female,Germany,Tier 1,8,15,1,59.95,59.95,4,3.8,3,0.593,8,Men,Online,0.142,0.242,0,0
ZC009530,18.0,Male,Spain,Tier 3,26,136,1,76.12,76.12,6,3.9,1,0.16,1,Kids,Mixed,0.192,0.466,0,1
ZC009531,34.0,Female,Germany,Tier 1,13,60,1,51.22,51.22,1,6.3,5,0.323,8,Men,Online,0.183,0.227,0,0
ZC009532,17.0,Male,Italy,Tier 1,18,151,1,78.74,78.74,0,5.5,4,0.765,1,Men,Store,0.07,0.077,0,1
ZC009533,22.0,Female,UK,Tier 2,2,118,1,17.35,17.35,3,5.6,4,0.32,8,Men,Online,0.26,0.287,0,1
ZC009534,,Female,Mexico,Tier 1,11,15,3,217.7,72.57,4,7.2,9,0.224,7,Kids,Online,0.278,0.21,0,0
ZC009535,30.0,Male,Spain,Tier 2,12,58,4,293.75,73.44,8,7.0,7,0.192,3,Women,Online,0.512,0.685,0,0
ZC009536,48.0,Female,USA,Tier 1,7,32,1,56.81,56.81,8,3.8,4,0.511,6,Women,Store,0.218,0.091,0,0
ZC009537,31.0,Female,Mexico,Tier 1,14,57,1,105.73,105.73,10,12.0,7,0.433,7,Home,Online,0.448,0.365,0,0
ZC009538,38.0,Female,Spain,Tier 1,4,41,2,181.47,90.74,8,3.7,5,0.317,7,Women,Store,0.205,0.26,0,0
ZC009539,56.0,Female,USA,Tier 3,20,130,1,88.14,88.14,3,3.7,1,0.055,5,Kids,Store,0.205,0.511,0,0
ZC009540,36.0,Female,Germany,Tier 1,14,42,2,247.99,124.0,3,2.9,7,0.2,4,Beauty,Online,0.462,0.308,0,0
ZC009541,24.0,Female,USA,Tier 3,13,192,1,56.32,56.32,1,2.5,3,0.22,1,Women,Store,0.117,0.396,0,1
ZC009542,26.0,Female,France,Tier 1,27,72,1,92.3,92.3,0,1.4,7,0.173,4,Kids,Mixed,0.308,0.234,0,0
ZC009543,32.0,Female,Other,Tier 3,8,19,1,123.15,123.15,4,2.5,4,0.212,2,Women,Mixed,0.165,0.421,0,0
ZC009544,26.0,Female,USA,Tier 3,49,75,4,233.01,58.25,2,2.6,3,0.256,8,Women,Mixed,0.394,0.146,0,0
ZC009545,26.0,Female,UK,Tier 1,7,0,3,247.31,82.44,4,5.2,0,0.684,6,Kids,Online,0.602,0.211,0,0
ZC009546,42.0,Female,Spain,Tier 2,34,7,1,40.67,40.67,8,3.2,1,0.405,3,Men,Store,0.438,0.192,0,0
ZC009547,42.0,Male,Italy,Tier 2,44,41,4,369.96,92.49,9,6.5,4,0.74,7,Women,Online,0.158,0.524,0,0
ZC009548,16.0,Male,USA,Tier 2,3,36,1,99.31,99.31,4,1.6,4,0.078,2,Women,Online,0.388,0.464,0,0
ZC009549,24.0,Female,Other,Tier 3,10,33,1,63.67,63.67,6,2.4,3,0.514,2,Women,Store,0.336,0.127,0,0
ZC009550,27.0,Female,Spain,Tier 1,6,11,1,66.82,66.82,3,13.6,0,0.714,5,TRF,Online,0.027,0.086,0,0
ZC009551,38.0,Female,Mexico,Tier 3,26,14,4,294.54,73.64,3,3.7,4,0.752,1,Kids,Store,0.304,0.449,0,0
ZC009552,43.0,Female,Mexico,Tier 2,11,70,1,130.47,130.47,2,3.0,5,0.281,5,TRF,Online,0.258,0.389,0,0
ZC009553,59.0,Female,Mexico,Tier 1,8,51,2,126.21,63.1,3,5.9,3,0.46,2,Men,Online,0.467,0.371,0,0
ZC009554,27.0,Male,Italy,Tier 1,16,267,1,52.02,52.02,2,7.0,4,0.347,8,Kids,Online,0.302,0.35,0,1
ZC009555,28.0,Male,USA,Tier 1,18,90,3,269.7,89.9,0,5.8,2,,8,Women,Mixed,0.116,0.17,0,0
ZC009556,38.0,Female,UK,Tier 1,40,6,1,78.81,78.81,3,8.3,3,0.22,4,Home,Mixed,0.623,0.073,0,0
ZC009557,25.0,Female,UK,Tier 1,40,74,5,737.86,147.57,0,2.6,4,0.399,8,Women,Online,0.377,0.426,0,0
ZC009558,31.0,Female,USA,Tier 2,10,53,3,320.14,106.71,4,2.9,3,0.197,4,Women,Store,0.127,0.533,0,0
ZC009559,28.0,Male,France,Tier 1,4,25,1,83.19,83.19,9,4.2,4,0.123,6,Men,Mixed,0.361,0.468,0,0
ZC009560,16.0,Female,Italy,Tier 1,23,256,1,103.21,103.21,3,2.2,4,0.172,8,Men,Online,0.234,0.64,0,1
ZC009561,33.0,Male,UK,Tier 3,15,80,4,381.34,95.34,0,6.4,5,0.752,7,Women,Mixed,0.464,0.715,0,0
ZC009562,30.0,Female,Other,Tier 3,42,105,4,427.22,106.8,1,1.9,4,0.283,3,Women,Online,0.204,0.456,0,0
ZC009563,45.0,Male,Italy,Tier 2,43,19,1,84.37,84.37,8,3.2,1,0.596,6,Men,Mixed,0.202,0.142,0,0
ZC009564,32.0,Female,UK,Tier 1,25,209,2,114.84,57.42,1,1.9,5,0.282,4,Women,Store,0.354,0.299,0,1
ZC009565,19.0,Female,UK,Tier 3,20,70,1,52.52,52.52,0,11.5,5,0.436,3,Men,Store,0.139,0.181,0,0
ZC009566,29.0,Female,Germany,Tier 1,21,7,1,95.82,95.82,6,2.5,9,0.584,4,Kids,Online,0.369,0.135,0,0
ZC009567,16.0,Female,UK,Tier 1,20,43,2,139.4,69.7,6,7.1,4,0.373,4,TRF,Mixed,0.56,0.648,0,0
ZC009568,20.0,Female,USA,Tier 3,21,41,3,285.84,95.28,6,5.8,1,0.251,7,Beauty,Online,0.173,0.189,0,0
ZC009569,38.0,Female,France,Tier 1,12,133,1,89.51,89.51,1,4.2,4,0.725,4,Women,Store,0.319,0.665,0,0
ZC009570,30.0,Male,Italy,Tier 1,11,30,4,178.08,44.52,10,6.3,5,0.493,4,Home,Mixed,0.286,0.104,0,0
ZC009571,41.0,Female,USA,Tier 2,13,12,1,53.32,53.32,7,6.1,2,0.379,5,TRF,Store,0.128,0.463,0,0
ZC009572,16.0,Male,USA,Tier 1,57,81,1,53.07,53.07,1,6.8,5,0.129,1,Women,Mixed,0.261,0.455,0,0
ZC009573,30.0,Female,USA,Tier 1,2,67,1,95.62,95.62,2,9.3,1,0.362,5,Women,Mixed,0.126,0.197,0,0
ZC009574,27.0,Male,USA,Tier 2,11,104,1,107.26,107.26,2,9.2,3,0.194,7,Women,Online,0.39,0.343,0,1
ZC009575,42.0,Female,USA,Tier 3,13,164,1,67.69,67.69,3,1.0,2,0.313,4,Women,Store,0.542,0.325,0,1
ZC009576,39.0,Female,Mexico,Tier 3,23,151,4,283.53,70.88,5,4.0,5,,8,Women,Store,0.752,0.1,0,1
ZC009577,38.0,Female,Germany,Tier 1,11,291,3,276.11,92.04,1,2.5,5,0.071,1,Women,Store,0.623,0.226,0,1
ZC009578,47.0,Male,USA,Tier 2,45,207,2,186.36,93.18,3,2.8,3,0.189,4,Men,Online,0.339,0.273,0,0
ZC009579,28.0,Female,Other,Tier 3,38,95,4,262.1,65.53,0,1.0,1,0.634,8,Women,Store,0.386,0.378,0,0
ZC009580,45.0,Female,Germany,Tier 1,47,60,7,609.88,87.13,2,2.1,3,0.561,6,Men,Store,0.158,0.439,0,0
ZC009581,22.0,Male,Spain,Tier 1,20,67,2,148.79,74.4,3,11.9,8,0.303,5,Women,Mixed,0.298,0.202,0,0
ZC009582,21.0,Female,Other,Tier 1,43,126,1,39.21,39.21,2,6.1,4,0.137,2,Men,Mixed,0.452,0.533,0,1
ZC009583,40.0,Female,Mexico,Tier 1,10,33,2,223.62,111.81,9,2.4,6,0.116,7,Women,Store,0.216,0.357,0,0
ZC009584,17.0,Female,France,Tier 1,18,43,1,79.55,79.55,11,7.4,3,0.147,4,Women,Mixed,0.295,0.184,0,0
ZC009585,38.0,Male,USA,Tier 2,3,98,1,64.16,64.16,1,9.6,3,0.462,7,Men,Online,0.266,0.094,0,1
ZC009586,33.0,Male,Mexico,Tier 2,26,12,1,70.29,70.29,8,1.0,5,0.177,4,Home,Mixed,0.259,0.083,0,0
ZC009587,43.0,Male,Spain,Tier 1,25,31,3,209.16,69.72,8,1.3,3,0.494,7,Kids,Store,0.56,0.292,0,0
ZC009588,31.0,Female,UK,Tier 2,20,22,1,51.62,51.62,5,2.4,2,0.322,8,TRF,Online,0.17,0.321,0,0
ZC009589,33.0,Female,Mexico,Tier 1,15,167,3,156.4,52.13,0,6.5,5,0.239,3,Men,Online,0.403,0.124,0,0
ZC009590,37.0,Male,Mexico,Tier 1,32,16,5,286.14,57.23,5,11.1,3,0.688,2,Women,Online,0.267,0.21,0,0
ZC009591,25.0,Female,Germany,Tier 3,41,38,4,246.18,61.54,6,7.2,1,0.374,7,Women,Mixed,0.408,0.436,0,0
ZC009592,25.0,Female,Spain,Tier 1,59,30,3,343.76,114.59,4,2.7,2,0.175,7,Women,Online,0.149,0.347,0,0
ZC009593,37.0,Male,USA,Tier 2,25,43,1,85.36,85.36,8,3.6,4,0.377,4,TRF,Mixed,0.106,0.326,0,0
ZC009594,32.0,Female,Other,Tier 1,17,89,2,110.79,55.4,1,4.3,1,0.333,4,Women,Store,0.645,0.238,0,0
ZC009595,28.0,Female,Italy,Tier 1,12,80,2,95.01,47.5,1,2.8,3,0.452,6,Men,Online,0.266,0.061,0,0
ZC009596,31.0,Male,Mexico,Tier 3,27,70,1,51.51,51.51,6,1.0,9,0.761,6,Kids,Online,0.078,0.237,1,0
ZC009597,48.0,Female,Spain,Tier 1,10,96,1,96.46,96.46,0,1.6,4,0.702,4,Beauty,Store,0.527,0.487,0,1
ZC009598,28.0,Male,Other,Tier 1,26,78,3,268.04,89.35,0,3.3,5,0.316,3,Home,Online,0.143,0.286,0,0
ZC009599,27.0,Female,USA,Tier 2,10,1,3,224.37,74.79,4,3.1,3,0.511,4,Men,Mixed,0.347,0.194,0,0
ZC009600,16.0,Female,USA,Tier 2,18,100,1,77.1,77.1,2,9.6,5,0.596,7,TRF,Mixed,0.54,0.323,0,1
ZC009601,,Male,Other,Tier 3,9,69,2,191.2,95.6,3,5.6,2,0.53,4,Men,Mixed,0.508,0.173,0,0
ZC009602,39.0,Male,UK,Tier 3,13,176,1,70.29,70.29,1,4.5,4,0.467,4,Women,Mixed,0.314,0.431,0,1
ZC009603,40.0,Male,Germany,Tier 1,24,20,3,368.26,122.75,8,6.4,3,0.375,7,Women,Mixed,0.42,0.29,1,0
ZC009604,33.0,Female,France,Tier 1,35,59,1,70.83,70.83,4,1.3,4,0.434,8,Women,Online,0.121,0.485,1,1
ZC009605,42.0,Female,Other,Tier 2,14,78,2,116.35,58.18,1,1.0,2,0.539,8,Women,Store,0.402,0.138,1,0
ZC009606,39.0,Female,USA,Tier 1,2,213,3,107.85,35.95,2,6.3,4,0.383,7,Women,Mixed,0.321,0.042,0,1
ZC009607,43.0,Female,Spain,Tier 1,3,12,1,76.15,76.15,6,8.6,1,0.443,3,Women,Online,0.223,0.419,0,0
ZC009608,42.0,Male,Germany,Tier 1,4,67,1,80.93,80.93,0,4.6,2,0.688,5,Women,Store,0.456,0.486,0,1
ZC009609,48.0,Male,Other,Tier 3,43,70,2,106.71,53.36,1,3.7,1,0.389,2,Women,Online,0.099,0.227,0,0
ZC009610,30.0,Female,Other,Tier 3,60,21,5,504.89,100.98,5,2.8,3,0.691,5,Women,Mixed,0.442,0.115,0,0
ZC009611,,Male,UK,Tier 1,17,44,1,75.71,75.71,5,1.8,1,0.084,3,Home,Online,0.409,0.044,0,0
ZC009612,39.0,Female,Italy,Tier 1,4,45,2,117.95,58.98,5,4.2,4,0.118,5,Kids,Mixed,0.15,0.308,0,0
ZC009613,,Male,UK,Tier 3,8,25,4,311.71,77.93,3,2.1,2,0.935,3,Women,Online,0.295,0.204,1,0
ZC009614,48.0,Female,USA,Tier 1,7,71,1,83.27,83.27,0,4.6,8,0.274,7,Men,Mixed,0.415,0.235,0,1
ZC009615,45.0,Male,Spain,Tier 1,42,79,3,297.96,99.32,2,4.7,4,0.708,5,Kids,Online,0.373,0.363,1,0
ZC009616,51.0,Male,USA,Tier 1,13,71,3,262.11,87.37,2,14.6,3,0.121,7,Women,Online,0.257,0.415,1,0
ZC009617,38.0,Female,USA,Tier 1,60,10,3,212.95,70.98,5,2.7,1,0.225,4,Women,Store,0.325,0.271,0,1
ZC009618,34.0,Male,USA,Tier 1,7,32,1,119.27,119.27,4,2.6,4,0.17,6,Men,Store,0.356,0.016,0,0
ZC009619,18.0,Female,USA,Tier 1,8,232,1,50.44,50.44,1,5.4,2,0.846,8,Men,Online,0.428,0.158,0,1
ZC009620,35.0,Male,Other,Tier 1,13,29,2,81.93,40.96,5,4.6,4,0.22,3,Kids,Online,0.4,0.276,0,0
ZC009621,26.0,Female,USA,Tier 2,12,12,1,61.1,61.1,6,4.0,8,0.112,2,Home,Online,0.181,0.519,0,0
ZC009622,34.0,Female,Mexico,Tier 1,38,44,1,38.09,38.09,9,12.1,3,0.331,4,Men,Online,0.342,0.389,0,0
ZC009623,33.0,Male,Other,Tier 2,19,2,1,41.97,41.97,4,2.5,3,0.629,2,Women,Online,0.431,0.371,0,1
ZC009624,37.0,Male,UK,Tier 2,29,338,2,147.65,73.82,2,9.4,2,0.392,8,Kids,Mixed,0.438,0.316,0,1
ZC009625,31.0,Male,Italy,Tier 1,23,9,6,485.2,80.87,5,6.7,6,0.283,3,TRF,Mixed,0.237,0.308,0,0
ZC009626,41.0,Female,USA,Tier 3,23,22,1,68.26,68.26,3,2.5,6,0.571,1,TRF,Online,0.38,0.273,0,0
ZC009627,16.0,Female,Spain,Tier 1,16,27,1,100.04,100.04,10,1.9,3,0.469,8,Men,Mixed,0.192,0.44,0,0
ZC009628,34.0,Female,Italy,Tier 1,40,78,4,260.48,65.12,1,4.7,3,0.317,3,Men,Mixed,0.133,0.014,0,0
ZC009629,44.0,Male,Germany,Tier 2,34,7,1,36.43,36.43,7,21.8,1,0.311,2,Women,Online,0.358,0.169,0,0
ZC009630,51.0,Male,UK,Tier 1,9,400,3,284.18,94.73,1,4.3,1,0.276,2,Men,Mixed,0.461,0.129,0,1
ZC009631,39.0,Male,Other,Tier 1,13,57,2,169.46,84.73,6,12.3,2,0.533,5,Men,Online,0.435,0.383,0,0
ZC009632,49.0,Female,Italy,Tier 3,9,5,1,99.63,99.63,7,1.0,3,0.161,1,Women,Mixed,0.1,0.425,0,0
ZC009633,34.0,Male,UK,Tier 3,20,236,3,256.19,85.4,3,3.0,4,0.763,4,Women,Online,0.203,0.612,1,0
ZC009634,32.0,Female,Spain,Tier 1,24,78,3,323.26,107.75,3,5.1,1,0.482,5,Men,Store,0.29,0.511,0,0
ZC009635,37.0,Male,Other,Tier 1,12,41,1,53.29,53.29,4,1.8,4,0.303,6,Women,Store,0.142,0.259,0,0
ZC009636,32.0,Female,Other,Tier 2,14,5,2,118.81,59.4,5,2.2,2,0.249,8,Women,Mixed,0.402,0.313,0,0
ZC009637,24.0,Female,Germany,Tier 1,9,61,1,82.6,82.6,2,1.4,3,0.284,7,Women,Online,0.208,0.702,0,0
ZC009638,27.0,Female,Mexico,Tier 1,8,40,1,65.5,65.5,5,1.0,2,0.073,1,Women,Store,0.337,0.211,0,0
ZC009639,21.0,Male,France,Tier 2,13,9,2,233.26,116.63,6,10.9,4,0.581,1,Women,Online,0.171,0.235,0,0
ZC009640,37.0,Female,USA,Tier 1,16,64,1,91.34,91.34,4,4.3,6,0.099,1,Women,Mixed,0.095,0.492,0,0
ZC009641,32.0,Female,Other,Tier 1,9,37,1,73.85,73.85,4,1.8,4,0.364,2,Women,Online,0.47,0.236,0,0
ZC009642,28.0,Male,Italy,Tier 2,7,35,1,44.48,44.48,9,1.0,3,0.176,7,Women,Store,0.294,0.277,0,0
ZC009643,26.0,Male,France,Tier 2,60,140,2,120.19,60.1,1,1.7,6,0.561,5,Women,Mixed,0.256,0.361,0,0
ZC009644,37.0,Female,Italy,Tier 1,13,173,1,43.65,43.65,1,4.3,7,0.507,8,Women,Online,0.373,0.334,1,1
ZC009645,40.0,Female,France,Tier 3,21,112,2,134.04,67.02,1,1.6,7,0.797,3,Men,Mixed,0.35,0.273,0,1
ZC009646,21.0,Female,Spain,Tier 2,27,97,2,186.63,93.32,1,1.0,3,0.481,6,Men,Store,0.24,0.217,0,0
ZC009647,19.0,Female,Germany,Tier 2,23,109,1,83.55,83.55,3,2.1,2,0.671,2,Men,Online,0.358,0.412,0,1
ZC009648,42.0,Female,Spain,Tier 1,29,22,2,159.34,79.67,12,2.4,5,0.656,3,Men,Online,0.468,0.431,0,0
ZC009649,18.0,Female,USA,Tier 2,20,43,1,107.5,107.5,6,3.7,4,0.102,6,Women,Store,0.232,0.502,0,0
ZC009650,37.0,Female,USA,Tier 2,5,107,1,95.71,95.71,1,5.2,2,0.445,5,Beauty,Mixed,0.588,0.693,0,1
ZC009651,48.0,Female,USA,Tier 2,21,92,4,244.35,61.09,5,4.2,4,0.481,4,Home,Mixed,0.114,0.124,0,0
ZC009652,48.0,Female,Other,Tier 2,14,20,4,275.03,68.76,10,5.7,1,0.026,2,Women,Online,0.496,0.034,0,0
ZC009653,39.0,Female,Spain,Tier 1,9,69,1,120.19,120.19,2,1.1,2,0.542,5,Women,Store,0.329,0.183,0,0
ZC009654,39.0,Female,USA,Tier 1,55,17,4,268.47,67.12,3,4.1,1,0.748,7,Men,Online,0.154,0.263,1,0
ZC009655,55.0,Female,Mexico,Tier 3,3,23,1,60.11,60.11,6,7.7,4,0.123,2,TRF,Mixed,0.443,0.313,0,0
ZC009656,16.0,Female,Other,Tier 1,25,110,1,67.94,67.94,1,7.1,7,0.239,3,Kids,Mixed,0.24,0.54,0,1
ZC009657,27.0,Female,Italy,Tier 2,24,79,5,253.71,50.74,2,2.2,4,0.519,2,Women,Mixed,0.156,0.427,0,0
ZC009658,40.0,Male,Other,Tier 3,47,75,4,253.94,63.48,0,1.7,5,0.363,6,Men,Mixed,0.53,0.472,0,0
ZC009659,29.0,Male,Italy,Tier 1,22,47,4,192.52,48.13,7,3.0,4,0.255,2,Women,Online,0.466,0.257,0,0
ZC009660,44.0,Female,Italy,Tier 3,12,77,1,86.57,86.57,0,7.9,0,0.278,6,TRF,Mixed,0.571,0.185,0,1
ZC009661,32.0,Male,UK,Tier 3,3,53,1,61.92,61.92,9,4.5,1,0.474,7,Women,Mixed,0.402,0.146,0,0
ZC009662,33.0,Male,USA,Tier 2,4,29,1,73.25,73.25,8,14.8,8,0.48,5,Men,Online,0.245,0.429,0,0
ZC009663,29.0,Male,UK,Tier 2,13,109,1,38.04,38.04,2,17.2,4,0.627,6,Women,Online,0.223,0.116,0,1
ZC009664,27.0,Female,Mexico,Tier 3,42,4,2,146.66,73.33,6,6.6,4,0.241,1,Men,Online,0.119,0.205,0,0
ZC009665,27.0,Female,Germany,Tier 1,4,41,4,575.98,144.0,4,7.9,5,0.141,5,Women,Store,0.207,0.44,0,0
ZC009666,35.0,Female,Mexico,Tier 2,20,170,1,72.71,72.71,1,1.7,3,0.601,2,Beauty,Store,0.166,0.249,0,1
ZC009667,24.0,Female,Germany,Tier 1,39,37,6,402.21,67.04,3,2.3,2,,4,Kids,Online,0.476,0.307,0,0
ZC009668,42.0,Female,Italy,Tier 3,53,31,4,420.45,105.11,2,4.4,6,0.216,1,Women,Online,0.275,0.016,0,0
ZC009669,39.0,Male,USA,Tier 1,15,5,4,597.57,149.39,6,1.6,1,0.703,4,Women,Online,0.173,0.354,0,0
ZC009670,43.0,Female,USA,Tier 2,2,35,2,102.06,51.03,4,1.3,3,0.455,8,Women,Mixed,0.251,0.085,0,0
ZC009671,21.0,Female,France,Tier 1,36,123,6,580.24,96.71,1,5.2,4,0.524,1,TRF,Mixed,0.292,0.351,0,0
ZC009672,16.0,Male,Spain,Tier 1,13,199,1,17.44,17.44,0,7.4,3,0.503,2,Women,Mixed,0.499,0.425,0,1
ZC009673,32.0,Female,Other,Tier 2,26,80,3,51.26,17.09,1,7.1,2,0.522,8,Men,Online,0.512,0.712,0,0
ZC009674,61.0,Female,USA,Tier 1,26,30,2,72.16,36.08,8,8.2,4,0.439,5,Kids,Online,0.293,0.152,0,0
ZC009675,45.0,Male,Spain,Tier 1,9,168,6,429.05,71.51,3,1.6,7,0.287,7,Men,Store,0.405,0.491,0,1
ZC009676,26.0,Female,Germany,Tier 2,1,164,2,68.98,34.49,1,1.8,2,0.727,8,Home,Online,0.321,0.132,0,1
ZC009677,36.0,Female,USA,Tier 1,20,86,1,99.02,99.02,3,1.3,3,0.139,8,Men,Online,0.387,0.403,0,0
ZC009678,39.0,Female,France,Tier 1,32,15,7,482.52,68.93,6,2.3,3,0.348,6,Kids,Mixed,0.293,0.286,0,0
ZC009679,18.0,Female,USA,Tier 1,37,34,7,585.63,83.66,4,3.3,4,0.215,1,Kids,Online,0.196,0.07,0,0
ZC009680,46.0,Male,USA,Tier 3,24,41,1,71.79,71.79,6,6.0,3,0.409,3,Women,Store,0.314,0.325,0,0
ZC009681,30.0,Female,Italy,Tier 1,30,22,3,166.81,55.6,5,2.5,3,0.268,1,Men,Mixed,0.436,0.268,0,0
ZC009682,31.0,Male,UK,Tier 1,10,94,1,67.87,67.87,1,3.5,3,0.844,1,Kids,Online,0.534,0.382,0,1
ZC009683,32.0,Female,France,Tier 3,39,52,1,130.75,130.75,6,4.0,3,0.316,3,Women,Store,0.397,0.491,0,0
ZC009684,43.0,Male,USA,Tier 2,34,36,3,211.92,70.64,6,9.0,4,0.53,1,Men,Mixed,0.345,0.295,0,0
ZC009685,24.0,Female,France,Tier 2,28,51,1,82.94,82.94,11,1.0,6,0.766,8,Women,Store,0.15,0.22,0,0
ZC009686,,Male,UK,Tier 1,11,12,1,60.28,60.28,8,1.2,5,0.534,8,Men,Mixed,0.236,0.093,0,0
ZC009687,35.0,Female,Spain,Tier 2,19,45,1,58.21,58.21,4,4.5,2,0.523,5,Women,Store,0.531,0.181,0,0
ZC009688,16.0,Male,Italy,Tier 3,14,172,1,66.73,66.73,6,9.8,3,0.525,3,Kids,Mixed,0.605,0.241,0,0
ZC009689,29.0,Male,France,Tier 3,15,57,1,81.43,81.43,6,3.7,4,0.341,4,Women,Mixed,0.308,0.491,0,0
ZC009690,44.0,Female,Other,Tier 2,29,27,1,73.66,73.66,5,14.7,5,0.347,8,Women,Store,0.388,0.32,0,0
ZC009691,38.0,Female,Mexico,Tier 2,28,30,1,35.02,35.02,8,1.9,2,0.524,4,Women,Mixed,0.213,0.2,0,0
ZC009692,42.0,Female,France,Tier 2,3,15,1,95.56,95.56,5,3.0,5,0.641,8,Kids,Online,0.473,0.42,0,0
ZC009693,,Female,Spain,Tier 2,11,79,1,101.84,101.84,1,5.7,4,0.454,5,Men,Store,0.335,0.145,0,0
ZC009694,56.0,Female,Mexico,Tier 2,24,35,2,158.05,79.03,4,1.0,4,0.521,4,Kids,Store,0.164,0.315,0,0
ZC009695,26.0,Female,France,Tier 1,15,186,3,231.7,77.23,0,11.7,6,0.194,3,Women,Mixed,0.22,0.075,0,1
ZC009696,36.0,Male,Other,Tier 2,7,249,1,80.45,80.45,2,11.3,2,0.497,8,Men,Mixed,0.282,0.101,0,1
ZC009697,28.0,Male,France,Tier 1,36,88,1,98.42,98.42,4,5.3,3,0.314,4,Men,Mixed,0.188,0.258,0,0
ZC009698,42.0,Female,Spain,Tier 1,60,44,4,174.75,43.69,3,5.6,2,0.43,1,Men,Online,0.084,0.043,0,0
ZC009699,31.0,Female,Mexico,Tier 1,7,38,1,86.87,86.87,7,3.4,7,0.537,4,Women,Store,0.434,0.168,0,0
ZC009700,49.0,Female,Mexico,Tier 1,3,128,1,117.02,117.02,0,8.6,2,0.337,8,Women,Store,0.231,0.213,0,0
ZC009701,27.0,Male,Spain,Tier 1,50,108,5,600.52,120.1,1,5.0,4,0.305,1,Women,Mixed,0.197,0.183,0,0
ZC009702,46.0,Male,Italy,Tier 1,9,46,3,239.66,79.89,7,4.6,4,0.637,7,Kids,Online,0.52,0.292,0,0
ZC009703,38.0,Female,France,Tier 2,31,283,3,217.8,72.6,0,2.8,6,0.187,1,Men,Online,0.103,0.489,1,1
ZC009704,32.0,Female,Germany,Tier 3,9,47,1,72.8,72.8,6,7.0,3,0.457,4,Women,Online,0.536,0.473,0,1
ZC009705,37.0,Female,Other,Tier 1,58,90,3,116.03,38.68,0,3.3,5,0.676,3,Women,Store,0.086,0.136,0,0
ZC009706,35.0,Female,USA,Tier 1,32,17,2,172.17,86.08,4,9.4,2,0.086,3,Men,Store,0.443,0.525,0,0
ZC009707,36.0,Male,Spain,Tier 1,9,21,1,46.01,46.01,7,11.3,3,0.64,6,Women,Online,0.394,0.663,1,0
ZC009708,30.0,Male,USA,Tier 2,8,30,1,61.79,61.79,3,5.4,3,0.224,7,Men,Mixed,0.598,0.456,0,0
ZC009709,25.0,Female,Other,Tier 1,9,50,1,76.41,76.41,9,4.5,10,0.481,2,Women,Store,0.167,0.318,0,0
ZC009710,29.0,Female,USA,Tier 1,13,19,3,334.7,111.57,9,3.3,3,0.241,7,Men,Mixed,0.276,0.252,0,0
ZC009711,16.0,Female,Italy,Tier 1,38,162,4,374.83,93.71,1,6.3,2,0.488,6,Women,Online,0.252,0.179,0,1
ZC009712,,Female,Mexico,Tier 1,3,111,2,141.22,70.61,2,9.7,7,0.229,6,Kids,Online,0.343,0.347,0,0
ZC009713,20.0,Male,Mexico,Tier 2,11,31,1,68.87,68.87,1,5.2,3,0.309,5,Women,Online,0.601,0.271,0,1
ZC009714,30.0,Female,Spain,Tier 2,33,9,5,377.51,75.5,6,5.2,5,0.627,5,Men,Store,0.319,0.012,1,0
ZC009715,38.0,Female,Spain,Tier 1,34,305,3,255.34,85.11,1,3.5,6,0.473,5,Men,Online,0.557,0.202,0,1
ZC009716,40.0,Male,Other,Tier 1,40,196,4,200.84,50.21,2,1.0,2,0.623,6,Women,Online,0.43,0.317,0,0
ZC009717,16.0,Male,France,Tier 2,5,20,1,73.39,73.39,5,4.8,5,0.409,4,TRF,Mixed,0.508,0.535,0,1
ZC009718,31.0,Female,Spain,Tier 3,15,39,1,84.33,84.33,3,8.1,6,0.555,3,Women,Store,0.355,0.702,0,0
ZC009719,37.0,Female,Spain,Tier 2,10,90,4,467.16,116.79,3,2.2,5,0.352,4,Men,Store,0.795,0.269,0,1
ZC009720,33.0,Male,Mexico,Tier 2,53,71,5,328.25,65.65,0,7.7,4,0.518,7,Kids,Online,0.279,0.304,0,0
ZC009721,45.0,Male,Other,Tier 3,20,29,1,111.04,111.04,5,3.4,3,0.118,8,Women,Store,0.589,0.371,0,1
ZC009722,24.0,Male,France,Tier 1,8,106,5,365.48,73.1,1,3.3,3,0.444,1,Men,Mixed,0.268,0.77,0,1
ZC009723,16.0,Female,UK,Tier 1,51,96,4,295.05,73.76,0,1.7,0,0.34,6,Men,Store,0.532,0.161,0,1
ZC009724,40.0,Female,Italy,Tier 2,16,80,1,105.08,105.08,3,3.8,3,0.73,5,TRF,Store,0.534,0.096,0,1
ZC009725,27.0,Female,Spain,Tier 1,20,138,1,86.31,86.31,1,4.0,3,0.592,4,Kids,Mixed,0.146,0.23,0,0
ZC009726,16.0,Male,Other,Tier 1,59,31,3,199.1,66.37,4,6.8,0,0.687,3,Women,Mixed,0.257,0.38,0,0
ZC009727,30.0,Male,USA,Tier 2,21,83,1,60.46,60.46,1,1.0,4,0.3,2,Kids,Mixed,0.126,0.228,0,1
ZC009728,44.0,Female,USA,Tier 2,43,19,3,318.01,106.0,6,1.6,0,0.403,6,Kids,Store,0.234,0.172,0,0
ZC009729,19.0,Male,USA,Tier 1,13,79,1,69.85,69.85,3,5.2,2,0.792,6,Men,Mixed,0.3,0.324,0,0
ZC009730,55.0,Male,Spain,Tier 1,32,111,4,250.55,62.64,3,7.8,2,0.79,2,Kids,Store,0.333,0.312,0,0
ZC009731,24.0,Female,UK,Tier 1,22,1,1,63.85,63.85,7,7.0,3,0.338,2,Women,Online,0.488,0.112,0,0
ZC009732,33.0,Female,Italy,Tier 1,36,133,1,104.67,104.67,3,1.1,2,0.49,3,Men,Mixed,0.571,0.402,0,1
ZC009733,,Female,France,Tier 1,20,331,1,47.53,47.53,1,4.1,2,0.177,5,Women,Online,0.416,0.62,0,1
ZC009734,32.0,Female,Germany,Tier 1,19,299,3,235.03,78.34,3,1.1,4,,1,Women,Store,0.069,0.353,0,1
ZC009735,31.0,Male,USA,Tier 3,41,13,5,433.08,86.62,5,3.1,6,0.504,2,TRF,Online,0.372,0.314,0,0
ZC009736,17.0,Female,UK,Tier 1,10,12,1,54.88,54.88,10,1.7,5,0.346,2,Men,Online,0.294,0.196,0,1
ZC009737,60.0,Male,France,Tier 3,12,203,1,66.61,66.61,1,4.9,2,0.836,1,Kids,Store,0.14,0.376,0,0
ZC009738,27.0,Male,France,Tier 3,60,7,8,504.32,63.04,4,3.3,6,0.239,7,Women,Store,0.319,0.148,0,0
ZC009739,,Male,USA,Tier 1,10,170,2,110.77,55.38,2,5.3,3,0.331,4,Kids,Mixed,0.371,0.286,0,1
ZC009740,42.0,Male,Mexico,Tier 1,13,11,1,72.45,72.45,5,3.6,5,0.677,7,Men,Store,0.475,0.414,0,0
ZC009741,50.0,Female,Spain,Tier 3,10,14,2,185.07,92.54,3,9.7,1,0.394,8,Women,Mixed,0.444,0.273,0,0
ZC009742,43.0,Female,Spain,Tier 1,12,184,3,237.88,79.29,3,4.1,3,0.313,1,Women,Online,0.3,0.089,0,1
ZC009743,20.0,Male,USA,Tier 1,5,89,4,539.47,134.87,1,4.1,4,,2,Men,Store,0.498,0.18,0,1
ZC009744,34.0,Female,Germany,Tier 1,27,24,1,63.85,63.85,7,4.4,6,0.312,8,Home,Online,0.106,0.381,0,0
ZC009745,16.0,Male,Spain,Tier 2,31,135,5,435.34,87.07,1,5.0,5,0.401,1,Men,Store,0.325,0.328,0,0
ZC009746,41.0,Female,Spain,Tier 2,2,71,1,77.83,77.83,0,9.1,5,0.384,4,Men,Mixed,0.6,0.506,0,0
ZC009747,16.0,Female,UK,Tier 2,14,52,1,96.93,96.93,7,1.3,1,0.488,7,Home,Store,0.442,0.424,0,0
ZC009748,24.0,Female,USA,Tier 1,14,15,1,94.62,94.62,2,4.7,2,0.565,6,Men,Mixed,0.333,0.048,0,1
ZC009749,32.0,Male,USA,Tier 2,7,18,1,56.01,56.01,5,15.8,0,0.163,1,Women,Online,0.468,0.442,0,1
ZC009750,36.0,Female,Germany,Tier 2,7,101,2,164.52,82.26,4,3.4,2,0.288,6,Women,Online,0.161,0.373,0,0
ZC009751,29.0,Female,Germany,Tier 2,13,17,1,79.37,79.37,5,3.0,1,0.214,3,Women,Online,0.124,0.402,0,1
ZC009752,47.0,Female,Spain,Tier 3,41,36,2,178.55,89.28,5,13.0,4,0.153,3,Men,Store,0.396,0.303,0,0
ZC009753,39.0,Male,USA,Tier 1,22,28,1,108.87,108.87,4,9.7,5,,7,Women,Mixed,0.621,0.725,0,0
ZC009754,38.0,Female,USA,Tier 1,23,197,3,294.64,98.21,1,5.6,3,0.569,4,Women,Mixed,0.503,0.494,0,1
ZC009755,20.0,Female,Other,Tier 1,11,39,1,98.93,98.93,6,1.5,2,0.137,1,TRF,Store,0.155,0.208,0,1
ZC009756,49.0,Female,Mexico,Tier 2,7,58,1,69.14,69.14,4,6.5,2,0.369,3,Home,Store,0.289,0.437,0,0
ZC009757,24.0,Female,USA,Tier 3,59,6,6,456.75,76.12,9,4.0,4,0.08,2,Women,Mixed,0.369,0.248,0,0
ZC009758,49.0,Female,Other,Tier 1,40,44,6,655.11,109.18,4,5.3,5,0.189,4,Women,Online,0.281,0.523,0,0
ZC009759,52.0,Female,UK,Tier 1,38,21,5,396.33,79.27,7,2.8,4,0.593,5,Kids,Online,0.179,0.086,0,0
ZC009760,37.0,Female,UK,Tier 3,23,49,3,200.33,66.78,4,2.4,2,0.283,2,Men,Mixed,0.323,0.296,0,0
ZC009761,42.0,Male,Other,Tier 1,35,34,2,96.77,48.38,3,13.1,0,,5,Women,Store,0.313,0.2,0,0
ZC009762,16.0,Male,Italy,Tier 3,29,13,1,98.42,98.42,7,6.4,7,0.566,4,Women,Online,0.121,0.361,0,0
ZC009763,30.0,Female,France,Tier 3,8,37,1,67.72,67.72,6,4.0,4,0.605,8,Women,Store,0.338,0.302,0,0
ZC009764,43.0,Male,Germany,Tier 2,60,2,5,331.09,66.22,7,4.4,5,0.704,3,Women,Mixed,0.337,0.343,0,0
ZC009765,41.0,Male,Other,Tier 1,36,30,2,202.07,101.04,8,1.8,3,0.368,1,Women,Mixed,0.262,0.178,0,0
ZC009766,20.0,Female,USA,Tier 2,16,400,2,120.13,60.06,0,6.5,0,0.733,4,Women,Store,0.205,0.477,0,1
ZC009767,29.0,Male,USA,Tier 1,6,89,1,93.15,93.15,1,3.8,3,0.178,4,Kids,Mixed,0.137,0.235,0,0
ZC009768,16.0,Male,UK,Tier 1,7,69,1,52.93,52.93,0,10.8,5,0.366,3,Women,Mixed,0.398,0.486,0,0
ZC009769,36.0,Female,Other,Tier 1,23,23,5,490.1,98.02,7,4.7,3,,4,Kids,Mixed,0.164,0.149,0,1
ZC009770,16.0,Female,Spain,Tier 1,17,90,2,144.66,72.33,1,17.0,6,0.405,6,Women,Store,0.65,0.059,0,0
ZC009771,43.0,Female,Spain,Tier 3,12,20,1,38.1,38.1,8,3.7,2,0.228,1,Women,Online,0.459,0.141,0,0
ZC009772,44.0,Female,UK,Tier 2,23,195,4,185.44,46.36,0,9.1,5,0.255,3,Women,Store,0.499,0.426,0,0
ZC009773,27.0,Female,USA,Tier 1,19,142,1,64.48,64.48,2,1.0,1,0.775,4,Women,Online,0.146,0.165,0,1
ZC009774,37.0,Female,Italy,Tier 2,16,20,1,76.43,76.43,8,5.8,4,0.475,6,Women,Online,0.55,0.116,0,1
ZC009775,30.0,Male,USA,Tier 2,7,35,1,114.05,114.05,6,15.5,2,0.338,6,Women,Online,0.515,0.27,0,0
ZC009776,34.0,Female,Other,Tier 1,19,92,3,275.38,91.79,1,4.1,1,0.229,5,Kids,Online,0.141,0.301,0,0
ZC009777,21.0,Female,Italy,Tier 1,45,37,4,270.6,67.65,4,1.0,2,0.631,7,Men,Online,0.213,0.374,0,0
ZC009778,38.0,Male,UK,Tier 1,6,73,7,868.33,124.05,2,1.0,2,0.867,5,Women,Mixed,0.547,0.277,0,0
ZC009779,16.0,Female,Other,Tier 2,43,178,2,166.81,83.4,2,2.4,3,0.592,1,Home,Online,0.384,0.493,0,1
ZC009780,16.0,Female,Spain,Tier 1,44,149,4,249.38,62.34,3,13.1,2,0.661,6,Women,Mixed,0.338,0.568,0,0
ZC009781,31.0,Female,Germany,Tier 3,22,33,1,78.9,78.9,5,2.1,2,0.521,7,Men,Store,0.658,0.282,0,0
ZC009782,,Female,Germany,Tier 2,22,79,3,208.01,69.34,2,1.0,2,0.375,8,Women,Store,0.258,0.268,0,0
ZC009783,35.0,Female,USA,Tier 1,20,2,3,202.73,67.58,10,4.1,5,0.588,2,TRF,Store,0.563,0.107,0,0
ZC009784,26.0,Female,Spain,Tier 1,25,21,2,176.16,88.08,6,4.2,2,0.51,1,Men,Store,0.73,0.242,0,0
ZC009785,51.0,Male,France,Tier 1,14,87,2,147.25,73.62,1,6.5,4,,4,Women,Store,0.109,0.489,0,0
ZC009786,34.0,Female,France,Tier 1,29,60,2,106.72,53.36,1,3.9,6,0.648,2,Women,Mixed,0.06,0.671,0,0
ZC009787,34.0,Male,Germany,Tier 1,3,35,4,324.13,81.03,3,3.2,4,0.282,6,Women,Online,0.295,0.245,0,0
ZC009788,34.0,Male,USA,Tier 3,60,21,4,367.45,91.86,7,6.4,4,0.533,8,Home,Online,0.317,0.776,0,0
ZC009789,42.0,Female,USA,Tier 1,32,40,1,95.75,95.75,3,1.3,3,0.69,2,TRF,Mixed,0.486,0.307,0,0
ZC009790,38.0,Female,Other,Tier 1,23,255,1,99.64,99.64,2,3.4,4,0.51,2,Women,Online,0.367,0.355,0,1
ZC009791,36.0,Male,Spain,Tier 1,32,68,7,485.59,69.37,0,10.4,7,0.182,4,Men,Online,0.219,0.086,0,0
ZC009792,39.0,Female,Other,Tier 1,20,28,1,66.13,66.13,4,1.2,3,0.45,5,Women,Store,0.251,0.133,0,0
ZC009793,,Female,Italy,Tier 3,30,14,3,94.83,31.61,7,5.9,2,0.447,3,Men,Mixed,0.48,0.656,0,0
ZC009794,16.0,Female,Germany,Tier 1,20,28,1,70.78,70.78,8,9.6,2,0.249,6,Men,Store,0.526,0.334,0,1
ZC009795,31.0,Male,USA,Tier 1,14,23,2,186.58,93.29,11,9.5,8,0.276,5,Kids,Store,0.076,0.384,0,0
ZC009796,30.0,Female,Other,Tier 2,26,10,4,308.29,77.07,4,1.2,2,0.584,2,Men,Online,0.515,0.447,0,1
ZC009797,38.0,Female,Other,Tier 1,23,34,1,56.64,56.64,5,5.4,3,0.238,5,Women,Store,0.483,0.697,0,0
ZC009798,,Female,Italy,Tier 1,28,57,5,500.65,100.13,8,1.8,7,0.179,3,Women,Store,0.295,0.247,0,0
ZC009799,38.0,Male,Italy,Tier 2,13,9,3,131.96,43.99,10,8.0,4,0.227,8,Men,Mixed,0.465,0.12,0,0
ZC009800,20.0,Female,France,Tier 3,4,145,1,107.09,107.09,1,6.9,4,0.081,6,Kids,Mixed,0.245,0.678,0,1
ZC009801,32.0,Male,Spain,Tier 2,22,31,2,78.74,39.37,6,1.6,3,0.294,5,Women,Mixed,0.243,0.166,1,0
ZC009802,19.0,Female,Other,Tier 1,31,42,2,149.64,74.82,6,2.4,8,0.326,5,Kids,Store,0.333,0.466,1,0
ZC009803,36.0,Female,Spain,Tier 1,60,84,3,88.77,29.59,0,5.7,4,0.463,3,Women,Mixed,0.54,0.306,0,0
ZC009804,16.0,Female,France,Tier 1,26,55,1,69.58,69.58,8,4.0,2,0.325,5,Men,Mixed,0.339,0.17,0,0
ZC009805,35.0,Female,USA,Tier 1,9,37,2,179.83,89.92,4,3.0,5,0.62,4,Women,Online,0.279,0.128,0,0
ZC009806,17.0,Female,Mexico,Tier 3,41,6,4,387.64,96.91,6,2.9,1,0.118,2,Women,Store,0.352,0.386,0,0
ZC009807,28.0,Male,Italy,Tier 1,21,143,3,200.26,66.75,1,1.2,3,0.442,8,Women,Online,0.376,0.226,0,1
ZC009808,41.0,Female,Germany,Tier 1,42,23,5,353.59,70.72,10,1.0,5,0.67,3,Men,Store,0.229,0.302,0,0
ZC009809,34.0,Male,Spain,Tier 1,12,29,1,120.48,120.48,6,9.7,0,0.306,6,Beauty,Online,0.101,0.225,0,0
ZC009810,16.0,Female,USA,Tier 1,18,28,4,274.39,68.6,12,7.8,5,0.448,7,Beauty,Online,0.345,0.024,0,0
ZC009811,25.0,Female,Spain,Tier 1,33,104,1,140.73,140.73,3,7.9,5,0.336,5,Women,Store,0.48,0.219,0,0
ZC009812,17.0,Female,Other,Tier 1,35,12,6,671.57,111.93,7,3.1,1,0.516,1,Women,Online,0.282,0.172,0,0
ZC009813,16.0,Male,Spain,Tier 2,24,18,2,143.27,71.64,10,3.2,1,0.624,7,Women,Mixed,0.217,0.056,0,0
ZC009814,33.0,Female,Other,Tier 1,28,59,1,69.71,69.71,6,5.9,6,0.654,8,Women,Store,0.338,0.417,0,0
ZC009815,38.0,Female,Spain,Tier 1,35,126,3,330.14,110.05,1,3.8,3,0.553,5,Men,Mixed,0.27,0.571,0,1
ZC009816,36.0,Female,Other,Tier 2,19,57,5,246.87,49.37,4,3.5,5,0.483,7,Women,Store,0.485,0.2,0,0
ZC009817,38.0,Female,France,Tier 1,21,79,1,95.67,95.67,2,3.6,5,0.368,3,Women,Online,0.309,0.324,0,0
ZC009818,32.0,Female,Other,Tier 1,59,55,5,424.13,84.83,5,4.6,2,0.299,7,Women,Online,0.383,0.635,0,0
ZC009819,29.0,Male,Germany,Tier 1,12,49,1,21.96,21.96,7,1.8,2,0.343,4,Kids,Mixed,0.163,0.39,0,0
ZC009820,21.0,Female,Mexico,Tier 2,5,103,1,48.48,48.48,2,6.3,2,0.344,4,Women,Store,0.42,0.102,0,1
ZC009821,28.0,Male,Italy,Tier 1,21,61,4,286.77,71.69,2,10.8,4,0.245,3,Kids,Store,0.363,0.042,0,0
ZC009822,19.0,Female,USA,Tier 1,21,199,2,134.78,67.39,1,14.1,4,0.605,3,TRF,Mixed,0.427,0.2,1,1
ZC009823,24.0,Male,Other,Tier 2,7,29,1,64.92,64.92,11,9.9,3,0.338,5,Beauty,Mixed,0.12,0.149,0,0
ZC009824,33.0,Male,Germany,Tier 1,20,176,1,47.9,47.9,1,3.9,2,,6,Women,Store,0.804,0.745,0,1
ZC009825,31.0,Female,USA,Tier 2,5,22,1,73.36,73.36,6,6.6,5,0.27,3,Women,Online,0.165,0.494,0,0
ZC009826,63.0,Male,USA,Tier 1,12,48,2,231.95,115.98,7,5.4,4,0.346,6,Kids,Online,0.328,0.46,0,0
ZC009827,19.0,Male,France,Tier 1,26,17,4,408.31,102.08,4,4.7,3,0.193,4,Men,Store,0.468,0.268,0,1
ZC009828,31.0,Female,Other,Tier 3,6,38,1,112.99,112.99,3,1.7,5,0.352,3,Women,Mixed,0.292,0.399,0,0
ZC009829,18.0,Female,Mexico,Tier 2,16,23,1,73.88,73.88,10,3.5,6,0.18,5,TRF,Store,0.277,0.507,0,0
ZC009830,28.0,Female,USA,Tier 1,3,22,3,283.74,94.58,6,1.0,2,0.403,5,TRF,Online,0.521,0.531,1,0
ZC009831,29.0,Female,Italy,Tier 2,13,12,2,79.22,39.61,11,4.9,4,0.379,8,Women,Online,0.422,0.583,0,0
ZC009832,40.0,Female,Spain,Tier 1,41,47,4,405.29,101.32,7,1.0,4,0.37,5,TRF,Online,0.574,0.245,0,1
ZC009833,28.0,Female,USA,Tier 1,60,74,6,774.56,129.09,1,1.3,2,0.278,8,TRF,Mixed,0.747,0.304,0,1
ZC009834,30.0,Male,Other,Tier 1,17,366,1,104.29,104.29,0,4.4,4,0.549,4,Women,Online,0.037,0.474,0,1
ZC009835,28.0,Female,USA,Tier 1,25,76,3,130.21,43.4,1,2.2,2,0.559,7,Women,Mixed,0.412,0.149,1,0
ZC009836,18.0,Female,USA,Tier 1,7,61,6,299.83,49.97,1,6.4,3,0.477,3,Men,Mixed,0.284,0.27,0,1
ZC009837,25.0,Female,Spain,Tier 2,24,28,2,109.74,54.87,11,5.1,8,0.387,4,Women,Online,0.243,0.134,0,0
ZC009838,28.0,Male,Spain,Tier 1,46,48,4,216.74,54.18,9,12.0,3,0.372,2,Women,Mixed,0.23,0.655,0,0
ZC009839,33.0,Female,Spain,Tier 3,20,10,1,70.5,70.5,7,8.9,3,0.413,4,Women,Store,0.52,0.484,0,0
ZC009840,38.0,Female,Spain,Tier 1,38,46,1,85.16,85.16,6,2.0,3,0.733,2,Men,Online,0.311,0.393,0,0
ZC009841,30.0,Female,France,Tier 1,12,5,1,69.14,69.14,2,7.5,2,0.334,2,Women,Store,0.515,0.37,0,1
ZC009842,29.0,Male,Other,Tier 2,4,42,2,110.82,55.41,7,2.3,6,0.141,6,Beauty,Online,0.345,0.337,0,0
ZC009843,16.0,Female,Spain,Tier 1,15,351,2,197.78,98.89,2,7.5,4,0.663,1,Men,Mixed,0.325,0.492,0,1
ZC009844,37.0,Female,Other,Tier 1,11,56,1,74.77,74.77,5,9.3,6,0.7,6,Men,Store,0.302,0.391,0,0
ZC009845,25.0,Female,Germany,Tier 1,36,207,2,91.82,45.91,0,2.3,5,0.448,1,Women,Mixed,0.582,0.578,0,0
ZC009846,39.0,Female,USA,Tier 1,37,335,2,148.5,74.25,1,5.4,3,0.454,5,Women,Store,0.454,0.477,0,1
ZC009847,45.0,Male,USA,Tier 1,7,12,1,63.61,63.61,9,7.1,1,0.268,6,Women,Store,0.422,0.226,0,0
ZC009848,30.0,Female,USA,Tier 2,27,74,2,85.99,43.0,2,1.7,2,0.659,3,Women,Store,0.296,0.191,0,0
ZC009849,22.0,Male,Mexico,Tier 1,32,17,2,128.85,64.42,6,3.3,1,0.626,8,Home,Store,0.544,0.404,0,0
ZC009850,,Female,Italy,Tier 1,13,34,1,107.26,107.26,8,3.3,2,0.815,1,Men,Online,0.17,0.4,0,0
ZC009851,35.0,Male,USA,Tier 1,21,63,5,354.47,70.89,2,2.7,2,0.251,2,Kids,Mixed,0.467,0.194,0,0
ZC009852,29.0,Female,Spain,Tier 1,29,21,3,197.75,65.92,5,1.1,2,0.219,6,Women,Store,0.373,0.194,0,0
ZC009853,26.0,Male,USA,Tier 3,39,68,2,206.1,103.05,3,2.8,5,0.279,1,Women,Mixed,0.454,0.102,0,0
ZC009854,38.0,Female,Germany,Tier 2,21,239,1,68.9,68.9,3,3.6,1,0.516,1,Women,Store,0.381,0.583,0,1
ZC009855,37.0,Female,Spain,Tier 1,25,87,1,53.34,53.34,0,1.9,2,0.646,3,Men,Mixed,0.053,0.033,0,1
ZC009856,29.0,Female,France,Tier 1,32,250,5,420.35,84.07,2,9.0,2,0.275,7,Home,Store,0.166,0.213,1,1
ZC009857,16.0,Male,Germany,Tier 1,7,32,4,345.15,86.29,7,3.3,6,0.676,1,Kids,Online,0.496,0.288,0,0
ZC009858,37.0,Male,Italy,Tier 1,2,30,1,38.57,38.57,6,3.2,2,0.625,6,Men,Mixed,0.507,0.15,0,1
ZC009859,24.0,Female,Spain,Tier 3,29,22,1,82.09,82.09,9,3.5,2,0.083,3,Women,Online,0.638,0.302,0,1
ZC009860,34.0,Female,UK,Tier 1,22,92,1,72.63,72.63,0,6.8,4,0.252,4,Kids,Online,0.152,0.183,1,0
ZC009861,34.0,Female,UK,Tier 3,6,18,1,44.14,44.14,3,1.2,2,0.327,6,Kids,Store,0.375,0.269,0,0
ZC009862,16.0,Female,Other,Tier 2,30,228,3,74.96,24.99,1,2.6,7,0.557,7,Kids,Online,0.596,0.021,0,1
ZC009863,33.0,Male,UK,Tier 2,6,11,1,66.48,66.48,2,8.8,2,0.379,8,Kids,Mixed,0.171,0.157,0,0
ZC009864,37.0,Female,UK,Tier 1,21,22,1,129.73,129.73,5,1.9,3,0.182,4,Kids,Store,0.051,0.328,0,0
ZC009865,38.0,Female,Spain,Tier 1,29,34,1,148.87,148.87,1,3.7,1,0.393,8,Women,Store,0.241,0.461,0,0
ZC009866,33.0,Female,Italy,Tier 2,37,15,4,402.28,100.57,8,1.4,3,0.489,2,Home,Online,0.361,0.433,0,0
ZC009867,16.0,Female,Germany,Tier 2,15,30,1,68.17,68.17,6,8.9,3,0.492,8,Men,Mixed,0.533,0.446,0,0
ZC009868,45.0,Male,Italy,Tier 1,35,124,5,309.86,61.97,0,1.5,1,0.205,1,Men,Mixed,0.714,0.237,0,1
ZC009869,36.0,Female,Germany,Tier 1,16,54,6,324.31,54.05,7,1.2,1,0.646,5,Kids,Store,0.014,0.292,0,0
ZC009870,20.0,Male,Other,Tier 1,9,119,1,49.87,49.87,2,2.7,3,0.523,8,Women,Mixed,0.509,0.312,0,1
ZC009871,24.0,Male,Other,Tier 1,12,157,1,81.57,81.57,3,1.0,4,0.172,4,Men,Online,0.31,0.458,1,1
ZC009872,34.0,Female,USA,Tier 1,13,31,4,467.41,116.85,7,4.0,1,,4,Women,Mixed,0.17,0.394,0,0
ZC009873,39.0,Female,USA,Tier 1,1,84,1,77.88,77.88,1,5.6,4,0.181,7,Kids,Store,0.282,0.479,0,0
ZC009874,27.0,Male,Other,Tier 3,32,40,4,257.27,64.32,2,1.6,2,0.489,3,Men,Store,0.31,0.235,0,0
ZC009875,40.0,Male,Italy,Tier 2,25,26,1,62.97,62.97,6,5.3,3,0.309,3,Men,Store,0.295,0.425,0,1
ZC009876,16.0,Female,Other,Tier 2,12,38,1,81.02,81.02,4,6.2,5,0.304,1,Women,Mixed,0.173,0.643,0,0
ZC009877,22.0,Male,France,Tier 2,26,197,4,258.19,64.55,4,2.7,3,,1,Kids,Store,0.6,0.524,0,1
ZC009878,16.0,Female,Other,Tier 2,6,116,1,46.28,46.28,0,19.5,4,0.509,5,Men,Online,0.249,0.261,0,0
ZC009879,23.0,Female,Spain,Tier 1,27,151,5,394.19,78.84,0,6.4,5,0.352,6,Women,Mixed,0.564,0.522,1,1
ZC009880,47.0,Female,Germany,Tier 2,31,34,4,239.47,59.87,9,3.1,0,0.099,1,Women,Online,0.174,0.1,0,0
ZC009881,53.0,Male,France,Tier 1,5,13,1,63.43,63.43,9,2.4,4,0.123,1,Women,Online,0.183,0.073,0,1
ZC009882,34.0,Female,Spain,Tier 3,33,79,6,427.92,71.32,1,1.2,1,0.284,3,Women,Online,0.46,0.283,0,0
ZC009883,26.0,Female,USA,Tier 1,16,205,2,61.36,30.68,4,7.4,3,0.395,6,Home,Online,0.527,0.209,0,1
ZC009884,30.0,Female,USA,Tier 2,17,41,1,44.19,44.19,8,12.4,3,0.188,4,Home,Online,0.734,0.59,0,1
ZC009885,37.0,Female,Spain,Tier 1,5,164,1,83.07,83.07,0,10.6,3,0.166,4,Women,Mixed,0.598,0.156,0,1
ZC009886,16.0,Female,Other,Tier 1,37,166,1,60.01,60.01,1,5.0,2,0.279,8,Men,Online,0.134,0.088,0,1
ZC009887,26.0,Male,Other,Tier 1,37,175,1,83.37,83.37,3,18.9,3,0.749,8,Women,Mixed,0.32,0.036,0,0
ZC009888,46.0,Female,Other,Tier 1,50,81,6,355.86,59.31,2,6.4,2,0.431,2,Women,Store,0.296,0.313,0,0
ZC009889,22.0,Male,Other,Tier 2,40,64,4,300.45,75.11,0,10.9,5,0.479,8,Home,Mixed,0.262,0.148,0,0
ZC009890,25.0,Male,Other,Tier 1,22,105,5,236.67,47.33,1,24.8,0,0.332,7,Men,Store,0.24,0.242,0,0
ZC009891,32.0,Male,Other,Tier 1,24,164,3,169.69,56.56,1,4.3,8,0.237,2,Men,Store,0.206,0.182,1,1
ZC009892,35.0,Male,USA,Tier 2,2,98,1,128.31,128.31,3,10.5,3,,8,Men,Mixed,0.318,0.277,0,1
ZC009893,26.0,Female,USA,Tier 2,2,91,1,78.2,78.2,1,8.8,0,0.524,5,Women,Online,0.298,0.086,0,1
ZC009894,33.0,Female,Other,Tier 3,17,30,1,99.17,99.17,6,2.9,4,0.209,8,Women,Store,0.066,0.169,0,0
ZC009895,38.0,Female,UK,Tier 1,17,88,1,83.04,83.04,1,1.9,1,0.497,2,Kids,Online,0.265,0.37,0,0
ZC009896,52.0,Female,Italy,Tier 1,9,76,1,45.2,45.2,4,2.4,4,0.315,5,Women,Online,0.236,0.298,0,0
ZC009897,31.0,Female,France,Tier 1,18,274,4,218.85,54.71,1,9.5,3,0.231,8,Kids,Mixed,0.163,0.309,0,1
ZC009898,32.0,Male,USA,Tier 3,10,112,2,120.46,60.23,1,8.5,4,0.265,4,Beauty,Store,0.633,0.544,0,1
ZC009899,47.0,Male,USA,Tier 2,38,80,6,437.23,72.87,0,6.2,3,0.657,8,TRF,Online,0.467,0.083,0,0
ZC009900,27.0,Female,Italy,Tier 2,20,32,2,208.29,104.14,2,4.2,3,0.212,8,Men,Store,0.373,0.501,0,0
ZC009901,19.0,Male,France,Tier 2,11,10,1,69.32,69.32,7,11.7,4,0.695,8,Men,Store,0.193,0.115,0,0
ZC009902,35.0,Female,USA,Tier 1,38,22,1,45.51,45.51,3,1.2,5,0.547,2,Men,Store,0.55,0.224,0,0
ZC009903,43.0,Female,Germany,Tier 1,6,274,2,144.74,72.37,2,5.5,2,0.417,2,Men,Mixed,0.18,0.154,0,1
ZC009904,36.0,Female,UK,Tier 2,60,45,5,381.21,76.24,7,5.7,6,0.714,2,Women,Store,0.354,0.213,0,0
ZC009905,,Female,UK,Tier 1,22,87,3,114.5,38.17,2,6.8,5,0.057,4,Women,Store,0.512,0.562,0,1
ZC009906,,Female,Italy,Tier 2,17,27,1,103.46,103.46,10,1.6,4,0.654,3,Men,Online,0.437,0.28,0,0
ZC009907,31.0,Female,UK,Tier 3,4,8,4,464.84,116.21,6,3.7,5,0.337,7,Women,Online,0.403,0.247,0,0
ZC009908,44.0,Female,Other,Tier 1,19,46,5,262.79,52.56,5,2.1,4,0.553,5,TRF,Online,0.449,0.082,0,0
ZC009909,20.0,Female,France,Tier 2,16,150,1,78.78,78.78,2,1.4,0,0.423,5,Beauty,Mixed,0.323,0.144,0,0
ZC009910,30.0,Male,Other,Tier 1,29,16,3,305.86,101.95,6,7.5,8,0.297,7,Kids,Online,0.118,0.039,0,0
ZC009911,28.0,Female,Other,Tier 1,17,8,1,61.79,61.79,5,7.3,2,0.51,8,Women,Mixed,0.146,0.517,0,0
ZC009912,25.0,Male,Other,Tier 1,6,9,1,65.18,65.18,1,1.9,4,0.308,3,Women,Online,0.132,0.28,0,0
ZC009913,34.0,Female,Mexico,Tier 1,15,22,1,70.14,70.14,4,2.3,8,0.312,4,Women,Mixed,0.404,0.469,0,0
ZC009914,36.0,Female,Germany,Tier 2,10,59,1,75.06,75.06,6,9.1,2,0.597,6,TRF,Online,0.149,0.518,0,0
ZC009915,36.0,Female,France,Tier 1,6,24,1,122.36,122.36,6,8.7,6,0.459,7,Men,Store,0.314,0.481,0,0
ZC009916,22.0,Male,France,Tier 1,42,82,2,127.13,63.56,0,3.9,2,0.483,1,Men,Store,0.291,0.126,0,0
ZC009917,16.0,Female,USA,Tier 1,3,51,1,42.43,42.43,6,4.9,4,0.456,1,Men,Online,0.275,0.277,0,0
ZC009918,35.0,Female,USA,Tier 2,38,21,1,35.0,35.0,2,9.1,3,0.266,8,Home,Mixed,0.565,0.714,0,1
ZC009919,27.0,Male,Spain,Tier 1,19,309,4,234.15,58.54,2,8.3,2,0.104,7,TRF,Mixed,0.211,0.365,0,1
ZC009920,50.0,Male,Italy,Tier 2,31,37,1,80.68,80.68,5,12.6,4,,7,Women,Online,0.147,0.532,0,0
ZC009921,51.0,Male,Spain,Tier 1,44,35,3,328.38,109.46,5,2.3,6,0.762,8,Women,Online,0.475,0.392,0,0
ZC009922,52.0,Male,Germany,Tier 2,11,52,1,36.35,36.35,8,10.6,3,0.115,8,Kids,Store,0.416,0.302,1,0
ZC009923,23.0,Female,Spain,Tier 1,20,53,4,330.29,82.57,5,3.5,3,0.281,7,Men,Mixed,0.601,0.15,0,0
ZC009924,38.0,Male,Spain,Tier 1,12,56,1,112.35,112.35,7,7.0,4,0.313,6,Men,Store,0.488,0.167,0,0
ZC009925,,Female,France,Tier 1,16,64,4,353.22,88.3,2,2.3,4,0.398,8,Women,Online,0.173,0.263,0,0
ZC009926,40.0,Male,Other,Tier 2,29,179,3,144.29,48.1,1,8.1,2,0.341,3,Home,Store,0.289,0.152,0,1
ZC009927,28.0,Female,USA,Tier 3,18,111,1,73.9,73.9,0,2.4,4,0.234,2,Men,Store,0.383,0.201,0,1
ZC009928,45.0,Female,Other,Tier 3,20,46,1,83.17,83.17,8,1.6,7,0.424,5,Home,Store,0.551,0.353,0,1
ZC009929,32.0,Female,Spain,Tier 1,8,172,1,116.84,116.84,2,3.3,4,0.39,5,Women,Mixed,0.285,0.143,0,1
ZC009930,33.0,Male,UK,Tier 2,17,24,3,254.2,84.73,1,6.8,3,0.581,4,Home,Mixed,0.263,0.446,0,0
ZC009931,17.0,Female,Spain,Tier 2,13,28,1,71.59,71.59,3,10.0,7,0.268,8,Women,Online,0.301,0.329,0,0
ZC009932,38.0,Male,USA,Tier 1,19,190,1,90.65,90.65,5,3.3,5,0.479,6,Women,Mixed,0.595,0.076,0,1
ZC009933,29.0,Female,Spain,Tier 1,8,278,1,87.96,87.96,1,8.7,5,0.355,3,Women,Mixed,0.504,0.061,0,1
ZC009934,37.0,Female,Spain,Tier 2,11,34,2,114.11,57.06,6,6.0,3,0.522,5,Men,Store,0.205,0.195,0,0
ZC009935,34.0,Female,Italy,Tier 3,23,71,1,96.24,96.24,0,16.4,7,0.504,4,Women,Mixed,0.113,0.539,0,0
ZC009936,34.0,Female,Germany,Tier 1,28,14,1,55.48,55.48,1,7.5,0,0.351,3,Home,Online,0.178,0.063,0,1
ZC009937,32.0,Male,USA,Tier 1,21,7,1,92.49,92.49,8,12.0,6,0.581,2,Kids,Store,0.13,0.124,0,0
ZC009938,40.0,Male,Other,Tier 1,15,67,3,282.79,94.26,2,1.8,3,0.449,8,Men,Online,0.155,0.472,0,0
ZC009939,30.0,Female,Italy,Tier 1,11,28,1,50.18,50.18,8,3.0,5,0.348,8,Kids,Online,0.408,0.207,0,0
ZC009940,17.0,Female,USA,Tier 1,3,9,1,71.58,71.58,6,4.3,6,0.263,7,Kids,Online,0.533,0.475,0,0
ZC009941,38.0,Female,UK,Tier 1,42,115,3,352.05,117.35,2,4.0,4,0.541,6,TRF,Online,0.158,0.349,0,0
ZC009942,24.0,Male,USA,Tier 1,36,116,2,196.96,98.48,1,13.8,4,0.696,5,Women,Mixed,0.569,0.044,0,1
ZC009943,19.0,Male,Other,Tier 2,47,153,2,191.68,95.84,1,5.2,5,0.052,2,Women,Store,0.496,0.101,0,1
ZC009944,22.0,Male,France,Tier 1,46,11,4,305.76,76.44,10,3.7,2,0.315,4,Women,Online,0.315,0.241,0,0
ZC009945,35.0,Female,Spain,Tier 2,23,59,1,71.48,71.48,4,12.9,2,0.319,1,Men,Online,0.197,0.583,0,0
ZC009946,31.0,Male,USA,Tier 2,60,27,4,281.85,70.46,8,9.3,3,0.701,4,Men,Online,0.422,0.149,0,0
ZC009947,16.0,Female,USA,Tier 2,16,18,3,232.47,77.49,3,1.0,2,0.275,5,Women,Mixed,0.339,0.012,0,0
ZC009948,28.0,Male,UK,Tier 1,20,121,1,118.93,118.93,1,4.7,4,0.349,4,Kids,Store,0.402,0.041,0,1
ZC009949,44.0,Male,Germany,Tier 3,11,65,1,56.61,56.61,2,5.0,3,0.119,4,TRF,Online,0.192,0.235,0,1
ZC009950,27.0,Male,Other,Tier 1,6,52,1,43.25,43.25,3,1.5,2,0.382,5,Home,Mixed,0.233,0.138,1,0
ZC009951,30.0,Female,USA,Tier 1,13,132,3,266.58,88.86,0,1.0,2,0.442,2,Women,Store,0.41,0.503,0,1
ZC009952,42.0,Male,USA,Tier 1,12,54,3,226.56,75.52,10,10.1,10,0.317,2,Kids,Store,0.326,0.375,0,0
ZC009953,40.0,Female,Spain,Tier 3,31,18,3,169.84,56.61,9,1.0,4,0.161,3,Kids,Store,0.625,0.317,0,1
ZC009954,42.0,Female,UK,Tier 1,22,5,5,443.75,88.75,4,4.4,4,0.618,7,Men,Online,0.398,0.232,0,0
ZC009955,16.0,Male,Italy,Tier 1,26,66,1,62.31,62.31,3,1.1,5,0.122,2,Women,Online,0.14,0.34,0,0
ZC009956,49.0,Female,Other,Tier 2,23,14,4,316.65,79.16,5,4.5,4,0.284,5,TRF,Mixed,0.53,0.614,0,0
ZC009957,38.0,Female,Italy,Tier 2,24,43,1,77.34,77.34,6,3.8,9,0.464,8,Men,Store,0.386,0.194,0,0
ZC009958,57.0,Male,Spain,Tier 2,11,48,1,93.79,93.79,2,2.8,6,0.554,3,Women,Store,0.352,0.431,0,1
ZC009959,24.0,Female,Other,Tier 1,23,145,5,476.63,95.33,1,6.6,6,0.337,1,Women,Online,0.254,0.185,0,0
ZC009960,16.0,Female,Other,Tier 2,32,14,2,172.54,86.27,10,2.0,7,0.312,5,Home,Store,0.181,0.188,0,0
ZC009961,32.0,Female,USA,Tier 1,41,86,1,34.14,34.14,2,3.3,1,0.573,5,Men,Online,0.68,0.26,0,0
ZC009962,29.0,Male,Other,Tier 1,36,73,1,76.77,76.77,3,8.4,5,0.457,8,Women,Mixed,0.193,0.535,0,0
ZC009963,39.0,Female,Italy,Tier 1,29,73,2,105.98,52.99,0,5.9,3,,5,Women,Store,0.213,0.708,0,0
ZC009964,43.0,Female,Mexico,Tier 1,21,83,1,62.74,62.74,0,9.2,1,0.701,7,Women,Store,0.391,0.324,0,0
ZC009965,31.0,Female,UK,Tier 1,14,51,5,266.13,53.23,7,1.9,6,0.134,4,Women,Online,0.437,0.355,0,0
ZC009966,30.0,Male,USA,Tier 1,24,98,5,484.42,96.88,3,9.1,2,0.6,8,Women,Mixed,0.367,0.367,0,0
ZC009967,37.0,Female,Mexico,Tier 1,48,1,1,35.48,35.48,5,10.2,5,0.265,7,TRF,Store,0.259,0.221,0,0
ZC009968,29.0,Female,UK,Tier 1,15,96,4,253.39,63.35,2,5.9,2,0.322,8,TRF,Online,0.381,0.056,0,0
ZC009969,29.0,Male,Other,Tier 1,55,155,3,218.73,72.91,3,2.8,3,0.67,7,Women,Online,0.402,0.384,0,0
ZC009970,42.0,Male,USA,Tier 1,24,376,4,322.87,80.72,1,2.3,4,0.042,1,Men,Mixed,0.236,0.546,0,1
ZC009971,45.0,Female,USA,Tier 2,42,272,5,340.99,68.2,1,2.4,3,0.128,2,Women,Store,0.231,0.584,0,1
ZC009972,43.0,Male,Italy,Tier 1,12,19,4,340.48,85.12,6,2.6,2,0.078,6,Women,Online,0.274,0.617,0,0
ZC009973,30.0,Male,France,Tier 2,11,47,4,344.66,86.16,6,9.9,2,0.192,1,Women,Store,0.182,0.071,0,0
ZC009974,16.0,Female,UK,Tier 1,6,45,1,98.89,98.89,5,2.1,3,0.652,4,Home,Online,0.292,0.569,0,0
ZC009975,31.0,Female,Italy,Tier 1,47,249,2,130.04,65.02,4,8.3,6,0.312,2,Kids,Mixed,0.626,0.111,0,1
ZC009976,24.0,Female,Italy,Tier 1,24,256,4,520.92,130.23,1,1.9,3,,6,Women,Online,0.134,0.383,0,1
ZC009977,31.0,Male,France,Tier 1,32,142,3,213.45,71.15,2,5.7,3,0.78,5,Women,Online,0.399,0.404,0,0
ZC009978,25.0,Male,USA,Tier 2,20,55,3,286.6,95.53,7,1.3,4,0.659,5,Women,Store,0.091,0.609,0,0
ZC009979,32.0,Female,Germany,Tier 1,22,54,1,110.65,110.65,6,1.3,5,0.476,7,Men,Mixed,0.42,0.067,0,0
ZC009980,22.0,Male,France,Tier 3,6,167,2,142.17,71.08,2,1.7,1,0.699,4,Men,Online,0.168,0.504,0,0
ZC009981,19.0,Male,Mexico,Tier 2,25,27,1,75.7,75.7,8,7.2,3,0.291,7,TRF,Store,0.304,0.152,0,0
ZC009982,44.0,Female,Germany,Tier 1,34,135,7,335.32,47.9,1,2.1,3,0.455,4,Kids,Mixed,0.395,0.53,0,0
ZC009983,22.0,Male,France,Tier 3,3,12,5,860.28,172.06,3,7.1,5,0.431,8,Women,Online,0.052,0.239,0,0
ZC009984,32.0,Male,Spain,Tier 1,14,24,1,71.13,71.13,10,3.6,2,0.054,5,Women,Store,0.509,0.178,0,0
ZC009985,42.0,Male,USA,Tier 2,10,221,4,388.97,97.24,2,4.4,3,,5,Women,Online,0.601,0.436,0,1
ZC009986,41.0,Male,USA,Tier 1,28,102,1,59.47,59.47,4,3.7,4,0.53,1,Women,Mixed,0.525,0.123,0,1
ZC009987,40.0,Female,Germany,Tier 1,27,52,3,144.04,48.01,8,7.5,8,0.417,6,Women,Store,0.105,0.092,0,0
ZC009988,35.0,Male,Mexico,Tier 1,32,49,1,59.11,59.11,10,1.8,2,0.118,8,Women,Online,0.566,0.424,0,1
ZC009989,39.0,Female,Other,Tier 2,1,11,1,87.84,87.84,7,7.7,4,0.077,5,Women,Mixed,0.343,0.196,0,0
ZC009990,46.0,Male,Germany,Tier 1,21,61,1,89.02,89.02,2,17.6,5,0.254,8,Women,Mixed,0.225,0.636,0,0
ZC009991,36.0,Male,Italy,Tier 2,4,247,1,64.49,64.49,2,3.6,1,0.659,3,Men,Store,0.173,0.82,0,1
ZC009992,16.0,Male,Germany,Tier 3,24,55,2,152.0,76.0,4,3.0,2,0.239,7,Women,Mixed,0.18,0.365,1,0
ZC009993,27.0,Male,UK,Tier 1,6,15,1,70.79,70.79,5,3.4,4,0.159,3,Women,Store,0.144,0.348,0,0
ZC009994,39.0,Male,Germany,Tier 3,27,4,3,173.34,57.78,8,2.7,6,0.431,1,Men,Online,0.148,0.579,0,0
ZC009995,26.0,Female,UK,Tier 1,6,24,1,58.58,58.58,7,3.9,4,0.367,6,Women,Online,0.751,0.153,0,0
ZC009996,48.0,Female,UK,Tier 2,8,86,2,109.53,54.76,3,6.4,2,0.438,6,Women,Online,0.059,0.256,0,0
ZC009997,31.0,Female,Other,Tier 1,39,26,2,201.7,100.85,6,2.8,4,0.733,8,Home,Online,0.295,0.152,0,0
ZC009998,33.0,Male,France,Tier 2,18,45,1,43.13,43.13,7,3.6,8,0.307,3,Men,Online,0.119,0.247,0,1
ZC009999,43.0,Female,Spain,Tier 3,18,152,3,182.54,60.85,2,5.6,2,0.627,3,Women,Mixed,0.144,0.46,0,1
ZC010000,30.0,Female,France,Tier 1,8,37,1,101.66,101.66,7,5.3,0,0.53,7,Kids,Online,0.217,0.067,0,0
